suite	access_mode	variant	stage	method	members	endpoint	repeat	operations	total_ms	source
common	default	distributed	nonrootBase	search_nonrootBase	0	before	1	1000	128.36305300000006	default-final/distributed.json
common	default	distributed	nonrootBase	search_nonrootBase	0	current	1	1000	130.12346899999986	default-final/distributed.json
common	default	distributed	nonrootBase	search_nonrootBase	0	openldap	1	1000	90.73928099999999	default-final/distributed.json
common	default	distributed	nonrootBase	search_nonrootBase	0	before	2	1000	130.8519079999999	default-final/distributed.json
common	default	distributed	nonrootBase	search_nonrootBase	0	current	2	1000	131.4283169999998	default-final/distributed.json
common	default	distributed	nonrootBase	search_nonrootBase	0	openldap	2	1000	92.37452299999988	default-final/distributed.json
common	default	distributed	nonrootBase	search_nonrootBase	0	before	3	1000	131.35596599999997	default-final/distributed.json
common	default	distributed	nonrootBase	search_nonrootBase	0	current	3	1000	131.671818	default-final/distributed.json
common	default	distributed	nonrootBase	search_nonrootBase	0	openldap	3	1000	93.95798500000004	default-final/distributed.json
common	default	distributed	nonrootEquality	search_nonrootEquality	0	before	1	1000	260.1414310000002	default-final/distributed.json
common	default	distributed	nonrootEquality	search_nonrootEquality	0	current	1	1000	275.2217549999997	default-final/distributed.json
common	default	distributed	nonrootEquality	search_nonrootEquality	0	openldap	1	1000	157.71680800000013	default-final/distributed.json
common	default	distributed	nonrootEquality	search_nonrootEquality	0	before	2	1000	126.77561299999996	default-final/distributed.json
common	default	distributed	nonrootEquality	search_nonrootEquality	0	current	2	1000	128.61941399999995	default-final/distributed.json
common	default	distributed	nonrootEquality	search_nonrootEquality	0	openldap	2	1000	97.01563399999995	default-final/distributed.json
common	default	distributed	nonrootEquality	search_nonrootEquality	0	before	3	1000	124.39483100000017	default-final/distributed.json
common	default	distributed	nonrootEquality	search_nonrootEquality	0	current	3	1000	123.77949300000012	default-final/distributed.json
common	default	distributed	nonrootEquality	search_nonrootEquality	0	openldap	3	1000	91.65345300000004	default-final/distributed.json
common	default	groups	memberEquality	search_memberEquality	0	before	1	100	14.849162000000002	default-final/groups.json
common	default	groups	memberEquality	search_memberEquality	0	current	1	100	14.874672999999996	default-final/groups.json
common	default	groups	memberEquality	search_memberEquality	0	openldap	1	100	11.126458999999997	default-final/groups.json
common	default	groups	memberEquality	search_memberEquality	0	before	2	100	17.066792999999997	default-final/groups.json
common	default	groups	memberEquality	search_memberEquality	0	current	2	100	16.710753000000004	default-final/groups.json
common	default	groups	memberEquality	search_memberEquality	0	openldap	2	100	13.168458	default-final/groups.json
common	default	groups	memberEquality	search_memberEquality	0	before	3	100	15.319289999999995	default-final/groups.json
common	default	groups	memberEquality	search_memberEquality	0	current	3	100	14.850252999999999	default-final/groups.json
common	default	groups	memberEquality	search_memberEquality	0	openldap	3	100	11.90496	default-final/groups.json
common	default	groups	groupBase	base_member_values	10	before	1	100	12.546708999999998	default-final/groups.json
common	default	groups	groupBase	base_member_values	10	current	1	100	12.682621	default-final/groups.json
common	default	groups	groupBase	base_member_values	10	openldap	1	100	10.117131000000008	default-final/groups.json
common	default	groups	groupBase	base_member_values	10	before	2	100	12.835205	default-final/groups.json
common	default	groups	groupBase	base_member_values	10	current	2	100	12.416749999999999	default-final/groups.json
common	default	groups	groupBase	base_member_values	10	openldap	2	100	10.167881000000008	default-final/groups.json
common	default	groups	groupBase	base_member_values	10	before	3	100	12.976125999999999	default-final/groups.json
common	default	groups	groupBase	base_member_values	10	current	3	100	13.095416000000005	default-final/groups.json
common	default	groups	groupBase	base_member_values	10	openldap	3	100	11.106331999999997	default-final/groups.json
common	default	groups	groupBase	base_member_values	1000	before	1	100	90.045785	default-final/groups.json
common	default	groups	groupBase	base_member_values	1000	current	1	100	92.78362600000001	default-final/groups.json
common	default	groups	groupBase	base_member_values	1000	openldap	1	100	89.188373	default-final/groups.json
common	default	groups	groupBase	base_member_values	1000	before	2	100	96.01333800000002	default-final/groups.json
common	default	groups	groupBase	base_member_values	1000	current	2	100	97.25120399999996	default-final/groups.json
common	default	groups	groupBase	base_member_values	1000	openldap	2	100	88.651708	default-final/groups.json
common	default	groups	groupBase	base_member_values	1000	before	3	100	97.27578400000002	default-final/groups.json
common	default	groups	groupBase	base_member_values	1000	current	3	100	100.08074799999999	default-final/groups.json
common	default	groups	groupBase	base_member_values	1000	openldap	3	100	89.88325300000002	default-final/groups.json
common	default	groups	nestedMembership	client_bfs_member_equality	0	before	1	100	51.24565999999995	default-final/groups.json
common	default	groups	nestedMembership	client_bfs_member_equality	0	current	1	100	49.67007800000002	default-final/groups.json
common	default	groups	nestedMembership	client_bfs_member_equality	0	openldap	1	100	40.02475800000001	default-final/groups.json
common	default	groups	nestedMembership	client_bfs_member_equality	0	before	2	100	44.068214000000026	default-final/groups.json
common	default	groups	nestedMembership	client_bfs_member_equality	0	current	2	100	45.886636999999986	default-final/groups.json
common	default	groups	nestedMembership	client_bfs_member_equality	0	openldap	2	100	36.946755	default-final/groups.json
common	default	groups	nestedMembership	client_bfs_member_equality	0	before	3	100	48.20820200000001	default-final/groups.json
common	default	groups	nestedMembership	client_bfs_member_equality	0	current	3	100	49.14226099999999	default-final/groups.json
common	default	groups	nestedMembership	client_bfs_member_equality	0	openldap	3	100	40.23627799999997	default-final/groups.json
common	default	hot	userBind	simple_bind_ssha	0	before	1	1000	93.63335299999996	default-final/hot.json
common	default	hot	userBind	simple_bind_ssha	0	current	1	1000	91.42376	default-final/hot.json
common	default	hot	userBind	simple_bind_ssha	0	openldap	1	1000	73.11234600000004	default-final/hot.json
common	default	hot	userBind	simple_bind_ssha	0	before	2	1000	89.32054999999993	default-final/hot.json
common	default	hot	userBind	simple_bind_ssha	0	current	2	1000	90.20865899999994	default-final/hot.json
common	default	hot	userBind	simple_bind_ssha	0	openldap	2	1000	72.18220700000003	default-final/hot.json
common	default	hot	userBind	simple_bind_ssha	0	before	3	1000	94.45786599999995	default-final/hot.json
common	default	hot	userBind	simple_bind_ssha	0	current	3	1000	94.94674300000007	default-final/hot.json
common	default	hot	userBind	simple_bind_ssha	0	openldap	3	1000	76.2417410000001	default-final/hot.json
common	default	hot	userBind	simple_bind_plaintext	0	before	1	1000	103.60441400000005	default-final/hot.json
common	default	hot	userBind	simple_bind_plaintext	0	current	1	1000	100.57650600000017	default-final/hot.json
common	default	hot	userBind	simple_bind_plaintext	0	openldap	1	1000	81.41863000000001	default-final/hot.json
common	default	hot	userBind	simple_bind_plaintext	0	before	2	1000	95.00166500000002	default-final/hot.json
common	default	hot	userBind	simple_bind_plaintext	0	current	2	1000	96.57509200000004	default-final/hot.json
common	default	hot	userBind	simple_bind_plaintext	0	openldap	2	1000	78.06090600000003	default-final/hot.json
common	default	hot	userBind	simple_bind_plaintext	0	before	3	1000	92.16157700000012	default-final/hot.json
common	default	hot	userBind	simple_bind_plaintext	0	current	3	1000	92.89895900000003	default-final/hot.json
common	default	hot	userBind	simple_bind_plaintext	0	openldap	3	1000	74.38099799999995	default-final/hot.json
common	default	hot	userBindWrong	simple_bind_ssha	0	before	1	1000	94.16917900000009	default-final/hot.json
common	default	hot	userBindWrong	simple_bind_ssha	0	current	1	1000	93.260788	default-final/hot.json
common	default	hot	userBindWrong	simple_bind_ssha	0	openldap	1	1000	74.75677300000004	default-final/hot.json
common	default	hot	userBindWrong	simple_bind_ssha	0	before	2	1000	99.54674199999991	default-final/hot.json
common	default	hot	userBindWrong	simple_bind_ssha	0	current	2	1000	97.52974800000001	default-final/hot.json
common	default	hot	userBindWrong	simple_bind_ssha	0	openldap	2	1000	78.5743439999999	default-final/hot.json
common	default	hot	userBindWrong	simple_bind_ssha	0	before	3	1000	95.5494080000001	default-final/hot.json
common	default	hot	userBindWrong	simple_bind_ssha	0	current	3	1000	94.50053899999992	default-final/hot.json
common	default	hot	userBindWrong	simple_bind_ssha	0	openldap	3	1000	75.88499100000004	default-final/hot.json
common	default	hot	userBindWrong	simple_bind_plaintext	0	before	1	1000	94.38581000000002	default-final/hot.json
common	default	hot	userBindWrong	simple_bind_plaintext	0	current	1	1000	94.04029799999994	default-final/hot.json
common	default	hot	userBindWrong	simple_bind_plaintext	0	openldap	1	1000	73.42697799999996	default-final/hot.json
common	default	hot	userBindWrong	simple_bind_plaintext	0	before	2	1000	88.38282600000002	default-final/hot.json
common	default	hot	userBindWrong	simple_bind_plaintext	0	current	2	1000	87.83437900000004	default-final/hot.json
common	default	hot	userBindWrong	simple_bind_plaintext	0	openldap	2	1000	73.76166800000003	default-final/hot.json
common	default	hot	userBindWrong	simple_bind_plaintext	0	before	3	1000	93.66517000000015	default-final/hot.json
common	default	hot	userBindWrong	simple_bind_plaintext	0	current	3	1000	94.18567900000005	default-final/hot.json
common	default	hot	userBindWrong	simple_bind_plaintext	0	openldap	3	1000	74.17957499999999	default-final/hot.json
common	default	hot	nonrootBase	search_nonrootBase	0	before	1	1000	114.18724900000012	default-final/hot.json
common	default	hot	nonrootBase	search_nonrootBase	0	current	1	1000	114.02383800000014	default-final/hot.json
common	default	hot	nonrootBase	search_nonrootBase	0	openldap	1	1000	92.36074400000001	default-final/hot.json
common	default	hot	nonrootBase	search_nonrootBase	0	before	2	1000	146.8493619999997	default-final/hot.json
common	default	hot	nonrootBase	search_nonrootBase	0	current	2	1000	159.54613199999994	default-final/hot.json
common	default	hot	nonrootBase	search_nonrootBase	0	openldap	2	1000	139.35524999999978	default-final/hot.json
common	default	hot	nonrootBase	search_nonrootBase	0	before	3	1000	102.73230000000015	default-final/hot.json
common	default	hot	nonrootBase	search_nonrootBase	0	current	3	1000	104.21178800000021	default-final/hot.json
common	default	hot	nonrootBase	search_nonrootBase	0	openldap	3	1000	83.82563000000006	default-final/hot.json
common	default	hot	nonrootEquality	search_nonrootEquality	0	before	1	1000	111.00582499999986	default-final/hot.json
common	default	hot	nonrootEquality	search_nonrootEquality	0	current	1	1000	109.40358100000012	default-final/hot.json
common	default	hot	nonrootEquality	search_nonrootEquality	0	openldap	1	1000	87.49478899999991	default-final/hot.json
common	default	hot	nonrootEquality	search_nonrootEquality	0	before	2	1000	116.42367000000006	default-final/hot.json
common	default	hot	nonrootEquality	search_nonrootEquality	0	current	2	1000	119.21618	default-final/hot.json
common	default	hot	nonrootEquality	search_nonrootEquality	0	openldap	2	1000	93.09801100000008	default-final/hot.json
common	default	hot	nonrootEquality	search_nonrootEquality	0	before	3	1000	123.412904	default-final/hot.json
common	default	hot	nonrootEquality	search_nonrootEquality	0	current	3	1000	125.66361400000011	default-final/hot.json
common	default	hot	nonrootEquality	search_nonrootEquality	0	openldap	3	1000	95.41632799999998	default-final/hot.json
common	explicit	distributed	nonrootBase	search_nonrootBase	0	before	1	1000	122.00228900000012	explicit-final/distributed.json
common	explicit	distributed	nonrootBase	search_nonrootBase	0	current	1	1000	122.0825250000001	explicit-final/distributed.json
common	explicit	distributed	nonrootBase	search_nonrootBase	0	openldap	1	1000	89.22946499999995	explicit-final/distributed.json
common	explicit	distributed	nonrootBase	search_nonrootBase	0	before	2	1000	120.49648200000006	explicit-final/distributed.json
common	explicit	distributed	nonrootBase	search_nonrootBase	0	current	2	1000	120.75175000000014	explicit-final/distributed.json
common	explicit	distributed	nonrootBase	search_nonrootBase	0	openldap	2	1000	85.05596799999994	explicit-final/distributed.json
common	explicit	distributed	nonrootBase	search_nonrootBase	0	before	3	1000	120.62275399999997	explicit-final/distributed.json
common	explicit	distributed	nonrootBase	search_nonrootBase	0	current	3	1000	120.37244399999985	explicit-final/distributed.json
common	explicit	distributed	nonrootBase	search_nonrootBase	0	openldap	3	1000	84.66300099999998	explicit-final/distributed.json
common	explicit	distributed	nonrootEquality	search_nonrootEquality	0	before	1	1000	293.91321200000016	explicit-final/distributed.json
common	explicit	distributed	nonrootEquality	search_nonrootEquality	0	current	1	1000	264.08163900000005	explicit-final/distributed.json
common	explicit	distributed	nonrootEquality	search_nonrootEquality	0	openldap	1	1000	153.15234100000004	explicit-final/distributed.json
common	explicit	distributed	nonrootEquality	search_nonrootEquality	0	before	2	1000	144.09822899999995	explicit-final/distributed.json
common	explicit	distributed	nonrootEquality	search_nonrootEquality	0	current	2	1000	142.98512600000018	explicit-final/distributed.json
common	explicit	distributed	nonrootEquality	search_nonrootEquality	0	openldap	2	1000	110.61674399999981	explicit-final/distributed.json
common	explicit	distributed	nonrootEquality	search_nonrootEquality	0	before	3	1000	120.02878699999995	explicit-final/distributed.json
common	explicit	distributed	nonrootEquality	search_nonrootEquality	0	current	3	1000	119.88590700000015	explicit-final/distributed.json
common	explicit	distributed	nonrootEquality	search_nonrootEquality	0	openldap	3	1000	87.46767099999994	explicit-final/distributed.json
common	explicit	groups	memberEquality	search_memberEquality	0	before	1	100	15.903172000000001	explicit-final/groups.json
common	explicit	groups	memberEquality	search_memberEquality	0	current	1	100	15.495201999999999	explicit-final/groups.json
common	explicit	groups	memberEquality	search_memberEquality	0	openldap	1	100	11.333170000000004	explicit-final/groups.json
common	explicit	groups	memberEquality	search_memberEquality	0	before	2	100	14.886915	explicit-final/groups.json
common	explicit	groups	memberEquality	search_memberEquality	0	current	2	100	14.688283999999998	explicit-final/groups.json
common	explicit	groups	memberEquality	search_memberEquality	0	openldap	2	100	11.457374999999999	explicit-final/groups.json
common	explicit	groups	memberEquality	search_memberEquality	0	before	3	100	15.176128999999998	explicit-final/groups.json
common	explicit	groups	memberEquality	search_memberEquality	0	current	3	100	14.970751999999997	explicit-final/groups.json
common	explicit	groups	memberEquality	search_memberEquality	0	openldap	3	100	11.286585000000002	explicit-final/groups.json
common	explicit	groups	groupBase	base_member_values	10	before	1	100	12.706077000000004	explicit-final/groups.json
common	explicit	groups	groupBase	base_member_values	10	current	1	100	12.053495999999996	explicit-final/groups.json
common	explicit	groups	groupBase	base_member_values	10	openldap	1	100	9.698335	explicit-final/groups.json
common	explicit	groups	groupBase	base_member_values	10	before	2	100	13.050664999999997	explicit-final/groups.json
common	explicit	groups	groupBase	base_member_values	10	current	2	100	12.439245999999997	explicit-final/groups.json
common	explicit	groups	groupBase	base_member_values	10	openldap	2	100	9.655794	explicit-final/groups.json
common	explicit	groups	groupBase	base_member_values	10	before	3	100	13.049624999999999	explicit-final/groups.json
common	explicit	groups	groupBase	base_member_values	10	current	3	100	12.724207999999997	explicit-final/groups.json
common	explicit	groups	groupBase	base_member_values	10	openldap	3	100	9.987954999999996	explicit-final/groups.json
common	explicit	groups	groupBase	base_member_values	1000	before	1	100	98.280206	explicit-final/groups.json
common	explicit	groups	groupBase	base_member_values	1000	current	1	100	93.928714	explicit-final/groups.json
common	explicit	groups	groupBase	base_member_values	1000	openldap	1	100	93.35149199999998	explicit-final/groups.json
common	explicit	groups	groupBase	base_member_values	1000	before	2	100	119.07153699999995	explicit-final/groups.json
common	explicit	groups	groupBase	base_member_values	1000	current	2	100	106.22766699999998	explicit-final/groups.json
common	explicit	groups	groupBase	base_member_values	1000	openldap	2	100	98.44237400000004	explicit-final/groups.json
common	explicit	groups	groupBase	base_member_values	1000	before	3	100	100.66179199999999	explicit-final/groups.json
common	explicit	groups	groupBase	base_member_values	1000	current	3	100	100.227288	explicit-final/groups.json
common	explicit	groups	groupBase	base_member_values	1000	openldap	3	100	91.549045	explicit-final/groups.json
common	explicit	groups	nestedMembership	client_bfs_member_equality	0	before	1	100	55.17811900000002	explicit-final/groups.json
common	explicit	groups	nestedMembership	client_bfs_member_equality	0	current	1	100	55.170747000000055	explicit-final/groups.json
common	explicit	groups	nestedMembership	client_bfs_member_equality	0	openldap	1	100	44.22433600000002	explicit-final/groups.json
common	explicit	groups	nestedMembership	client_bfs_member_equality	0	before	2	100	50.468341000000024	explicit-final/groups.json
common	explicit	groups	nestedMembership	client_bfs_member_equality	0	current	2	100	51.27548200000005	explicit-final/groups.json
common	explicit	groups	nestedMembership	client_bfs_member_equality	0	openldap	2	100	40.686257000000005	explicit-final/groups.json
common	explicit	groups	nestedMembership	client_bfs_member_equality	0	before	3	100	51.781076	explicit-final/groups.json
common	explicit	groups	nestedMembership	client_bfs_member_equality	0	current	3	100	52.477454000000016	explicit-final/groups.json
common	explicit	groups	nestedMembership	client_bfs_member_equality	0	openldap	3	100	40.7102	explicit-final/groups.json
common	explicit	hot	userBind	simple_bind_ssha	0	before	1	1000	99.66462100000007	explicit-final/hot.json
common	explicit	hot	userBind	simple_bind_ssha	0	current	1	1000	98.71081700000016	explicit-final/hot.json
common	explicit	hot	userBind	simple_bind_ssha	0	openldap	1	1000	80.52558399999997	explicit-final/hot.json
common	explicit	hot	userBind	simple_bind_ssha	0	before	2	1000	97.275418	explicit-final/hot.json
common	explicit	hot	userBind	simple_bind_ssha	0	current	2	1000	98.49163899999994	explicit-final/hot.json
common	explicit	hot	userBind	simple_bind_ssha	0	openldap	2	1000	78.64128099999995	explicit-final/hot.json
common	explicit	hot	userBind	simple_bind_ssha	0	before	3	1000	99.16188499999991	explicit-final/hot.json
common	explicit	hot	userBind	simple_bind_ssha	0	current	3	1000	103.18546	explicit-final/hot.json
common	explicit	hot	userBind	simple_bind_ssha	0	openldap	3	1000	80.24343500000003	explicit-final/hot.json
common	explicit	hot	userBind	simple_bind_plaintext	0	before	1	1000	99.55786600000005	explicit-final/hot.json
common	explicit	hot	userBind	simple_bind_plaintext	0	current	1	1000	99.79140700000002	explicit-final/hot.json
common	explicit	hot	userBind	simple_bind_plaintext	0	openldap	1	1000	79.60421300000006	explicit-final/hot.json
common	explicit	hot	userBind	simple_bind_plaintext	0	before	2	1000	96.05409899999991	explicit-final/hot.json
common	explicit	hot	userBind	simple_bind_plaintext	0	current	2	1000	95.61587399999995	explicit-final/hot.json
common	explicit	hot	userBind	simple_bind_plaintext	0	openldap	2	1000	76.5028289999999	explicit-final/hot.json
common	explicit	hot	userBind	simple_bind_plaintext	0	before	3	1000	99.74746599999997	explicit-final/hot.json
common	explicit	hot	userBind	simple_bind_plaintext	0	current	3	1000	100.30242300000003	explicit-final/hot.json
common	explicit	hot	userBind	simple_bind_plaintext	0	openldap	3	1000	81.62563300000008	explicit-final/hot.json
common	explicit	hot	userBindWrong	simple_bind_ssha	0	before	1	1000	97.95568599999993	explicit-final/hot.json
common	explicit	hot	userBindWrong	simple_bind_ssha	0	current	1	1000	97.47813699999982	explicit-final/hot.json
common	explicit	hot	userBindWrong	simple_bind_ssha	0	openldap	1	1000	77.54056899999993	explicit-final/hot.json
common	explicit	hot	userBindWrong	simple_bind_ssha	0	before	2	1000	120.23514499999997	explicit-final/hot.json
common	explicit	hot	userBindWrong	simple_bind_ssha	0	current	2	1000	113.13434000000002	explicit-final/hot.json
common	explicit	hot	userBindWrong	simple_bind_ssha	0	openldap	2	1000	85.53458200000001	explicit-final/hot.json
common	explicit	hot	userBindWrong	simple_bind_ssha	0	before	3	1000	96.36537100000004	explicit-final/hot.json
common	explicit	hot	userBindWrong	simple_bind_ssha	0	current	3	1000	93.70559899999994	explicit-final/hot.json
common	explicit	hot	userBindWrong	simple_bind_ssha	0	openldap	3	1000	76.08862699999999	explicit-final/hot.json
common	explicit	hot	userBindWrong	simple_bind_plaintext	0	before	1	1000	97.63304400000006	explicit-final/hot.json
common	explicit	hot	userBindWrong	simple_bind_plaintext	0	current	1	1000	95.7909369999999	explicit-final/hot.json
common	explicit	hot	userBindWrong	simple_bind_plaintext	0	openldap	1	1000	75.63154500000013	explicit-final/hot.json
common	explicit	hot	userBindWrong	simple_bind_plaintext	0	before	2	1000	91.50918400000006	explicit-final/hot.json
common	explicit	hot	userBindWrong	simple_bind_plaintext	0	current	2	1000	92.84315199999998	explicit-final/hot.json
common	explicit	hot	userBindWrong	simple_bind_plaintext	0	openldap	2	1000	74.41390699999998	explicit-final/hot.json
common	explicit	hot	userBindWrong	simple_bind_plaintext	0	before	3	1000	89.71189599999992	explicit-final/hot.json
common	explicit	hot	userBindWrong	simple_bind_plaintext	0	current	3	1000	89.09948599999993	explicit-final/hot.json
common	explicit	hot	userBindWrong	simple_bind_plaintext	0	openldap	3	1000	71.59620999999991	explicit-final/hot.json
common	explicit	hot	nonrootBase	search_nonrootBase	0	before	1	1000	106.43158700000015	explicit-final/hot.json
common	explicit	hot	nonrootBase	search_nonrootBase	0	current	1	1000	105.82334099999999	explicit-final/hot.json
common	explicit	hot	nonrootBase	search_nonrootBase	0	openldap	1	1000	83.23282899999988	explicit-final/hot.json
common	explicit	hot	nonrootBase	search_nonrootBase	0	before	2	1000	106.74117700000019	explicit-final/hot.json
common	explicit	hot	nonrootBase	search_nonrootBase	0	current	2	1000	108.01401699999984	explicit-final/hot.json
common	explicit	hot	nonrootBase	search_nonrootBase	0	openldap	2	1000	85.02868999999997	explicit-final/hot.json
common	explicit	hot	nonrootBase	search_nonrootBase	0	before	3	1000	106.86377900000012	explicit-final/hot.json
common	explicit	hot	nonrootBase	search_nonrootBase	0	current	3	1000	107.31365999999987	explicit-final/hot.json
common	explicit	hot	nonrootBase	search_nonrootBase	0	openldap	3	1000	83.6185809999999	explicit-final/hot.json
common	explicit	hot	nonrootEquality	search_nonrootEquality	0	before	1	1000	109.99075999999991	explicit-final/hot.json
common	explicit	hot	nonrootEquality	search_nonrootEquality	0	current	1	1000	109.68274499999995	explicit-final/hot.json
common	explicit	hot	nonrootEquality	search_nonrootEquality	0	openldap	1	1000	83.10361999999995	explicit-final/hot.json
common	explicit	hot	nonrootEquality	search_nonrootEquality	0	before	2	1000	109.63245100000009	explicit-final/hot.json
common	explicit	hot	nonrootEquality	search_nonrootEquality	0	current	2	1000	109.63899799999999	explicit-final/hot.json
common	explicit	hot	nonrootEquality	search_nonrootEquality	0	openldap	2	1000	87.66441000000005	explicit-final/hot.json
common	explicit	hot	nonrootEquality	search_nonrootEquality	0	before	3	1000	110.35012100000003	explicit-final/hot.json
common	explicit	hot	nonrootEquality	search_nonrootEquality	0	current	3	1000	108.19576499999985	explicit-final/hot.json
common	explicit	hot	nonrootEquality	search_nonrootEquality	0	openldap	3	1000	84.87284800000006	explicit-final/hot.json
read	root	fast	connect	-	0	before	1	1	1.578334	online/before-1/fast-1.json
read	root	fast	rootBind	-	0	before	1	1000	70.59519200000003	online/before-1/fast-1.json
read	root	fast	baseSearch	-	0	before	1	1000	103.34298700000001	online/before-1/fast-1.json
read	root	fast	indexedEquality	-	0	before	1	1000	106.48737099999995	online/before-1/fast-1.json
read	root	fast	compareTrue	-	0	before	1	1000	97.27382699999997	online/before-1/fast-1.json
read	root	fast	compareFalse	-	0	before	1	1000	97.91840500000005	online/before-1/fast-1.json
read	root	fast	connect	-	0	before	2	1	0.213209	online/before-1/fast-2.json
read	root	fast	rootBind	-	0	before	2	1000	71.49826399999999	online/before-1/fast-2.json
read	root	fast	baseSearch	-	0	before	2	1000	102.71614200000015	online/before-1/fast-2.json
read	root	fast	indexedEquality	-	0	before	2	1000	104.25425600000005	online/before-1/fast-2.json
read	root	fast	compareTrue	-	0	before	2	1000	112.28201899999999	online/before-1/fast-2.json
read	root	fast	compareFalse	-	0	before	2	1000	106.11710299999996	online/before-1/fast-2.json
read	root	fast	connect	-	0	before	3	1	0.20975	online/before-1/fast-3.json
read	root	fast	rootBind	-	0	before	3	1000	75.02854899999998	online/before-1/fast-3.json
read	root	fast	baseSearch	-	0	before	3	1000	99.89460300000005	online/before-1/fast-3.json
read	root	fast	indexedEquality	-	0	before	3	1000	182.64302300000008	online/before-1/fast-3.json
read	root	fast	compareTrue	-	0	before	3	1000	120.79473599999993	online/before-1/fast-3.json
read	root	fast	compareFalse	-	0	before	3	1000	106.61891399999985	online/before-1/fast-3.json
read	user	long-dn	userBind	-	0	before	1	1000	93.518291	online/before-1/long-dn.json
read	user	long-dn	userBindWrong	-	0	before	1	1000	90.461083	online/before-1/long-dn.json
read	user	long-dn	userBind	-	0	before	2	1000	95.130458	online/before-1/long-dn.json
read	user	long-dn	userBindWrong	-	0	before	2	1000	96.392541	online/before-1/long-dn.json
read	user	long-dn	userBind	-	0	before	3	1000	90.959333	online/before-1/long-dn.json
read	user	long-dn	userBindWrong	-	0	before	3	1000	91.152125	online/before-1/long-dn.json
read	root	long-dn	compareTrue	-	0	before	1	1000	92.732458	online/before-1/long-dn.json
read	root	long-dn	compareFalse	-	0	before	1	1000	96.371417	online/before-1/long-dn.json
read	root	long-dn	compareTrue	-	0	before	2	1000	97.004708	online/before-1/long-dn.json
read	root	long-dn	compareFalse	-	0	before	2	1000	94.167417	online/before-1/long-dn.json
read	root	long-dn	compareTrue	-	0	before	3	1000	97.780167	online/before-1/long-dn.json
read	root	long-dn	compareFalse	-	0	before	3	1000	94.709875	online/before-1/long-dn.json
read	user	long-password	userBind	-	0	before	1	1000	90.829084	online/before-1/long-password.json
read	user	long-password	userBindWrong	-	0	before	1	1000	96.380792	online/before-1/long-password.json
read	user	long-password	userBind	-	0	before	2	1000	90.986541	online/before-1/long-password.json
read	user	long-password	userBindWrong	-	0	before	2	1000	90.382417	online/before-1/long-password.json
read	user	long-password	userBind	-	0	before	3	1000	91.429208	online/before-1/long-password.json
read	user	long-password	userBindWrong	-	0	before	3	1000	93.657375	online/before-1/long-password.json
read	root	long-password	compareTrue	-	0	before	1	1000	97.114208	online/before-1/long-password.json
read	root	long-password	compareFalse	-	0	before	1	1000	94.2535	online/before-1/long-password.json
read	root	long-password	compareTrue	-	0	before	2	1000	92.90375	online/before-1/long-password.json
read	root	long-password	compareFalse	-	0	before	2	1000	90.557417	online/before-1/long-password.json
read	root	long-password	compareTrue	-	0	before	3	1000	97.945042	online/before-1/long-password.json
read	root	long-password	compareFalse	-	0	before	3	1000	95.78875	online/before-1/long-password.json
read	root	normalized-root	connect	-	0	before	1	1	0.2035	online/before-1/normalized-root-1.json
read	root	normalized-root	rootBind	-	0	before	1	1000	73.03070900000002	online/before-1/normalized-root-1.json
read	root	normalized-root	baseSearch	-	0	before	1	1000	89.3051399999999	online/before-1/normalized-root-1.json
read	root	normalized-root	indexedEquality	-	0	before	1	1000	113.60504799999987	online/before-1/normalized-root-1.json
read	root	normalized-root	compareTrue	-	0	before	1	1000	111.17081999999976	online/before-1/normalized-root-1.json
read	root	normalized-root	compareFalse	-	0	before	1	1000	96.106315	online/before-1/normalized-root-1.json
read	root	normalized-root	connect	-	0	before	2	1	0.205458	online/before-1/normalized-root-2.json
read	root	normalized-root	rootBind	-	0	before	2	1000	65.48240999999992	online/before-1/normalized-root-2.json
read	root	normalized-root	baseSearch	-	0	before	2	1000	98.91570700000001	online/before-1/normalized-root-2.json
read	root	normalized-root	indexedEquality	-	0	before	2	1000	110.4021929999999	online/before-1/normalized-root-2.json
read	root	normalized-root	compareTrue	-	0	before	2	1000	103.37099799999989	online/before-1/normalized-root-2.json
read	root	normalized-root	compareFalse	-	0	before	2	1000	105.30970200000004	online/before-1/normalized-root-2.json
read	root	normalized-root	connect	-	0	before	3	1	0.184666	online/before-1/normalized-root-3.json
read	root	normalized-root	rootBind	-	0	before	3	1000	74.63187600000003	online/before-1/normalized-root-3.json
read	root	normalized-root	baseSearch	-	0	before	3	1000	96.50808800000004	online/before-1/normalized-root-3.json
read	root	normalized-root	indexedEquality	-	0	before	3	1000	108.81161599999999	online/before-1/normalized-root-3.json
read	root	normalized-root	compareTrue	-	0	before	3	1000	96.33383499999987	online/before-1/normalized-root-3.json
read	root	normalized-root	compareFalse	-	0	before	3	1000	95.44899499999997	online/before-1/normalized-root-3.json
read	root	probe	connect	-	0	before	1	1	0.319167	online/before-1/probe-1.json
read	root	probe	rootBind	-	0	before	1	20	3.041041	online/before-1/probe-1.json
read	root	probe	baseSearch	-	0	before	1	20	3.570791	online/before-1/probe-1.json
read	root	probe	indexedEquality	-	0	before	1	20	4.01125	online/before-1/probe-1.json
read	root	probe	compareTrue	-	0	before	1	20	3.653499999999999	online/before-1/probe-1.json
read	root	probe	compareFalse	-	0	before	1	20	2.7101270000000004	online/before-1/probe-1.json
read	root	probe	substringPrefix	-	0	before	1	20	920.6374149999999	online/before-1/probe-1.json
read	root	probe	substringNegative	-	0	before	1	20	913.947956	online/before-1/probe-1.json
read	root	probe	connect	-	0	before	2	1	0.308583	online/before-1/probe-2.json
read	root	probe	rootBind	-	0	before	2	20	2.2447909999999998	online/before-1/probe-2.json
read	root	probe	baseSearch	-	0	before	2	20	3.5751269999999993	online/before-1/probe-2.json
read	root	probe	indexedEquality	-	0	before	2	20	3.0325	online/before-1/probe-2.json
read	root	probe	compareTrue	-	0	before	2	20	2.526583	online/before-1/probe-2.json
read	root	probe	compareFalse	-	0	before	2	20	2.4132890000000002	online/before-1/probe-2.json
read	root	probe	substringPrefix	-	0	before	2	20	919.060541	online/before-1/probe-2.json
read	root	probe	substringNegative	-	0	before	2	20	911.049501	online/before-1/probe-2.json
read	root	probe	connect	-	0	before	3	1	0.301667	online/before-1/probe-3.json
read	root	probe	rootBind	-	0	before	3	20	2.654293	online/before-1/probe-3.json
read	root	probe	baseSearch	-	0	before	3	20	3.009457	online/before-1/probe-3.json
read	root	probe	indexedEquality	-	0	before	3	20	3.527291000000001	online/before-1/probe-3.json
read	root	probe	compareTrue	-	0	before	3	20	2.6056660000000003	online/before-1/probe-3.json
read	root	probe	compareFalse	-	0	before	3	20	2.8111679999999994	online/before-1/probe-3.json
read	root	probe	substringPrefix	-	0	before	3	20	915.4244180000001	online/before-1/probe-3.json
read	root	probe	substringNegative	-	0	before	3	20	908.036539	online/before-1/probe-3.json
read	user	user-bind	userBind	-	0	before	1	1000	99.784458	online/before-1/user-bind.json
read	user	user-bind	userBindWrong	-	0	before	1	1000	87.925375	online/before-1/user-bind.json
read	user	user-bind	userBind	-	0	before	2	1000	87.033417	online/before-1/user-bind.json
read	user	user-bind	userBindWrong	-	0	before	2	1000	88.944542	online/before-1/user-bind.json
read	user	user-bind	userBind	-	0	before	3	1000	85.829042	online/before-1/user-bind.json
read	user	user-bind	userBindWrong	-	0	before	3	1000	86.939333	online/before-1/user-bind.json
read	root	fast	connect	-	0	before	4	1	1.650709	online/before-2/fast-1.json
read	root	fast	rootBind	-	0	before	4	1000	72.61253100000002	online/before-2/fast-1.json
read	root	fast	baseSearch	-	0	before	4	1000	97.69235400000007	online/before-2/fast-1.json
read	root	fast	indexedEquality	-	0	before	4	1000	114.502298	online/before-2/fast-1.json
read	root	fast	compareTrue	-	0	before	4	1000	96.29973999999997	online/before-2/fast-1.json
read	root	fast	compareFalse	-	0	before	4	1000	97.52389299999994	online/before-2/fast-1.json
read	root	fast	connect	-	0	before	5	1	0.213875	online/before-2/fast-2.json
read	root	fast	rootBind	-	0	before	5	1000	83.81248400000004	online/before-2/fast-2.json
read	root	fast	baseSearch	-	0	before	5	1000	95.22110700000002	online/before-2/fast-2.json
read	root	fast	indexedEquality	-	0	before	5	1000	102.7556710000001	online/before-2/fast-2.json
read	root	fast	compareTrue	-	0	before	5	1000	93.56539500000017	online/before-2/fast-2.json
read	root	fast	compareFalse	-	0	before	5	1000	116.68721099999998	online/before-2/fast-2.json
read	root	fast	connect	-	0	before	6	1	0.187041	online/before-2/fast-3.json
read	root	fast	rootBind	-	0	before	6	1000	91.51904500000003	online/before-2/fast-3.json
read	root	fast	baseSearch	-	0	before	6	1000	109.11840000000007	online/before-2/fast-3.json
read	root	fast	indexedEquality	-	0	before	6	1000	100.26954600000023	online/before-2/fast-3.json
read	root	fast	compareTrue	-	0	before	6	1000	95.29560499999995	online/before-2/fast-3.json
read	root	fast	compareFalse	-	0	before	6	1000	100.60064599999997	online/before-2/fast-3.json
read	user	long-dn	userBind	-	0	before	4	1000	97.2805	online/before-2/long-dn.json
read	user	long-dn	userBindWrong	-	0	before	4	1000	95.319625	online/before-2/long-dn.json
read	user	long-dn	userBind	-	0	before	5	1000	102.586958	online/before-2/long-dn.json
read	user	long-dn	userBindWrong	-	0	before	5	1000	106.867291	online/before-2/long-dn.json
read	user	long-dn	userBind	-	0	before	6	1000	92.901208	online/before-2/long-dn.json
read	user	long-dn	userBindWrong	-	0	before	6	1000	87.315959	online/before-2/long-dn.json
read	root	long-dn	compareTrue	-	0	before	4	1000	100.336875	online/before-2/long-dn.json
read	root	long-dn	compareFalse	-	0	before	4	1000	102.938	online/before-2/long-dn.json
read	root	long-dn	compareTrue	-	0	before	5	1000	90.830791	online/before-2/long-dn.json
read	root	long-dn	compareFalse	-	0	before	5	1000	128.086792	online/before-2/long-dn.json
read	root	long-dn	compareTrue	-	0	before	6	1000	92.208916	online/before-2/long-dn.json
read	root	long-dn	compareFalse	-	0	before	6	1000	92.965208	online/before-2/long-dn.json
read	user	long-password	userBind	-	0	before	4	1000	94.637791	online/before-2/long-password.json
read	user	long-password	userBindWrong	-	0	before	4	1000	93.051792	online/before-2/long-password.json
read	user	long-password	userBind	-	0	before	5	1000	112.387708	online/before-2/long-password.json
read	user	long-password	userBindWrong	-	0	before	5	1000	101.52875	online/before-2/long-password.json
read	user	long-password	userBind	-	0	before	6	1000	96.249333	online/before-2/long-password.json
read	user	long-password	userBindWrong	-	0	before	6	1000	120.710792	online/before-2/long-password.json
read	root	long-password	compareTrue	-	0	before	4	1000	87.663583	online/before-2/long-password.json
read	root	long-password	compareFalse	-	0	before	4	1000	88.820125	online/before-2/long-password.json
read	root	long-password	compareTrue	-	0	before	5	1000	97.053209	online/before-2/long-password.json
read	root	long-password	compareFalse	-	0	before	5	1000	120.575625	online/before-2/long-password.json
read	root	long-password	compareTrue	-	0	before	6	1000	104.677167	online/before-2/long-password.json
read	root	long-password	compareFalse	-	0	before	6	1000	98.470583	online/before-2/long-password.json
read	root	normalized-root	connect	-	0	before	4	1	0.201541	online/before-2/normalized-root-1.json
read	root	normalized-root	rootBind	-	0	before	4	1000	69.34030199999995	online/before-2/normalized-root-1.json
read	root	normalized-root	baseSearch	-	0	before	4	1000	105.7529650000001	online/before-2/normalized-root-1.json
read	root	normalized-root	indexedEquality	-	0	before	4	1000	110.37698600000012	online/before-2/normalized-root-1.json
read	root	normalized-root	compareTrue	-	0	before	4	1000	98.660058	online/before-2/normalized-root-1.json
read	root	normalized-root	compareFalse	-	0	before	4	1000	102.95258200000002	online/before-2/normalized-root-1.json
read	root	normalized-root	connect	-	0	before	5	1	0.159792	online/before-2/normalized-root-2.json
read	root	normalized-root	rootBind	-	0	before	5	1000	67.36147799999992	online/before-2/normalized-root-2.json
read	root	normalized-root	baseSearch	-	0	before	5	1000	108.5786349999999	online/before-2/normalized-root-2.json
read	root	normalized-root	indexedEquality	-	0	before	5	1000	105.11163899999991	online/before-2/normalized-root-2.json
read	root	normalized-root	compareTrue	-	0	before	5	1000	115.50229100000016	online/before-2/normalized-root-2.json
read	root	normalized-root	compareFalse	-	0	before	5	1000	114.22803699999989	online/before-2/normalized-root-2.json
read	root	normalized-root	connect	-	0	before	6	1	0.194042	online/before-2/normalized-root-3.json
read	root	normalized-root	rootBind	-	0	before	6	1000	82.700437	online/before-2/normalized-root-3.json
read	root	normalized-root	baseSearch	-	0	before	6	1000	118.48582800000008	online/before-2/normalized-root-3.json
read	root	normalized-root	indexedEquality	-	0	before	6	1000	123.54532499999996	online/before-2/normalized-root-3.json
read	root	normalized-root	compareTrue	-	0	before	6	1000	97.15134300000003	online/before-2/normalized-root-3.json
read	root	normalized-root	compareFalse	-	0	before	6	1000	97.65753999999993	online/before-2/normalized-root-3.json
read	root	probe	connect	-	0	before	4	1	0.296958	online/before-2/probe-1.json
read	root	probe	rootBind	-	0	before	4	20	3.0192930000000007	online/before-2/probe-1.json
read	root	probe	baseSearch	-	0	before	4	20	3.129003	online/before-2/probe-1.json
read	root	probe	indexedEquality	-	0	before	4	20	3.1166250000000004	online/before-2/probe-1.json
read	root	probe	compareTrue	-	0	before	4	20	2.876293	online/before-2/probe-1.json
read	root	probe	compareFalse	-	0	before	4	20	2.3320019999999997	online/before-2/probe-1.json
read	root	probe	substringPrefix	-	0	before	4	20	999.0894139999999	online/before-2/probe-1.json
read	root	probe	substringNegative	-	0	before	4	20	951.9639989999998	online/before-2/probe-1.json
read	root	probe	connect	-	0	before	5	1	0.252208	online/before-2/probe-2.json
read	root	probe	rootBind	-	0	before	5	20	2.318169	online/before-2/probe-2.json
read	root	probe	baseSearch	-	0	before	5	20	3.2743349999999998	online/before-2/probe-2.json
read	root	probe	indexedEquality	-	0	before	5	20	3.4449980000000004	online/before-2/probe-2.json
read	root	probe	compareTrue	-	0	before	5	20	3.161792000000001	online/before-2/probe-2.json
read	root	probe	compareFalse	-	0	before	5	20	2.7056240000000003	online/before-2/probe-2.json
read	root	probe	substringPrefix	-	0	before	5	20	938.8534189999998	online/before-2/probe-2.json
read	root	probe	substringNegative	-	0	before	5	20	954.8586239999998	online/before-2/probe-2.json
read	root	probe	connect	-	0	before	6	1	0.299333	online/before-2/probe-3.json
read	root	probe	rootBind	-	0	before	6	20	2.2710830000000004	online/before-2/probe-3.json
read	root	probe	baseSearch	-	0	before	6	20	3.8496280000000005	online/before-2/probe-3.json
read	root	probe	indexedEquality	-	0	before	6	20	2.8594159999999995	online/before-2/probe-3.json
read	root	probe	compareTrue	-	0	before	6	20	2.7924559999999996	online/before-2/probe-3.json
read	root	probe	compareFalse	-	0	before	6	20	2.5654599999999994	online/before-2/probe-3.json
read	root	probe	substringPrefix	-	0	before	6	20	941.1032899999999	online/before-2/probe-3.json
read	root	probe	substringNegative	-	0	before	6	20	922.3056660000001	online/before-2/probe-3.json
read	user	user-bind	userBind	-	0	before	4	1000	96.935375	online/before-2/user-bind.json
read	user	user-bind	userBindWrong	-	0	before	4	1000	90.552625	online/before-2/user-bind.json
read	user	user-bind	userBind	-	0	before	5	1000	92.724333	online/before-2/user-bind.json
read	user	user-bind	userBindWrong	-	0	before	5	1000	89.171291	online/before-2/user-bind.json
read	user	user-bind	userBind	-	0	before	6	1000	93.262	online/before-2/user-bind.json
read	user	user-bind	userBindWrong	-	0	before	6	1000	88.994875	online/before-2/user-bind.json
read	root	fast	connect	-	0	before	7	1	1.679708	online/before-3/fast-1.json
read	root	fast	rootBind	-	0	before	7	1000	64.81116199999998	online/before-3/fast-1.json
read	root	fast	baseSearch	-	0	before	7	1000	94.25871900000014	online/before-3/fast-1.json
read	root	fast	indexedEquality	-	0	before	7	1000	107.94808500000005	online/before-3/fast-1.json
read	root	fast	compareTrue	-	0	before	7	1000	223.50887699999979	online/before-3/fast-1.json
read	root	fast	compareFalse	-	0	before	7	1000	108.02290499999997	online/before-3/fast-1.json
read	root	fast	connect	-	0	before	8	1	0.177667	online/before-3/fast-2.json
read	root	fast	rootBind	-	0	before	8	1000	74.76681799999997	online/before-3/fast-2.json
read	root	fast	baseSearch	-	0	before	8	1000	124.88614900000002	online/before-3/fast-2.json
read	root	fast	indexedEquality	-	0	before	8	1000	123.39859699999994	online/before-3/fast-2.json
read	root	fast	compareTrue	-	0	before	8	1000	95.57079500000002	online/before-3/fast-2.json
read	root	fast	compareFalse	-	0	before	8	1000	96.10972900000003	online/before-3/fast-2.json
read	root	fast	connect	-	0	before	9	1	0.166333	online/before-3/fast-3.json
read	root	fast	rootBind	-	0	before	9	1000	86.03099999999998	online/before-3/fast-3.json
read	root	fast	baseSearch	-	0	before	9	1000	111.44145700000003	online/before-3/fast-3.json
read	root	fast	indexedEquality	-	0	before	9	1000	108.45590799999998	online/before-3/fast-3.json
read	root	fast	compareTrue	-	0	before	9	1000	99.98437300000003	online/before-3/fast-3.json
read	root	fast	compareFalse	-	0	before	9	1000	98.8294929999999	online/before-3/fast-3.json
read	user	long-dn	userBind	-	0	before	7	1000	83.16525	online/before-3/long-dn.json
read	user	long-dn	userBindWrong	-	0	before	7	1000	87.494167	online/before-3/long-dn.json
read	user	long-dn	userBind	-	0	before	8	1000	84.108666	online/before-3/long-dn.json
read	user	long-dn	userBindWrong	-	0	before	8	1000	88.707875	online/before-3/long-dn.json
read	user	long-dn	userBind	-	0	before	9	1000	96.889709	online/before-3/long-dn.json
read	user	long-dn	userBindWrong	-	0	before	9	1000	87.029375	online/before-3/long-dn.json
read	root	long-dn	compareTrue	-	0	before	7	1000	86.574125	online/before-3/long-dn.json
read	root	long-dn	compareFalse	-	0	before	7	1000	96.039916	online/before-3/long-dn.json
read	root	long-dn	compareTrue	-	0	before	8	1000	93.459125	online/before-3/long-dn.json
read	root	long-dn	compareFalse	-	0	before	8	1000	94.482709	online/before-3/long-dn.json
read	root	long-dn	compareTrue	-	0	before	9	1000	99.19725	online/before-3/long-dn.json
read	root	long-dn	compareFalse	-	0	before	9	1000	109.103584	online/before-3/long-dn.json
read	user	long-password	userBind	-	0	before	7	1000	92.364625	online/before-3/long-password.json
read	user	long-password	userBindWrong	-	0	before	7	1000	92.576667	online/before-3/long-password.json
read	user	long-password	userBind	-	0	before	8	1000	95.088	online/before-3/long-password.json
read	user	long-password	userBindWrong	-	0	before	8	1000	93.413542	online/before-3/long-password.json
read	user	long-password	userBind	-	0	before	9	1000	89.101542	online/before-3/long-password.json
read	user	long-password	userBindWrong	-	0	before	9	1000	101.982959	online/before-3/long-password.json
read	root	long-password	compareTrue	-	0	before	7	1000	94.040292	online/before-3/long-password.json
read	root	long-password	compareFalse	-	0	before	7	1000	92.988042	online/before-3/long-password.json
read	root	long-password	compareTrue	-	0	before	8	1000	85.425208	online/before-3/long-password.json
read	root	long-password	compareFalse	-	0	before	8	1000	93.661583	online/before-3/long-password.json
read	root	long-password	compareTrue	-	0	before	9	1000	86.196125	online/before-3/long-password.json
read	root	long-password	compareFalse	-	0	before	9	1000	104.655166	online/before-3/long-password.json
read	root	normalized-root	connect	-	0	before	7	1	0.202083	online/before-3/normalized-root-1.json
read	root	normalized-root	rootBind	-	0	before	7	1000	73.22466900000006	online/before-3/normalized-root-1.json
read	root	normalized-root	baseSearch	-	0	before	7	1000	105.691805	online/before-3/normalized-root-1.json
read	root	normalized-root	indexedEquality	-	0	before	7	1000	114.60763599999997	online/before-3/normalized-root-1.json
read	root	normalized-root	compareTrue	-	0	before	7	1000	105.71929500000007	online/before-3/normalized-root-1.json
read	root	normalized-root	compareFalse	-	0	before	7	1000	117.5710010000002	online/before-3/normalized-root-1.json
read	root	normalized-root	connect	-	0	before	8	1	0.150916	online/before-3/normalized-root-2.json
read	root	normalized-root	rootBind	-	0	before	8	1000	69.26024299999986	online/before-3/normalized-root-2.json
read	root	normalized-root	baseSearch	-	0	before	8	1000	113.13373199999992	online/before-3/normalized-root-2.json
read	root	normalized-root	indexedEquality	-	0	before	8	1000	107.528209	online/before-3/normalized-root-2.json
read	root	normalized-root	compareTrue	-	0	before	8	1000	103.38816599999988	online/before-3/normalized-root-2.json
read	root	normalized-root	compareFalse	-	0	before	8	1000	90.31766199999998	online/before-3/normalized-root-2.json
read	root	normalized-root	connect	-	0	before	9	1	0.175541	online/before-3/normalized-root-3.json
read	root	normalized-root	rootBind	-	0	before	9	1000	70.35595300000001	online/before-3/normalized-root-3.json
read	root	normalized-root	baseSearch	-	0	before	9	1000	99.78467999999997	online/before-3/normalized-root-3.json
read	root	normalized-root	indexedEquality	-	0	before	9	1000	122.13208900000001	online/before-3/normalized-root-3.json
read	root	normalized-root	compareTrue	-	0	before	9	1000	100.09010499999997	online/before-3/normalized-root-3.json
read	root	normalized-root	compareFalse	-	0	before	9	1000	105.85189400000007	online/before-3/normalized-root-3.json
read	root	probe	connect	-	0	before	7	1	0.257375	online/before-3/probe-1.json
read	root	probe	rootBind	-	0	before	7	20	2.22921	online/before-3/probe-1.json
read	root	probe	baseSearch	-	0	before	7	20	2.6584969999999997	online/before-3/probe-1.json
read	root	probe	indexedEquality	-	0	before	7	20	3.0639999999999996	online/before-3/probe-1.json
read	root	probe	compareTrue	-	0	before	7	20	2.5739549999999993	online/before-3/probe-1.json
read	root	probe	compareFalse	-	0	before	7	20	2.525169	online/before-3/probe-1.json
read	root	probe	substringPrefix	-	0	before	7	20	950.3315019999999	online/before-3/probe-1.json
read	root	probe	substringNegative	-	0	before	7	20	970.4648330000001	online/before-3/probe-1.json
read	root	probe	connect	-	0	before	8	1	0.2915	online/before-3/probe-2.json
read	root	probe	rootBind	-	0	before	8	20	2.653456	online/before-3/probe-2.json
read	root	probe	baseSearch	-	0	before	8	20	2.8854590000000004	online/before-3/probe-2.json
read	root	probe	indexedEquality	-	0	before	8	20	2.9297920000000004	online/before-3/probe-2.json
read	root	probe	compareTrue	-	0	before	8	20	2.632625	online/before-3/probe-2.json
read	root	probe	compareFalse	-	0	before	8	20	2.3717919999999997	online/before-3/probe-2.json
read	root	probe	substringPrefix	-	0	before	8	20	961.2397060000001	online/before-3/probe-2.json
read	root	probe	substringNegative	-	0	before	8	20	938.1029619999999	online/before-3/probe-2.json
read	root	probe	connect	-	0	before	9	1	0.405	online/before-3/probe-3.json
read	root	probe	rootBind	-	0	before	9	20	2.05079	online/before-3/probe-3.json
read	root	probe	baseSearch	-	0	before	9	20	3.074709	online/before-3/probe-3.json
read	root	probe	indexedEquality	-	0	before	9	20	3.4416260000000007	online/before-3/probe-3.json
read	root	probe	compareTrue	-	0	before	9	20	3.299081	online/before-3/probe-3.json
read	root	probe	compareFalse	-	0	before	9	20	2.938089	online/before-3/probe-3.json
read	root	probe	substringPrefix	-	0	before	9	20	945.191921	online/before-3/probe-3.json
read	root	probe	substringNegative	-	0	before	9	20	1108.0816650000002	online/before-3/probe-3.json
read	user	user-bind	userBind	-	0	before	7	1000	91.377041	online/before-3/user-bind.json
read	user	user-bind	userBindWrong	-	0	before	7	1000	88.543167	online/before-3/user-bind.json
read	user	user-bind	userBind	-	0	before	8	1000	85.362625	online/before-3/user-bind.json
read	user	user-bind	userBindWrong	-	0	before	8	1000	87.97275	online/before-3/user-bind.json
read	user	user-bind	userBind	-	0	before	9	1000	88.255958	online/before-3/user-bind.json
read	user	user-bind	userBindWrong	-	0	before	9	1000	86.737416	online/before-3/user-bind.json
read	root	fast	connect	-	0	current	1	1	1.462625	online/current-1/fast-1.json
read	root	fast	rootBind	-	0	current	1	1000	65.15728699999997	online/current-1/fast-1.json
read	root	fast	baseSearch	-	0	current	1	1000	93.82149600000002	online/current-1/fast-1.json
read	root	fast	indexedEquality	-	0	current	1	1000	105.4056620000001	online/current-1/fast-1.json
read	root	fast	compareTrue	-	0	current	1	1000	91.03344499999997	online/current-1/fast-1.json
read	root	fast	compareFalse	-	0	current	1	1000	112.17775000000003	online/current-1/fast-1.json
read	root	fast	connect	-	0	current	2	1	0.176459	online/current-1/fast-2.json
read	root	fast	rootBind	-	0	current	2	1000	63.93566100000007	online/current-1/fast-2.json
read	root	fast	baseSearch	-	0	current	2	1000	96.67482799999996	online/current-1/fast-2.json
read	root	fast	indexedEquality	-	0	current	2	1000	95.21776400000012	online/current-1/fast-2.json
read	root	fast	compareTrue	-	0	current	2	1000	93.79122999999997	online/current-1/fast-2.json
read	root	fast	compareFalse	-	0	current	2	1000	97.84953300000001	online/current-1/fast-2.json
read	root	fast	connect	-	0	current	3	1	0.231375	online/current-1/fast-3.json
read	root	fast	rootBind	-	0	current	3	1000	72.41268700000012	online/current-1/fast-3.json
read	root	fast	baseSearch	-	0	current	3	1000	103.70808299999995	online/current-1/fast-3.json
read	root	fast	indexedEquality	-	0	current	3	1000	110.35786899999997	online/current-1/fast-3.json
read	root	fast	compareTrue	-	0	current	3	1000	98.64926699999991	online/current-1/fast-3.json
read	root	fast	compareFalse	-	0	current	3	1000	98.61208300000007	online/current-1/fast-3.json
read	user	long-dn	userBind	-	0	current	1	1000	80.268083	online/current-1/long-dn.json
read	user	long-dn	userBindWrong	-	0	current	1	1000	87.611916	online/current-1/long-dn.json
read	user	long-dn	userBind	-	0	current	2	1000	85.33025	online/current-1/long-dn.json
read	user	long-dn	userBindWrong	-	0	current	2	1000	87.683042	online/current-1/long-dn.json
read	user	long-dn	userBind	-	0	current	3	1000	83.659875	online/current-1/long-dn.json
read	user	long-dn	userBindWrong	-	0	current	3	1000	83.841125	online/current-1/long-dn.json
read	root	long-dn	compareTrue	-	0	current	1	1000	87.860542	online/current-1/long-dn.json
read	root	long-dn	compareFalse	-	0	current	1	1000	85.43075	online/current-1/long-dn.json
read	root	long-dn	compareTrue	-	0	current	2	1000	86.432416	online/current-1/long-dn.json
read	root	long-dn	compareFalse	-	0	current	2	1000	85.107042	online/current-1/long-dn.json
read	root	long-dn	compareTrue	-	0	current	3	1000	89.52725	online/current-1/long-dn.json
read	root	long-dn	compareFalse	-	0	current	3	1000	83.548208	online/current-1/long-dn.json
read	user	long-password	userBind	-	0	current	1	1000	81.268667	online/current-1/long-password.json
read	user	long-password	userBindWrong	-	0	current	1	1000	88.701667	online/current-1/long-password.json
read	user	long-password	userBind	-	0	current	2	1000	83.423042	online/current-1/long-password.json
read	user	long-password	userBindWrong	-	0	current	2	1000	83.904125	online/current-1/long-password.json
read	user	long-password	userBind	-	0	current	3	1000	84.44975	online/current-1/long-password.json
read	user	long-password	userBindWrong	-	0	current	3	1000	85.719916	online/current-1/long-password.json
read	root	long-password	compareTrue	-	0	current	1	1000	83.297083	online/current-1/long-password.json
read	root	long-password	compareFalse	-	0	current	1	1000	86.855666	online/current-1/long-password.json
read	root	long-password	compareTrue	-	0	current	2	1000	83.515834	online/current-1/long-password.json
read	root	long-password	compareFalse	-	0	current	2	1000	88.411625	online/current-1/long-password.json
read	root	long-password	compareTrue	-	0	current	3	1000	80.984833	online/current-1/long-password.json
read	root	long-password	compareFalse	-	0	current	3	1000	89.078833	online/current-1/long-password.json
read	root	normalized-root	connect	-	0	current	1	1	0.20375	online/current-1/normalized-root-1.json
read	root	normalized-root	rootBind	-	0	current	1	1000	76.16513700000003	online/current-1/normalized-root-1.json
read	root	normalized-root	baseSearch	-	0	current	1	1000	101.74592900000006	online/current-1/normalized-root-1.json
read	root	normalized-root	indexedEquality	-	0	current	1	1000	109.49960899999994	online/current-1/normalized-root-1.json
read	root	normalized-root	compareTrue	-	0	current	1	1000	98.96576400000002	online/current-1/normalized-root-1.json
read	root	normalized-root	compareFalse	-	0	current	1	1000	108.85333100000022	online/current-1/normalized-root-1.json
read	root	normalized-root	connect	-	0	current	2	1	0.177708	online/current-1/normalized-root-2.json
read	root	normalized-root	rootBind	-	0	current	2	1000	72.58671000000011	online/current-1/normalized-root-2.json
read	root	normalized-root	baseSearch	-	0	current	2	1000	85.78404499999986	online/current-1/normalized-root-2.json
read	root	normalized-root	indexedEquality	-	0	current	2	1000	93.37022400000004	online/current-1/normalized-root-2.json
read	root	normalized-root	compareTrue	-	0	current	2	1000	103.9524639999999	online/current-1/normalized-root-2.json
read	root	normalized-root	compareFalse	-	0	current	2	1000	101.0076999999999	online/current-1/normalized-root-2.json
read	root	normalized-root	connect	-	0	current	3	1	0.164833	online/current-1/normalized-root-3.json
read	root	normalized-root	rootBind	-	0	current	3	1000	70.98948199999994	online/current-1/normalized-root-3.json
read	root	normalized-root	baseSearch	-	0	current	3	1000	102.6771269999999	online/current-1/normalized-root-3.json
read	root	normalized-root	indexedEquality	-	0	current	3	1000	107.42277300000019	online/current-1/normalized-root-3.json
read	root	normalized-root	compareTrue	-	0	current	3	1000	100.276657	online/current-1/normalized-root-3.json
read	root	normalized-root	compareFalse	-	0	current	3	1000	98.01087399999996	online/current-1/normalized-root-3.json
read	root	probe	connect	-	0	current	1	1	0.32175	online/current-1/probe-1.json
read	root	probe	rootBind	-	0	current	1	20	2.309416	online/current-1/probe-1.json
read	root	probe	baseSearch	-	0	current	1	20	3.2162910000000005	online/current-1/probe-1.json
read	root	probe	indexedEquality	-	0	current	1	20	3.3950839999999998	online/current-1/probe-1.json
read	root	probe	compareTrue	-	0	current	1	20	3.1334170000000006	online/current-1/probe-1.json
read	root	probe	compareFalse	-	0	current	1	20	2.6162069999999997	online/current-1/probe-1.json
read	root	probe	substringPrefix	-	0	current	1	20	945.9968329999998	online/current-1/probe-1.json
read	root	probe	substringNegative	-	0	current	1	20	938.3652099999999	online/current-1/probe-1.json
read	root	probe	connect	-	0	current	2	1	3.214833	online/current-1/probe-2.json
read	root	probe	rootBind	-	0	current	2	20	1.8269979999999997	online/current-1/probe-2.json
read	root	probe	baseSearch	-	0	current	2	20	2.3966670000000003	online/current-1/probe-2.json
read	root	probe	indexedEquality	-	0	current	2	20	2.637705	online/current-1/probe-2.json
read	root	probe	compareTrue	-	0	current	2	20	1.9352469999999997	online/current-1/probe-2.json
read	root	probe	compareFalse	-	0	current	2	20	2.1599609999999996	online/current-1/probe-2.json
read	root	probe	substringPrefix	-	0	current	2	20	949.2682909999999	online/current-1/probe-2.json
read	root	probe	substringNegative	-	0	current	2	20	1005.334084	online/current-1/probe-2.json
read	root	probe	connect	-	0	current	3	1	0.297541	online/current-1/probe-3.json
read	root	probe	rootBind	-	0	current	3	20	2.7802900000000004	online/current-1/probe-3.json
read	root	probe	baseSearch	-	0	current	3	20	3.191876	online/current-1/probe-3.json
read	root	probe	indexedEquality	-	0	current	3	20	4.0504180000000005	online/current-1/probe-3.json
read	root	probe	compareTrue	-	0	current	3	20	2.7990860000000004	online/current-1/probe-3.json
read	root	probe	compareFalse	-	0	current	3	20	2.501165	online/current-1/probe-3.json
read	root	probe	substringPrefix	-	0	current	3	20	946.2189569999998	online/current-1/probe-3.json
read	root	probe	substringNegative	-	0	current	3	20	937.9876660000002	online/current-1/probe-3.json
read	user	user-bind	userBind	-	0	current	1	1000	94.968833	online/current-1/user-bind.json
read	user	user-bind	userBindWrong	-	0	current	1	1000	85.544583	online/current-1/user-bind.json
read	user	user-bind	userBind	-	0	current	2	1000	85.537792	online/current-1/user-bind.json
read	user	user-bind	userBindWrong	-	0	current	2	1000	81.898	online/current-1/user-bind.json
read	user	user-bind	userBind	-	0	current	3	1000	87.621833	online/current-1/user-bind.json
read	user	user-bind	userBindWrong	-	0	current	3	1000	82.863542	online/current-1/user-bind.json
read	root	fast	connect	-	0	current	4	1	2.827208	online/current-2/fast-1.json
read	root	fast	rootBind	-	0	current	4	1000	89.66237099999987	online/current-2/fast-1.json
read	root	fast	baseSearch	-	0	current	4	1000	109.45065699999994	online/current-2/fast-1.json
read	root	fast	indexedEquality	-	0	current	4	1000	120.77380800000006	online/current-2/fast-1.json
read	root	fast	compareTrue	-	0	current	4	1000	106.813588	online/current-2/fast-1.json
read	root	fast	compareFalse	-	0	current	4	1000	97.76851900000011	online/current-2/fast-1.json
read	root	fast	connect	-	0	current	5	1	0.153584	online/current-2/fast-2.json
read	root	fast	rootBind	-	0	current	5	1000	93.05577400000006	online/current-2/fast-2.json
read	root	fast	baseSearch	-	0	current	5	1000	107.70907699999997	online/current-2/fast-2.json
read	root	fast	indexedEquality	-	0	current	5	1000	124.803627	online/current-2/fast-2.json
read	root	fast	compareTrue	-	0	current	5	1000	111.16740200000001	online/current-2/fast-2.json
read	root	fast	compareFalse	-	0	current	5	1000	94.83220899999998	online/current-2/fast-2.json
read	root	fast	connect	-	0	current	6	1	0.209958	online/current-2/fast-3.json
read	root	fast	rootBind	-	0	current	6	1000	73.72284199999999	online/current-2/fast-3.json
read	root	fast	baseSearch	-	0	current	6	1000	116.42665800000002	online/current-2/fast-3.json
read	root	fast	indexedEquality	-	0	current	6	1000	859.0581699999994	online/current-2/fast-3.json
read	root	fast	compareTrue	-	0	current	6	1000	171.26287399999998	online/current-2/fast-3.json
read	root	fast	compareFalse	-	0	current	6	1000	129.52694799999998	online/current-2/fast-3.json
read	user	long-dn	userBind	-	0	current	4	1000	97.561625	online/current-2/long-dn.json
read	user	long-dn	userBindWrong	-	0	current	4	1000	87.203416	online/current-2/long-dn.json
read	user	long-dn	userBind	-	0	current	5	1000	89.840583	online/current-2/long-dn.json
read	user	long-dn	userBindWrong	-	0	current	5	1000	93.70875	online/current-2/long-dn.json
read	user	long-dn	userBind	-	0	current	6	1000	125.069	online/current-2/long-dn.json
read	user	long-dn	userBindWrong	-	0	current	6	1000	94.626792	online/current-2/long-dn.json
read	root	long-dn	compareTrue	-	0	current	4	1000	107.746292	online/current-2/long-dn.json
read	root	long-dn	compareFalse	-	0	current	4	1000	113.205417	online/current-2/long-dn.json
read	root	long-dn	compareTrue	-	0	current	5	1000	101.460667	online/current-2/long-dn.json
read	root	long-dn	compareFalse	-	0	current	5	1000	96.708417	online/current-2/long-dn.json
read	root	long-dn	compareTrue	-	0	current	6	1000	103.266875	online/current-2/long-dn.json
read	root	long-dn	compareFalse	-	0	current	6	1000	101.485917	online/current-2/long-dn.json
read	user	long-password	userBind	-	0	current	4	1000	86.991708	online/current-2/long-password.json
read	user	long-password	userBindWrong	-	0	current	4	1000	88.142167	online/current-2/long-password.json
read	user	long-password	userBind	-	0	current	5	1000	105.468417	online/current-2/long-password.json
read	user	long-password	userBindWrong	-	0	current	5	1000	109.963334	online/current-2/long-password.json
read	user	long-password	userBind	-	0	current	6	1000	94.630083	online/current-2/long-password.json
read	user	long-password	userBindWrong	-	0	current	6	1000	111.743458	online/current-2/long-password.json
read	root	long-password	compareTrue	-	0	current	4	1000	90.14325	online/current-2/long-password.json
read	root	long-password	compareFalse	-	0	current	4	1000	92.250625	online/current-2/long-password.json
read	root	long-password	compareTrue	-	0	current	5	1000	106.068167	online/current-2/long-password.json
read	root	long-password	compareFalse	-	0	current	5	1000	102.266584	online/current-2/long-password.json
read	root	long-password	compareTrue	-	0	current	6	1000	88.529625	online/current-2/long-password.json
read	root	long-password	compareFalse	-	0	current	6	1000	94.802916	online/current-2/long-password.json
read	root	normalized-root	connect	-	0	current	4	1	0.208417	online/current-2/normalized-root-1.json
read	root	normalized-root	rootBind	-	0	current	4	1000	82.97586500000007	online/current-2/normalized-root-1.json
read	root	normalized-root	baseSearch	-	0	current	4	1000	111.45640099999983	online/current-2/normalized-root-1.json
read	root	normalized-root	indexedEquality	-	0	current	4	1000	122.22667000000003	online/current-2/normalized-root-1.json
read	root	normalized-root	compareTrue	-	0	current	4	1000	95.79458799999996	online/current-2/normalized-root-1.json
read	root	normalized-root	compareFalse	-	0	current	4	1000	109.50712099999997	online/current-2/normalized-root-1.json
read	root	normalized-root	connect	-	0	current	5	1	0.205958	online/current-2/normalized-root-2.json
read	root	normalized-root	rootBind	-	0	current	5	1000	70.2116489999999	online/current-2/normalized-root-2.json
read	root	normalized-root	baseSearch	-	0	current	5	1000	99.98728599999993	online/current-2/normalized-root-2.json
read	root	normalized-root	indexedEquality	-	0	current	5	1000	107.97505900000004	online/current-2/normalized-root-2.json
read	root	normalized-root	compareTrue	-	0	current	5	1000	108.43380900000008	online/current-2/normalized-root-2.json
read	root	normalized-root	compareFalse	-	0	current	5	1000	140.63988900000004	online/current-2/normalized-root-2.json
read	root	normalized-root	connect	-	0	current	6	1	0.187583	online/current-2/normalized-root-3.json
read	root	normalized-root	rootBind	-	0	current	6	1000	74.03487299999979	online/current-2/normalized-root-3.json
read	root	normalized-root	baseSearch	-	0	current	6	1000	101.76629600000005	online/current-2/normalized-root-3.json
read	root	normalized-root	indexedEquality	-	0	current	6	1000	121.66037299999998	online/current-2/normalized-root-3.json
read	root	normalized-root	compareTrue	-	0	current	6	1000	111.41064800000004	online/current-2/normalized-root-3.json
read	root	normalized-root	compareFalse	-	0	current	6	1000	93.31486400000006	online/current-2/normalized-root-3.json
read	root	probe	connect	-	0	current	4	1	0.247625	online/current-2/probe-1.json
read	root	probe	rootBind	-	0	current	4	20	2.891624	online/current-2/probe-1.json
read	root	probe	baseSearch	-	0	current	4	20	3.262876	online/current-2/probe-1.json
read	root	probe	indexedEquality	-	0	current	4	20	3.261958	online/current-2/probe-1.json
read	root	probe	compareTrue	-	0	current	4	20	3.1803750000000006	online/current-2/probe-1.json
read	root	probe	compareFalse	-	0	current	4	20	2.7175000000000002	online/current-2/probe-1.json
read	root	probe	substringPrefix	-	0	current	4	20	939.0539160000002	online/current-2/probe-1.json
read	root	probe	substringNegative	-	0	current	4	20	928.2975410000003	online/current-2/probe-1.json
read	root	probe	connect	-	0	current	5	1	0.289875	online/current-2/probe-2.json
read	root	probe	rootBind	-	0	current	5	20	2.216581	online/current-2/probe-2.json
read	root	probe	baseSearch	-	0	current	5	20	3.311375	online/current-2/probe-2.json
read	root	probe	indexedEquality	-	0	current	5	20	3.7519169999999997	online/current-2/probe-2.json
read	root	probe	compareTrue	-	0	current	5	20	2.5156660000000004	online/current-2/probe-2.json
read	root	probe	compareFalse	-	0	current	5	20	2.6930400000000003	online/current-2/probe-2.json
read	root	probe	substringPrefix	-	0	current	5	20	935.6089160000001	online/current-2/probe-2.json
read	root	probe	substringNegative	-	0	current	5	20	955.9180840000001	online/current-2/probe-2.json
read	root	probe	connect	-	0	current	6	1	0.319083	online/current-2/probe-3.json
read	root	probe	rootBind	-	0	current	6	20	2.8086670000000002	online/current-2/probe-3.json
read	root	probe	baseSearch	-	0	current	6	20	3.3050829999999998	online/current-2/probe-3.json
read	root	probe	indexedEquality	-	0	current	6	20	3.207585	online/current-2/probe-3.json
read	root	probe	compareTrue	-	0	current	6	20	3.1660040000000005	online/current-2/probe-3.json
read	root	probe	compareFalse	-	0	current	6	20	2.7357050000000003	online/current-2/probe-3.json
read	root	probe	substringPrefix	-	0	current	6	20	957.6900850000001	online/current-2/probe-3.json
read	root	probe	substringNegative	-	0	current	6	20	954.8060419999999	online/current-2/probe-3.json
read	user	user-bind	userBind	-	0	current	4	1000	110.413833	online/current-2/user-bind.json
read	user	user-bind	userBindWrong	-	0	current	4	1000	171.157209	online/current-2/user-bind.json
read	user	user-bind	userBind	-	0	current	5	1000	95.217791	online/current-2/user-bind.json
read	user	user-bind	userBindWrong	-	0	current	5	1000	98.365959	online/current-2/user-bind.json
read	user	user-bind	userBind	-	0	current	6	1000	102.364	online/current-2/user-bind.json
read	user	user-bind	userBindWrong	-	0	current	6	1000	84.872333	online/current-2/user-bind.json
read	root	fast	connect	-	0	current	7	1	1.556833	online/current-3/fast-1.json
read	root	fast	rootBind	-	0	current	7	1000	63.74458499999998	online/current-3/fast-1.json
read	root	fast	baseSearch	-	0	current	7	1000	94.25699699999997	online/current-3/fast-1.json
read	root	fast	indexedEquality	-	0	current	7	1000	100.70075799999998	online/current-3/fast-1.json
read	root	fast	compareTrue	-	0	current	7	1000	98.61378600000013	online/current-3/fast-1.json
read	root	fast	compareFalse	-	0	current	7	1000	91.47439200000011	online/current-3/fast-1.json
read	root	fast	connect	-	0	current	8	1	0.182917	online/current-3/fast-2.json
read	root	fast	rootBind	-	0	current	8	1000	69.69874800000007	online/current-3/fast-2.json
read	root	fast	baseSearch	-	0	current	8	1000	91.48121999999996	online/current-3/fast-2.json
read	root	fast	indexedEquality	-	0	current	8	1000	100.30024799999994	online/current-3/fast-2.json
read	root	fast	compareTrue	-	0	current	8	1000	92.52735200000002	online/current-3/fast-2.json
read	root	fast	compareFalse	-	0	current	8	1000	96.00565099999996	online/current-3/fast-2.json
read	root	fast	connect	-	0	current	9	1	0.202666	online/current-3/fast-3.json
read	root	fast	rootBind	-	0	current	9	1000	73.10070500000008	online/current-3/fast-3.json
read	root	fast	baseSearch	-	0	current	9	1000	93.28143000000003	online/current-3/fast-3.json
read	root	fast	indexedEquality	-	0	current	9	1000	105.42100400000005	online/current-3/fast-3.json
read	root	fast	compareTrue	-	0	current	9	1000	91.1602439999999	online/current-3/fast-3.json
read	root	fast	compareFalse	-	0	current	9	1000	90.07724699999983	online/current-3/fast-3.json
read	user	long-dn	userBind	-	0	current	7	1000	89.691708	online/current-3/long-dn.json
read	user	long-dn	userBindWrong	-	0	current	7	1000	89.319625	online/current-3/long-dn.json
read	user	long-dn	userBind	-	0	current	8	1000	97.452458	online/current-3/long-dn.json
read	user	long-dn	userBindWrong	-	0	current	8	1000	82.9375	online/current-3/long-dn.json
read	user	long-dn	userBind	-	0	current	9	1000	85.460458	online/current-3/long-dn.json
read	user	long-dn	userBindWrong	-	0	current	9	1000	89.349041	online/current-3/long-dn.json
read	root	long-dn	compareTrue	-	0	current	7	1000	97.996958	online/current-3/long-dn.json
read	root	long-dn	compareFalse	-	0	current	7	1000	110.765584	online/current-3/long-dn.json
read	root	long-dn	compareTrue	-	0	current	8	1000	92.820417	online/current-3/long-dn.json
read	root	long-dn	compareFalse	-	0	current	8	1000	89.904583	online/current-3/long-dn.json
read	root	long-dn	compareTrue	-	0	current	9	1000	97.303625	online/current-3/long-dn.json
read	root	long-dn	compareFalse	-	0	current	9	1000	90.569041	online/current-3/long-dn.json
read	user	long-password	userBind	-	0	current	7	1000	88.33525	online/current-3/long-password.json
read	user	long-password	userBindWrong	-	0	current	7	1000	84.328791	online/current-3/long-password.json
read	user	long-password	userBind	-	0	current	8	1000	93.908584	online/current-3/long-password.json
read	user	long-password	userBindWrong	-	0	current	8	1000	96.72	online/current-3/long-password.json
read	user	long-password	userBind	-	0	current	9	1000	127.895833	online/current-3/long-password.json
read	user	long-password	userBindWrong	-	0	current	9	1000	92.710458	online/current-3/long-password.json
read	root	long-password	compareTrue	-	0	current	7	1000	86.703625	online/current-3/long-password.json
read	root	long-password	compareFalse	-	0	current	7	1000	86.873875	online/current-3/long-password.json
read	root	long-password	compareTrue	-	0	current	8	1000	75.851667	online/current-3/long-password.json
read	root	long-password	compareFalse	-	0	current	8	1000	91.458916	online/current-3/long-password.json
read	root	long-password	compareTrue	-	0	current	9	1000	83.961208	online/current-3/long-password.json
read	root	long-password	compareFalse	-	0	current	9	1000	87.465541	online/current-3/long-password.json
read	root	normalized-root	connect	-	0	current	7	1	0.181041	online/current-3/normalized-root-1.json
read	root	normalized-root	rootBind	-	0	current	7	1000	71.42499799999995	online/current-3/normalized-root-1.json
read	root	normalized-root	baseSearch	-	0	current	7	1000	92.86691099999986	online/current-3/normalized-root-1.json
read	root	normalized-root	indexedEquality	-	0	current	7	1000	111.36314899999992	online/current-3/normalized-root-1.json
read	root	normalized-root	compareTrue	-	0	current	7	1000	88.90810099999999	online/current-3/normalized-root-1.json
read	root	normalized-root	compareFalse	-	0	current	7	1000	98.56671499999995	online/current-3/normalized-root-1.json
read	root	normalized-root	connect	-	0	current	8	1	0.192958	online/current-3/normalized-root-2.json
read	root	normalized-root	rootBind	-	0	current	8	1000	69.60745899999995	online/current-3/normalized-root-2.json
read	root	normalized-root	baseSearch	-	0	current	8	1000	98.15110300000002	online/current-3/normalized-root-2.json
read	root	normalized-root	indexedEquality	-	0	current	8	1000	101.12616000000001	online/current-3/normalized-root-2.json
read	root	normalized-root	compareTrue	-	0	current	8	1000	93.83467	online/current-3/normalized-root-2.json
read	root	normalized-root	compareFalse	-	0	current	8	1000	92.72041199999994	online/current-3/normalized-root-2.json
read	root	normalized-root	connect	-	0	current	9	1	0.193042	online/current-3/normalized-root-3.json
read	root	normalized-root	rootBind	-	0	current	9	1000	68.76414399999999	online/current-3/normalized-root-3.json
read	root	normalized-root	baseSearch	-	0	current	9	1000	114.81021600000003	online/current-3/normalized-root-3.json
read	root	normalized-root	indexedEquality	-	0	current	9	1000	116.2682799999999	online/current-3/normalized-root-3.json
read	root	normalized-root	compareTrue	-	0	current	9	1000	96.68481100000002	online/current-3/normalized-root-3.json
read	root	normalized-root	compareFalse	-	0	current	9	1000	96.47871500000012	online/current-3/normalized-root-3.json
read	root	probe	connect	-	0	current	7	1	0.436625	online/current-3/probe-1.json
read	root	probe	rootBind	-	0	current	7	20	3.0022910000000005	online/current-3/probe-1.json
read	root	probe	baseSearch	-	0	current	7	20	3.5299159999999996	online/current-3/probe-1.json
read	root	probe	indexedEquality	-	0	current	7	20	3.333039	online/current-3/probe-1.json
read	root	probe	compareTrue	-	0	current	7	20	4.640583	online/current-3/probe-1.json
read	root	probe	compareFalse	-	0	current	7	20	2.8029560000000004	online/current-3/probe-1.json
read	root	probe	substringPrefix	-	0	current	7	20	964.262165	online/current-3/probe-1.json
read	root	probe	substringNegative	-	0	current	7	20	935.8056639999998	online/current-3/probe-1.json
read	root	probe	connect	-	0	current	8	1	0.494458	online/current-3/probe-2.json
read	root	probe	rootBind	-	0	current	8	20	1.3389170000000001	online/current-3/probe-2.json
read	root	probe	baseSearch	-	0	current	8	20	2.0741670000000005	online/current-3/probe-2.json
read	root	probe	indexedEquality	-	0	current	8	20	3.613541	online/current-3/probe-2.json
read	root	probe	compareTrue	-	0	current	8	20	2.947917	online/current-3/probe-2.json
read	root	probe	compareFalse	-	0	current	8	20	2.880296	online/current-3/probe-2.json
read	root	probe	substringPrefix	-	0	current	8	20	1008.8192490000002	online/current-3/probe-2.json
read	root	probe	substringNegative	-	0	current	8	20	971.700375	online/current-3/probe-2.json
read	root	probe	connect	-	0	current	9	1	0.336333	online/current-3/probe-3.json
read	root	probe	rootBind	-	0	current	9	20	2.6346250000000007	online/current-3/probe-3.json
read	root	probe	baseSearch	-	0	current	9	20	3.5454160000000003	online/current-3/probe-3.json
read	root	probe	indexedEquality	-	0	current	9	20	3.7567500000000003	online/current-3/probe-3.json
read	root	probe	compareTrue	-	0	current	9	20	3.0171259999999998	online/current-3/probe-3.json
read	root	probe	compareFalse	-	0	current	9	20	2.6995009999999997	online/current-3/probe-3.json
read	root	probe	substringPrefix	-	0	current	9	20	942.4444139999998	online/current-3/probe-3.json
read	root	probe	substringNegative	-	0	current	9	20	981.305084	online/current-3/probe-3.json
read	user	user-bind	userBind	-	0	current	7	1000	99.670625	online/current-3/user-bind.json
read	user	user-bind	userBindWrong	-	0	current	7	1000	101.098833	online/current-3/user-bind.json
read	user	user-bind	userBind	-	0	current	8	1000	94.670625	online/current-3/user-bind.json
read	user	user-bind	userBindWrong	-	0	current	8	1000	92.265959	online/current-3/user-bind.json
read	user	user-bind	userBind	-	0	current	9	1000	95.059667	online/current-3/user-bind.json
read	user	user-bind	userBindWrong	-	0	current	9	1000	111.642208	online/current-3/user-bind.json
read	root	fast	connect	-	0	openldap	1	1	0.167625	online/openldap-1/fast-1.json
read	root	fast	rootBind	-	0	openldap	1	1000	66.08616300000004	online/openldap-1/fast-1.json
read	root	fast	baseSearch	-	0	openldap	1	1000	86.31512400000004	online/openldap-1/fast-1.json
read	root	fast	indexedEquality	-	0	openldap	1	1000	90.05280999999994	online/openldap-1/fast-1.json
read	root	fast	compareTrue	-	0	openldap	1	1000	70.98277600000002	online/openldap-1/fast-1.json
read	root	fast	compareFalse	-	0	openldap	1	1000	72.22902599999999	online/openldap-1/fast-1.json
read	root	fast	connect	-	0	openldap	2	1	0.243125	online/openldap-1/fast-2.json
read	root	fast	rootBind	-	0	openldap	2	1000	68.734238	online/openldap-1/fast-2.json
read	root	fast	baseSearch	-	0	openldap	2	1000	86.082424	online/openldap-1/fast-2.json
read	root	fast	indexedEquality	-	0	openldap	2	1000	99.56666799999988	online/openldap-1/fast-2.json
read	root	fast	compareTrue	-	0	openldap	2	1000	73.547665	online/openldap-1/fast-2.json
read	root	fast	compareFalse	-	0	openldap	2	1000	73.78901000000003	online/openldap-1/fast-2.json
read	root	fast	connect	-	0	openldap	3	1	0.1495	online/openldap-1/fast-3.json
read	root	fast	rootBind	-	0	openldap	3	1000	68.36713900000002	online/openldap-1/fast-3.json
read	root	fast	baseSearch	-	0	openldap	3	1000	83.21903300000001	online/openldap-1/fast-3.json
read	root	fast	indexedEquality	-	0	openldap	3	1000	89.47479399999987	online/openldap-1/fast-3.json
read	root	fast	compareTrue	-	0	openldap	3	1000	74.35146899999995	online/openldap-1/fast-3.json
read	root	fast	compareFalse	-	0	openldap	3	1000	94.62629900000005	online/openldap-1/fast-3.json
read	user	long-dn	userBind	-	0	openldap	1	1000	68.64675	online/openldap-1/long-dn.json
read	user	long-dn	userBindWrong	-	0	openldap	1	1000	72.606833	online/openldap-1/long-dn.json
read	user	long-dn	userBind	-	0	openldap	2	1000	72.239375	online/openldap-1/long-dn.json
read	user	long-dn	userBindWrong	-	0	openldap	2	1000	72.49925	online/openldap-1/long-dn.json
read	user	long-dn	userBind	-	0	openldap	3	1000	72.23125	online/openldap-1/long-dn.json
read	user	long-dn	userBindWrong	-	0	openldap	3	1000	73.63325	online/openldap-1/long-dn.json
read	root	long-dn	compareTrue	-	0	openldap	1	1000	73.200125	online/openldap-1/long-dn.json
read	root	long-dn	compareFalse	-	0	openldap	1	1000	76.147583	online/openldap-1/long-dn.json
read	root	long-dn	compareTrue	-	0	openldap	2	1000	76.388833	online/openldap-1/long-dn.json
read	root	long-dn	compareFalse	-	0	openldap	2	1000	76.230084	online/openldap-1/long-dn.json
read	root	long-dn	compareTrue	-	0	openldap	3	1000	74.75125	online/openldap-1/long-dn.json
read	root	long-dn	compareFalse	-	0	openldap	3	1000	72.15675	online/openldap-1/long-dn.json
read	user	long-password	userBind	-	0	openldap	1	1000	72.733125	online/openldap-1/long-password.json
read	user	long-password	userBindWrong	-	0	openldap	1	1000	72.366625	online/openldap-1/long-password.json
read	user	long-password	userBind	-	0	openldap	2	1000	72.883125	online/openldap-1/long-password.json
read	user	long-password	userBindWrong	-	0	openldap	2	1000	72.801667	online/openldap-1/long-password.json
read	user	long-password	userBind	-	0	openldap	3	1000	73.895708	online/openldap-1/long-password.json
read	user	long-password	userBindWrong	-	0	openldap	3	1000	73.800417	online/openldap-1/long-password.json
read	root	long-password	compareTrue	-	0	openldap	1	1000	69.141333	online/openldap-1/long-password.json
read	root	long-password	compareFalse	-	0	openldap	1	1000	72.546666	online/openldap-1/long-password.json
read	root	long-password	compareTrue	-	0	openldap	2	1000	68.492834	online/openldap-1/long-password.json
read	root	long-password	compareFalse	-	0	openldap	2	1000	72.322125	online/openldap-1/long-password.json
read	root	long-password	compareTrue	-	0	openldap	3	1000	71.422834	online/openldap-1/long-password.json
read	root	long-password	compareFalse	-	0	openldap	3	1000	73.138084	online/openldap-1/long-password.json
read	root	normalized-root	connect	-	0	openldap	1	1	0.248709	online/openldap-1/normalized-root-1.json
read	root	normalized-root	rootBind	-	0	openldap	1	1000	116.19995800000004	online/openldap-1/normalized-root-1.json
read	root	normalized-root	baseSearch	-	0	openldap	1	1000	83.05131500000007	online/openldap-1/normalized-root-1.json
read	root	normalized-root	indexedEquality	-	0	openldap	1	1000	91.57276800000011	online/openldap-1/normalized-root-1.json
read	root	normalized-root	compareTrue	-	0	openldap	1	1000	72.85532200000002	online/openldap-1/normalized-root-1.json
read	root	normalized-root	compareFalse	-	0	openldap	1	1000	66.41282599999998	online/openldap-1/normalized-root-1.json
read	root	normalized-root	connect	-	0	openldap	2	1	0.189666	online/openldap-1/normalized-root-2.json
read	root	normalized-root	rootBind	-	0	openldap	2	1000	67.17346600000002	online/openldap-1/normalized-root-2.json
read	root	normalized-root	baseSearch	-	0	openldap	2	1000	85.2223920000001	online/openldap-1/normalized-root-2.json
read	root	normalized-root	indexedEquality	-	0	openldap	2	1000	85.93943000000002	online/openldap-1/normalized-root-2.json
read	root	normalized-root	compareTrue	-	0	openldap	2	1000	68.62167900000011	online/openldap-1/normalized-root-2.json
read	root	normalized-root	compareFalse	-	0	openldap	2	1000	70.55717000000013	online/openldap-1/normalized-root-2.json
read	root	normalized-root	connect	-	0	openldap	3	1	0.204208	online/openldap-1/normalized-root-3.json
read	root	normalized-root	rootBind	-	0	openldap	3	1000	67.77256199999995	online/openldap-1/normalized-root-3.json
read	root	normalized-root	baseSearch	-	0	openldap	3	1000	84.95658000000002	online/openldap-1/normalized-root-3.json
read	root	normalized-root	indexedEquality	-	0	openldap	3	1000	84.89598899999994	online/openldap-1/normalized-root-3.json
read	root	normalized-root	compareTrue	-	0	openldap	3	1000	74.847028	online/openldap-1/normalized-root-3.json
read	root	normalized-root	compareFalse	-	0	openldap	3	1000	69.71635599999985	online/openldap-1/normalized-root-3.json
read	root	probe	connect	-	0	openldap	1	1	0.311292	online/openldap-1/probe-1.json
read	root	probe	rootBind	-	0	openldap	1	20	2.391421	online/openldap-1/probe-1.json
read	root	probe	baseSearch	-	0	openldap	1	20	2.350043	online/openldap-1/probe-1.json
read	root	probe	indexedEquality	-	0	openldap	1	20	2.8128750000000005	online/openldap-1/probe-1.json
read	root	probe	compareTrue	-	0	openldap	1	20	2.2581249999999997	online/openldap-1/probe-1.json
read	root	probe	compareFalse	-	0	openldap	1	20	2.188248	online/openldap-1/probe-1.json
read	root	probe	substringPrefix	-	0	openldap	1	20	620.887336	online/openldap-1/probe-1.json
read	root	probe	substringNegative	-	0	openldap	1	20	622.3620000000001	online/openldap-1/probe-1.json
read	root	probe	connect	-	0	openldap	2	1	0.288666	online/openldap-1/probe-2.json
read	root	probe	rootBind	-	0	openldap	2	20	2.407708	online/openldap-1/probe-2.json
read	root	probe	baseSearch	-	0	openldap	2	20	2.9014560000000005	online/openldap-1/probe-2.json
read	root	probe	indexedEquality	-	0	openldap	2	20	2.530997	online/openldap-1/probe-2.json
read	root	probe	compareTrue	-	0	openldap	2	20	1.986749	online/openldap-1/probe-2.json
read	root	probe	compareFalse	-	0	openldap	2	20	2.0071689999999998	online/openldap-1/probe-2.json
read	root	probe	substringPrefix	-	0	openldap	2	20	617.5458709999999	online/openldap-1/probe-2.json
read	root	probe	substringNegative	-	0	openldap	2	20	622.3842089999999	online/openldap-1/probe-2.json
read	root	probe	connect	-	0	openldap	3	1	0.285084	online/openldap-1/probe-3.json
read	root	probe	rootBind	-	0	openldap	3	20	2.3533760000000004	online/openldap-1/probe-3.json
read	root	probe	baseSearch	-	0	openldap	3	20	2.5129150000000005	online/openldap-1/probe-3.json
read	root	probe	indexedEquality	-	0	openldap	3	20	2.7369560000000006	online/openldap-1/probe-3.json
read	root	probe	compareTrue	-	0	openldap	3	20	2.3020419999999997	online/openldap-1/probe-3.json
read	root	probe	compareFalse	-	0	openldap	3	20	2.102375	online/openldap-1/probe-3.json
read	root	probe	substringPrefix	-	0	openldap	3	20	619.865582	online/openldap-1/probe-3.json
read	root	probe	substringNegative	-	0	openldap	3	20	617.7694580000001	online/openldap-1/probe-3.json
read	user	user-bind	userBind	-	0	openldap	1	1000	69.948209	online/openldap-1/user-bind.json
read	user	user-bind	userBindWrong	-	0	openldap	1	1000	73.013917	online/openldap-1/user-bind.json
read	user	user-bind	userBind	-	0	openldap	2	1000	71.454667	online/openldap-1/user-bind.json
read	user	user-bind	userBindWrong	-	0	openldap	2	1000	70.425458	online/openldap-1/user-bind.json
read	user	user-bind	userBind	-	0	openldap	3	1000	69.515959	online/openldap-1/user-bind.json
read	user	user-bind	userBindWrong	-	0	openldap	3	1000	72.336459	online/openldap-1/user-bind.json
read	root	fast	connect	-	0	openldap	4	1	0.883834	online/openldap-2/fast-1.json
read	root	fast	rootBind	-	0	openldap	4	1000	80.80802800000005	online/openldap-2/fast-1.json
read	root	fast	baseSearch	-	0	openldap	4	1000	85.239443	online/openldap-2/fast-1.json
read	root	fast	indexedEquality	-	0	openldap	4	1000	94.61444799999995	online/openldap-2/fast-1.json
read	root	fast	compareTrue	-	0	openldap	4	1000	71.49570299999995	online/openldap-2/fast-1.json
read	root	fast	compareFalse	-	0	openldap	4	1000	76.520851	online/openldap-2/fast-1.json
read	root	fast	connect	-	0	openldap	5	1	0.159583	online/openldap-2/fast-2.json
read	root	fast	rootBind	-	0	openldap	5	1000	65.65612700000007	online/openldap-2/fast-2.json
read	root	fast	baseSearch	-	0	openldap	5	1000	82.33175599999993	online/openldap-2/fast-2.json
read	root	fast	indexedEquality	-	0	openldap	5	1000	117.2343359999999	online/openldap-2/fast-2.json
read	root	fast	compareTrue	-	0	openldap	5	1000	86.81502899999998	online/openldap-2/fast-2.json
read	root	fast	compareFalse	-	0	openldap	5	1000	70.48203999999994	online/openldap-2/fast-2.json
read	root	fast	connect	-	0	openldap	6	1	0.217208	online/openldap-2/fast-3.json
read	root	fast	rootBind	-	0	openldap	6	1000	64.96824499999997	online/openldap-2/fast-3.json
read	root	fast	baseSearch	-	0	openldap	6	1000	79.74337199999985	online/openldap-2/fast-3.json
read	root	fast	indexedEquality	-	0	openldap	6	1000	86.92512800000003	online/openldap-2/fast-3.json
read	root	fast	compareTrue	-	0	openldap	6	1000	70.232656	online/openldap-2/fast-3.json
read	root	fast	compareFalse	-	0	openldap	6	1000	75.51718599999987	online/openldap-2/fast-3.json
read	user	long-dn	userBind	-	0	openldap	4	1000	74.966292	online/openldap-2/long-dn.json
read	user	long-dn	userBindWrong	-	0	openldap	4	1000	78.639292	online/openldap-2/long-dn.json
read	user	long-dn	userBind	-	0	openldap	5	1000	85.628417	online/openldap-2/long-dn.json
read	user	long-dn	userBindWrong	-	0	openldap	5	1000	71.216416	online/openldap-2/long-dn.json
read	user	long-dn	userBind	-	0	openldap	6	1000	69.193292	online/openldap-2/long-dn.json
read	user	long-dn	userBindWrong	-	0	openldap	6	1000	70.119792	online/openldap-2/long-dn.json
read	root	long-dn	compareTrue	-	0	openldap	4	1000	69.662583	online/openldap-2/long-dn.json
read	root	long-dn	compareFalse	-	0	openldap	4	1000	72.137542	online/openldap-2/long-dn.json
read	root	long-dn	compareTrue	-	0	openldap	5	1000	72.476458	online/openldap-2/long-dn.json
read	root	long-dn	compareFalse	-	0	openldap	5	1000	69.888375	online/openldap-2/long-dn.json
read	root	long-dn	compareTrue	-	0	openldap	6	1000	51.81025	online/openldap-2/long-dn.json
read	root	long-dn	compareFalse	-	0	openldap	6	1000	56.155583	online/openldap-2/long-dn.json
read	user	long-password	userBind	-	0	openldap	4	1000	64.923417	online/openldap-2/long-password.json
read	user	long-password	userBindWrong	-	0	openldap	4	1000	77.992375	online/openldap-2/long-password.json
read	user	long-password	userBind	-	0	openldap	5	1000	69.080583	online/openldap-2/long-password.json
read	user	long-password	userBindWrong	-	0	openldap	5	1000	70.095833	online/openldap-2/long-password.json
read	user	long-password	userBind	-	0	openldap	6	1000	69.660166	online/openldap-2/long-password.json
read	user	long-password	userBindWrong	-	0	openldap	6	1000	73.368959	online/openldap-2/long-password.json
read	root	long-password	compareTrue	-	0	openldap	4	1000	67.884209	online/openldap-2/long-password.json
read	root	long-password	compareFalse	-	0	openldap	4	1000	73.87975	online/openldap-2/long-password.json
read	root	long-password	compareTrue	-	0	openldap	5	1000	80.443459	online/openldap-2/long-password.json
read	root	long-password	compareFalse	-	0	openldap	5	1000	76.391875	online/openldap-2/long-password.json
read	root	long-password	compareTrue	-	0	openldap	6	1000	67.462583	online/openldap-2/long-password.json
read	root	long-password	compareFalse	-	0	openldap	6	1000	81.240209	online/openldap-2/long-password.json
read	root	normalized-root	connect	-	0	openldap	4	1	0.207083	online/openldap-2/normalized-root-1.json
read	root	normalized-root	rootBind	-	0	openldap	4	1000	55.9328089999999	online/openldap-2/normalized-root-1.json
read	root	normalized-root	baseSearch	-	0	openldap	4	1000	78.42668500000008	online/openldap-2/normalized-root-1.json
read	root	normalized-root	indexedEquality	-	0	openldap	4	1000	88.75279600000006	online/openldap-2/normalized-root-1.json
read	root	normalized-root	compareTrue	-	0	openldap	4	1000	68.52963199999996	online/openldap-2/normalized-root-1.json
read	root	normalized-root	compareFalse	-	0	openldap	4	1000	70.58359500000003	online/openldap-2/normalized-root-1.json
read	root	normalized-root	connect	-	0	openldap	5	1	0.172042	online/openldap-2/normalized-root-2.json
read	root	normalized-root	rootBind	-	0	openldap	5	1000	78.05682800000005	online/openldap-2/normalized-root-2.json
read	root	normalized-root	baseSearch	-	0	openldap	5	1000	87.76250500000002	online/openldap-2/normalized-root-2.json
read	root	normalized-root	indexedEquality	-	0	openldap	5	1000	84.68586099999999	online/openldap-2/normalized-root-2.json
read	root	normalized-root	compareTrue	-	0	openldap	5	1000	68.28131100000002	online/openldap-2/normalized-root-2.json
read	root	normalized-root	compareFalse	-	0	openldap	5	1000	86.97405199999996	online/openldap-2/normalized-root-2.json
read	root	normalized-root	connect	-	0	openldap	6	1	0.151125	online/openldap-2/normalized-root-3.json
read	root	normalized-root	rootBind	-	0	openldap	6	1000	85.03035199999997	online/openldap-2/normalized-root-3.json
read	root	normalized-root	baseSearch	-	0	openldap	6	1000	96.34509499999987	online/openldap-2/normalized-root-3.json
read	root	normalized-root	indexedEquality	-	0	openldap	6	1000	120.85501500000005	online/openldap-2/normalized-root-3.json
read	root	normalized-root	compareTrue	-	0	openldap	6	1000	69.17081000000006	online/openldap-2/normalized-root-3.json
read	root	normalized-root	compareFalse	-	0	openldap	6	1000	85.88527600000005	online/openldap-2/normalized-root-3.json
read	root	probe	connect	-	0	openldap	4	1	0.185166	online/openldap-2/probe-1.json
read	root	probe	rootBind	-	0	openldap	4	20	1.2408720000000002	online/openldap-2/probe-1.json
read	root	probe	baseSearch	-	0	openldap	4	20	1.7881279999999997	online/openldap-2/probe-1.json
read	root	probe	indexedEquality	-	0	openldap	4	20	2.0797090000000003	online/openldap-2/probe-1.json
read	root	probe	compareTrue	-	0	openldap	4	20	1.512455	online/openldap-2/probe-1.json
read	root	probe	compareFalse	-	0	openldap	4	20	1.5226260000000003	online/openldap-2/probe-1.json
read	root	probe	substringPrefix	-	0	openldap	4	20	641.02954	online/openldap-2/probe-1.json
read	root	probe	substringNegative	-	0	openldap	4	20	620.043	online/openldap-2/probe-1.json
read	root	probe	connect	-	0	openldap	5	1	0.311583	online/openldap-2/probe-2.json
read	root	probe	rootBind	-	0	openldap	5	20	2.601999999999999	online/openldap-2/probe-2.json
read	root	probe	baseSearch	-	0	openldap	5	20	3.3085809999999998	online/openldap-2/probe-2.json
read	root	probe	indexedEquality	-	0	openldap	5	20	2.903793	online/openldap-2/probe-2.json
read	root	probe	compareTrue	-	0	openldap	5	20	2.0276270000000003	online/openldap-2/probe-2.json
read	root	probe	compareFalse	-	0	openldap	5	20	2.4193759999999997	online/openldap-2/probe-2.json
read	root	probe	substringPrefix	-	0	openldap	5	20	628.133873	online/openldap-2/probe-2.json
read	root	probe	substringNegative	-	0	openldap	5	20	631.657999	online/openldap-2/probe-2.json
read	root	probe	connect	-	0	openldap	6	1	0.302625	online/openldap-2/probe-3.json
read	root	probe	rootBind	-	0	openldap	6	20	2.617582	online/openldap-2/probe-3.json
read	root	probe	baseSearch	-	0	openldap	6	20	2.9739559999999994	online/openldap-2/probe-3.json
read	root	probe	indexedEquality	-	0	openldap	6	20	2.8362060000000007	online/openldap-2/probe-3.json
read	root	probe	compareTrue	-	0	openldap	6	20	2.602333	online/openldap-2/probe-3.json
read	root	probe	compareFalse	-	0	openldap	6	20	2.691247	online/openldap-2/probe-3.json
read	root	probe	substringPrefix	-	0	openldap	6	20	618.72425	online/openldap-2/probe-3.json
read	root	probe	substringNegative	-	0	openldap	6	20	628.174372	online/openldap-2/probe-3.json
read	user	user-bind	userBind	-	0	openldap	4	1000	65.296292	online/openldap-2/user-bind.json
read	user	user-bind	userBindWrong	-	0	openldap	4	1000	67.902416	online/openldap-2/user-bind.json
read	user	user-bind	userBind	-	0	openldap	5	1000	69.569417	online/openldap-2/user-bind.json
read	user	user-bind	userBindWrong	-	0	openldap	5	1000	70.123708	online/openldap-2/user-bind.json
read	user	user-bind	userBind	-	0	openldap	6	1000	68.419708	online/openldap-2/user-bind.json
read	user	user-bind	userBindWrong	-	0	openldap	6	1000	71.426583	online/openldap-2/user-bind.json
read	root	fast	connect	-	0	openldap	7	1	1.529	online/openldap-3/fast-1.json
read	root	fast	rootBind	-	0	openldap	7	1000	54.63812099999996	online/openldap-3/fast-1.json
read	root	fast	baseSearch	-	0	openldap	7	1000	82.52509099999999	online/openldap-3/fast-1.json
read	root	fast	indexedEquality	-	0	openldap	7	1000	140.4906369999998	online/openldap-3/fast-1.json
read	root	fast	compareTrue	-	0	openldap	7	1000	77.92502299999992	online/openldap-3/fast-1.json
read	root	fast	compareFalse	-	0	openldap	7	1000	78.25379200000003	online/openldap-3/fast-1.json
read	root	fast	connect	-	0	openldap	8	1	0.182875	online/openldap-3/fast-2.json
read	root	fast	rootBind	-	0	openldap	8	1000	68.52959299999996	online/openldap-3/fast-2.json
read	root	fast	baseSearch	-	0	openldap	8	1000	84.07917800000003	online/openldap-3/fast-2.json
read	root	fast	indexedEquality	-	0	openldap	8	1000	86.31053799999992	online/openldap-3/fast-2.json
read	root	fast	compareTrue	-	0	openldap	8	1000	69.83153700000005	online/openldap-3/fast-2.json
read	root	fast	compareFalse	-	0	openldap	8	1000	67.01846900000002	online/openldap-3/fast-2.json
read	root	fast	connect	-	0	openldap	9	1	0.215041	online/openldap-3/fast-3.json
read	root	fast	rootBind	-	0	openldap	9	1000	65.743576	online/openldap-3/fast-3.json
read	root	fast	baseSearch	-	0	openldap	9	1000	82.90549699999987	online/openldap-3/fast-3.json
read	root	fast	indexedEquality	-	0	openldap	9	1000	95.94868799999992	online/openldap-3/fast-3.json
read	root	fast	compareTrue	-	0	openldap	9	1000	72.58668200000002	online/openldap-3/fast-3.json
read	root	fast	compareFalse	-	0	openldap	9	1000	69.31840700000001	online/openldap-3/fast-3.json
read	user	long-dn	userBind	-	0	openldap	7	1000	63.630166	online/openldap-3/long-dn.json
read	user	long-dn	userBindWrong	-	0	openldap	7	1000	69.704959	online/openldap-3/long-dn.json
read	user	long-dn	userBind	-	0	openldap	8	1000	70.573791	online/openldap-3/long-dn.json
read	user	long-dn	userBindWrong	-	0	openldap	8	1000	80.296541	online/openldap-3/long-dn.json
read	user	long-dn	userBind	-	0	openldap	9	1000	70.487125	online/openldap-3/long-dn.json
read	user	long-dn	userBindWrong	-	0	openldap	9	1000	90.725416	online/openldap-3/long-dn.json
read	root	long-dn	compareTrue	-	0	openldap	7	1000	85.610042	online/openldap-3/long-dn.json
read	root	long-dn	compareFalse	-	0	openldap	7	1000	80.514667	online/openldap-3/long-dn.json
read	root	long-dn	compareTrue	-	0	openldap	8	1000	76.390291	online/openldap-3/long-dn.json
read	root	long-dn	compareFalse	-	0	openldap	8	1000	79.253833	online/openldap-3/long-dn.json
read	root	long-dn	compareTrue	-	0	openldap	9	1000	82.378916	online/openldap-3/long-dn.json
read	root	long-dn	compareFalse	-	0	openldap	9	1000	75.088167	online/openldap-3/long-dn.json
read	user	long-password	userBind	-	0	openldap	7	1000	70.76375	online/openldap-3/long-password.json
read	user	long-password	userBindWrong	-	0	openldap	7	1000	70.728667	online/openldap-3/long-password.json
read	user	long-password	userBind	-	0	openldap	8	1000	71.378292	online/openldap-3/long-password.json
read	user	long-password	userBindWrong	-	0	openldap	8	1000	72.757084	online/openldap-3/long-password.json
read	user	long-password	userBind	-	0	openldap	9	1000	84.227208	online/openldap-3/long-password.json
read	user	long-password	userBindWrong	-	0	openldap	9	1000	72.011375	online/openldap-3/long-password.json
read	root	long-password	compareTrue	-	0	openldap	7	1000	66.8475	online/openldap-3/long-password.json
read	root	long-password	compareFalse	-	0	openldap	7	1000	70.643334	online/openldap-3/long-password.json
read	root	long-password	compareTrue	-	0	openldap	8	1000	66.269042	online/openldap-3/long-password.json
read	root	long-password	compareFalse	-	0	openldap	8	1000	69.59825	online/openldap-3/long-password.json
read	root	long-password	compareTrue	-	0	openldap	9	1000	70.182084	online/openldap-3/long-password.json
read	root	long-password	compareFalse	-	0	openldap	9	1000	79.226458	online/openldap-3/long-password.json
read	root	normalized-root	connect	-	0	openldap	7	1	0.181583	online/openldap-3/normalized-root-1.json
read	root	normalized-root	rootBind	-	0	openldap	7	1000	70.92455999999993	online/openldap-3/normalized-root-1.json
read	root	normalized-root	baseSearch	-	0	openldap	7	1000	81.55574400000005	online/openldap-3/normalized-root-1.json
read	root	normalized-root	indexedEquality	-	0	openldap	7	1000	89.17429200000002	online/openldap-3/normalized-root-1.json
read	root	normalized-root	compareTrue	-	0	openldap	7	1000	153.0353970000002	online/openldap-3/normalized-root-1.json
read	root	normalized-root	compareFalse	-	0	openldap	7	1000	114.61708299999998	online/openldap-3/normalized-root-1.json
read	root	normalized-root	connect	-	0	openldap	8	1	0.219416	online/openldap-3/normalized-root-2.json
read	root	normalized-root	rootBind	-	0	openldap	8	1000	81.27858899999994	online/openldap-3/normalized-root-2.json
read	root	normalized-root	baseSearch	-	0	openldap	8	1000	84.50203700000003	online/openldap-3/normalized-root-2.json
read	root	normalized-root	indexedEquality	-	0	openldap	8	1000	89.8496379999999	online/openldap-3/normalized-root-2.json
read	root	normalized-root	compareTrue	-	0	openldap	8	1000	72.16543100000005	online/openldap-3/normalized-root-2.json
read	root	normalized-root	compareFalse	-	0	openldap	8	1000	79.69029900000007	online/openldap-3/normalized-root-2.json
read	root	normalized-root	connect	-	0	openldap	9	1	0.183208	online/openldap-3/normalized-root-3.json
read	root	normalized-root	rootBind	-	0	openldap	9	1000	62.823344000000034	online/openldap-3/normalized-root-3.json
read	root	normalized-root	baseSearch	-	0	openldap	9	1000	85.89009599999993	online/openldap-3/normalized-root-3.json
read	root	normalized-root	indexedEquality	-	0	openldap	9	1000	90.78752200000007	online/openldap-3/normalized-root-3.json
read	root	normalized-root	compareTrue	-	0	openldap	9	1000	73.162308	online/openldap-3/normalized-root-3.json
read	root	normalized-root	compareFalse	-	0	openldap	9	1000	72.05798800000011	online/openldap-3/normalized-root-3.json
read	root	probe	connect	-	0	openldap	7	1	0.261167	online/openldap-3/probe-1.json
read	root	probe	rootBind	-	0	openldap	7	20	3.47104	online/openldap-3/probe-1.json
read	root	probe	baseSearch	-	0	openldap	7	20	3.3112500000000002	online/openldap-3/probe-1.json
read	root	probe	indexedEquality	-	0	openldap	7	20	3.214124	online/openldap-3/probe-1.json
read	root	probe	compareTrue	-	0	openldap	7	20	2.3230419999999996	online/openldap-3/probe-1.json
read	root	probe	compareFalse	-	0	openldap	7	20	2.3984620000000003	online/openldap-3/probe-1.json
read	root	probe	substringPrefix	-	0	openldap	7	20	712.639998	online/openldap-3/probe-1.json
read	root	probe	substringNegative	-	0	openldap	7	20	666.762457	online/openldap-3/probe-1.json
read	root	probe	connect	-	0	openldap	8	1	0.343792	online/openldap-3/probe-2.json
read	root	probe	rootBind	-	0	openldap	8	20	3.5784180000000005	online/openldap-3/probe-2.json
read	root	probe	baseSearch	-	0	openldap	8	20	3.212293	online/openldap-3/probe-2.json
read	root	probe	indexedEquality	-	0	openldap	8	20	3.1155389999999996	online/openldap-3/probe-2.json
read	root	probe	compareTrue	-	0	openldap	8	20	2.5070439999999996	online/openldap-3/probe-2.json
read	root	probe	compareFalse	-	0	openldap	8	20	2.473749	online/openldap-3/probe-2.json
read	root	probe	substringPrefix	-	0	openldap	8	20	646.0492909999999	online/openldap-3/probe-2.json
read	root	probe	substringNegative	-	0	openldap	8	20	625.572163	online/openldap-3/probe-2.json
read	root	probe	connect	-	0	openldap	9	1	0.334458	online/openldap-3/probe-3.json
read	root	probe	rootBind	-	0	openldap	9	20	2.1787940000000003	online/openldap-3/probe-3.json
read	root	probe	baseSearch	-	0	openldap	9	20	2.6354970000000004	online/openldap-3/probe-3.json
read	root	probe	indexedEquality	-	0	openldap	9	20	2.833874	online/openldap-3/probe-3.json
read	root	probe	compareTrue	-	0	openldap	9	20	2.014832	online/openldap-3/probe-3.json
read	root	probe	compareFalse	-	0	openldap	9	20	1.964711	online/openldap-3/probe-3.json
read	root	probe	substringPrefix	-	0	openldap	9	20	634.575165	online/openldap-3/probe-3.json
read	root	probe	substringNegative	-	0	openldap	9	20	640.821335	online/openldap-3/probe-3.json
read	user	user-bind	userBind	-	0	openldap	7	1000	72.767625	online/openldap-3/user-bind.json
read	user	user-bind	userBindWrong	-	0	openldap	7	1000	68.0945	online/openldap-3/user-bind.json
read	user	user-bind	userBind	-	0	openldap	8	1000	74.079334	online/openldap-3/user-bind.json
read	user	user-bind	userBindWrong	-	0	openldap	8	1000	72.086583	online/openldap-3/user-bind.json
read	user	user-bind	userBind	-	0	openldap	9	1000	67.145208	online/openldap-3/user-bind.json
read	user	user-bind	userBindWrong	-	0	openldap	9	1000	71.196458	online/openldap-3/user-bind.json
root	root	literal	rootBind	simple_bind_root	0	before	1	1000	79.90470699999996	root-paired/literal.json
root	root	literal	rootBind	simple_bind_root	0	current	1	1000	79.32695700000001	root-paired/literal.json
root	root	literal	rootBind	simple_bind_root	0	openldap	1	1000	78.258834	root-paired/literal.json
root	root	literal	rootBind	simple_bind_root	0	before	2	1000	76.51909800000007	root-paired/literal.json
root	root	literal	rootBind	simple_bind_root	0	current	2	1000	77.46003799999993	root-paired/literal.json
root	root	literal	rootBind	simple_bind_root	0	openldap	2	1000	74.843123	root-paired/literal.json
root	root	literal	rootBind	simple_bind_root	0	before	3	1000	73.35391799999991	root-paired/literal.json
root	root	literal	rootBind	simple_bind_root	0	current	3	1000	74.23051300000002	root-paired/literal.json
root	root	literal	rootBind	simple_bind_root	0	openldap	3	1000	72.05222500000002	root-paired/literal.json
root	root	literal	rootBind	simple_bind_root	0	before	4	1000	106.67438500000004	root-paired/literal.json
root	root	literal	rootBind	simple_bind_root	0	current	4	1000	79.30041999999999	root-paired/literal.json
root	root	literal	rootBind	simple_bind_root	0	openldap	4	1000	72.32667999999995	root-paired/literal.json
root	root	literal	rootBind	simple_bind_root	0	before	5	1000	76.12408400000008	root-paired/literal.json
root	root	literal	rootBind	simple_bind_root	0	current	5	1000	77.53104400000005	root-paired/literal.json
root	root	literal	rootBind	simple_bind_root	0	openldap	5	1000	74.83499900000007	root-paired/literal.json
root	root	literal	rootBind	simple_bind_root	0	before	6	1000	78.11524399999999	root-paired/literal.json
root	root	literal	rootBind	simple_bind_root	0	current	6	1000	78.04890800000005	root-paired/literal.json
root	root	literal	rootBind	simple_bind_root	0	openldap	6	1000	76.8838339999999	root-paired/literal.json
root	root	literal	rootBind	simple_bind_root	0	before	7	1000	74.33694000000001	root-paired/literal.json
root	root	literal	rootBind	simple_bind_root	0	current	7	1000	74.68819800000006	root-paired/literal.json
root	root	literal	rootBind	simple_bind_root	0	openldap	7	1000	73.34737499999991	root-paired/literal.json
root	root	literal	rootBase	base_objectclass_root	0	before	1	1000	111.3502890000001	root-paired/literal.json
root	root	literal	rootBase	base_objectclass_root	0	current	1	1000	112.14361499999998	root-paired/literal.json
root	root	literal	rootBase	base_objectclass_root	0	openldap	1	1000	91.997994	root-paired/literal.json
root	root	literal	rootBase	base_objectclass_root	0	before	2	1000	99.21805700000003	root-paired/literal.json
root	root	literal	rootBase	base_objectclass_root	0	current	2	1000	96.66933099999999	root-paired/literal.json
root	root	literal	rootBase	base_objectclass_root	0	openldap	2	1000	80.551937	root-paired/literal.json
root	root	literal	rootBase	base_objectclass_root	0	before	3	1000	97.338982	root-paired/literal.json
root	root	literal	rootBase	base_objectclass_root	0	current	3	1000	95.35713600000011	root-paired/literal.json
root	root	literal	rootBase	base_objectclass_root	0	openldap	3	1000	79.80079599999998	root-paired/literal.json
root	root	literal	rootBase	base_objectclass_root	0	before	4	1000	99.880968	root-paired/literal.json
root	root	literal	rootBase	base_objectclass_root	0	current	4	1000	99.56212700000002	root-paired/literal.json
root	root	literal	rootBase	base_objectclass_root	0	openldap	4	1000	83.26914199999996	root-paired/literal.json
root	root	literal	rootBase	base_objectclass_root	0	before	5	1000	98.59415900000013	root-paired/literal.json
root	root	literal	rootBase	base_objectclass_root	0	current	5	1000	97.64195200000003	root-paired/literal.json
root	root	literal	rootBase	base_objectclass_root	0	openldap	5	1000	82.46382000000011	root-paired/literal.json
root	root	literal	rootBase	base_objectclass_root	0	before	6	1000	104.0734809999999	root-paired/literal.json
root	root	literal	rootBase	base_objectclass_root	0	current	6	1000	102.94329600000007	root-paired/literal.json
root	root	literal	rootBase	base_objectclass_root	0	openldap	6	1000	86.59649000000007	root-paired/literal.json
root	root	literal	rootBase	base_objectclass_root	0	before	7	1000	107.39453900000008	root-paired/literal.json
root	root	literal	rootBase	base_objectclass_root	0	current	7	1000	107.99941500000006	root-paired/literal.json
root	root	literal	rootBase	base_objectclass_root	0	openldap	7	1000	89.37737400000013	root-paired/literal.json
root	root	literal	rootEquality	subtree_uid_equality_root	0	before	1	1000	257.775802	root-paired/literal.json
root	root	literal	rootEquality	subtree_uid_equality_root	0	current	1	1000	272.75319000000013	root-paired/literal.json
root	root	literal	rootEquality	subtree_uid_equality_root	0	openldap	1	1000	160.02916599999972	root-paired/literal.json
root	root	literal	rootEquality	subtree_uid_equality_root	0	before	2	1000	112.56626100000004	root-paired/literal.json
root	root	literal	rootEquality	subtree_uid_equality_root	0	current	2	1000	114.33308300000002	root-paired/literal.json
root	root	literal	rootEquality	subtree_uid_equality_root	0	openldap	2	1000	91.25403399999995	root-paired/literal.json
root	root	literal	rootEquality	subtree_uid_equality_root	0	before	3	1000	119.09475900000011	root-paired/literal.json
root	root	literal	rootEquality	subtree_uid_equality_root	0	current	3	1000	119.9098	root-paired/literal.json
root	root	literal	rootEquality	subtree_uid_equality_root	0	openldap	3	1000	98.89726000000007	root-paired/literal.json
root	root	literal	rootEquality	subtree_uid_equality_root	0	before	4	1000	117.72317299999995	root-paired/literal.json
root	root	literal	rootEquality	subtree_uid_equality_root	0	current	4	1000	117.07009799999985	root-paired/literal.json
root	root	literal	rootEquality	subtree_uid_equality_root	0	openldap	4	1000	98.11712800000001	root-paired/literal.json
root	root	literal	rootEquality	subtree_uid_equality_root	0	before	5	1000	114.11646199999996	root-paired/literal.json
root	root	literal	rootEquality	subtree_uid_equality_root	0	current	5	1000	112.77461800000015	root-paired/literal.json
root	root	literal	rootEquality	subtree_uid_equality_root	0	openldap	5	1000	92.962984	root-paired/literal.json
root	root	literal	rootEquality	subtree_uid_equality_root	0	before	6	1000	119.05633500000017	root-paired/literal.json
root	root	literal	rootEquality	subtree_uid_equality_root	0	current	6	1000	117.2085810000001	root-paired/literal.json
root	root	literal	rootEquality	subtree_uid_equality_root	0	openldap	6	1000	95.94500000000005	root-paired/literal.json
root	root	literal	rootEquality	subtree_uid_equality_root	0	before	7	1000	119.04352200000025	root-paired/literal.json
root	root	literal	rootEquality	subtree_uid_equality_root	0	current	7	1000	118.56675500000013	root-paired/literal.json
root	root	literal	rootEquality	subtree_uid_equality_root	0	openldap	7	1000	98.67741700000006	root-paired/literal.json
root	root	literal	rootCompareTrue	compare_uid_true_root	0	before	1	1000	112.15805400000009	root-paired/literal.json
root	root	literal	rootCompareTrue	compare_uid_true_root	0	current	1	1000	111.78716799999987	root-paired/literal.json
root	root	literal	rootCompareTrue	compare_uid_true_root	0	openldap	1	1000	81.09303999999987	root-paired/literal.json
root	root	literal	rootCompareTrue	compare_uid_true_root	0	before	2	1000	109.96760100000022	root-paired/literal.json
root	root	literal	rootCompareTrue	compare_uid_true_root	0	current	2	1000	109.59675300000004	root-paired/literal.json
root	root	literal	rootCompareTrue	compare_uid_true_root	0	openldap	2	1000	84.06424700000007	root-paired/literal.json
root	root	literal	rootCompareTrue	compare_uid_true_root	0	before	3	1000	107.18009099999988	root-paired/literal.json
root	root	literal	rootCompareTrue	compare_uid_true_root	0	current	3	1000	105.86162700000021	root-paired/literal.json
root	root	literal	rootCompareTrue	compare_uid_true_root	0	openldap	3	1000	76.9248360000001	root-paired/literal.json
root	root	literal	rootCompareTrue	compare_uid_true_root	0	before	4	1000	102.01370699999984	root-paired/literal.json
root	root	literal	rootCompareTrue	compare_uid_true_root	0	current	4	1000	100.619447	root-paired/literal.json
root	root	literal	rootCompareTrue	compare_uid_true_root	0	openldap	4	1000	73.32299599999995	root-paired/literal.json
root	root	literal	rootCompareTrue	compare_uid_true_root	0	before	5	1000	104.77149999999995	root-paired/literal.json
root	root	literal	rootCompareTrue	compare_uid_true_root	0	current	5	1000	104.86712299999989	root-paired/literal.json
root	root	literal	rootCompareTrue	compare_uid_true_root	0	openldap	5	1000	77.31187300000008	root-paired/literal.json
root	root	literal	rootCompareTrue	compare_uid_true_root	0	before	6	1000	102.06878099999999	root-paired/literal.json
root	root	literal	rootCompareTrue	compare_uid_true_root	0	current	6	1000	102.64506400000006	root-paired/literal.json
root	root	literal	rootCompareTrue	compare_uid_true_root	0	openldap	6	1000	74.44853600000002	root-paired/literal.json
root	root	literal	rootCompareTrue	compare_uid_true_root	0	before	7	1000	103.23260900000007	root-paired/literal.json
root	root	literal	rootCompareTrue	compare_uid_true_root	0	current	7	1000	100.17969299999989	root-paired/literal.json
root	root	literal	rootCompareTrue	compare_uid_true_root	0	openldap	7	1000	75.36549099999999	root-paired/literal.json
root	root	literal	rootCompareFalse	compare_uid_false_root	0	before	1	1000	102.46671299999998	root-paired/literal.json
root	root	literal	rootCompareFalse	compare_uid_false_root	0	current	1	1000	102.55675899999999	root-paired/literal.json
root	root	literal	rootCompareFalse	compare_uid_false_root	0	openldap	1	1000	73.99191800000004	root-paired/literal.json
root	root	literal	rootCompareFalse	compare_uid_false_root	0	before	2	1000	106.80422899999992	root-paired/literal.json
root	root	literal	rootCompareFalse	compare_uid_false_root	0	current	2	1000	104.79614699999983	root-paired/literal.json
root	root	literal	rootCompareFalse	compare_uid_false_root	0	openldap	2	1000	87.68040899999998	root-paired/literal.json
root	root	literal	rootCompareFalse	compare_uid_false_root	0	before	3	1000	112.52446099999999	root-paired/literal.json
root	root	literal	rootCompareFalse	compare_uid_false_root	0	current	3	1000	110.85967500000004	root-paired/literal.json
root	root	literal	rootCompareFalse	compare_uid_false_root	0	openldap	3	1000	82.35387200000001	root-paired/literal.json
root	root	literal	rootCompareFalse	compare_uid_false_root	0	before	4	1000	115.70187999999996	root-paired/literal.json
root	root	literal	rootCompareFalse	compare_uid_false_root	0	current	4	1000	117.38800699999992	root-paired/literal.json
root	root	literal	rootCompareFalse	compare_uid_false_root	0	openldap	4	1000	81.9404840000001	root-paired/literal.json
root	root	literal	rootCompareFalse	compare_uid_false_root	0	before	5	1000	127.46603599999995	root-paired/literal.json
root	root	literal	rootCompareFalse	compare_uid_false_root	0	current	5	1000	130.9052509999999	root-paired/literal.json
root	root	literal	rootCompareFalse	compare_uid_false_root	0	openldap	5	1000	91.06789599999995	root-paired/literal.json
root	root	literal	rootCompareFalse	compare_uid_false_root	0	before	6	1000	287.94370199999946	root-paired/literal.json
root	root	literal	rootCompareFalse	compare_uid_false_root	0	current	6	1000	287.1809519999998	root-paired/literal.json
root	root	literal	rootCompareFalse	compare_uid_false_root	0	openldap	6	1000	226.1464180000001	root-paired/literal.json
root	root	literal	rootCompareFalse	compare_uid_false_root	0	before	7	1000	118.95225400000012	root-paired/literal.json
root	root	literal	rootCompareFalse	compare_uid_false_root	0	current	7	1000	115.59575199999999	root-paired/literal.json
root	root	literal	rootCompareFalse	compare_uid_false_root	0	openldap	7	1000	83.59260100000016	root-paired/literal.json
root	root	normalized	rootBind	simple_bind_root	0	before	1	1000	75.95166899999995	root-paired/normalized.json
root	root	normalized	rootBind	simple_bind_root	0	current	1	1000	77.19858000000013	root-paired/normalized.json
root	root	normalized	rootBind	simple_bind_root	0	openldap	1	1000	74.13853999999995	root-paired/normalized.json
root	root	normalized	rootBind	simple_bind_root	0	before	2	1000	78.16603699999999	root-paired/normalized.json
root	root	normalized	rootBind	simple_bind_root	0	current	2	1000	75.88607400000001	root-paired/normalized.json
root	root	normalized	rootBind	simple_bind_root	0	openldap	2	1000	77.02137600000013	root-paired/normalized.json
root	root	normalized	rootBind	simple_bind_root	0	before	3	1000	77.23350100000003	root-paired/normalized.json
root	root	normalized	rootBind	simple_bind_root	0	current	3	1000	76.28755099999995	root-paired/normalized.json
root	root	normalized	rootBind	simple_bind_root	0	openldap	3	1000	74.855529	root-paired/normalized.json
root	root	normalized	rootBind	simple_bind_root	0	before	4	1000	78.91859399999994	root-paired/normalized.json
root	root	normalized	rootBind	simple_bind_root	0	current	4	1000	79.81753999999997	root-paired/normalized.json
root	root	normalized	rootBind	simple_bind_root	0	openldap	4	1000	77.63412699999985	root-paired/normalized.json
root	root	normalized	rootBind	simple_bind_root	0	before	5	1000	76.19195799999999	root-paired/normalized.json
root	root	normalized	rootBind	simple_bind_root	0	current	5	1000	76.66741200000007	root-paired/normalized.json
root	root	normalized	rootBind	simple_bind_root	0	openldap	5	1000	74.01592499999995	root-paired/normalized.json
root	root	normalized	rootBind	simple_bind_root	0	before	6	1000	75.5752059999999	root-paired/normalized.json
root	root	normalized	rootBind	simple_bind_root	0	current	6	1000	76.47419699999999	root-paired/normalized.json
root	root	normalized	rootBind	simple_bind_root	0	openldap	6	1000	73.44056800000004	root-paired/normalized.json
root	root	normalized	rootBind	simple_bind_root	0	before	7	1000	74.68892699999994	root-paired/normalized.json
root	root	normalized	rootBind	simple_bind_root	0	current	7	1000	75.62770700000004	root-paired/normalized.json
root	root	normalized	rootBind	simple_bind_root	0	openldap	7	1000	76.26900799999993	root-paired/normalized.json
root	root	normalized	rootBase	base_objectclass_root	0	before	1	1000	106.05016799999999	root-paired/normalized.json
root	root	normalized	rootBase	base_objectclass_root	0	current	1	1000	102.31207700000016	root-paired/normalized.json
root	root	normalized	rootBase	base_objectclass_root	0	openldap	1	1000	84.18174999999992	root-paired/normalized.json
root	root	normalized	rootBase	base_objectclass_root	0	before	2	1000	96.73356299999989	root-paired/normalized.json
root	root	normalized	rootBase	base_objectclass_root	0	current	2	1000	94.33392800000014	root-paired/normalized.json
root	root	normalized	rootBase	base_objectclass_root	0	openldap	2	1000	78.69186699999999	root-paired/normalized.json
root	root	normalized	rootBase	base_objectclass_root	0	before	3	1000	100.895466	root-paired/normalized.json
root	root	normalized	rootBase	base_objectclass_root	0	current	3	1000	98.24613099999992	root-paired/normalized.json
root	root	normalized	rootBase	base_objectclass_root	0	openldap	3	1000	81.20341800000001	root-paired/normalized.json
root	root	normalized	rootBase	base_objectclass_root	0	before	4	1000	98.33945200000007	root-paired/normalized.json
root	root	normalized	rootBase	base_objectclass_root	0	current	4	1000	98.71326900000011	root-paired/normalized.json
root	root	normalized	rootBase	base_objectclass_root	0	openldap	4	1000	79.75442200000006	root-paired/normalized.json
root	root	normalized	rootBase	base_objectclass_root	0	before	5	1000	100.203587	root-paired/normalized.json
root	root	normalized	rootBase	base_objectclass_root	0	current	5	1000	99.15943100000008	root-paired/normalized.json
root	root	normalized	rootBase	base_objectclass_root	0	openldap	5	1000	81.64273799999984	root-paired/normalized.json
root	root	normalized	rootBase	base_objectclass_root	0	before	6	1000	105.10053399999995	root-paired/normalized.json
root	root	normalized	rootBase	base_objectclass_root	0	current	6	1000	102.67975599999993	root-paired/normalized.json
root	root	normalized	rootBase	base_objectclass_root	0	openldap	6	1000	84.95203299999989	root-paired/normalized.json
root	root	normalized	rootBase	base_objectclass_root	0	before	7	1000	98.95004600000001	root-paired/normalized.json
root	root	normalized	rootBase	base_objectclass_root	0	current	7	1000	98.40228599999993	root-paired/normalized.json
root	root	normalized	rootBase	base_objectclass_root	0	openldap	7	1000	81.06721499999998	root-paired/normalized.json
root	root	normalized	rootEquality	subtree_uid_equality_root	0	before	1	1000	118.94928299999997	root-paired/normalized.json
root	root	normalized	rootEquality	subtree_uid_equality_root	0	current	1	1000	119.77416699999993	root-paired/normalized.json
root	root	normalized	rootEquality	subtree_uid_equality_root	0	openldap	1	1000	94.427948	root-paired/normalized.json
root	root	normalized	rootEquality	subtree_uid_equality_root	0	before	2	1000	117.26458799999988	root-paired/normalized.json
root	root	normalized	rootEquality	subtree_uid_equality_root	0	current	2	1000	115.29551900000014	root-paired/normalized.json
root	root	normalized	rootEquality	subtree_uid_equality_root	0	openldap	2	1000	93.69445899999995	root-paired/normalized.json
root	root	normalized	rootEquality	subtree_uid_equality_root	0	before	3	1000	119.57065400000013	root-paired/normalized.json
root	root	normalized	rootEquality	subtree_uid_equality_root	0	current	3	1000	117.57345899999983	root-paired/normalized.json
root	root	normalized	rootEquality	subtree_uid_equality_root	0	openldap	3	1000	96.30845900000001	root-paired/normalized.json
root	root	normalized	rootEquality	subtree_uid_equality_root	0	before	4	1000	119.26747000000005	root-paired/normalized.json
root	root	normalized	rootEquality	subtree_uid_equality_root	0	current	4	1000	117.67486399999996	root-paired/normalized.json
root	root	normalized	rootEquality	subtree_uid_equality_root	0	openldap	4	1000	93.27500599999982	root-paired/normalized.json
root	root	normalized	rootEquality	subtree_uid_equality_root	0	before	5	1000	118.53448499999989	root-paired/normalized.json
root	root	normalized	rootEquality	subtree_uid_equality_root	0	current	5	1000	117.00671700000007	root-paired/normalized.json
root	root	normalized	rootEquality	subtree_uid_equality_root	0	openldap	5	1000	94.39289899999994	root-paired/normalized.json
root	root	normalized	rootEquality	subtree_uid_equality_root	0	before	6	1000	122.580045	root-paired/normalized.json
root	root	normalized	rootEquality	subtree_uid_equality_root	0	current	6	1000	121.45891100000016	root-paired/normalized.json
root	root	normalized	rootEquality	subtree_uid_equality_root	0	openldap	6	1000	98.42936800000001	root-paired/normalized.json
root	root	normalized	rootEquality	subtree_uid_equality_root	0	before	7	1000	127.29325699999995	root-paired/normalized.json
root	root	normalized	rootEquality	subtree_uid_equality_root	0	current	7	1000	127.14936599999989	root-paired/normalized.json
root	root	normalized	rootEquality	subtree_uid_equality_root	0	openldap	7	1000	103.32914799999993	root-paired/normalized.json
root	root	normalized	rootCompareTrue	compare_uid_true_root	0	before	1	1000	116.736456	root-paired/normalized.json
root	root	normalized	rootCompareTrue	compare_uid_true_root	0	current	1	1000	116.37237100000006	root-paired/normalized.json
root	root	normalized	rootCompareTrue	compare_uid_true_root	0	openldap	1	1000	84.40335600000002	root-paired/normalized.json
root	root	normalized	rootCompareTrue	compare_uid_true_root	0	before	2	1000	123.94421200000005	root-paired/normalized.json
root	root	normalized	rootCompareTrue	compare_uid_true_root	0	current	2	1000	144.57248600000014	root-paired/normalized.json
root	root	normalized	rootCompareTrue	compare_uid_true_root	0	openldap	2	1000	87.88341500000007	root-paired/normalized.json
root	root	normalized	rootCompareTrue	compare_uid_true_root	0	before	3	1000	114.88802599999985	root-paired/normalized.json
root	root	normalized	rootCompareTrue	compare_uid_true_root	0	current	3	1000	114.28225000000006	root-paired/normalized.json
root	root	normalized	rootCompareTrue	compare_uid_true_root	0	openldap	3	1000	81.18095400000007	root-paired/normalized.json
root	root	normalized	rootCompareTrue	compare_uid_true_root	0	before	4	1000	114.3377560000001	root-paired/normalized.json
root	root	normalized	rootCompareTrue	compare_uid_true_root	0	current	4	1000	115.16621100000012	root-paired/normalized.json
root	root	normalized	rootCompareTrue	compare_uid_true_root	0	openldap	4	1000	80.06125999999995	root-paired/normalized.json
root	root	normalized	rootCompareTrue	compare_uid_true_root	0	before	5	1000	106.06548700000013	root-paired/normalized.json
root	root	normalized	rootCompareTrue	compare_uid_true_root	0	current	5	1000	104.49240100000009	root-paired/normalized.json
root	root	normalized	rootCompareTrue	compare_uid_true_root	0	openldap	5	1000	74.97457800000001	root-paired/normalized.json
root	root	normalized	rootCompareTrue	compare_uid_true_root	0	before	6	1000	110.57895999999992	root-paired/normalized.json
root	root	normalized	rootCompareTrue	compare_uid_true_root	0	current	6	1000	109.0717189999999	root-paired/normalized.json
root	root	normalized	rootCompareTrue	compare_uid_true_root	0	openldap	6	1000	81.49149599999993	root-paired/normalized.json
root	root	normalized	rootCompareTrue	compare_uid_true_root	0	before	7	1000	115.91896300000005	root-paired/normalized.json
root	root	normalized	rootCompareTrue	compare_uid_true_root	0	current	7	1000	115.420206	root-paired/normalized.json
root	root	normalized	rootCompareTrue	compare_uid_true_root	0	openldap	7	1000	82.98762999999997	root-paired/normalized.json
root	root	normalized	rootCompareFalse	compare_uid_false_root	0	before	1	1000	146.34375899999992	root-paired/normalized.json
root	root	normalized	rootCompareFalse	compare_uid_false_root	0	current	1	1000	137.28141200000007	root-paired/normalized.json
root	root	normalized	rootCompareFalse	compare_uid_false_root	0	openldap	1	1000	97.23656199999982	root-paired/normalized.json
root	root	normalized	rootCompareFalse	compare_uid_false_root	0	before	2	1000	113.62633799999993	root-paired/normalized.json
root	root	normalized	rootCompareFalse	compare_uid_false_root	0	current	2	1000	113.45866700000008	root-paired/normalized.json
root	root	normalized	rootCompareFalse	compare_uid_false_root	0	openldap	2	1000	80.63945999999989	root-paired/normalized.json
root	root	normalized	rootCompareFalse	compare_uid_false_root	0	before	3	1000	114.41491299999997	root-paired/normalized.json
root	root	normalized	rootCompareFalse	compare_uid_false_root	0	current	3	1000	114.24737100000006	root-paired/normalized.json
root	root	normalized	rootCompareFalse	compare_uid_false_root	0	openldap	3	1000	81.05594799999999	root-paired/normalized.json
root	root	normalized	rootCompareFalse	compare_uid_false_root	0	before	4	1000	108.51630499999992	root-paired/normalized.json
root	root	normalized	rootCompareFalse	compare_uid_false_root	0	current	4	1000	107.44862100000003	root-paired/normalized.json
root	root	normalized	rootCompareFalse	compare_uid_false_root	0	openldap	4	1000	80.38479500000001	root-paired/normalized.json
root	root	normalized	rootCompareFalse	compare_uid_false_root	0	before	5	1000	114.3556060000001	root-paired/normalized.json
root	root	normalized	rootCompareFalse	compare_uid_false_root	0	current	5	1000	114.61125999999992	root-paired/normalized.json
root	root	normalized	rootCompareFalse	compare_uid_false_root	0	openldap	5	1000	81.09857600000002	root-paired/normalized.json
root	root	normalized	rootCompareFalse	compare_uid_false_root	0	before	6	1000	111.87094199999996	root-paired/normalized.json
root	root	normalized	rootCompareFalse	compare_uid_false_root	0	current	6	1000	111.14461400000003	root-paired/normalized.json
root	root	normalized	rootCompareFalse	compare_uid_false_root	0	openldap	6	1000	78.93098600000006	root-paired/normalized.json
root	root	normalized	rootCompareFalse	compare_uid_false_root	0	before	7	1000	117.2221529999999	root-paired/normalized.json
root	root	normalized	rootCompareFalse	compare_uid_false_root	0	current	7	1000	114.872289	root-paired/normalized.json
root	root	normalized	rootCompareFalse	compare_uid_false_root	0	openldap	7	1000	80.79294700000001	root-paired/normalized.json
write-recheck	root	fixed-DN	connect	-	0	before	1	1	1.842834	write-recheck/before-1/probe.json
write-recheck	root	fixed-DN	rootBind	-	0	before	1	2	3.509499	write-recheck/before-1/probe.json
write-recheck	root	fixed-DN	baseSearch	-	0	before	1	2	2.8240000000000003	write-recheck/before-1/probe.json
write-recheck	root	fixed-DN	indexedEquality	-	0	before	1	2	0.727125	write-recheck/before-1/probe.json
write-recheck	root	fixed-DN	compareTrue	-	0	before	1	2	1.34275	write-recheck/before-1/probe.json
write-recheck	root	fixed-DN	compareFalse	-	0	before	1	2	0.290042	write-recheck/before-1/probe.json
write-recheck	root	fixed-DN	substringPrefix	-	0	before	1	2	94.955041	write-recheck/before-1/probe.json
write-recheck	root	fixed-DN	substringNegative	-	0	before	1	2	92.77825	write-recheck/before-1/probe.json
write-recheck	root	fixed-DN	setup	-	0	before	1	302	1078.5786649999993	write-recheck/before-1/probe.json
write-recheck	user	fixed-DN	userConnect	-	0	before	1	1	0.225625	write-recheck/before-1/probe.json
write-recheck	user	fixed-DN	userBind	-	0	before	1	2	1.790375	write-recheck/before-1/probe.json
write-recheck	root	fixed-DN	add	-	0	before	1	100	124.81787299999998	write-recheck/before-1/probe.json
write-recheck	root	fixed-DN	modify	-	0	before	1	100	58.884630000000016	write-recheck/before-1/probe.json
write-recheck	root	fixed-DN	modifyDN	-	0	before	1	100	155.820587	write-recheck/before-1/probe.json
write-recheck	root	fixed-DN	delete	-	0	before	1	100	111.61387300000005	write-recheck/before-1/probe.json
write-recheck	root	fixed-DN	cleanup	-	0	before	1	504	392.17676800000027	write-recheck/before-1/probe.json
write-recheck	root	fixed-DN	connect	-	0	before	2	1	0.289209	write-recheck/before-2/probe.json
write-recheck	root	fixed-DN	rootBind	-	0	before	2	2	0.338126	write-recheck/before-2/probe.json
write-recheck	root	fixed-DN	baseSearch	-	0	before	2	2	1.279126	write-recheck/before-2/probe.json
write-recheck	root	fixed-DN	indexedEquality	-	0	before	2	2	0.775833	write-recheck/before-2/probe.json
write-recheck	root	fixed-DN	compareTrue	-	0	before	2	2	1.3397919999999999	write-recheck/before-2/probe.json
write-recheck	root	fixed-DN	compareFalse	-	0	before	2	2	0.363042	write-recheck/before-2/probe.json
write-recheck	root	fixed-DN	substringPrefix	-	0	before	2	2	96.12354099999999	write-recheck/before-2/probe.json
write-recheck	root	fixed-DN	substringNegative	-	0	before	2	2	94.34875	write-recheck/before-2/probe.json
write-recheck	root	fixed-DN	setup	-	0	before	2	302	1038.70401	write-recheck/before-2/probe.json
write-recheck	user	fixed-DN	userConnect	-	0	before	2	1	0.214792	write-recheck/before-2/probe.json
write-recheck	user	fixed-DN	userBind	-	0	before	2	2	0.8495830000000001	write-recheck/before-2/probe.json
write-recheck	root	fixed-DN	add	-	0	before	2	100	101.36854200000002	write-recheck/before-2/probe.json
write-recheck	root	fixed-DN	modify	-	0	before	2	100	39.306544	write-recheck/before-2/probe.json
write-recheck	root	fixed-DN	modifyDN	-	0	before	2	100	134.387209	write-recheck/before-2/probe.json
write-recheck	root	fixed-DN	delete	-	0	before	2	100	113.395415	write-recheck/before-2/probe.json
write-recheck	root	fixed-DN	cleanup	-	0	before	2	504	395.17388500000027	write-recheck/before-2/probe.json
write-recheck	root	fixed-DN	connect	-	0	before	3	1	0.306833	write-recheck/before-3/probe.json
write-recheck	root	fixed-DN	rootBind	-	0	before	3	2	0.357499	write-recheck/before-3/probe.json
write-recheck	root	fixed-DN	baseSearch	-	0	before	3	2	0.665291	write-recheck/before-3/probe.json
write-recheck	root	fixed-DN	indexedEquality	-	0	before	3	2	0.513625	write-recheck/before-3/probe.json
write-recheck	root	fixed-DN	compareTrue	-	0	before	3	2	0.42345900000000003	write-recheck/before-3/probe.json
write-recheck	root	fixed-DN	compareFalse	-	0	before	3	2	0.278	write-recheck/before-3/probe.json
write-recheck	root	fixed-DN	substringPrefix	-	0	before	3	2	99.721083	write-recheck/before-3/probe.json
write-recheck	root	fixed-DN	substringNegative	-	0	before	3	2	93.994126	write-recheck/before-3/probe.json
write-recheck	root	fixed-DN	setup	-	0	before	3	302	963.8854500000007	write-recheck/before-3/probe.json
write-recheck	user	fixed-DN	userConnect	-	0	before	3	1	0.202	write-recheck/before-3/probe.json
write-recheck	user	fixed-DN	userBind	-	0	before	3	2	0.492917	write-recheck/before-3/probe.json
write-recheck	root	fixed-DN	add	-	0	before	3	100	96.71904499999998	write-recheck/before-3/probe.json
write-recheck	root	fixed-DN	modify	-	0	before	3	100	45.33158600000001	write-recheck/before-3/probe.json
write-recheck	root	fixed-DN	modifyDN	-	0	before	3	100	134.03858300000002	write-recheck/before-3/probe.json
write-recheck	root	fixed-DN	delete	-	0	before	3	100	103.28220699999996	write-recheck/before-3/probe.json
write-recheck	root	fixed-DN	cleanup	-	0	before	3	504	373.221925	write-recheck/before-3/probe.json
write-recheck	root	fixed-DN	connect	-	0	before	4	1	0.1815	write-recheck/before-4/probe.json
write-recheck	root	fixed-DN	rootBind	-	0	before	4	2	0.361334	write-recheck/before-4/probe.json
write-recheck	root	fixed-DN	baseSearch	-	0	before	4	2	1.394833	write-recheck/before-4/probe.json
write-recheck	root	fixed-DN	indexedEquality	-	0	before	4	2	0.8536239999999999	write-recheck/before-4/probe.json
write-recheck	root	fixed-DN	compareTrue	-	0	before	4	2	1.082125	write-recheck/before-4/probe.json
write-recheck	root	fixed-DN	compareFalse	-	0	before	4	2	0.416792	write-recheck/before-4/probe.json
write-recheck	root	fixed-DN	substringPrefix	-	0	before	4	2	102.08420899999999	write-recheck/before-4/probe.json
write-recheck	root	fixed-DN	substringNegative	-	0	before	4	2	97.376833	write-recheck/before-4/probe.json
write-recheck	root	fixed-DN	setup	-	0	before	4	302	981.5251300000009	write-recheck/before-4/probe.json
write-recheck	user	fixed-DN	userConnect	-	0	before	4	1	0.223583	write-recheck/before-4/probe.json
write-recheck	user	fixed-DN	userBind	-	0	before	4	2	0.34258299999999997	write-recheck/before-4/probe.json
write-recheck	root	fixed-DN	add	-	0	before	4	100	91.67841800000004	write-recheck/before-4/probe.json
write-recheck	root	fixed-DN	modify	-	0	before	4	100	41.186787999999986	write-recheck/before-4/probe.json
write-recheck	root	fixed-DN	modifyDN	-	0	before	4	100	135.148707	write-recheck/before-4/probe.json
write-recheck	root	fixed-DN	delete	-	0	before	4	100	111.69941800000002	write-recheck/before-4/probe.json
write-recheck	root	fixed-DN	cleanup	-	0	before	4	504	359.92312600000014	write-recheck/before-4/probe.json
write-recheck	root	fixed-DN	connect	-	0	before	5	1	0.28375	write-recheck/before-5/probe.json
write-recheck	root	fixed-DN	rootBind	-	0	before	5	2	0.348709	write-recheck/before-5/probe.json
write-recheck	root	fixed-DN	baseSearch	-	0	before	5	2	0.5972919999999999	write-recheck/before-5/probe.json
write-recheck	root	fixed-DN	indexedEquality	-	0	before	5	2	0.49470800000000004	write-recheck/before-5/probe.json
write-recheck	root	fixed-DN	compareTrue	-	0	before	5	2	0.34062499999999996	write-recheck/before-5/probe.json
write-recheck	root	fixed-DN	compareFalse	-	0	before	5	2	0.316	write-recheck/before-5/probe.json
write-recheck	root	fixed-DN	substringPrefix	-	0	before	5	2	93.798166	write-recheck/before-5/probe.json
write-recheck	root	fixed-DN	substringNegative	-	0	before	5	2	93.290041	write-recheck/before-5/probe.json
write-recheck	root	fixed-DN	setup	-	0	before	5	302	1007.3412869999996	write-recheck/before-5/probe.json
write-recheck	user	fixed-DN	userConnect	-	0	before	5	1	0.209667	write-recheck/before-5/probe.json
write-recheck	user	fixed-DN	userBind	-	0	before	5	2	0.316625	write-recheck/before-5/probe.json
write-recheck	root	fixed-DN	add	-	0	before	5	100	86.164254	write-recheck/before-5/probe.json
write-recheck	root	fixed-DN	modify	-	0	before	5	100	45.246582999999994	write-recheck/before-5/probe.json
write-recheck	root	fixed-DN	modifyDN	-	0	before	5	100	132.85583199999994	write-recheck/before-5/probe.json
write-recheck	root	fixed-DN	delete	-	0	before	5	100	107.09262600000001	write-recheck/before-5/probe.json
write-recheck	root	fixed-DN	cleanup	-	0	before	5	504	362.178617	write-recheck/before-5/probe.json
write-recheck	root	fixed-DN	connect	-	0	before	6	1	0.293083	write-recheck/before-6/probe.json
write-recheck	root	fixed-DN	rootBind	-	0	before	6	2	0.38729199999999997	write-recheck/before-6/probe.json
write-recheck	root	fixed-DN	baseSearch	-	0	before	6	2	1.4433340000000001	write-recheck/before-6/probe.json
write-recheck	root	fixed-DN	indexedEquality	-	0	before	6	2	0.5405409999999999	write-recheck/before-6/probe.json
write-recheck	root	fixed-DN	compareTrue	-	0	before	6	2	1.224083	write-recheck/before-6/probe.json
write-recheck	root	fixed-DN	compareFalse	-	0	before	6	2	0.288249	write-recheck/before-6/probe.json
write-recheck	root	fixed-DN	substringPrefix	-	0	before	6	2	92.547791	write-recheck/before-6/probe.json
write-recheck	root	fixed-DN	substringNegative	-	0	before	6	2	91.502001	write-recheck/before-6/probe.json
write-recheck	root	fixed-DN	setup	-	0	before	6	302	1010.2977500000003	write-recheck/before-6/probe.json
write-recheck	user	fixed-DN	userConnect	-	0	before	6	1	0.229875	write-recheck/before-6/probe.json
write-recheck	user	fixed-DN	userBind	-	0	before	6	2	0.363292	write-recheck/before-6/probe.json
write-recheck	root	fixed-DN	add	-	0	before	6	100	92.14191900000004	write-recheck/before-6/probe.json
write-recheck	root	fixed-DN	modify	-	0	before	6	100	45.939	write-recheck/before-6/probe.json
write-recheck	root	fixed-DN	modifyDN	-	0	before	6	100	138.11208499999995	write-recheck/before-6/probe.json
write-recheck	root	fixed-DN	delete	-	0	before	6	100	109.66783699999998	write-recheck/before-6/probe.json
write-recheck	root	fixed-DN	cleanup	-	0	before	6	504	372.4594519999999	write-recheck/before-6/probe.json
write-recheck	root	fixed-DN	connect	-	0	before	7	1	0.314208	write-recheck/before-7/probe.json
write-recheck	root	fixed-DN	rootBind	-	0	before	7	2	0.36233299999999996	write-recheck/before-7/probe.json
write-recheck	root	fixed-DN	baseSearch	-	0	before	7	2	0.879166	write-recheck/before-7/probe.json
write-recheck	root	fixed-DN	indexedEquality	-	0	before	7	2	0.5922499999999999	write-recheck/before-7/probe.json
write-recheck	root	fixed-DN	compareTrue	-	0	before	7	2	0.492708	write-recheck/before-7/probe.json
write-recheck	root	fixed-DN	compareFalse	-	0	before	7	2	0.423959	write-recheck/before-7/probe.json
write-recheck	root	fixed-DN	substringPrefix	-	0	before	7	2	94.519207	write-recheck/before-7/probe.json
write-recheck	root	fixed-DN	substringNegative	-	0	before	7	2	93.276749	write-recheck/before-7/probe.json
write-recheck	root	fixed-DN	setup	-	0	before	7	302	1033.768535000001	write-recheck/before-7/probe.json
write-recheck	user	fixed-DN	userConnect	-	0	before	7	1	0.265917	write-recheck/before-7/probe.json
write-recheck	user	fixed-DN	userBind	-	0	before	7	2	0.363292	write-recheck/before-7/probe.json
write-recheck	root	fixed-DN	add	-	0	before	7	100	95.00016699999998	write-recheck/before-7/probe.json
write-recheck	root	fixed-DN	modify	-	0	before	7	100	46.42429800000001	write-recheck/before-7/probe.json
write-recheck	root	fixed-DN	modifyDN	-	0	before	7	100	135.26842300000007	write-recheck/before-7/probe.json
write-recheck	root	fixed-DN	delete	-	0	before	7	100	106.200585	write-recheck/before-7/probe.json
write-recheck	root	fixed-DN	cleanup	-	0	before	7	504	367.2792430000005	write-recheck/before-7/probe.json
write-recheck	root	fixed-DN	connect	-	0	current	1	1	0.322	write-recheck/current-1/probe.json
write-recheck	root	fixed-DN	rootBind	-	0	current	1	2	0.3735	write-recheck/current-1/probe.json
write-recheck	root	fixed-DN	baseSearch	-	0	current	1	2	1.499791	write-recheck/current-1/probe.json
write-recheck	root	fixed-DN	indexedEquality	-	0	current	1	2	0.971626	write-recheck/current-1/probe.json
write-recheck	root	fixed-DN	compareTrue	-	0	current	1	2	1.133	write-recheck/current-1/probe.json
write-recheck	root	fixed-DN	compareFalse	-	0	current	1	2	0.396001	write-recheck/current-1/probe.json
write-recheck	root	fixed-DN	substringPrefix	-	0	current	1	2	96.139208	write-recheck/current-1/probe.json
write-recheck	root	fixed-DN	substringNegative	-	0	current	1	2	95.18579199999999	write-recheck/current-1/probe.json
write-recheck	root	fixed-DN	setup	-	0	current	1	302	980.6729130000007	write-recheck/current-1/probe.json
write-recheck	user	fixed-DN	userConnect	-	0	current	1	1	0.19275	write-recheck/current-1/probe.json
write-recheck	user	fixed-DN	userBind	-	0	current	1	2	0.6092920000000001	write-recheck/current-1/probe.json
write-recheck	root	fixed-DN	add	-	0	current	1	100	96.56824299999998	write-recheck/current-1/probe.json
write-recheck	root	fixed-DN	modify	-	0	current	1	100	41.27762999999999	write-recheck/current-1/probe.json
write-recheck	root	fixed-DN	modifyDN	-	0	current	1	100	134.634329	write-recheck/current-1/probe.json
write-recheck	root	fixed-DN	delete	-	0	current	1	100	130.82749899999996	write-recheck/current-1/probe.json
write-recheck	root	fixed-DN	cleanup	-	0	current	1	504	412.1648279999997	write-recheck/current-1/probe.json
write-recheck	root	fixed-DN	connect	-	0	current	2	1	0.25525	write-recheck/current-2/probe.json
write-recheck	root	fixed-DN	rootBind	-	0	current	2	2	0.32237499999999997	write-recheck/current-2/probe.json
write-recheck	root	fixed-DN	baseSearch	-	0	current	2	2	0.723042	write-recheck/current-2/probe.json
write-recheck	root	fixed-DN	indexedEquality	-	0	current	2	2	0.541292	write-recheck/current-2/probe.json
write-recheck	root	fixed-DN	compareTrue	-	0	current	2	2	0.32770900000000003	write-recheck/current-2/probe.json
write-recheck	root	fixed-DN	compareFalse	-	0	current	2	2	0.25625	write-recheck/current-2/probe.json
write-recheck	root	fixed-DN	substringPrefix	-	0	current	2	2	95.12420900000001	write-recheck/current-2/probe.json
write-recheck	root	fixed-DN	substringNegative	-	0	current	2	2	90.937876	write-recheck/current-2/probe.json
write-recheck	root	fixed-DN	setup	-	0	current	2	302	984.8219929999988	write-recheck/current-2/probe.json
write-recheck	user	fixed-DN	userConnect	-	0	current	2	1	0.188458	write-recheck/current-2/probe.json
write-recheck	user	fixed-DN	userBind	-	0	current	2	2	0.393084	write-recheck/current-2/probe.json
write-recheck	root	fixed-DN	add	-	0	current	2	100	97.31329000000002	write-recheck/current-2/probe.json
write-recheck	root	fixed-DN	modify	-	0	current	2	100	39.57874499999999	write-recheck/current-2/probe.json
write-recheck	root	fixed-DN	modifyDN	-	0	current	2	100	137.64937700000004	write-recheck/current-2/probe.json
write-recheck	root	fixed-DN	delete	-	0	current	2	100	111.24941100000001	write-recheck/current-2/probe.json
write-recheck	root	fixed-DN	cleanup	-	0	current	2	504	371.21794500000027	write-recheck/current-2/probe.json
write-recheck	root	fixed-DN	connect	-	0	current	3	1	0.483792	write-recheck/current-3/probe.json
write-recheck	root	fixed-DN	rootBind	-	0	current	3	2	0.434334	write-recheck/current-3/probe.json
write-recheck	root	fixed-DN	baseSearch	-	0	current	3	2	1.413875	write-recheck/current-3/probe.json
write-recheck	root	fixed-DN	indexedEquality	-	0	current	3	2	0.71075	write-recheck/current-3/probe.json
write-recheck	root	fixed-DN	compareTrue	-	0	current	3	2	0.947083	write-recheck/current-3/probe.json
write-recheck	root	fixed-DN	compareFalse	-	0	current	3	2	0.326166	write-recheck/current-3/probe.json
write-recheck	root	fixed-DN	substringPrefix	-	0	current	3	2	94.40337600000001	write-recheck/current-3/probe.json
write-recheck	root	fixed-DN	substringNegative	-	0	current	3	2	91.49033299999999	write-recheck/current-3/probe.json
write-recheck	root	fixed-DN	setup	-	0	current	3	302	992.7297510000003	write-recheck/current-3/probe.json
write-recheck	user	fixed-DN	userConnect	-	0	current	3	1	0.197167	write-recheck/current-3/probe.json
write-recheck	user	fixed-DN	userBind	-	0	current	3	2	0.34625	write-recheck/current-3/probe.json
write-recheck	root	fixed-DN	add	-	0	current	3	100	113.82379099999999	write-recheck/current-3/probe.json
write-recheck	root	fixed-DN	modify	-	0	current	3	100	43.92720699999998	write-recheck/current-3/probe.json
write-recheck	root	fixed-DN	modifyDN	-	0	current	3	100	132.239166	write-recheck/current-3/probe.json
write-recheck	root	fixed-DN	delete	-	0	current	3	100	102.03041299999997	write-recheck/current-3/probe.json
write-recheck	root	fixed-DN	cleanup	-	0	current	3	504	357.6223040000001	write-recheck/current-3/probe.json
write-recheck	root	fixed-DN	connect	-	0	current	4	1	0.239209	write-recheck/current-4/probe.json
write-recheck	root	fixed-DN	rootBind	-	0	current	4	2	0.3915	write-recheck/current-4/probe.json
write-recheck	root	fixed-DN	baseSearch	-	0	current	4	2	0.641751	write-recheck/current-4/probe.json
write-recheck	root	fixed-DN	indexedEquality	-	0	current	4	2	0.626834	write-recheck/current-4/probe.json
write-recheck	root	fixed-DN	compareTrue	-	0	current	4	2	0.39833399999999997	write-recheck/current-4/probe.json
write-recheck	root	fixed-DN	compareFalse	-	0	current	4	2	0.298292	write-recheck/current-4/probe.json
write-recheck	root	fixed-DN	substringPrefix	-	0	current	4	2	91.438084	write-recheck/current-4/probe.json
write-recheck	root	fixed-DN	substringNegative	-	0	current	4	2	91.018666	write-recheck/current-4/probe.json
write-recheck	root	fixed-DN	setup	-	0	current	4	302	1028.5473570000001	write-recheck/current-4/probe.json
write-recheck	user	fixed-DN	userConnect	-	0	current	4	1	0.2095	write-recheck/current-4/probe.json
write-recheck	user	fixed-DN	userBind	-	0	current	4	2	0.349167	write-recheck/current-4/probe.json
write-recheck	root	fixed-DN	add	-	0	current	4	100	99.78533299999998	write-recheck/current-4/probe.json
write-recheck	root	fixed-DN	modify	-	0	current	4	100	41.861124000000004	write-recheck/current-4/probe.json
write-recheck	root	fixed-DN	modifyDN	-	0	current	4	100	144.832879	write-recheck/current-4/probe.json
write-recheck	root	fixed-DN	delete	-	0	current	4	100	113.78462400000002	write-recheck/current-4/probe.json
write-recheck	root	fixed-DN	cleanup	-	0	current	4	504	363.3105499999998	write-recheck/current-4/probe.json
write-recheck	root	fixed-DN	connect	-	0	current	5	1	0.416208	write-recheck/current-5/probe.json
write-recheck	root	fixed-DN	rootBind	-	0	current	5	2	0.42683400000000005	write-recheck/current-5/probe.json
write-recheck	root	fixed-DN	baseSearch	-	0	current	5	2	6.42475	write-recheck/current-5/probe.json
write-recheck	root	fixed-DN	indexedEquality	-	0	current	5	2	0.891626	write-recheck/current-5/probe.json
write-recheck	root	fixed-DN	compareTrue	-	0	current	5	2	1.2100009999999999	write-recheck/current-5/probe.json
write-recheck	root	fixed-DN	compareFalse	-	0	current	5	2	0.340584	write-recheck/current-5/probe.json
write-recheck	root	fixed-DN	substringPrefix	-	0	current	5	2	105.397166	write-recheck/current-5/probe.json
write-recheck	root	fixed-DN	substringNegative	-	0	current	5	2	92.789208	write-recheck/current-5/probe.json
write-recheck	root	fixed-DN	setup	-	0	current	5	302	1108.7991149999996	write-recheck/current-5/probe.json
write-recheck	user	fixed-DN	userConnect	-	0	current	5	1	0.20725	write-recheck/current-5/probe.json
write-recheck	user	fixed-DN	userBind	-	0	current	5	2	0.32875	write-recheck/current-5/probe.json
write-recheck	root	fixed-DN	add	-	0	current	5	100	91.983917	write-recheck/current-5/probe.json
write-recheck	root	fixed-DN	modify	-	0	current	5	100	38.59933600000002	write-recheck/current-5/probe.json
write-recheck	root	fixed-DN	modifyDN	-	0	current	5	100	164.04099900000003	write-recheck/current-5/probe.json
write-recheck	root	fixed-DN	delete	-	0	current	5	100	109.92375500000001	write-recheck/current-5/probe.json
write-recheck	root	fixed-DN	cleanup	-	0	current	5	504	412.7523719999996	write-recheck/current-5/probe.json
write-recheck	root	fixed-DN	connect	-	0	current	6	1	0.383459	write-recheck/current-6/probe.json
write-recheck	root	fixed-DN	rootBind	-	0	current	6	2	0.40325	write-recheck/current-6/probe.json
write-recheck	root	fixed-DN	baseSearch	-	0	current	6	2	0.735083	write-recheck/current-6/probe.json
write-recheck	root	fixed-DN	indexedEquality	-	0	current	6	2	0.5409999999999999	write-recheck/current-6/probe.json
write-recheck	root	fixed-DN	compareTrue	-	0	current	6	2	0.43325	write-recheck/current-6/probe.json
write-recheck	root	fixed-DN	compareFalse	-	0	current	6	2	0.33529200000000003	write-recheck/current-6/probe.json
write-recheck	root	fixed-DN	substringPrefix	-	0	current	6	2	96.316542	write-recheck/current-6/probe.json
write-recheck	root	fixed-DN	substringNegative	-	0	current	6	2	95.169541	write-recheck/current-6/probe.json
write-recheck	root	fixed-DN	setup	-	0	current	6	302	1007.7816680000004	write-recheck/current-6/probe.json
write-recheck	user	fixed-DN	userConnect	-	0	current	6	1	0.204167	write-recheck/current-6/probe.json
write-recheck	user	fixed-DN	userBind	-	0	current	6	2	0.36725	write-recheck/current-6/probe.json
write-recheck	root	fixed-DN	add	-	0	current	6	100	96.558713	write-recheck/current-6/probe.json
write-recheck	root	fixed-DN	modify	-	0	current	6	100	50.40928999999999	write-recheck/current-6/probe.json
write-recheck	root	fixed-DN	modifyDN	-	0	current	6	100	144.30082999999996	write-recheck/current-6/probe.json
write-recheck	root	fixed-DN	delete	-	0	current	6	100	100.502131	write-recheck/current-6/probe.json
write-recheck	root	fixed-DN	cleanup	-	0	current	6	504	351.7137039999999	write-recheck/current-6/probe.json
write-recheck	root	fixed-DN	connect	-	0	current	7	1	0.308584	write-recheck/current-7/probe.json
write-recheck	root	fixed-DN	rootBind	-	0	current	7	2	0.42041700000000004	write-recheck/current-7/probe.json
write-recheck	root	fixed-DN	baseSearch	-	0	current	7	2	1.406084	write-recheck/current-7/probe.json
write-recheck	root	fixed-DN	indexedEquality	-	0	current	7	2	0.806708	write-recheck/current-7/probe.json
write-recheck	root	fixed-DN	compareTrue	-	0	current	7	2	1.048125	write-recheck/current-7/probe.json
write-recheck	root	fixed-DN	compareFalse	-	0	current	7	2	0.389791	write-recheck/current-7/probe.json
write-recheck	root	fixed-DN	substringPrefix	-	0	current	7	2	92.52154200000001	write-recheck/current-7/probe.json
write-recheck	root	fixed-DN	substringNegative	-	0	current	7	2	92.188709	write-recheck/current-7/probe.json
write-recheck	root	fixed-DN	setup	-	0	current	7	302	987.5893769999997	write-recheck/current-7/probe.json
write-recheck	user	fixed-DN	userConnect	-	0	current	7	1	0.214708	write-recheck/current-7/probe.json
write-recheck	user	fixed-DN	userBind	-	0	current	7	2	0.35879099999999997	write-recheck/current-7/probe.json
write-recheck	root	fixed-DN	add	-	0	current	7	100	90.286085	write-recheck/current-7/probe.json
write-recheck	root	fixed-DN	modify	-	0	current	7	100	39.061705999999994	write-recheck/current-7/probe.json
write-recheck	root	fixed-DN	modifyDN	-	0	current	7	100	126.71499499999999	write-recheck/current-7/probe.json
write-recheck	root	fixed-DN	delete	-	0	current	7	100	101.22353600000002	write-recheck/current-7/probe.json
write-recheck	root	fixed-DN	cleanup	-	0	current	7	504	338.36437500000017	write-recheck/current-7/probe.json
writes	root	fixed-DN	connect	-	0	before	1	1	1.531	writes/before-1/probe.json
writes	root	fixed-DN	rootBind	-	0	before	1	20	2.42725	writes/before-1/probe.json
writes	root	fixed-DN	baseSearch	-	0	before	1	20	3.3745	writes/before-1/probe.json
writes	root	fixed-DN	indexedEquality	-	0	before	1	20	3.8207490000000006	writes/before-1/probe.json
writes	root	fixed-DN	compareTrue	-	0	before	1	20	3.0593760000000003	writes/before-1/probe.json
writes	root	fixed-DN	compareFalse	-	0	before	1	20	2.18825	writes/before-1/probe.json
writes	root	fixed-DN	substringPrefix	-	0	before	1	20	916.9959550000002	writes/before-1/probe.json
writes	root	fixed-DN	substringNegative	-	0	before	1	20	909.1546650000001	writes/before-1/probe.json
writes	root	fixed-DN	setup	-	0	before	1	62	773.2024629999999	writes/before-1/probe.json
writes	user	fixed-DN	userConnect	-	0	before	1	1	0.252417	writes/before-1/probe.json
writes	user	fixed-DN	userBind	-	0	before	1	20	3.315835	writes/before-1/probe.json
writes	root	fixed-DN	add	-	0	before	1	20	16.920499999999997	writes/before-1/probe.json
writes	root	fixed-DN	modify	-	0	before	1	20	8.307251	writes/before-1/probe.json
writes	root	fixed-DN	modifyDN	-	0	before	1	20	24.225376999999995	writes/before-1/probe.json
writes	root	fixed-DN	delete	-	0	before	1	20	38.797247000000006	writes/before-1/probe.json
writes	root	fixed-DN	cleanup	-	0	before	1	104	70.61829500000003	writes/before-1/probe.json
writes	root	fixed-DN	connect	-	0	before	2	1	0.257208	writes/before-2/probe.json
writes	root	fixed-DN	rootBind	-	0	before	2	20	1.66171	writes/before-2/probe.json
writes	root	fixed-DN	baseSearch	-	0	before	2	20	4.335664	writes/before-2/probe.json
writes	root	fixed-DN	indexedEquality	-	0	before	2	20	3.363	writes/before-2/probe.json
writes	root	fixed-DN	compareTrue	-	0	before	2	20	1.9851670000000003	writes/before-2/probe.json
writes	root	fixed-DN	compareFalse	-	0	before	2	20	1.7302110000000002	writes/before-2/probe.json
writes	root	fixed-DN	substringPrefix	-	0	before	2	20	936.524792	writes/before-2/probe.json
writes	root	fixed-DN	substringNegative	-	0	before	2	20	910.472623	writes/before-2/probe.json
writes	root	fixed-DN	setup	-	0	before	2	62	773.6666280000003	writes/before-2/probe.json
writes	user	fixed-DN	userConnect	-	0	before	2	1	0.219375	writes/before-2/probe.json
writes	user	fixed-DN	userBind	-	0	before	2	20	3.1305	writes/before-2/probe.json
writes	root	fixed-DN	add	-	0	before	2	20	16.505876999999998	writes/before-2/probe.json
writes	root	fixed-DN	modify	-	0	before	2	20	7.842999999999999	writes/before-2/probe.json
writes	root	fixed-DN	modifyDN	-	0	before	2	20	29.184623	writes/before-2/probe.json
writes	root	fixed-DN	delete	-	0	before	2	20	18.620373	writes/before-2/probe.json
writes	root	fixed-DN	cleanup	-	0	before	2	104	71.015502	writes/before-2/probe.json
writes	root	fixed-DN	connect	-	0	before	3	1	0.3005	writes/before-3/probe.json
writes	root	fixed-DN	rootBind	-	0	before	3	20	3.274043	writes/before-3/probe.json
writes	root	fixed-DN	baseSearch	-	0	before	3	20	4.11746	writes/before-3/probe.json
writes	root	fixed-DN	indexedEquality	-	0	before	3	20	4.694084	writes/before-3/probe.json
writes	root	fixed-DN	compareTrue	-	0	before	3	20	3.448499	writes/before-3/probe.json
writes	root	fixed-DN	compareFalse	-	0	before	3	20	2.5691230000000003	writes/before-3/probe.json
writes	root	fixed-DN	substringPrefix	-	0	before	3	20	936.5051649999999	writes/before-3/probe.json
writes	root	fixed-DN	substringNegative	-	0	before	3	20	931.6220820000001	writes/before-3/probe.json
writes	root	fixed-DN	setup	-	0	before	3	62	754.7310050000003	writes/before-3/probe.json
writes	user	fixed-DN	userConnect	-	0	before	3	1	0.209291	writes/before-3/probe.json
writes	user	fixed-DN	userBind	-	0	before	3	20	2.547251	writes/before-3/probe.json
writes	root	fixed-DN	add	-	0	before	3	20	16.796750999999997	writes/before-3/probe.json
writes	root	fixed-DN	modify	-	0	before	3	20	7.895080999999999	writes/before-3/probe.json
writes	root	fixed-DN	modifyDN	-	0	before	3	20	24.555831999999995	writes/before-3/probe.json
writes	root	fixed-DN	delete	-	0	before	3	20	23.655039	writes/before-3/probe.json
writes	root	fixed-DN	cleanup	-	0	before	3	104	72.626703	writes/before-3/probe.json
writes	root	fixed-DN	connect	-	0	current	1	1	0.302958	writes/current-1/probe.json
writes	root	fixed-DN	rootBind	-	0	current	1	20	2.185833	writes/current-1/probe.json
writes	root	fixed-DN	baseSearch	-	0	current	1	20	3.5882029999999996	writes/current-1/probe.json
writes	root	fixed-DN	indexedEquality	-	0	current	1	20	3.4212089999999993	writes/current-1/probe.json
writes	root	fixed-DN	compareTrue	-	0	current	1	20	3.3836269999999997	writes/current-1/probe.json
writes	root	fixed-DN	compareFalse	-	0	current	1	20	2.6835809999999998	writes/current-1/probe.json
writes	root	fixed-DN	substringPrefix	-	0	current	1	20	922.2311669999999	writes/current-1/probe.json
writes	root	fixed-DN	substringNegative	-	0	current	1	20	922.7258750000001	writes/current-1/probe.json
writes	root	fixed-DN	setup	-	0	current	1	62	791.2550010000004	writes/current-1/probe.json
writes	user	fixed-DN	userConnect	-	0	current	1	1	0.196875	writes/current-1/probe.json
writes	user	fixed-DN	userBind	-	0	current	1	20	2.318542	writes/current-1/probe.json
writes	root	fixed-DN	add	-	0	current	1	20	16.575585	writes/current-1/probe.json
writes	root	fixed-DN	modify	-	0	current	1	20	8.885247999999999	writes/current-1/probe.json
writes	root	fixed-DN	modifyDN	-	0	current	1	20	26.245497999999994	writes/current-1/probe.json
writes	root	fixed-DN	delete	-	0	current	1	20	18.370582999999996	writes/current-1/probe.json
writes	root	fixed-DN	cleanup	-	0	current	1	104	78.460249	writes/current-1/probe.json
writes	root	fixed-DN	connect	-	0	current	2	1	0.312584	writes/current-2/probe.json
writes	root	fixed-DN	rootBind	-	0	current	2	20	2.4384580000000002	writes/current-2/probe.json
writes	root	fixed-DN	baseSearch	-	0	current	2	20	3.003751	writes/current-2/probe.json
writes	root	fixed-DN	indexedEquality	-	0	current	2	20	2.9835	writes/current-2/probe.json
writes	root	fixed-DN	compareTrue	-	0	current	2	20	2.759292	writes/current-2/probe.json
writes	root	fixed-DN	compareFalse	-	0	current	2	20	2.5476270000000003	writes/current-2/probe.json
writes	root	fixed-DN	substringPrefix	-	0	current	2	20	941.8929160000001	writes/current-2/probe.json
writes	root	fixed-DN	substringNegative	-	0	current	2	20	940.21954	writes/current-2/probe.json
writes	root	fixed-DN	setup	-	0	current	2	62	801.8308699999999	writes/current-2/probe.json
writes	user	fixed-DN	userConnect	-	0	current	2	1	0.211042	writes/current-2/probe.json
writes	user	fixed-DN	userBind	-	0	current	2	20	3.8939150000000002	writes/current-2/probe.json
writes	root	fixed-DN	add	-	0	current	2	20	18.149126	writes/current-2/probe.json
writes	root	fixed-DN	modify	-	0	current	2	20	6.774086	writes/current-2/probe.json
writes	root	fixed-DN	modifyDN	-	0	current	2	20	24.491625	writes/current-2/probe.json
writes	root	fixed-DN	delete	-	0	current	2	20	24.590956	writes/current-2/probe.json
writes	root	fixed-DN	cleanup	-	0	current	2	104	70.36783500000001	writes/current-2/probe.json
writes	root	fixed-DN	connect	-	0	current	3	1	0.302875	writes/current-3/probe.json
writes	root	fixed-DN	rootBind	-	0	current	3	20	2.4913319999999994	writes/current-3/probe.json
writes	root	fixed-DN	baseSearch	-	0	current	3	20	4.180543000000001	writes/current-3/probe.json
writes	root	fixed-DN	indexedEquality	-	0	current	3	20	3.4215399999999994	writes/current-3/probe.json
writes	root	fixed-DN	compareTrue	-	0	current	3	20	3.61529	writes/current-3/probe.json
writes	root	fixed-DN	compareFalse	-	0	current	3	20	2.1782500000000002	writes/current-3/probe.json
writes	root	fixed-DN	substringPrefix	-	0	current	3	20	944.950876	writes/current-3/probe.json
writes	root	fixed-DN	substringNegative	-	0	current	3	20	938.9348329999998	writes/current-3/probe.json
writes	root	fixed-DN	setup	-	0	current	3	62	834.4234540000002	writes/current-3/probe.json
writes	user	fixed-DN	userConnect	-	0	current	3	1	0.198166	writes/current-3/probe.json
writes	user	fixed-DN	userBind	-	0	current	3	20	2.520333	writes/current-3/probe.json
writes	root	fixed-DN	add	-	0	current	3	20	18.136125000000003	writes/current-3/probe.json
writes	root	fixed-DN	modify	-	0	current	3	20	9.678874	writes/current-3/probe.json
writes	root	fixed-DN	modifyDN	-	0	current	3	20	30.766956000000004	writes/current-3/probe.json
writes	root	fixed-DN	delete	-	0	current	3	20	19.897041	writes/current-3/probe.json
writes	root	fixed-DN	cleanup	-	0	current	3	104	73.21140999999999	writes/current-3/probe.json
writes	root	fixed-DN	connect	-	0	openldap	1	1	0.282208	writes/openldap-1/probe.json
writes	root	fixed-DN	rootBind	-	0	openldap	1	20	1.9068769999999997	writes/openldap-1/probe.json
writes	root	fixed-DN	baseSearch	-	0	openldap	1	20	2.46346	writes/openldap-1/probe.json
writes	root	fixed-DN	indexedEquality	-	0	openldap	1	20	2.7968350000000006	writes/openldap-1/probe.json
writes	root	fixed-DN	compareTrue	-	0	openldap	1	20	2.5514979999999996	writes/openldap-1/probe.json
writes	root	fixed-DN	compareFalse	-	0	openldap	1	20	2.2804999999999995	writes/openldap-1/probe.json
writes	root	fixed-DN	substringPrefix	-	0	openldap	1	20	622.999251	writes/openldap-1/probe.json
writes	root	fixed-DN	substringNegative	-	0	openldap	1	20	620.9550830000001	writes/openldap-1/probe.json
writes	root	fixed-DN	setup	-	0	openldap	1	62	323.16695699999997	writes/openldap-1/probe.json
writes	user	fixed-DN	userConnect	-	0	openldap	1	1	0.239584	writes/openldap-1/probe.json
writes	user	fixed-DN	userBind	-	0	openldap	1	20	2.652127000000001	writes/openldap-1/probe.json
writes	root	fixed-DN	add	-	0	openldap	1	20	97.708169	writes/openldap-1/probe.json
writes	root	fixed-DN	modify	-	0	openldap	1	20	93.96879199999998	writes/openldap-1/probe.json
writes	root	fixed-DN	modifyDN	-	0	openldap	1	20	93.32550099999999	writes/openldap-1/probe.json
writes	root	fixed-DN	delete	-	0	openldap	1	20	94.08733499999998	writes/openldap-1/probe.json
writes	root	fixed-DN	cleanup	-	0	openldap	1	104	297.6620859999998	writes/openldap-1/probe.json
writes	root	fixed-DN	connect	-	0	openldap	2	1	0.341667	writes/openldap-2/probe.json
writes	root	fixed-DN	rootBind	-	0	openldap	2	20	2.691294	writes/openldap-2/probe.json
writes	root	fixed-DN	baseSearch	-	0	openldap	2	20	2.578878	writes/openldap-2/probe.json
writes	root	fixed-DN	indexedEquality	-	0	openldap	2	20	2.4079990000000002	writes/openldap-2/probe.json
writes	root	fixed-DN	compareTrue	-	0	openldap	2	20	2.556372	writes/openldap-2/probe.json
writes	root	fixed-DN	compareFalse	-	0	openldap	2	20	2.892334	writes/openldap-2/probe.json
writes	root	fixed-DN	substringPrefix	-	0	openldap	2	20	623.5908750000001	writes/openldap-2/probe.json
writes	root	fixed-DN	substringNegative	-	0	openldap	2	20	620.1609579999999	writes/openldap-2/probe.json
writes	root	fixed-DN	setup	-	0	openldap	2	62	328.86354299999994	writes/openldap-2/probe.json
writes	user	fixed-DN	userConnect	-	0	openldap	2	1	0.249375	writes/openldap-2/probe.json
writes	user	fixed-DN	userBind	-	0	openldap	2	20	2.280416	writes/openldap-2/probe.json
writes	root	fixed-DN	add	-	0	openldap	2	20	95.480501	writes/openldap-2/probe.json
writes	root	fixed-DN	modify	-	0	openldap	2	20	91.12195700000001	writes/openldap-2/probe.json
writes	root	fixed-DN	modifyDN	-	0	openldap	2	20	92.251044	writes/openldap-2/probe.json
writes	root	fixed-DN	delete	-	0	openldap	2	20	91.92625000000001	writes/openldap-2/probe.json
writes	root	fixed-DN	cleanup	-	0	openldap	2	104	288.8015009999999	writes/openldap-2/probe.json
writes	root	fixed-DN	connect	-	0	openldap	3	1	0.299333	writes/openldap-3/probe.json
writes	root	fixed-DN	rootBind	-	0	openldap	3	20	3.4906240000000004	writes/openldap-3/probe.json
writes	root	fixed-DN	baseSearch	-	0	openldap	3	20	2.741918	writes/openldap-3/probe.json
writes	root	fixed-DN	indexedEquality	-	0	openldap	3	20	2.765625	writes/openldap-3/probe.json
writes	root	fixed-DN	compareTrue	-	0	openldap	3	20	2.2528699999999997	writes/openldap-3/probe.json
writes	root	fixed-DN	compareFalse	-	0	openldap	3	20	2.126163	writes/openldap-3/probe.json
writes	root	fixed-DN	substringPrefix	-	0	openldap	3	20	628.6135830000001	writes/openldap-3/probe.json
writes	root	fixed-DN	substringNegative	-	0	openldap	3	20	624.120168	writes/openldap-3/probe.json
writes	root	fixed-DN	setup	-	0	openldap	3	62	330.12204299999985	writes/openldap-3/probe.json
writes	user	fixed-DN	userConnect	-	0	openldap	3	1	0.218541	writes/openldap-3/probe.json
writes	user	fixed-DN	userBind	-	0	openldap	3	20	2.117625	writes/openldap-3/probe.json
writes	root	fixed-DN	add	-	0	openldap	3	20	93.279291	writes/openldap-3/probe.json
writes	root	fixed-DN	modify	-	0	openldap	3	20	104.94546100000002	writes/openldap-3/probe.json
writes	root	fixed-DN	modifyDN	-	0	openldap	3	20	92.44924999999999	writes/openldap-3/probe.json
writes	root	fixed-DN	delete	-	0	openldap	3	20	99.68391700000002	writes/openldap-3/probe.json
writes	root	fixed-DN	cleanup	-	0	openldap	3	104	310.65453699999995	writes/openldap-3/probe.json
concurrent	explicit	8-workers	uidEquality	ldapsearch	0	before	1	8000	307	explicit-final/concurrent.tsv
concurrent	explicit	8-workers	uidEquality	ldapsearch	0	current	1	8000	303	explicit-final/concurrent.tsv
concurrent	explicit	8-workers	uidEquality	ldapsearch	0	openldap	1	8000	326	explicit-final/concurrent.tsv
concurrent	explicit	8-workers	uidEquality	ldapsearch	0	current	2	8000	314	explicit-final/concurrent.tsv
concurrent	explicit	8-workers	uidEquality	ldapsearch	0	openldap	2	8000	345	explicit-final/concurrent.tsv
concurrent	explicit	8-workers	uidEquality	ldapsearch	0	before	2	8000	428	explicit-final/concurrent.tsv
concurrent	explicit	8-workers	uidEquality	ldapsearch	0	openldap	3	8000	331	explicit-final/concurrent.tsv
concurrent	explicit	8-workers	uidEquality	ldapsearch	0	before	3	8000	319	explicit-final/concurrent.tsv
concurrent	explicit	8-workers	uidEquality	ldapsearch	0	current	3	8000	309	explicit-final/concurrent.tsv
concurrent	default	8-workers	uidEquality	ldapsearch	0	before	1	8000	320	default-final/concurrent.tsv
concurrent	default	8-workers	uidEquality	ldapsearch	0	current	1	8000	312	default-final/concurrent.tsv
concurrent	default	8-workers	uidEquality	ldapsearch	0	openldap	1	8000	319	default-final/concurrent.tsv
concurrent	default	8-workers	uidEquality	ldapsearch	0	current	2	8000	309	default-final/concurrent.tsv
concurrent	default	8-workers	uidEquality	ldapsearch	0	openldap	2	8000	316	default-final/concurrent.tsv
concurrent	default	8-workers	uidEquality	ldapsearch	0	before	2	8000	290	default-final/concurrent.tsv
concurrent	default	8-workers	uidEquality	ldapsearch	0	openldap	3	8000	322	default-final/concurrent.tsv
concurrent	default	8-workers	uidEquality	ldapsearch	0	before	3	8000	303	default-final/concurrent.tsv
concurrent	default	8-workers	uidEquality	ldapsearch	0	current	3	8000	296	default-final/concurrent.tsv
read	root	cli	full_prefix	ldapsearch	0	before	1	1	721	online/timings.tsv
read	root	cli	full_prefix	ldapsearch	0	before	2	1	703	online/timings.tsv
read	root	cli	full_prefix	ldapsearch	0	before	3	1	740	online/timings.tsv
read	root	cli	indexed_10000	ldapsearch	0	before	1	10000	865	online/timings.tsv
read	root	cli	concurrent_8x1000	ldapsearch	0	before	1	8000	319	online/timings.tsv
read	root	cli	paged_2x100000	ldapsearch	0	before	1	2	1564	online/timings.tsv
read	root	cli	unindexed_negative_10	ldapsearch	0	before	1	10	245	online/timings.tsv
read	root	cli	full_prefix	ldapsearch	0	current	1	1	802	online/timings.tsv
read	root	cli	full_prefix	ldapsearch	0	current	2	1	805	online/timings.tsv
read	root	cli	full_prefix	ldapsearch	0	current	3	1	756	online/timings.tsv
read	root	cli	indexed_10000	ldapsearch	0	current	1	10000	876	online/timings.tsv
read	root	cli	concurrent_8x1000	ldapsearch	0	current	1	8000	313	online/timings.tsv
read	root	cli	paged_2x100000	ldapsearch	0	current	1	2	1566	online/timings.tsv
read	root	cli	unindexed_negative_10	ldapsearch	0	current	1	10	240	online/timings.tsv
read	root	cli	full_prefix	ldapsearch	0	openldap	1	1	651	online/timings.tsv
read	root	cli	full_prefix	ldapsearch	0	openldap	2	1	671	online/timings.tsv
read	root	cli	full_prefix	ldapsearch	0	openldap	3	1	663	online/timings.tsv
read	root	cli	indexed_10000	ldapsearch	0	openldap	1	10000	675	online/timings.tsv
read	root	cli	concurrent_8x1000	ldapsearch	0	openldap	1	8000	309	online/timings.tsv
read	root	cli	paged_2x100000	ldapsearch	0	openldap	1	2	1311	online/timings.tsv
read	root	cli	unindexed_negative_10	ldapsearch	0	openldap	1	10	385	online/timings.tsv
read	root	cli	full_prefix	ldapsearch	0	current	4	1	860	online/timings.tsv
read	root	cli	full_prefix	ldapsearch	0	current	5	1	791	online/timings.tsv
read	root	cli	full_prefix	ldapsearch	0	current	6	1	974	online/timings.tsv
read	root	cli	indexed_10000	ldapsearch	0	current	2	10000	1019	online/timings.tsv
read	root	cli	concurrent_8x1000	ldapsearch	0	current	2	8000	497	online/timings.tsv
read	root	cli	paged_2x100000	ldapsearch	0	current	2	2	1677	online/timings.tsv
read	root	cli	unindexed_negative_10	ldapsearch	0	current	2	10	247	online/timings.tsv
read	root	cli	full_prefix	ldapsearch	0	openldap	4	1	1013	online/timings.tsv
read	root	cli	full_prefix	ldapsearch	0	openldap	5	1	723	online/timings.tsv
read	root	cli	full_prefix	ldapsearch	0	openldap	6	1	719	online/timings.tsv
read	root	cli	indexed_10000	ldapsearch	0	openldap	2	10000	822	online/timings.tsv
read	root	cli	concurrent_8x1000	ldapsearch	0	openldap	2	8000	376	online/timings.tsv
read	root	cli	paged_2x100000	ldapsearch	0	openldap	2	2	1411	online/timings.tsv
read	root	cli	unindexed_negative_10	ldapsearch	0	openldap	2	10	391	online/timings.tsv
read	root	cli	full_prefix	ldapsearch	0	before	4	1	959	online/timings.tsv
read	root	cli	full_prefix	ldapsearch	0	before	5	1	732	online/timings.tsv
read	root	cli	full_prefix	ldapsearch	0	before	6	1	750	online/timings.tsv
read	root	cli	indexed_10000	ldapsearch	0	before	2	10000	973	online/timings.tsv
read	root	cli	concurrent_8x1000	ldapsearch	0	before	2	8000	421	online/timings.tsv
read	root	cli	paged_2x100000	ldapsearch	0	before	2	2	1664	online/timings.tsv
read	root	cli	unindexed_negative_10	ldapsearch	0	before	2	10	257	online/timings.tsv
read	root	cli	full_prefix	ldapsearch	0	openldap	7	1	799	online/timings.tsv
read	root	cli	full_prefix	ldapsearch	0	openldap	8	1	836	online/timings.tsv
read	root	cli	full_prefix	ldapsearch	0	openldap	9	1	729	online/timings.tsv
read	root	cli	indexed_10000	ldapsearch	0	openldap	3	10000	851	online/timings.tsv
read	root	cli	concurrent_8x1000	ldapsearch	0	openldap	3	8000	413	online/timings.tsv
read	root	cli	paged_2x100000	ldapsearch	0	openldap	3	2	1559	online/timings.tsv
read	root	cli	unindexed_negative_10	ldapsearch	0	openldap	3	10	450	online/timings.tsv
read	root	cli	full_prefix	ldapsearch	0	before	7	1	866	online/timings.tsv
read	root	cli	full_prefix	ldapsearch	0	before	8	1	752	online/timings.tsv
read	root	cli	full_prefix	ldapsearch	0	before	9	1	926	online/timings.tsv
read	root	cli	indexed_10000	ldapsearch	0	before	3	10000	991	online/timings.tsv
read	root	cli	concurrent_8x1000	ldapsearch	0	before	3	8000	408	online/timings.tsv
read	root	cli	paged_2x100000	ldapsearch	0	before	3	2	1727	online/timings.tsv
read	root	cli	unindexed_negative_10	ldapsearch	0	before	3	10	260	online/timings.tsv
read	root	cli	full_prefix	ldapsearch	0	current	7	1	1195	online/timings.tsv
read	root	cli	full_prefix	ldapsearch	0	current	8	1	820	online/timings.tsv
read	root	cli	full_prefix	ldapsearch	0	current	9	1	1140	online/timings.tsv
read	root	cli	indexed_10000	ldapsearch	0	current	3	10000	876	online/timings.tsv
read	root	cli	concurrent_8x1000	ldapsearch	0	current	3	8000	298	online/timings.tsv
read	root	cli	paged_2x100000	ldapsearch	0	current	3	2	1924	online/timings.tsv
read	root	cli	unindexed_negative_10	ldapsearch	0	current	3	10	259	online/timings.tsv
writes	root	process	startup	launch-to-ready	0	before	1	1	1381	writes/timings.tsv
writes	root	process	startup	launch-to-ready	0	current	1	1	1314	writes/timings.tsv
writes	root	process	startup	launch-to-ready	0	openldap	1	1	206	writes/timings.tsv
writes	root	process	startup	launch-to-ready	0	current	2	1	1350	writes/timings.tsv
writes	root	process	startup	launch-to-ready	0	openldap	2	1	208	writes/timings.tsv
writes	root	process	startup	launch-to-ready	0	before	2	1	1402	writes/timings.tsv
writes	root	process	startup	launch-to-ready	0	openldap	3	1	212	writes/timings.tsv
writes	root	process	startup	launch-to-ready	0	before	3	1	1382	writes/timings.tsv
writes	root	process	startup	launch-to-ready	0	current	3	1	1427	writes/timings.tsv
write-recheck	root	process	startup	launch-to-ready	0	before	1	1	1512	write-recheck/timings.tsv
write-recheck	root	process	startup	launch-to-ready	0	current	1	1	1390	write-recheck/timings.tsv
write-recheck	root	process	startup	launch-to-ready	0	current	2	1	1349	write-recheck/timings.tsv
write-recheck	root	process	startup	launch-to-ready	0	before	2	1	1396	write-recheck/timings.tsv
write-recheck	root	process	startup	launch-to-ready	0	before	3	1	1404	write-recheck/timings.tsv
write-recheck	root	process	startup	launch-to-ready	0	current	3	1	1393	write-recheck/timings.tsv
write-recheck	root	process	startup	launch-to-ready	0	current	4	1	1339	write-recheck/timings.tsv
write-recheck	root	process	startup	launch-to-ready	0	before	4	1	1434	write-recheck/timings.tsv
write-recheck	root	process	startup	launch-to-ready	0	before	5	1	1378	write-recheck/timings.tsv
write-recheck	root	process	startup	launch-to-ready	0	current	5	1	1804	write-recheck/timings.tsv
write-recheck	root	process	startup	launch-to-ready	0	current	6	1	1403	write-recheck/timings.tsv
write-recheck	root	process	startup	launch-to-ready	0	before	6	1	1376	write-recheck/timings.tsv
write-recheck	root	process	startup	launch-to-ready	0	before	7	1	1401	write-recheck/timings.tsv
write-recheck	root	process	startup	launch-to-ready	0	current	7	1	1406	write-recheck/timings.tsv
paged-recheck	root	paired-cli	paged_2x100000	ldapsearch	0	current	1	2	1274	paged-recheck/timings.tsv
paged-recheck	root	paired-cli	paged_2x100000	ldapsearch	0	openldap	1	2	1475	paged-recheck/timings.tsv
paged-recheck	root	paired-cli	paged_2x100000	ldapsearch	0	before	1	2	1255	paged-recheck/timings.tsv
paged-recheck	root	paired-cli	paged_2x100000	ldapsearch	0	openldap	2	2	1483	paged-recheck/timings.tsv
paged-recheck	root	paired-cli	paged_2x100000	ldapsearch	0	before	2	2	1275	paged-recheck/timings.tsv
paged-recheck	root	paired-cli	paged_2x100000	ldapsearch	0	current	2	2	1151	paged-recheck/timings.tsv
paged-recheck	root	paired-cli	paged_2x100000	ldapsearch	0	before	3	2	1173	paged-recheck/timings.tsv
paged-recheck	root	paired-cli	paged_2x100000	ldapsearch	0	current	3	2	1159	paged-recheck/timings.tsv
paged-recheck	root	paired-cli	paged_2x100000	ldapsearch	0	openldap	3	2	1333	paged-recheck/timings.tsv
paged-recheck	root	paired-cli	paged_2x100000	ldapsearch	0	current	4	2	1185	paged-recheck/timings.tsv
paged-recheck	root	paired-cli	paged_2x100000	ldapsearch	0	openldap	4	2	1341	paged-recheck/timings.tsv
paged-recheck	root	paired-cli	paged_2x100000	ldapsearch	0	before	4	2	1162	paged-recheck/timings.tsv
paged-recheck	root	paired-cli	paged_2x100000	ldapsearch	0	openldap	5	2	1339	paged-recheck/timings.tsv
paged-recheck	root	paired-cli	paged_2x100000	ldapsearch	0	before	5	2	1171	paged-recheck/timings.tsv
paged-recheck	root	paired-cli	paged_2x100000	ldapsearch	0	current	5	2	1228	paged-recheck/timings.tsv
paged-recheck	root	paired-cli	paged_2x100000	ldapsearch	0	before	6	2	1271	paged-recheck/timings.tsv
paged-recheck	root	paired-cli	paged_2x100000	ldapsearch	0	current	6	2	1187	paged-recheck/timings.tsv
paged-recheck	root	paired-cli	paged_2x100000	ldapsearch	0	openldap	6	2	1518	paged-recheck/timings.tsv
paged-recheck	root	paired-cli	paged_2x100000	ldapsearch	0	current	7	2	1279	paged-recheck/timings.tsv
paged-recheck	root	paired-cli	paged_2x100000	ldapsearch	0	openldap	7	2	1507	paged-recheck/timings.tsv
paged-recheck	root	paired-cli	paged_2x100000	ldapsearch	0	before	7	2	1235	paged-recheck/timings.tsv
prefix-recheck	root	paired-cli	full_prefix	ldapsearch	0	current	1	1	787	prefix-recheck/timings.tsv
prefix-recheck	root	paired-cli	full_prefix	ldapsearch	0	openldap	1	1	645	prefix-recheck/timings.tsv
prefix-recheck	root	paired-cli	full_prefix	ldapsearch	0	before	1	1	725	prefix-recheck/timings.tsv
prefix-recheck	root	paired-cli	full_prefix	ldapsearch	0	openldap	2	1	641	prefix-recheck/timings.tsv
prefix-recheck	root	paired-cli	full_prefix	ldapsearch	0	before	2	1	703	prefix-recheck/timings.tsv
prefix-recheck	root	paired-cli	full_prefix	ldapsearch	0	current	2	1	715	prefix-recheck/timings.tsv
prefix-recheck	root	paired-cli	full_prefix	ldapsearch	0	before	3	1	707	prefix-recheck/timings.tsv
prefix-recheck	root	paired-cli	full_prefix	ldapsearch	0	current	3	1	718	prefix-recheck/timings.tsv
prefix-recheck	root	paired-cli	full_prefix	ldapsearch	0	openldap	3	1	615	prefix-recheck/timings.tsv
prefix-recheck	root	paired-cli	full_prefix	ldapsearch	0	current	4	1	722	prefix-recheck/timings.tsv
prefix-recheck	root	paired-cli	full_prefix	ldapsearch	0	openldap	4	1	645	prefix-recheck/timings.tsv
prefix-recheck	root	paired-cli	full_prefix	ldapsearch	0	before	4	1	747	prefix-recheck/timings.tsv
prefix-recheck	root	paired-cli	full_prefix	ldapsearch	0	openldap	5	1	679	prefix-recheck/timings.tsv
prefix-recheck	root	paired-cli	full_prefix	ldapsearch	0	before	5	1	751	prefix-recheck/timings.tsv
prefix-recheck	root	paired-cli	full_prefix	ldapsearch	0	current	5	1	722	prefix-recheck/timings.tsv
prefix-recheck	root	paired-cli	full_prefix	ldapsearch	0	before	6	1	906	prefix-recheck/timings.tsv
prefix-recheck	root	paired-cli	full_prefix	ldapsearch	0	current	6	1	769	prefix-recheck/timings.tsv
prefix-recheck	root	paired-cli	full_prefix	ldapsearch	0	openldap	6	1	648	prefix-recheck/timings.tsv
prefix-recheck	root	paired-cli	full_prefix	ldapsearch	0	current	7	1	786	prefix-recheck/timings.tsv
prefix-recheck	root	paired-cli	full_prefix	ldapsearch	0	openldap	7	1	689	prefix-recheck/timings.tsv
prefix-recheck	root	paired-cli	full_prefix	ldapsearch	0	before	7	1	1131	prefix-recheck/timings.tsv
