suite	access_mode	variant	stage	method	members	endpoint	repeat	operations	total_ms	source
common	default	distributed	nonrootBase	search_nonrootBase	0	before	1	1000	119.24958799999997	default-final/distributed.json
common	default	distributed	nonrootBase	search_nonrootBase	0	current	1	1000	119.53361700000009	default-final/distributed.json
common	default	distributed	nonrootBase	search_nonrootBase	0	openldap	1	1000	82.79431699999998	default-final/distributed.json
common	default	distributed	nonrootBase	search_nonrootBase	0	before	2	1000	121.54888799999993	default-final/distributed.json
common	default	distributed	nonrootBase	search_nonrootBase	0	current	2	1000	123.2669640000001	default-final/distributed.json
common	default	distributed	nonrootBase	search_nonrootBase	0	openldap	2	1000	86.15683499999992	default-final/distributed.json
common	default	distributed	nonrootBase	search_nonrootBase	0	before	3	1000	115.37565399999978	default-final/distributed.json
common	default	distributed	nonrootBase	search_nonrootBase	0	current	3	1000	116.16209900000008	default-final/distributed.json
common	default	distributed	nonrootBase	search_nonrootBase	0	openldap	3	1000	81.39056599999994	default-final/distributed.json
common	default	distributed	nonrootEquality	search_nonrootEquality	0	before	1	1000	251.882664	default-final/distributed.json
common	default	distributed	nonrootEquality	search_nonrootEquality	0	current	1	1000	272.43063100000023	default-final/distributed.json
common	default	distributed	nonrootEquality	search_nonrootEquality	0	openldap	1	1000	148.81234399999994	default-final/distributed.json
common	default	distributed	nonrootEquality	search_nonrootEquality	0	before	2	1000	117.2961260000002	default-final/distributed.json
common	default	distributed	nonrootEquality	search_nonrootEquality	0	current	2	1000	118.13714999999995	default-final/distributed.json
common	default	distributed	nonrootEquality	search_nonrootEquality	0	openldap	2	1000	87.64520600000006	default-final/distributed.json
common	default	distributed	nonrootEquality	search_nonrootEquality	0	before	3	1000	121.83101199999997	default-final/distributed.json
common	default	distributed	nonrootEquality	search_nonrootEquality	0	current	3	1000	122.48525499999997	default-final/distributed.json
common	default	distributed	nonrootEquality	search_nonrootEquality	0	openldap	3	1000	91.01036	default-final/distributed.json
common	default	groups	memberEquality	search_memberEquality	0	before	1	100	14.527842	default-final/groups.json
common	default	groups	memberEquality	search_memberEquality	0	current	1	100	14.675915000000005	default-final/groups.json
common	default	groups	memberEquality	search_memberEquality	0	openldap	1	100	10.939756000000001	default-final/groups.json
common	default	groups	memberEquality	search_memberEquality	0	before	2	100	14.541911999999995	default-final/groups.json
common	default	groups	memberEquality	search_memberEquality	0	current	2	100	15.1093	default-final/groups.json
common	default	groups	memberEquality	search_memberEquality	0	openldap	2	100	11.21833	default-final/groups.json
common	default	groups	memberEquality	search_memberEquality	0	before	3	100	14.462294999999997	default-final/groups.json
common	default	groups	memberEquality	search_memberEquality	0	current	3	100	14.398622000000001	default-final/groups.json
common	default	groups	memberEquality	search_memberEquality	0	openldap	3	100	10.706004000000004	default-final/groups.json
common	default	groups	groupBase	base_member_values	10	before	1	100	11.760129999999993	default-final/groups.json
common	default	groups	groupBase	base_member_values	10	current	1	100	11.624208	default-final/groups.json
common	default	groups	groupBase	base_member_values	10	openldap	1	100	9.984411999999999	default-final/groups.json
common	default	groups	groupBase	base_member_values	10	before	2	100	11.967205	default-final/groups.json
common	default	groups	groupBase	base_member_values	10	current	2	100	11.604337000000003	default-final/groups.json
common	default	groups	groupBase	base_member_values	10	openldap	2	100	9.551837000000006	default-final/groups.json
common	default	groups	groupBase	base_member_values	10	before	3	100	12.250870000000006	default-final/groups.json
common	default	groups	groupBase	base_member_values	10	current	3	100	11.951958999999999	default-final/groups.json
common	default	groups	groupBase	base_member_values	10	openldap	3	100	9.646506999999996	default-final/groups.json
common	default	groups	groupBase	base_member_values	1000	before	1	100	96.012506	default-final/groups.json
common	default	groups	groupBase	base_member_values	1000	current	1	100	93.36062400000002	default-final/groups.json
common	default	groups	groupBase	base_member_values	1000	openldap	1	100	88.68354300000006	default-final/groups.json
common	default	groups	groupBase	base_member_values	1000	before	2	100	96.47203500000002	default-final/groups.json
common	default	groups	groupBase	base_member_values	1000	current	2	100	97.057372	default-final/groups.json
common	default	groups	groupBase	base_member_values	1000	openldap	2	100	87.06837499999996	default-final/groups.json
common	default	groups	groupBase	base_member_values	1000	before	3	100	90.28908499999999	default-final/groups.json
common	default	groups	groupBase	base_member_values	1000	current	3	100	95.96878299999997	default-final/groups.json
common	default	groups	groupBase	base_member_values	1000	openldap	3	100	89.159746	default-final/groups.json
common	default	groups	nestedMembership	client_bfs_member_equality	0	before	1	100	49.91725800000002	default-final/groups.json
common	default	groups	nestedMembership	client_bfs_member_equality	0	current	1	100	48.91637499999999	default-final/groups.json
common	default	groups	nestedMembership	client_bfs_member_equality	0	openldap	1	100	40.19178499999998	default-final/groups.json
common	default	groups	nestedMembership	client_bfs_member_equality	0	before	2	100	46.50725399999997	default-final/groups.json
common	default	groups	nestedMembership	client_bfs_member_equality	0	current	2	100	46.33867500000002	default-final/groups.json
common	default	groups	nestedMembership	client_bfs_member_equality	0	openldap	2	100	37.95820999999998	default-final/groups.json
common	default	groups	nestedMembership	client_bfs_member_equality	0	before	3	100	47.96128500000003	default-final/groups.json
common	default	groups	nestedMembership	client_bfs_member_equality	0	current	3	100	46.728872999999965	default-final/groups.json
common	default	groups	nestedMembership	client_bfs_member_equality	0	openldap	3	100	38.73308	default-final/groups.json
common	default	hot	userBind	simple_bind_ssha	0	before	1	1000	100.73433100000008	default-final/hot.json
common	default	hot	userBind	simple_bind_ssha	0	current	1	1000	101.22288099999993	default-final/hot.json
common	default	hot	userBind	simple_bind_ssha	0	openldap	1	1000	81.07012400000006	default-final/hot.json
common	default	hot	userBind	simple_bind_ssha	0	before	2	1000	95.29259099999992	default-final/hot.json
common	default	hot	userBind	simple_bind_ssha	0	current	2	1000	97.19246599999994	default-final/hot.json
common	default	hot	userBind	simple_bind_ssha	0	openldap	2	1000	78.12461300000002	default-final/hot.json
common	default	hot	userBind	simple_bind_ssha	0	before	3	1000	99.38578599999992	default-final/hot.json
common	default	hot	userBind	simple_bind_ssha	0	current	3	1000	99.67129199999991	default-final/hot.json
common	default	hot	userBind	simple_bind_ssha	0	openldap	3	1000	82.77054899999993	default-final/hot.json
common	default	hot	userBind	simple_bind_plaintext	0	before	1	1000	93.32778599999999	default-final/hot.json
common	default	hot	userBind	simple_bind_plaintext	0	current	1	1000	93.73546	default-final/hot.json
common	default	hot	userBind	simple_bind_plaintext	0	openldap	1	1000	75.14858999999997	default-final/hot.json
common	default	hot	userBind	simple_bind_plaintext	0	before	2	1000	90.93155199999998	default-final/hot.json
common	default	hot	userBind	simple_bind_plaintext	0	current	2	1000	90.94669200000001	default-final/hot.json
common	default	hot	userBind	simple_bind_plaintext	0	openldap	2	1000	75.179999	default-final/hot.json
common	default	hot	userBind	simple_bind_plaintext	0	before	3	1000	98.51621599999994	default-final/hot.json
common	default	hot	userBind	simple_bind_plaintext	0	current	3	1000	98.45682900000001	default-final/hot.json
common	default	hot	userBind	simple_bind_plaintext	0	openldap	3	1000	80.04517199999998	default-final/hot.json
common	default	hot	userBindWrong	simple_bind_ssha	0	before	1	1000	97.57042199999991	default-final/hot.json
common	default	hot	userBindWrong	simple_bind_ssha	0	current	1	1000	98.12818899999992	default-final/hot.json
common	default	hot	userBindWrong	simple_bind_ssha	0	openldap	1	1000	78.42365699999998	default-final/hot.json
common	default	hot	userBindWrong	simple_bind_ssha	0	before	2	1000	93.04596199999997	default-final/hot.json
common	default	hot	userBindWrong	simple_bind_ssha	0	current	2	1000	94.83470100000008	default-final/hot.json
common	default	hot	userBindWrong	simple_bind_ssha	0	openldap	2	1000	75.21123199999995	default-final/hot.json
common	default	hot	userBindWrong	simple_bind_ssha	0	before	3	1000	96.042143	default-final/hot.json
common	default	hot	userBindWrong	simple_bind_ssha	0	current	3	1000	96.40365399999995	default-final/hot.json
common	default	hot	userBindWrong	simple_bind_ssha	0	openldap	3	1000	77.78969000000009	default-final/hot.json
common	default	hot	userBindWrong	simple_bind_plaintext	0	before	1	1000	92.99515200000003	default-final/hot.json
common	default	hot	userBindWrong	simple_bind_plaintext	0	current	1	1000	93.8230370000001	default-final/hot.json
common	default	hot	userBindWrong	simple_bind_plaintext	0	openldap	1	1000	74.52534099999994	default-final/hot.json
common	default	hot	userBindWrong	simple_bind_plaintext	0	before	2	1000	98.66077999999999	default-final/hot.json
common	default	hot	userBindWrong	simple_bind_plaintext	0	current	2	1000	96.40349999999995	default-final/hot.json
common	default	hot	userBindWrong	simple_bind_plaintext	0	openldap	2	1000	75.69282699999988	default-final/hot.json
common	default	hot	userBindWrong	simple_bind_plaintext	0	before	3	1000	94.46987099999997	default-final/hot.json
common	default	hot	userBindWrong	simple_bind_plaintext	0	current	3	1000	93.81208200000007	default-final/hot.json
common	default	hot	userBindWrong	simple_bind_plaintext	0	openldap	3	1000	77.35160300000005	default-final/hot.json
common	default	hot	nonrootBase	search_nonrootBase	0	before	1	1000	112.08691899999994	default-final/hot.json
common	default	hot	nonrootBase	search_nonrootBase	0	current	1	1000	111.7548499999998	default-final/hot.json
common	default	hot	nonrootBase	search_nonrootBase	0	openldap	1	1000	93.08897699999983	default-final/hot.json
common	default	hot	nonrootBase	search_nonrootBase	0	before	2	1000	108.62958700000006	default-final/hot.json
common	default	hot	nonrootBase	search_nonrootBase	0	current	2	1000	108.26458799999995	default-final/hot.json
common	default	hot	nonrootBase	search_nonrootBase	0	openldap	2	1000	89.53977400000007	default-final/hot.json
common	default	hot	nonrootBase	search_nonrootBase	0	before	3	1000	110.76771199999979	default-final/hot.json
common	default	hot	nonrootBase	search_nonrootBase	0	current	3	1000	113.14244999999993	default-final/hot.json
common	default	hot	nonrootBase	search_nonrootBase	0	openldap	3	1000	89.47592100000003	default-final/hot.json
common	default	hot	nonrootEquality	search_nonrootEquality	0	before	1	1000	114.73506499999995	default-final/hot.json
common	default	hot	nonrootEquality	search_nonrootEquality	0	current	1	1000	116.79140900000009	default-final/hot.json
common	default	hot	nonrootEquality	search_nonrootEquality	0	openldap	1	1000	92.514454	default-final/hot.json
common	default	hot	nonrootEquality	search_nonrootEquality	0	before	2	1000	115.32121099999996	default-final/hot.json
common	default	hot	nonrootEquality	search_nonrootEquality	0	current	2	1000	112.74637300000003	default-final/hot.json
common	default	hot	nonrootEquality	search_nonrootEquality	0	openldap	2	1000	92.39416399999989	default-final/hot.json
common	default	hot	nonrootEquality	search_nonrootEquality	0	before	3	1000	119.04937100000012	default-final/hot.json
common	default	hot	nonrootEquality	search_nonrootEquality	0	current	3	1000	121.3897319999997	default-final/hot.json
common	default	hot	nonrootEquality	search_nonrootEquality	0	openldap	3	1000	95.07085600000022	default-final/hot.json
common	explicit	distributed	nonrootBase	search_nonrootBase	0	before	1	1000	125.02749599999991	explicit-final/distributed.json
common	explicit	distributed	nonrootBase	search_nonrootBase	0	current	1	1000	125.51308700000016	explicit-final/distributed.json
common	explicit	distributed	nonrootBase	search_nonrootBase	0	openldap	1	1000	89.59591699999991	explicit-final/distributed.json
common	explicit	distributed	nonrootBase	search_nonrootBase	0	before	2	1000	139.70510000000002	explicit-final/distributed.json
common	explicit	distributed	nonrootBase	search_nonrootBase	0	current	2	1000	129.03360400000017	explicit-final/distributed.json
common	explicit	distributed	nonrootBase	search_nonrootBase	0	openldap	2	1000	89.16579099999994	explicit-final/distributed.json
common	explicit	distributed	nonrootBase	search_nonrootBase	0	before	3	1000	127.807166	explicit-final/distributed.json
common	explicit	distributed	nonrootBase	search_nonrootBase	0	current	3	1000	129.262684	explicit-final/distributed.json
common	explicit	distributed	nonrootBase	search_nonrootBase	0	openldap	3	1000	89.67872799999995	explicit-final/distributed.json
common	explicit	distributed	nonrootEquality	search_nonrootEquality	0	before	1	1000	336.15695300000044	explicit-final/distributed.json
common	explicit	distributed	nonrootEquality	search_nonrootEquality	0	current	1	1000	336.0479030000003	explicit-final/distributed.json
common	explicit	distributed	nonrootEquality	search_nonrootEquality	0	openldap	1	1000	193.54128599999999	explicit-final/distributed.json
common	explicit	distributed	nonrootEquality	search_nonrootEquality	0	before	2	1000	123.27498200000001	explicit-final/distributed.json
common	explicit	distributed	nonrootEquality	search_nonrootEquality	0	current	2	1000	121.63062699999993	explicit-final/distributed.json
common	explicit	distributed	nonrootEquality	search_nonrootEquality	0	openldap	2	1000	90.76829000000002	explicit-final/distributed.json
common	explicit	distributed	nonrootEquality	search_nonrootEquality	0	before	3	1000	124.37807000000004	explicit-final/distributed.json
common	explicit	distributed	nonrootEquality	search_nonrootEquality	0	current	3	1000	123.11607999999988	explicit-final/distributed.json
common	explicit	distributed	nonrootEquality	search_nonrootEquality	0	openldap	3	1000	93.42146799999996	explicit-final/distributed.json
common	explicit	groups	memberEquality	search_memberEquality	0	before	1	100	15.808753000000003	explicit-final/groups.json
common	explicit	groups	memberEquality	search_memberEquality	0	current	1	100	15.957549	explicit-final/groups.json
common	explicit	groups	memberEquality	search_memberEquality	0	openldap	1	100	11.649046	explicit-final/groups.json
common	explicit	groups	memberEquality	search_memberEquality	0	before	2	100	15.840414999999997	explicit-final/groups.json
common	explicit	groups	memberEquality	search_memberEquality	0	current	2	100	15.448625999999999	explicit-final/groups.json
common	explicit	groups	memberEquality	search_memberEquality	0	openldap	2	100	11.653795999999996	explicit-final/groups.json
common	explicit	groups	memberEquality	search_memberEquality	0	before	3	100	15.735796000000006	explicit-final/groups.json
common	explicit	groups	memberEquality	search_memberEquality	0	current	3	100	15.324872999999998	explicit-final/groups.json
common	explicit	groups	memberEquality	search_memberEquality	0	openldap	3	100	11.771369999999997	explicit-final/groups.json
common	explicit	groups	groupBase	base_member_values	10	before	1	100	12.136423000000006	explicit-final/groups.json
common	explicit	groups	groupBase	base_member_values	10	current	1	100	12.351999999999995	explicit-final/groups.json
common	explicit	groups	groupBase	base_member_values	10	openldap	1	100	9.646290999999993	explicit-final/groups.json
common	explicit	groups	groupBase	base_member_values	10	before	2	100	12.449917	explicit-final/groups.json
common	explicit	groups	groupBase	base_member_values	10	current	2	100	12.332538	explicit-final/groups.json
common	explicit	groups	groupBase	base_member_values	10	openldap	2	100	9.787752	explicit-final/groups.json
common	explicit	groups	groupBase	base_member_values	10	before	3	100	12.205623000000006	explicit-final/groups.json
common	explicit	groups	groupBase	base_member_values	10	current	3	100	12.059581000000005	explicit-final/groups.json
common	explicit	groups	groupBase	base_member_values	10	openldap	3	100	9.807036999999998	explicit-final/groups.json
common	explicit	groups	groupBase	base_member_values	1000	before	1	100	95.616006	explicit-final/groups.json
common	explicit	groups	groupBase	base_member_values	1000	current	1	100	94.00454400000001	explicit-final/groups.json
common	explicit	groups	groupBase	base_member_values	1000	openldap	1	100	90.69416500000003	explicit-final/groups.json
common	explicit	groups	groupBase	base_member_values	1000	before	2	100	114.397415	explicit-final/groups.json
common	explicit	groups	groupBase	base_member_values	1000	current	2	100	99.33591999999994	explicit-final/groups.json
common	explicit	groups	groupBase	base_member_values	1000	openldap	2	100	99.140411	explicit-final/groups.json
common	explicit	groups	groupBase	base_member_values	1000	before	3	100	97.33612399999996	explicit-final/groups.json
common	explicit	groups	groupBase	base_member_values	1000	current	3	100	102.393336	explicit-final/groups.json
common	explicit	groups	groupBase	base_member_values	1000	openldap	3	100	92.56441199999998	explicit-final/groups.json
common	explicit	groups	nestedMembership	client_bfs_member_equality	0	before	1	100	50.04945599999998	explicit-final/groups.json
common	explicit	groups	nestedMembership	client_bfs_member_equality	0	current	1	100	49.862555999999955	explicit-final/groups.json
common	explicit	groups	nestedMembership	client_bfs_member_equality	0	openldap	1	100	40.43291799999997	explicit-final/groups.json
common	explicit	groups	nestedMembership	client_bfs_member_equality	0	before	2	100	51.817201999999966	explicit-final/groups.json
common	explicit	groups	nestedMembership	client_bfs_member_equality	0	current	2	100	53.02808700000001	explicit-final/groups.json
common	explicit	groups	nestedMembership	client_bfs_member_equality	0	openldap	2	100	41.78695700000004	explicit-final/groups.json
common	explicit	groups	nestedMembership	client_bfs_member_equality	0	before	3	100	50.78438000000002	explicit-final/groups.json
common	explicit	groups	nestedMembership	client_bfs_member_equality	0	current	3	100	51.08300499999997	explicit-final/groups.json
common	explicit	groups	nestedMembership	client_bfs_member_equality	0	openldap	3	100	41.093253000000004	explicit-final/groups.json
common	explicit	hot	userBind	simple_bind_ssha	0	before	1	1000	107.84139400000015	explicit-final/hot.json
common	explicit	hot	userBind	simple_bind_ssha	0	current	1	1000	104.46278499999998	explicit-final/hot.json
common	explicit	hot	userBind	simple_bind_ssha	0	openldap	1	1000	85.16340499999997	explicit-final/hot.json
common	explicit	hot	userBind	simple_bind_ssha	0	before	2	1000	113.99857099999994	explicit-final/hot.json
common	explicit	hot	userBind	simple_bind_ssha	0	current	2	1000	113.46403799999987	explicit-final/hot.json
common	explicit	hot	userBind	simple_bind_ssha	0	openldap	2	1000	94.75645399999999	explicit-final/hot.json
common	explicit	hot	userBind	simple_bind_ssha	0	before	3	1000	96.26862400000012	explicit-final/hot.json
common	explicit	hot	userBind	simple_bind_ssha	0	current	3	1000	96.28080200000005	explicit-final/hot.json
common	explicit	hot	userBind	simple_bind_ssha	0	openldap	3	1000	77.00052299999997	explicit-final/hot.json
common	explicit	hot	userBind	simple_bind_plaintext	0	before	1	1000	92.92866099999989	explicit-final/hot.json
common	explicit	hot	userBind	simple_bind_plaintext	0	current	1	1000	91.09115800000001	explicit-final/hot.json
common	explicit	hot	userBind	simple_bind_plaintext	0	openldap	1	1000	75.30367700000005	explicit-final/hot.json
common	explicit	hot	userBind	simple_bind_plaintext	0	before	2	1000	98.31138500000003	explicit-final/hot.json
common	explicit	hot	userBind	simple_bind_plaintext	0	current	2	1000	93.96676699999992	explicit-final/hot.json
common	explicit	hot	userBind	simple_bind_plaintext	0	openldap	2	1000	75.23167800000003	explicit-final/hot.json
common	explicit	hot	userBind	simple_bind_plaintext	0	before	3	1000	104.35319100000014	explicit-final/hot.json
common	explicit	hot	userBind	simple_bind_plaintext	0	current	3	1000	104.2298279999999	explicit-final/hot.json
common	explicit	hot	userBind	simple_bind_plaintext	0	openldap	3	1000	85.05704199999992	explicit-final/hot.json
common	explicit	hot	userBindWrong	simple_bind_ssha	0	before	1	1000	95.49119099999987	explicit-final/hot.json
common	explicit	hot	userBindWrong	simple_bind_ssha	0	current	1	1000	93.53372800000007	explicit-final/hot.json
common	explicit	hot	userBindWrong	simple_bind_ssha	0	openldap	1	1000	75.63637499999996	explicit-final/hot.json
common	explicit	hot	userBindWrong	simple_bind_ssha	0	before	2	1000	89.71037999999999	explicit-final/hot.json
common	explicit	hot	userBindWrong	simple_bind_ssha	0	current	2	1000	90.69049600000007	explicit-final/hot.json
common	explicit	hot	userBindWrong	simple_bind_ssha	0	openldap	2	1000	72.06854099999998	explicit-final/hot.json
common	explicit	hot	userBindWrong	simple_bind_ssha	0	before	3	1000	124.12141900000019	explicit-final/hot.json
common	explicit	hot	userBindWrong	simple_bind_ssha	0	current	3	1000	128.2489259999999	explicit-final/hot.json
common	explicit	hot	userBindWrong	simple_bind_ssha	0	openldap	3	1000	85.56653199999995	explicit-final/hot.json
common	explicit	hot	userBindWrong	simple_bind_plaintext	0	before	1	1000	90.91459	explicit-final/hot.json
common	explicit	hot	userBindWrong	simple_bind_plaintext	0	current	1	1000	90.16974699999993	explicit-final/hot.json
common	explicit	hot	userBindWrong	simple_bind_plaintext	0	openldap	1	1000	74.36205700000009	explicit-final/hot.json
common	explicit	hot	userBindWrong	simple_bind_plaintext	0	before	2	1000	101.06593999999998	explicit-final/hot.json
common	explicit	hot	userBindWrong	simple_bind_plaintext	0	current	2	1000	98.84454199999996	explicit-final/hot.json
common	explicit	hot	userBindWrong	simple_bind_plaintext	0	openldap	2	1000	80.00329400000003	explicit-final/hot.json
common	explicit	hot	userBindWrong	simple_bind_plaintext	0	before	3	1000	92.86541100000007	explicit-final/hot.json
common	explicit	hot	userBindWrong	simple_bind_plaintext	0	current	3	1000	92.48839500000005	explicit-final/hot.json
common	explicit	hot	userBindWrong	simple_bind_plaintext	0	openldap	3	1000	75.54159200000004	explicit-final/hot.json
common	explicit	hot	nonrootBase	search_nonrootBase	0	before	1	1000	112.35432300000018	explicit-final/hot.json
common	explicit	hot	nonrootBase	search_nonrootBase	0	current	1	1000	108.07550600000009	explicit-final/hot.json
common	explicit	hot	nonrootBase	search_nonrootBase	0	openldap	1	1000	85.55474199999986	explicit-final/hot.json
common	explicit	hot	nonrootBase	search_nonrootBase	0	before	2	1000	108.85966399999998	explicit-final/hot.json
common	explicit	hot	nonrootBase	search_nonrootBase	0	current	2	1000	108.34034500000006	explicit-final/hot.json
common	explicit	hot	nonrootBase	search_nonrootBase	0	openldap	2	1000	84.54183400000001	explicit-final/hot.json
common	explicit	hot	nonrootBase	search_nonrootBase	0	before	3	1000	112.27916500000013	explicit-final/hot.json
common	explicit	hot	nonrootBase	search_nonrootBase	0	current	3	1000	114.51272500000016	explicit-final/hot.json
common	explicit	hot	nonrootBase	search_nonrootBase	0	openldap	3	1000	89.56425500000005	explicit-final/hot.json
common	explicit	hot	nonrootEquality	search_nonrootEquality	0	before	1	1000	119.38282599999998	explicit-final/hot.json
common	explicit	hot	nonrootEquality	search_nonrootEquality	0	current	1	1000	119.14067200000007	explicit-final/hot.json
common	explicit	hot	nonrootEquality	search_nonrootEquality	0	openldap	1	1000	92.06531400000001	explicit-final/hot.json
common	explicit	hot	nonrootEquality	search_nonrootEquality	0	before	2	1000	123.5284199999999	explicit-final/hot.json
common	explicit	hot	nonrootEquality	search_nonrootEquality	0	current	2	1000	122.16237599999997	explicit-final/hot.json
common	explicit	hot	nonrootEquality	search_nonrootEquality	0	openldap	2	1000	95.14999300000004	explicit-final/hot.json
common	explicit	hot	nonrootEquality	search_nonrootEquality	0	before	3	1000	114.85179399999998	explicit-final/hot.json
common	explicit	hot	nonrootEquality	search_nonrootEquality	0	current	3	1000	115.76684499999999	explicit-final/hot.json
common	explicit	hot	nonrootEquality	search_nonrootEquality	0	openldap	3	1000	88.43806800000004	explicit-final/hot.json
read	root	fast	connect	-	0	before	1	1	1.583083	online/before-1/fast-1.json
read	root	fast	rootBind	-	0	before	1	1000	63.83204400000002	online/before-1/fast-1.json
read	root	fast	baseSearch	-	0	before	1	1000	91.72253500000001	online/before-1/fast-1.json
read	root	fast	indexedEquality	-	0	before	1	1000	102.65283200000019	online/before-1/fast-1.json
read	root	fast	compareTrue	-	0	before	1	1000	92.15988000000006	online/before-1/fast-1.json
read	root	fast	compareFalse	-	0	before	1	1000	95.19783700000004	online/before-1/fast-1.json
read	root	fast	connect	-	0	before	2	1	0.181416	online/before-1/fast-2.json
read	root	fast	rootBind	-	0	before	2	1000	64.61292300000011	online/before-1/fast-2.json
read	root	fast	baseSearch	-	0	before	2	1000	96.92136900000003	online/before-1/fast-2.json
read	root	fast	indexedEquality	-	0	before	2	1000	102.34494600000012	online/before-1/fast-2.json
read	root	fast	compareTrue	-	0	before	2	1000	96.7734379999999	online/before-1/fast-2.json
read	root	fast	compareFalse	-	0	before	2	1000	92.37129699999998	online/before-1/fast-2.json
read	root	fast	connect	-	0	before	3	1	0.198709	online/before-1/fast-3.json
read	root	fast	rootBind	-	0	before	3	1000	66.57783199999997	online/before-1/fast-3.json
read	root	fast	baseSearch	-	0	before	3	1000	95.46973799999981	online/before-1/fast-3.json
read	root	fast	indexedEquality	-	0	before	3	1000	98.43821500000006	online/before-1/fast-3.json
read	root	fast	compareTrue	-	0	before	3	1000	92.19857500000002	online/before-1/fast-3.json
read	root	fast	compareFalse	-	0	before	3	1000	95.36408799999994	online/before-1/fast-3.json
read	user	long-dn	userBind	-	0	before	1	1000	85.199292	online/before-1/long-dn.json
read	user	long-dn	userBindWrong	-	0	before	1	1000	91.228334	online/before-1/long-dn.json
read	user	long-dn	userBind	-	0	before	2	1000	84.239625	online/before-1/long-dn.json
read	user	long-dn	userBindWrong	-	0	before	2	1000	85.136792	online/before-1/long-dn.json
read	user	long-dn	userBind	-	0	before	3	1000	88.010125	online/before-1/long-dn.json
read	user	long-dn	userBindWrong	-	0	before	3	1000	86.184833	online/before-1/long-dn.json
read	root	long-dn	compareTrue	-	0	before	1	1000	87.228791	online/before-1/long-dn.json
read	root	long-dn	compareFalse	-	0	before	1	1000	92.971334	online/before-1/long-dn.json
read	root	long-dn	compareTrue	-	0	before	2	1000	95.727792	online/before-1/long-dn.json
read	root	long-dn	compareFalse	-	0	before	2	1000	84.038166	online/before-1/long-dn.json
read	root	long-dn	compareTrue	-	0	before	3	1000	88.549458	online/before-1/long-dn.json
read	root	long-dn	compareFalse	-	0	before	3	1000	91.085042	online/before-1/long-dn.json
read	user	long-password	userBind	-	0	before	1	1000	83.008333	online/before-1/long-password.json
read	user	long-password	userBindWrong	-	0	before	1	1000	84.9365	online/before-1/long-password.json
read	user	long-password	userBind	-	0	before	2	1000	88.76375	online/before-1/long-password.json
read	user	long-password	userBindWrong	-	0	before	2	1000	84.354917	online/before-1/long-password.json
read	user	long-password	userBind	-	0	before	3	1000	85.285167	online/before-1/long-password.json
read	user	long-password	userBindWrong	-	0	before	3	1000	87.469667	online/before-1/long-password.json
read	root	long-password	compareTrue	-	0	before	1	1000	78.199875	online/before-1/long-password.json
read	root	long-password	compareFalse	-	0	before	1	1000	87.968167	online/before-1/long-password.json
read	root	long-password	compareTrue	-	0	before	2	1000	97.527792	online/before-1/long-password.json
read	root	long-password	compareFalse	-	0	before	2	1000	98.411875	online/before-1/long-password.json
read	root	long-password	compareTrue	-	0	before	3	1000	85.213958	online/before-1/long-password.json
read	root	long-password	compareFalse	-	0	before	3	1000	88.083792	online/before-1/long-password.json
read	root	normalized-root	connect	-	0	before	1	1	0.193459	online/before-1/normalized-root-1.json
read	root	normalized-root	rootBind	-	0	before	1	1000	69.89266399999991	online/before-1/normalized-root-1.json
read	root	normalized-root	baseSearch	-	0	before	1	1000	93.22292399999994	online/before-1/normalized-root-1.json
read	root	normalized-root	indexedEquality	-	0	before	1	1000	100.88499399999998	online/before-1/normalized-root-1.json
read	root	normalized-root	compareTrue	-	0	before	1	1000	94.29588199999992	online/before-1/normalized-root-1.json
read	root	normalized-root	compareFalse	-	0	before	1	1000	96.91319199999992	online/before-1/normalized-root-1.json
read	root	normalized-root	connect	-	0	before	2	1	0.189	online/before-1/normalized-root-2.json
read	root	normalized-root	rootBind	-	0	before	2	1000	68.300103	online/before-1/normalized-root-2.json
read	root	normalized-root	baseSearch	-	0	before	2	1000	97.76006699999994	online/before-1/normalized-root-2.json
read	root	normalized-root	indexedEquality	-	0	before	2	1000	102.30492299999997	online/before-1/normalized-root-2.json
read	root	normalized-root	compareTrue	-	0	before	2	1000	100.14005199999988	online/before-1/normalized-root-2.json
read	root	normalized-root	compareFalse	-	0	before	2	1000	95.05864000000005	online/before-1/normalized-root-2.json
read	root	normalized-root	connect	-	0	before	3	1	0.21	online/before-1/normalized-root-3.json
read	root	normalized-root	rootBind	-	0	before	3	1000	68.43417000000002	online/before-1/normalized-root-3.json
read	root	normalized-root	baseSearch	-	0	before	3	1000	94.139962	online/before-1/normalized-root-3.json
read	root	normalized-root	indexedEquality	-	0	before	3	1000	110.65187100000023	online/before-1/normalized-root-3.json
read	root	normalized-root	compareTrue	-	0	before	3	1000	91.31902200000005	online/before-1/normalized-root-3.json
read	root	normalized-root	compareFalse	-	0	before	3	1000	98.191945	online/before-1/normalized-root-3.json
read	root	probe	connect	-	0	before	1	1	0.265917	online/before-1/probe-1.json
read	root	probe	rootBind	-	0	before	1	20	2.438706	online/before-1/probe-1.json
read	root	probe	baseSearch	-	0	before	1	20	3.0195030000000003	online/before-1/probe-1.json
read	root	probe	indexedEquality	-	0	before	1	20	3.1795420000000005	online/before-1/probe-1.json
read	root	probe	compareTrue	-	0	before	1	20	3.1979200000000008	online/before-1/probe-1.json
read	root	probe	compareFalse	-	0	before	1	20	2.648336	online/before-1/probe-1.json
read	root	probe	substringPrefix	-	0	before	1	20	919.8078339999998	online/before-1/probe-1.json
read	root	probe	substringNegative	-	0	before	1	20	914.803166	online/before-1/probe-1.json
read	root	probe	connect	-	0	before	2	1	0.393	online/before-1/probe-2.json
read	root	probe	rootBind	-	0	before	2	20	2.5895829999999997	online/before-1/probe-2.json
read	root	probe	baseSearch	-	0	before	2	20	3.433624	online/before-1/probe-2.json
read	root	probe	indexedEquality	-	0	before	2	20	3.390373	online/before-1/probe-2.json
read	root	probe	compareTrue	-	0	before	2	20	3.1176649999999997	online/before-1/probe-2.json
read	root	probe	compareFalse	-	0	before	2	20	2.429163	online/before-1/probe-2.json
read	root	probe	substringPrefix	-	0	before	2	20	924.221664	online/before-1/probe-2.json
read	root	probe	substringNegative	-	0	before	2	20	915.7490819999998	online/before-1/probe-2.json
read	root	probe	connect	-	0	before	3	1	0.274709	online/before-1/probe-3.json
read	root	probe	rootBind	-	0	before	3	20	2.460459	online/before-1/probe-3.json
read	root	probe	baseSearch	-	0	before	3	20	2.65529	online/before-1/probe-3.json
read	root	probe	indexedEquality	-	0	before	3	20	3.897334	online/before-1/probe-3.json
read	root	probe	compareTrue	-	0	before	3	20	2.981708	online/before-1/probe-3.json
read	root	probe	compareFalse	-	0	before	3	20	3.214748	online/before-1/probe-3.json
read	root	probe	substringPrefix	-	0	before	3	20	957.7781620000001	online/before-1/probe-3.json
read	root	probe	substringNegative	-	0	before	3	20	912.1308339999999	online/before-1/probe-3.json
read	user	user-bind	userBind	-	0	before	1	1000	94.036334	online/before-1/user-bind.json
read	user	user-bind	userBindWrong	-	0	before	1	1000	89.916875	online/before-1/user-bind.json
read	user	user-bind	userBind	-	0	before	2	1000	85.864041	online/before-1/user-bind.json
read	user	user-bind	userBindWrong	-	0	before	2	1000	85.906458	online/before-1/user-bind.json
read	user	user-bind	userBind	-	0	before	3	1000	86.074875	online/before-1/user-bind.json
read	user	user-bind	userBindWrong	-	0	before	3	1000	88.339125	online/before-1/user-bind.json
read	root	fast	connect	-	0	before	4	1	1.69375	online/before-2/fast-1.json
read	root	fast	rootBind	-	0	before	4	1000	76.72067000000021	online/before-2/fast-1.json
read	root	fast	baseSearch	-	0	before	4	1000	104.12732999999997	online/before-2/fast-1.json
read	root	fast	indexedEquality	-	0	before	4	1000	108.37552100000002	online/before-2/fast-1.json
read	root	fast	compareTrue	-	0	before	4	1000	109.30267299999973	online/before-2/fast-1.json
read	root	fast	compareFalse	-	0	before	4	1000	115.47608299999985	online/before-2/fast-1.json
read	root	fast	connect	-	0	before	5	1	0.183459	online/before-2/fast-2.json
read	root	fast	rootBind	-	0	before	5	1000	75.44301999999986	online/before-2/fast-2.json
read	root	fast	baseSearch	-	0	before	5	1000	95.257498	online/before-2/fast-2.json
read	root	fast	indexedEquality	-	0	before	5	1000	122.27653099999999	online/before-2/fast-2.json
read	root	fast	compareTrue	-	0	before	5	1000	96.89149100000004	online/before-2/fast-2.json
read	root	fast	compareFalse	-	0	before	5	1000	99.55878400000003	online/before-2/fast-2.json
read	root	fast	connect	-	0	before	6	1	0.180041	online/before-2/fast-3.json
read	root	fast	rootBind	-	0	before	6	1000	74.67847099999999	online/before-2/fast-3.json
read	root	fast	baseSearch	-	0	before	6	1000	97.28215999999998	online/before-2/fast-3.json
read	root	fast	indexedEquality	-	0	before	6	1000	109.56720999999996	online/before-2/fast-3.json
read	root	fast	compareTrue	-	0	before	6	1000	95.80260100000004	online/before-2/fast-3.json
read	root	fast	compareFalse	-	0	before	6	1000	109.34612200000004	online/before-2/fast-3.json
read	user	long-dn	userBind	-	0	before	4	1000	87.525916	online/before-2/long-dn.json
read	user	long-dn	userBindWrong	-	0	before	4	1000	92.038958	online/before-2/long-dn.json
read	user	long-dn	userBind	-	0	before	5	1000	91.748208	online/before-2/long-dn.json
read	user	long-dn	userBindWrong	-	0	before	5	1000	85.734542	online/before-2/long-dn.json
read	user	long-dn	userBind	-	0	before	6	1000	93.74275	online/before-2/long-dn.json
read	user	long-dn	userBindWrong	-	0	before	6	1000	99.407708	online/before-2/long-dn.json
read	root	long-dn	compareTrue	-	0	before	4	1000	91.727208	online/before-2/long-dn.json
read	root	long-dn	compareFalse	-	0	before	4	1000	101.941584	online/before-2/long-dn.json
read	root	long-dn	compareTrue	-	0	before	5	1000	97.581458	online/before-2/long-dn.json
read	root	long-dn	compareFalse	-	0	before	5	1000	124.707666	online/before-2/long-dn.json
read	root	long-dn	compareTrue	-	0	before	6	1000	124.059167	online/before-2/long-dn.json
read	root	long-dn	compareFalse	-	0	before	6	1000	121.231708	online/before-2/long-dn.json
read	user	long-password	userBind	-	0	before	4	1000	91.287416	online/before-2/long-password.json
read	user	long-password	userBindWrong	-	0	before	4	1000	102.780208	online/before-2/long-password.json
read	user	long-password	userBind	-	0	before	5	1000	93.753625	online/before-2/long-password.json
read	user	long-password	userBindWrong	-	0	before	5	1000	84.879667	online/before-2/long-password.json
read	user	long-password	userBind	-	0	before	6	1000	94.73225	online/before-2/long-password.json
read	user	long-password	userBindWrong	-	0	before	6	1000	107.529	online/before-2/long-password.json
read	root	long-password	compareTrue	-	0	before	4	1000	90.987916	online/before-2/long-password.json
read	root	long-password	compareFalse	-	0	before	4	1000	91.651958	online/before-2/long-password.json
read	root	long-password	compareTrue	-	0	before	5	1000	79.509792	online/before-2/long-password.json
read	root	long-password	compareFalse	-	0	before	5	1000	99.102541	online/before-2/long-password.json
read	root	long-password	compareTrue	-	0	before	6	1000	95.138209	online/before-2/long-password.json
read	root	long-password	compareFalse	-	0	before	6	1000	107.7675	online/before-2/long-password.json
read	root	normalized-root	connect	-	0	before	4	1	0.2125	online/before-2/normalized-root-1.json
read	root	normalized-root	rootBind	-	0	before	4	1000	69.64101600000001	online/before-2/normalized-root-1.json
read	root	normalized-root	baseSearch	-	0	before	4	1000	96.28451900000012	online/before-2/normalized-root-1.json
read	root	normalized-root	indexedEquality	-	0	before	4	1000	101.86177300000001	online/before-2/normalized-root-1.json
read	root	normalized-root	compareTrue	-	0	before	4	1000	134.01674600000007	online/before-2/normalized-root-1.json
read	root	normalized-root	compareFalse	-	0	before	4	1000	120.83682199999998	online/before-2/normalized-root-1.json
read	root	normalized-root	connect	-	0	before	5	1	0.214292	online/before-2/normalized-root-2.json
read	root	normalized-root	rootBind	-	0	before	5	1000	67.53854199999992	online/before-2/normalized-root-2.json
read	root	normalized-root	baseSearch	-	0	before	5	1000	95.84582299999984	online/before-2/normalized-root-2.json
read	root	normalized-root	indexedEquality	-	0	before	5	1000	102.72663399999999	online/before-2/normalized-root-2.json
read	root	normalized-root	compareTrue	-	0	before	5	1000	98.26615499999978	online/before-2/normalized-root-2.json
read	root	normalized-root	compareFalse	-	0	before	5	1000	107.11333399999992	online/before-2/normalized-root-2.json
read	root	normalized-root	connect	-	0	before	6	1	0.256292	online/before-2/normalized-root-3.json
read	root	normalized-root	rootBind	-	0	before	6	1000	91.00908100000002	online/before-2/normalized-root-3.json
read	root	normalized-root	baseSearch	-	0	before	6	1000	99.82698599999992	online/before-2/normalized-root-3.json
read	root	normalized-root	indexedEquality	-	0	before	6	1000	103.87262000000007	online/before-2/normalized-root-3.json
read	root	normalized-root	compareTrue	-	0	before	6	1000	107.7477850000001	online/before-2/normalized-root-3.json
read	root	normalized-root	compareFalse	-	0	before	6	1000	97.25859200000008	online/before-2/normalized-root-3.json
read	root	probe	connect	-	0	before	4	1	0.531791	online/before-2/probe-1.json
read	root	probe	rootBind	-	0	before	4	20	3.619045	online/before-2/probe-1.json
read	root	probe	baseSearch	-	0	before	4	20	3.997294	online/before-2/probe-1.json
read	root	probe	indexedEquality	-	0	before	4	20	3.4566229999999996	online/before-2/probe-1.json
read	root	probe	compareTrue	-	0	before	4	20	3.0160839999999993	online/before-2/probe-1.json
read	root	probe	compareFalse	-	0	before	4	20	3.012292999999999	online/before-2/probe-1.json
read	root	probe	substringPrefix	-	0	before	4	20	982.1495829999999	online/before-2/probe-1.json
read	root	probe	substringNegative	-	0	before	4	20	950.921042	online/before-2/probe-1.json
read	root	probe	connect	-	0	before	5	1	0.307916	online/before-2/probe-2.json
read	root	probe	rootBind	-	0	before	5	20	2.324337	online/before-2/probe-2.json
read	root	probe	baseSearch	-	0	before	5	20	2.800084	online/before-2/probe-2.json
read	root	probe	indexedEquality	-	0	before	5	20	3.4595389999999995	online/before-2/probe-2.json
read	root	probe	compareTrue	-	0	before	5	20	2.959666999999999	online/before-2/probe-2.json
read	root	probe	compareFalse	-	0	before	5	20	2.535499	online/before-2/probe-2.json
read	root	probe	substringPrefix	-	0	before	5	20	956.745207	online/before-2/probe-2.json
read	root	probe	substringNegative	-	0	before	5	20	943.1359580000001	online/before-2/probe-2.json
read	root	probe	connect	-	0	before	6	1	0.305292	online/before-2/probe-3.json
read	root	probe	rootBind	-	0	before	6	20	2.765292	online/before-2/probe-3.json
read	root	probe	baseSearch	-	0	before	6	20	3.1251270000000004	online/before-2/probe-3.json
read	root	probe	indexedEquality	-	0	before	6	20	3.861	online/before-2/probe-3.json
read	root	probe	compareTrue	-	0	before	6	20	2.7734589999999995	online/before-2/probe-3.json
read	root	probe	compareFalse	-	0	before	6	20	2.5332049999999997	online/before-2/probe-3.json
read	root	probe	substringPrefix	-	0	before	6	20	991.3800820000001	online/before-2/probe-3.json
read	root	probe	substringNegative	-	0	before	6	20	965.1224560000003	online/before-2/probe-3.json
read	user	user-bind	userBind	-	0	before	4	1000	102.186709	online/before-2/user-bind.json
read	user	user-bind	userBindWrong	-	0	before	4	1000	84.999542	online/before-2/user-bind.json
read	user	user-bind	userBind	-	0	before	5	1000	93.09725	online/before-2/user-bind.json
read	user	user-bind	userBindWrong	-	0	before	5	1000	85.02025	online/before-2/user-bind.json
read	user	user-bind	userBind	-	0	before	6	1000	86.042708	online/before-2/user-bind.json
read	user	user-bind	userBindWrong	-	0	before	6	1000	90.867667	online/before-2/user-bind.json
read	root	fast	connect	-	0	before	7	1	1.590625	online/before-3/fast-1.json
read	root	fast	rootBind	-	0	before	7	1000	63.06773299999999	online/before-3/fast-1.json
read	root	fast	baseSearch	-	0	before	7	1000	100.06846599999994	online/before-3/fast-1.json
read	root	fast	indexedEquality	-	0	before	7	1000	126.09633599999994	online/before-3/fast-1.json
read	root	fast	compareTrue	-	0	before	7	1000	107.69966700000009	online/before-3/fast-1.json
read	root	fast	compareFalse	-	0	before	7	1000	93.44934700000006	online/before-3/fast-1.json
read	root	fast	connect	-	0	before	8	1	0.16925	online/before-3/fast-2.json
read	root	fast	rootBind	-	0	before	8	1000	65.80655800000007	online/before-3/fast-2.json
read	root	fast	baseSearch	-	0	before	8	1000	97.00996500000011	online/before-3/fast-2.json
read	root	fast	indexedEquality	-	0	before	8	1000	102.64044199999995	online/before-3/fast-2.json
read	root	fast	compareTrue	-	0	before	8	1000	95.05342500000006	online/before-3/fast-2.json
read	root	fast	compareFalse	-	0	before	8	1000	116.10269099999991	online/before-3/fast-2.json
read	root	fast	connect	-	0	before	9	1	0.147167	online/before-3/fast-3.json
read	root	fast	rootBind	-	0	before	9	1000	70.28453100000003	online/before-3/fast-3.json
read	root	fast	baseSearch	-	0	before	9	1000	95.99877899999997	online/before-3/fast-3.json
read	root	fast	indexedEquality	-	0	before	9	1000	115.2926980000002	online/before-3/fast-3.json
read	root	fast	compareTrue	-	0	before	9	1000	95.87598299999995	online/before-3/fast-3.json
read	root	fast	compareFalse	-	0	before	9	1000	104.93927599999991	online/before-3/fast-3.json
read	user	long-dn	userBind	-	0	before	7	1000	86.147583	online/before-3/long-dn.json
read	user	long-dn	userBindWrong	-	0	before	7	1000	90.821416	online/before-3/long-dn.json
read	user	long-dn	userBind	-	0	before	8	1000	96.100125	online/before-3/long-dn.json
read	user	long-dn	userBindWrong	-	0	before	8	1000	96.220125	online/before-3/long-dn.json
read	user	long-dn	userBind	-	0	before	9	1000	86.959417	online/before-3/long-dn.json
read	user	long-dn	userBindWrong	-	0	before	9	1000	99.139834	online/before-3/long-dn.json
read	root	long-dn	compareTrue	-	0	before	7	1000	103.94825	online/before-3/long-dn.json
read	root	long-dn	compareFalse	-	0	before	7	1000	101.209208	online/before-3/long-dn.json
read	root	long-dn	compareTrue	-	0	before	8	1000	115.558625	online/before-3/long-dn.json
read	root	long-dn	compareFalse	-	0	before	8	1000	95.139	online/before-3/long-dn.json
read	root	long-dn	compareTrue	-	0	before	9	1000	113.687792	online/before-3/long-dn.json
read	root	long-dn	compareFalse	-	0	before	9	1000	105.476333	online/before-3/long-dn.json
read	user	long-password	userBind	-	0	before	7	1000	85.461875	online/before-3/long-password.json
read	user	long-password	userBindWrong	-	0	before	7	1000	86.153167	online/before-3/long-password.json
read	user	long-password	userBind	-	0	before	8	1000	71.751458	online/before-3/long-password.json
read	user	long-password	userBindWrong	-	0	before	8	1000	69.770208	online/before-3/long-password.json
read	user	long-password	userBind	-	0	before	9	1000	82.705041	online/before-3/long-password.json
read	user	long-password	userBindWrong	-	0	before	9	1000	81.837875	online/before-3/long-password.json
read	root	long-password	compareTrue	-	0	before	7	1000	81.56175	online/before-3/long-password.json
read	root	long-password	compareFalse	-	0	before	7	1000	88.828292	online/before-3/long-password.json
read	root	long-password	compareTrue	-	0	before	8	1000	83.671625	online/before-3/long-password.json
read	root	long-password	compareFalse	-	0	before	8	1000	91.9355	online/before-3/long-password.json
read	root	long-password	compareTrue	-	0	before	9	1000	101.580583	online/before-3/long-password.json
read	root	long-password	compareFalse	-	0	before	9	1000	90.541209	online/before-3/long-password.json
read	root	normalized-root	connect	-	0	before	7	1	0.18125	online/before-3/normalized-root-1.json
read	root	normalized-root	rootBind	-	0	before	7	1000	69.88342099999997	online/before-3/normalized-root-1.json
read	root	normalized-root	baseSearch	-	0	before	7	1000	115.48853199999996	online/before-3/normalized-root-1.json
read	root	normalized-root	indexedEquality	-	0	before	7	1000	110.33804799999996	online/before-3/normalized-root-1.json
read	root	normalized-root	compareTrue	-	0	before	7	1000	100.58184499999986	online/before-3/normalized-root-1.json
read	root	normalized-root	compareFalse	-	0	before	7	1000	105.66747599999997	online/before-3/normalized-root-1.json
read	root	normalized-root	connect	-	0	before	8	1	0.214042	online/before-3/normalized-root-2.json
read	root	normalized-root	rootBind	-	0	before	8	1000	75.80464400000007	online/before-3/normalized-root-2.json
read	root	normalized-root	baseSearch	-	0	before	8	1000	107.13664000000003	online/before-3/normalized-root-2.json
read	root	normalized-root	indexedEquality	-	0	before	8	1000	120.52833400000002	online/before-3/normalized-root-2.json
read	root	normalized-root	compareTrue	-	0	before	8	1000	102.98704500000008	online/before-3/normalized-root-2.json
read	root	normalized-root	compareFalse	-	0	before	8	1000	119.1086909999999	online/before-3/normalized-root-2.json
read	root	normalized-root	connect	-	0	before	9	1	0.175209	online/before-3/normalized-root-3.json
read	root	normalized-root	rootBind	-	0	before	9	1000	75.28027000000003	online/before-3/normalized-root-3.json
read	root	normalized-root	baseSearch	-	0	before	9	1000	95.47696899999998	online/before-3/normalized-root-3.json
read	root	normalized-root	indexedEquality	-	0	before	9	1000	126.03866800000017	online/before-3/normalized-root-3.json
read	root	normalized-root	compareTrue	-	0	before	9	1000	106.82513300000005	online/before-3/normalized-root-3.json
read	root	normalized-root	compareFalse	-	0	before	9	1000	114.03270799999999	online/before-3/normalized-root-3.json
read	root	probe	connect	-	0	before	7	1	0.326416	online/before-3/probe-1.json
read	root	probe	rootBind	-	0	before	7	20	2.9457480000000005	online/before-3/probe-1.json
read	root	probe	baseSearch	-	0	before	7	20	3.6792929999999995	online/before-3/probe-1.json
read	root	probe	indexedEquality	-	0	before	7	20	3.681709	online/before-3/probe-1.json
read	root	probe	compareTrue	-	0	before	7	20	2.9955840000000005	online/before-3/probe-1.json
read	root	probe	compareFalse	-	0	before	7	20	2.919956	online/before-3/probe-1.json
read	root	probe	substringPrefix	-	0	before	7	20	938.2521240000001	online/before-3/probe-1.json
read	root	probe	substringNegative	-	0	before	7	20	995.0845419999998	online/before-3/probe-1.json
read	root	probe	connect	-	0	before	8	1	0.271334	online/before-3/probe-2.json
read	root	probe	rootBind	-	0	before	8	20	2.6070410000000006	online/before-3/probe-2.json
read	root	probe	baseSearch	-	0	before	8	20	3.0502900000000004	online/before-3/probe-2.json
read	root	probe	indexedEquality	-	0	before	8	20	3.3582079999999994	online/before-3/probe-2.json
read	root	probe	compareTrue	-	0	before	8	20	2.872168	online/before-3/probe-2.json
read	root	probe	compareFalse	-	0	before	8	20	2.4022910000000004	online/before-3/probe-2.json
read	root	probe	substringPrefix	-	0	before	8	20	935.6422089999998	online/before-3/probe-2.json
read	root	probe	substringNegative	-	0	before	8	20	1046.576708	online/before-3/probe-2.json
read	root	probe	connect	-	0	before	9	1	0.31325	online/before-3/probe-3.json
read	root	probe	rootBind	-	0	before	9	20	2.239458	online/before-3/probe-3.json
read	root	probe	baseSearch	-	0	before	9	20	3.121418	online/before-3/probe-3.json
read	root	probe	indexedEquality	-	0	before	9	20	2.8705389999999995	online/before-3/probe-3.json
read	root	probe	compareTrue	-	0	before	9	20	2.8298769999999993	online/before-3/probe-3.json
read	root	probe	compareFalse	-	0	before	9	20	2.771959	online/before-3/probe-3.json
read	root	probe	substringPrefix	-	0	before	9	20	1003.5000430000001	online/before-3/probe-3.json
read	root	probe	substringNegative	-	0	before	9	20	932.0434999999999	online/before-3/probe-3.json
read	user	user-bind	userBind	-	0	before	7	1000	98.036459	online/before-3/user-bind.json
read	user	user-bind	userBindWrong	-	0	before	7	1000	104.375875	online/before-3/user-bind.json
read	user	user-bind	userBind	-	0	before	8	1000	84.438333	online/before-3/user-bind.json
read	user	user-bind	userBindWrong	-	0	before	8	1000	82.8205	online/before-3/user-bind.json
read	user	user-bind	userBind	-	0	before	9	1000	88.686	online/before-3/user-bind.json
read	user	user-bind	userBindWrong	-	0	before	9	1000	83.01725	online/before-3/user-bind.json
read	root	fast	connect	-	0	current	1	1	1.53175	online/current-1/fast-1.json
read	root	fast	rootBind	-	0	current	1	1000	70.55087099999994	online/current-1/fast-1.json
read	root	fast	baseSearch	-	0	current	1	1000	100.16993499999997	online/current-1/fast-1.json
read	root	fast	indexedEquality	-	0	current	1	1000	112.64180799999991	online/current-1/fast-1.json
read	root	fast	compareTrue	-	0	current	1	1000	106.26260399999995	online/current-1/fast-1.json
read	root	fast	compareFalse	-	0	current	1	1000	92.41674999999991	online/current-1/fast-1.json
read	root	fast	connect	-	0	current	2	1	0.203083	online/current-1/fast-2.json
read	root	fast	rootBind	-	0	current	2	1000	73.70759599999998	online/current-1/fast-2.json
read	root	fast	baseSearch	-	0	current	2	1000	105.698385	online/current-1/fast-2.json
read	root	fast	indexedEquality	-	0	current	2	1000	108.18246099999999	online/current-1/fast-2.json
read	root	fast	compareTrue	-	0	current	2	1000	92.42945699999993	online/current-1/fast-2.json
read	root	fast	compareFalse	-	0	current	2	1000	90.40438700000004	online/current-1/fast-2.json
read	root	fast	connect	-	0	current	3	1	0.176583	online/current-1/fast-3.json
read	root	fast	rootBind	-	0	current	3	1000	84.1313509999999	online/current-1/fast-3.json
read	root	fast	baseSearch	-	0	current	3	1000	104.24565700000001	online/current-1/fast-3.json
read	root	fast	indexedEquality	-	0	current	3	1000	112.73262199999994	online/current-1/fast-3.json
read	root	fast	compareTrue	-	0	current	3	1000	94.72246799999995	online/current-1/fast-3.json
read	root	fast	compareFalse	-	0	current	3	1000	106.01377400000013	online/current-1/fast-3.json
read	user	long-dn	userBind	-	0	current	1	1000	80.85625	online/current-1/long-dn.json
read	user	long-dn	userBindWrong	-	0	current	1	1000	88.703209	online/current-1/long-dn.json
read	user	long-dn	userBind	-	0	current	2	1000	82.34075	online/current-1/long-dn.json
read	user	long-dn	userBindWrong	-	0	current	2	1000	81.699291	online/current-1/long-dn.json
read	user	long-dn	userBind	-	0	current	3	1000	91.530541	online/current-1/long-dn.json
read	user	long-dn	userBindWrong	-	0	current	3	1000	83.433334	online/current-1/long-dn.json
read	root	long-dn	compareTrue	-	0	current	1	1000	88.00625	online/current-1/long-dn.json
read	root	long-dn	compareFalse	-	0	current	1	1000	90.734333	online/current-1/long-dn.json
read	root	long-dn	compareTrue	-	0	current	2	1000	84.217791	online/current-1/long-dn.json
read	root	long-dn	compareFalse	-	0	current	2	1000	86.347292	online/current-1/long-dn.json
read	root	long-dn	compareTrue	-	0	current	3	1000	86.23225	online/current-1/long-dn.json
read	root	long-dn	compareFalse	-	0	current	3	1000	90.145875	online/current-1/long-dn.json
read	user	long-password	userBind	-	0	current	1	1000	90.469542	online/current-1/long-password.json
read	user	long-password	userBindWrong	-	0	current	1	1000	82.201416	online/current-1/long-password.json
read	user	long-password	userBind	-	0	current	2	1000	105.400459	online/current-1/long-password.json
read	user	long-password	userBindWrong	-	0	current	2	1000	95.80275	online/current-1/long-password.json
read	user	long-password	userBind	-	0	current	3	1000	102.028	online/current-1/long-password.json
read	user	long-password	userBindWrong	-	0	current	3	1000	87.743125	online/current-1/long-password.json
read	root	long-password	compareTrue	-	0	current	1	1000	83.556916	online/current-1/long-password.json
read	root	long-password	compareFalse	-	0	current	1	1000	103.470625	online/current-1/long-password.json
read	root	long-password	compareTrue	-	0	current	2	1000	87.292833	online/current-1/long-password.json
read	root	long-password	compareFalse	-	0	current	2	1000	89.759208	online/current-1/long-password.json
read	root	long-password	compareTrue	-	0	current	3	1000	90.196834	online/current-1/long-password.json
read	root	long-password	compareFalse	-	0	current	3	1000	88.233333	online/current-1/long-password.json
read	root	normalized-root	connect	-	0	current	1	1	0.169583	online/current-1/normalized-root-1.json
read	root	normalized-root	rootBind	-	0	current	1	1000	79.23755999999995	online/current-1/normalized-root-1.json
read	root	normalized-root	baseSearch	-	0	current	1	1000	122.823268	online/current-1/normalized-root-1.json
read	root	normalized-root	indexedEquality	-	0	current	1	1000	112.88437099999994	online/current-1/normalized-root-1.json
read	root	normalized-root	compareTrue	-	0	current	1	1000	94.30868399999999	online/current-1/normalized-root-1.json
read	root	normalized-root	compareFalse	-	0	current	1	1000	101.13551000000007	online/current-1/normalized-root-1.json
read	root	normalized-root	connect	-	0	current	2	1	0.18825	online/current-1/normalized-root-2.json
read	root	normalized-root	rootBind	-	0	current	2	1000	75.13896099999997	online/current-1/normalized-root-2.json
read	root	normalized-root	baseSearch	-	0	current	2	1000	110.24685999999991	online/current-1/normalized-root-2.json
read	root	normalized-root	indexedEquality	-	0	current	2	1000	112.417473	online/current-1/normalized-root-2.json
read	root	normalized-root	compareTrue	-	0	current	2	1000	102.35598200000004	online/current-1/normalized-root-2.json
read	root	normalized-root	compareFalse	-	0	current	2	1000	112.53604500000007	online/current-1/normalized-root-2.json
read	root	normalized-root	connect	-	0	current	3	1	0.197792	online/current-1/normalized-root-3.json
read	root	normalized-root	rootBind	-	0	current	3	1000	73.73240900000009	online/current-1/normalized-root-3.json
read	root	normalized-root	baseSearch	-	0	current	3	1000	102.62921600000016	online/current-1/normalized-root-3.json
read	root	normalized-root	indexedEquality	-	0	current	3	1000	132.11033600000013	online/current-1/normalized-root-3.json
read	root	normalized-root	compareTrue	-	0	current	3	1000	114.63630899999997	online/current-1/normalized-root-3.json
read	root	normalized-root	compareFalse	-	0	current	3	1000	112.36413299999994	online/current-1/normalized-root-3.json
read	root	probe	connect	-	0	current	1	1	1.035083	online/current-1/probe-1.json
read	root	probe	rootBind	-	0	current	1	20	2.571877	online/current-1/probe-1.json
read	root	probe	baseSearch	-	0	current	1	20	3.3939600000000003	online/current-1/probe-1.json
read	root	probe	indexedEquality	-	0	current	1	20	3.6612920000000004	online/current-1/probe-1.json
read	root	probe	compareTrue	-	0	current	1	20	3.430628	online/current-1/probe-1.json
read	root	probe	compareFalse	-	0	current	1	20	2.948087	online/current-1/probe-1.json
read	root	probe	substringPrefix	-	0	current	1	20	917.627751	online/current-1/probe-1.json
read	root	probe	substringNegative	-	0	current	1	20	910.680916	online/current-1/probe-1.json
read	root	probe	connect	-	0	current	2	1	0.29925	online/current-1/probe-2.json
read	root	probe	rootBind	-	0	current	2	20	2.328792	online/current-1/probe-2.json
read	root	probe	baseSearch	-	0	current	2	20	3.3168320000000007	online/current-1/probe-2.json
read	root	probe	indexedEquality	-	0	current	2	20	3.4691259999999997	online/current-1/probe-2.json
read	root	probe	compareTrue	-	0	current	2	20	2.8845429999999994	online/current-1/probe-2.json
read	root	probe	compareFalse	-	0	current	2	20	2.4581259999999996	online/current-1/probe-2.json
read	root	probe	substringPrefix	-	0	current	2	20	922.336834	online/current-1/probe-2.json
read	root	probe	substringNegative	-	0	current	2	20	917.8982530000001	online/current-1/probe-2.json
read	root	probe	connect	-	0	current	3	1	0.238792	online/current-1/probe-3.json
read	root	probe	rootBind	-	0	current	3	20	7.780250000000002	online/current-1/probe-3.json
read	root	probe	baseSearch	-	0	current	3	20	3.6372919999999995	online/current-1/probe-3.json
read	root	probe	indexedEquality	-	0	current	3	20	3.8792109999999997	online/current-1/probe-3.json
read	root	probe	compareTrue	-	0	current	3	20	3.0406660000000003	online/current-1/probe-3.json
read	root	probe	compareFalse	-	0	current	3	20	2.824667	online/current-1/probe-3.json
read	root	probe	substringPrefix	-	0	current	3	20	928.0954580000001	online/current-1/probe-3.json
read	root	probe	substringNegative	-	0	current	3	20	918.734959	online/current-1/probe-3.json
read	user	user-bind	userBind	-	0	current	1	1000	87.622083	online/current-1/user-bind.json
read	user	user-bind	userBindWrong	-	0	current	1	1000	89.878166	online/current-1/user-bind.json
read	user	user-bind	userBind	-	0	current	2	1000	88.088041	online/current-1/user-bind.json
read	user	user-bind	userBindWrong	-	0	current	2	1000	81.446291	online/current-1/user-bind.json
read	user	user-bind	userBind	-	0	current	3	1000	87.690917	online/current-1/user-bind.json
read	user	user-bind	userBindWrong	-	0	current	3	1000	84.009416	online/current-1/user-bind.json
read	root	fast	connect	-	0	current	4	1	1.56425	online/current-2/fast-1.json
read	root	fast	rootBind	-	0	current	4	1000	62.15801099999999	online/current-2/fast-1.json
read	root	fast	baseSearch	-	0	current	4	1000	103.2459779999999	online/current-2/fast-1.json
read	root	fast	indexedEquality	-	0	current	4	1000	116.94911099999985	online/current-2/fast-1.json
read	root	fast	compareTrue	-	0	current	4	1000	92.07703000000026	online/current-2/fast-1.json
read	root	fast	compareFalse	-	0	current	4	1000	94.49433099999986	online/current-2/fast-1.json
read	root	fast	connect	-	0	current	5	1	0.1865	online/current-2/fast-2.json
read	root	fast	rootBind	-	0	current	5	1000	66.90713899999994	online/current-2/fast-2.json
read	root	fast	baseSearch	-	0	current	5	1000	92.25139599999984	online/current-2/fast-2.json
read	root	fast	indexedEquality	-	0	current	5	1000	100.41471299999985	online/current-2/fast-2.json
read	root	fast	compareTrue	-	0	current	5	1000	94.95776500000008	online/current-2/fast-2.json
read	root	fast	compareFalse	-	0	current	5	1000	93.51094599999993	online/current-2/fast-2.json
read	root	fast	connect	-	0	current	6	1	0.175542	online/current-2/fast-3.json
read	root	fast	rootBind	-	0	current	6	1000	68.83341499999997	online/current-2/fast-3.json
read	root	fast	baseSearch	-	0	current	6	1000	94.39529700000017	online/current-2/fast-3.json
read	root	fast	indexedEquality	-	0	current	6	1000	99.79271299999996	online/current-2/fast-3.json
read	root	fast	compareTrue	-	0	current	6	1000	97.22987600000005	online/current-2/fast-3.json
read	root	fast	compareFalse	-	0	current	6	1000	90.19807400000008	online/current-2/fast-3.json
read	user	long-dn	userBind	-	0	current	4	1000	94.8535	online/current-2/long-dn.json
read	user	long-dn	userBindWrong	-	0	current	4	1000	94.402541	online/current-2/long-dn.json
read	user	long-dn	userBind	-	0	current	5	1000	93.338959	online/current-2/long-dn.json
read	user	long-dn	userBindWrong	-	0	current	5	1000	83.57225	online/current-2/long-dn.json
read	user	long-dn	userBind	-	0	current	6	1000	91.077166	online/current-2/long-dn.json
read	user	long-dn	userBindWrong	-	0	current	6	1000	89.968292	online/current-2/long-dn.json
read	root	long-dn	compareTrue	-	0	current	4	1000	95.725834	online/current-2/long-dn.json
read	root	long-dn	compareFalse	-	0	current	4	1000	88.931334	online/current-2/long-dn.json
read	root	long-dn	compareTrue	-	0	current	5	1000	87.957375	online/current-2/long-dn.json
read	root	long-dn	compareFalse	-	0	current	5	1000	85.493	online/current-2/long-dn.json
read	root	long-dn	compareTrue	-	0	current	6	1000	85.800167	online/current-2/long-dn.json
read	root	long-dn	compareFalse	-	0	current	6	1000	86.896416	online/current-2/long-dn.json
read	user	long-password	userBind	-	0	current	4	1000	81.683042	online/current-2/long-password.json
read	user	long-password	userBindWrong	-	0	current	4	1000	85.856625	online/current-2/long-password.json
read	user	long-password	userBind	-	0	current	5	1000	82.661583	online/current-2/long-password.json
read	user	long-password	userBindWrong	-	0	current	5	1000	93.9745	online/current-2/long-password.json
read	user	long-password	userBind	-	0	current	6	1000	95.615625	online/current-2/long-password.json
read	user	long-password	userBindWrong	-	0	current	6	1000	94.977458	online/current-2/long-password.json
read	root	long-password	compareTrue	-	0	current	4	1000	103.900958	online/current-2/long-password.json
read	root	long-password	compareFalse	-	0	current	4	1000	106.478875	online/current-2/long-password.json
read	root	long-password	compareTrue	-	0	current	5	1000	90.370167	online/current-2/long-password.json
read	root	long-password	compareFalse	-	0	current	5	1000	99.452125	online/current-2/long-password.json
read	root	long-password	compareTrue	-	0	current	6	1000	94.027084	online/current-2/long-password.json
read	root	long-password	compareFalse	-	0	current	6	1000	90.002708	online/current-2/long-password.json
read	root	normalized-root	connect	-	0	current	4	1	0.19375	online/current-2/normalized-root-1.json
read	root	normalized-root	rootBind	-	0	current	4	1000	68.34111100000007	online/current-2/normalized-root-1.json
read	root	normalized-root	baseSearch	-	0	current	4	1000	102.79549099999996	online/current-2/normalized-root-1.json
read	root	normalized-root	indexedEquality	-	0	current	4	1000	106.68885400000008	online/current-2/normalized-root-1.json
read	root	normalized-root	compareTrue	-	0	current	4	1000	105.47666199999996	online/current-2/normalized-root-1.json
read	root	normalized-root	compareFalse	-	0	current	4	1000	104.26615099999985	online/current-2/normalized-root-1.json
read	root	normalized-root	connect	-	0	current	5	1	0.205542	online/current-2/normalized-root-2.json
read	root	normalized-root	rootBind	-	0	current	5	1000	73.94222099999996	online/current-2/normalized-root-2.json
read	root	normalized-root	baseSearch	-	0	current	5	1000	158.0274399999999	online/current-2/normalized-root-2.json
read	root	normalized-root	indexedEquality	-	0	current	5	1000	118.29844000000003	online/current-2/normalized-root-2.json
read	root	normalized-root	compareTrue	-	0	current	5	1000	109.28588100000002	online/current-2/normalized-root-2.json
read	root	normalized-root	compareFalse	-	0	current	5	1000	131.79222400000003	online/current-2/normalized-root-2.json
read	root	normalized-root	connect	-	0	current	6	1	0.2125	online/current-2/normalized-root-3.json
read	root	normalized-root	rootBind	-	0	current	6	1000	80.70511700000002	online/current-2/normalized-root-3.json
read	root	normalized-root	baseSearch	-	0	current	6	1000	104.05827299999996	online/current-2/normalized-root-3.json
read	root	normalized-root	indexedEquality	-	0	current	6	1000	105.32015400000002	online/current-2/normalized-root-3.json
read	root	normalized-root	compareTrue	-	0	current	6	1000	93.93174999999981	online/current-2/normalized-root-3.json
read	root	normalized-root	compareFalse	-	0	current	6	1000	95.465762	online/current-2/normalized-root-3.json
read	root	probe	connect	-	0	current	4	1	0.28375	online/current-2/probe-1.json
read	root	probe	rootBind	-	0	current	4	20	2.9928770000000005	online/current-2/probe-1.json
read	root	probe	baseSearch	-	0	current	4	20	2.999669	online/current-2/probe-1.json
read	root	probe	indexedEquality	-	0	current	4	20	3.121458	online/current-2/probe-1.json
read	root	probe	compareTrue	-	0	current	4	20	2.4626230000000002	online/current-2/probe-1.json
read	root	probe	compareFalse	-	0	current	4	20	2.13108	online/current-2/probe-1.json
read	root	probe	substringPrefix	-	0	current	4	20	941.306249	online/current-2/probe-1.json
read	root	probe	substringNegative	-	0	current	4	20	956.8002479999999	online/current-2/probe-1.json
read	root	probe	connect	-	0	current	5	1	0.373625	online/current-2/probe-2.json
read	root	probe	rootBind	-	0	current	5	20	2.864915	online/current-2/probe-2.json
read	root	probe	baseSearch	-	0	current	5	20	5.011957999999999	online/current-2/probe-2.json
read	root	probe	indexedEquality	-	0	current	5	20	6.960331000000001	online/current-2/probe-2.json
read	root	probe	compareTrue	-	0	current	5	20	3.2377890000000003	online/current-2/probe-2.json
read	root	probe	compareFalse	-	0	current	5	20	5.415625000000001	online/current-2/probe-2.json
read	root	probe	substringPrefix	-	0	current	5	20	974.9467899999999	online/current-2/probe-2.json
read	root	probe	substringNegative	-	0	current	5	20	943.1692069999999	online/current-2/probe-2.json
read	root	probe	connect	-	0	current	6	1	0.294083	online/current-2/probe-3.json
read	root	probe	rootBind	-	0	current	6	20	3.1247470000000006	online/current-2/probe-3.json
read	root	probe	baseSearch	-	0	current	6	20	3.8384989999999997	online/current-2/probe-3.json
read	root	probe	indexedEquality	-	0	current	6	20	3.467083	online/current-2/probe-3.json
read	root	probe	compareTrue	-	0	current	6	20	2.7497089999999993	online/current-2/probe-3.json
read	root	probe	compareFalse	-	0	current	6	20	2.9834590000000003	online/current-2/probe-3.json
read	root	probe	substringPrefix	-	0	current	6	20	945.898915	online/current-2/probe-3.json
read	root	probe	substringNegative	-	0	current	6	20	967.4647100000001	online/current-2/probe-3.json
read	user	user-bind	userBind	-	0	current	4	1000	88.215375	online/current-2/user-bind.json
read	user	user-bind	userBindWrong	-	0	current	4	1000	107.549458	online/current-2/user-bind.json
read	user	user-bind	userBind	-	0	current	5	1000	101.553083	online/current-2/user-bind.json
read	user	user-bind	userBindWrong	-	0	current	5	1000	85.442375	online/current-2/user-bind.json
read	user	user-bind	userBind	-	0	current	6	1000	86.395375	online/current-2/user-bind.json
read	user	user-bind	userBindWrong	-	0	current	6	1000	87.780375	online/current-2/user-bind.json
read	root	fast	connect	-	0	current	7	1	1.904375	online/current-3/fast-1.json
read	root	fast	rootBind	-	0	current	7	1000	67.045536	online/current-3/fast-1.json
read	root	fast	baseSearch	-	0	current	7	1000	95.88192000000011	online/current-3/fast-1.json
read	root	fast	indexedEquality	-	0	current	7	1000	104.96356999999979	online/current-3/fast-1.json
read	root	fast	compareTrue	-	0	current	7	1000	93.55388400000011	online/current-3/fast-1.json
read	root	fast	compareFalse	-	0	current	7	1000	96.87816199999999	online/current-3/fast-1.json
read	root	fast	connect	-	0	current	8	1	0.266291	online/current-3/fast-2.json
read	root	fast	rootBind	-	0	current	8	1000	69.53219500000003	online/current-3/fast-2.json
read	root	fast	baseSearch	-	0	current	8	1000	95.172866	online/current-3/fast-2.json
read	root	fast	indexedEquality	-	0	current	8	1000	104.51374199999992	online/current-3/fast-2.json
read	root	fast	compareTrue	-	0	current	8	1000	96.30503799999988	online/current-3/fast-2.json
read	root	fast	compareFalse	-	0	current	8	1000	91.90503999999979	online/current-3/fast-2.json
read	root	fast	connect	-	0	current	9	1	0.198041	online/current-3/fast-3.json
read	root	fast	rootBind	-	0	current	9	1000	70.95908799999992	online/current-3/fast-3.json
read	root	fast	baseSearch	-	0	current	9	1000	95.65040700000007	online/current-3/fast-3.json
read	root	fast	indexedEquality	-	0	current	9	1000	105.8118669999999	online/current-3/fast-3.json
read	root	fast	compareTrue	-	0	current	9	1000	95.50839299999998	online/current-3/fast-3.json
read	root	fast	compareFalse	-	0	current	9	1000	94.3468779999999	online/current-3/fast-3.json
read	user	long-dn	userBind	-	0	current	7	1000	110.036625	online/current-3/long-dn.json
read	user	long-dn	userBindWrong	-	0	current	7	1000	92.699584	online/current-3/long-dn.json
read	user	long-dn	userBind	-	0	current	8	1000	86.501958	online/current-3/long-dn.json
read	user	long-dn	userBindWrong	-	0	current	8	1000	100.835208	online/current-3/long-dn.json
read	user	long-dn	userBind	-	0	current	9	1000	89.646792	online/current-3/long-dn.json
read	user	long-dn	userBindWrong	-	0	current	9	1000	101.963792	online/current-3/long-dn.json
read	root	long-dn	compareTrue	-	0	current	7	1000	83.029583	online/current-3/long-dn.json
read	root	long-dn	compareFalse	-	0	current	7	1000	85.182208	online/current-3/long-dn.json
read	root	long-dn	compareTrue	-	0	current	8	1000	94.534417	online/current-3/long-dn.json
read	root	long-dn	compareFalse	-	0	current	8	1000	100.813417	online/current-3/long-dn.json
read	root	long-dn	compareTrue	-	0	current	9	1000	101.515208	online/current-3/long-dn.json
read	root	long-dn	compareFalse	-	0	current	9	1000	96.513667	online/current-3/long-dn.json
read	user	long-password	userBind	-	0	current	7	1000	89.504792	online/current-3/long-password.json
read	user	long-password	userBindWrong	-	0	current	7	1000	82.040625	online/current-3/long-password.json
read	user	long-password	userBind	-	0	current	8	1000	99.814208	online/current-3/long-password.json
read	user	long-password	userBindWrong	-	0	current	8	1000	85.29025	online/current-3/long-password.json
read	user	long-password	userBind	-	0	current	9	1000	89.885125	online/current-3/long-password.json
read	user	long-password	userBindWrong	-	0	current	9	1000	95.513125	online/current-3/long-password.json
read	root	long-password	compareTrue	-	0	current	7	1000	89.62975	online/current-3/long-password.json
read	root	long-password	compareFalse	-	0	current	7	1000	96.19125	online/current-3/long-password.json
read	root	long-password	compareTrue	-	0	current	8	1000	79.904125	online/current-3/long-password.json
read	root	long-password	compareFalse	-	0	current	8	1000	111.42475	online/current-3/long-password.json
read	root	long-password	compareTrue	-	0	current	9	1000	115.001167	online/current-3/long-password.json
read	root	long-password	compareFalse	-	0	current	9	1000	99.494375	online/current-3/long-password.json
read	root	normalized-root	connect	-	0	current	7	1	0.229834	online/current-3/normalized-root-1.json
read	root	normalized-root	rootBind	-	0	current	7	1000	69.54574500000004	online/current-3/normalized-root-1.json
read	root	normalized-root	baseSearch	-	0	current	7	1000	95.92983999999988	online/current-3/normalized-root-1.json
read	root	normalized-root	indexedEquality	-	0	current	7	1000	105.77535400000001	online/current-3/normalized-root-1.json
read	root	normalized-root	compareTrue	-	0	current	7	1000	98.93721500000004	online/current-3/normalized-root-1.json
read	root	normalized-root	compareFalse	-	0	current	7	1000	96.69424000000002	online/current-3/normalized-root-1.json
read	root	normalized-root	connect	-	0	current	8	1	0.179625	online/current-3/normalized-root-2.json
read	root	normalized-root	rootBind	-	0	current	8	1000	69.43297300000003	online/current-3/normalized-root-2.json
read	root	normalized-root	baseSearch	-	0	current	8	1000	101.14553199999989	online/current-3/normalized-root-2.json
read	root	normalized-root	indexedEquality	-	0	current	8	1000	105.76334799999995	online/current-3/normalized-root-2.json
read	root	normalized-root	compareTrue	-	0	current	8	1000	96.5260420000001	online/current-3/normalized-root-2.json
read	root	normalized-root	compareFalse	-	0	current	8	1000	94.10021600000002	online/current-3/normalized-root-2.json
read	root	normalized-root	connect	-	0	current	9	1	0.183334	online/current-3/normalized-root-3.json
read	root	normalized-root	rootBind	-	0	current	9	1000	68.71397499999999	online/current-3/normalized-root-3.json
read	root	normalized-root	baseSearch	-	0	current	9	1000	98.70729499999995	online/current-3/normalized-root-3.json
read	root	normalized-root	indexedEquality	-	0	current	9	1000	103.79313199999999	online/current-3/normalized-root-3.json
read	root	normalized-root	compareTrue	-	0	current	9	1000	116.00238200000001	online/current-3/normalized-root-3.json
read	root	normalized-root	compareFalse	-	0	current	9	1000	103.49934600000012	online/current-3/normalized-root-3.json
read	root	probe	connect	-	0	current	7	1	0.346375	online/current-3/probe-1.json
read	root	probe	rootBind	-	0	current	7	20	16.441626	online/current-3/probe-1.json
read	root	probe	baseSearch	-	0	current	7	20	33.079876000000006	online/current-3/probe-1.json
read	root	probe	indexedEquality	-	0	current	7	20	57.885709	online/current-3/probe-1.json
read	root	probe	compareTrue	-	0	current	7	20	64.60370800000001	online/current-3/probe-1.json
read	root	probe	compareFalse	-	0	current	7	20	4.017665	online/current-3/probe-1.json
read	root	probe	substringPrefix	-	0	current	7	20	1344.566749	online/current-3/probe-1.json
read	root	probe	substringNegative	-	0	current	7	20	960.9985839999999	online/current-3/probe-1.json
read	root	probe	connect	-	0	current	8	1	0.279166	online/current-3/probe-2.json
read	root	probe	rootBind	-	0	current	8	20	2.3696689999999996	online/current-3/probe-2.json
read	root	probe	baseSearch	-	0	current	8	20	3.4725010000000003	online/current-3/probe-2.json
read	root	probe	indexedEquality	-	0	current	8	20	3.0906280000000006	online/current-3/probe-2.json
read	root	probe	compareTrue	-	0	current	8	20	2.5900809999999996	online/current-3/probe-2.json
read	root	probe	compareFalse	-	0	current	8	20	2.3976649999999995	online/current-3/probe-2.json
read	root	probe	substringPrefix	-	0	current	8	20	1105.855791	online/current-3/probe-2.json
read	root	probe	substringNegative	-	0	current	8	20	971.9913339999999	online/current-3/probe-2.json
read	root	probe	connect	-	0	current	9	1	0.424708	online/current-3/probe-3.json
read	root	probe	rootBind	-	0	current	9	20	2.5278770000000006	online/current-3/probe-3.json
read	root	probe	baseSearch	-	0	current	9	20	3.149002	online/current-3/probe-3.json
read	root	probe	indexedEquality	-	0	current	9	20	3.604204	online/current-3/probe-3.json
read	root	probe	compareTrue	-	0	current	9	20	2.705748	online/current-3/probe-3.json
read	root	probe	compareFalse	-	0	current	9	20	2.8166700000000002	online/current-3/probe-3.json
read	root	probe	substringPrefix	-	0	current	9	20	956.49296	online/current-3/probe-3.json
read	root	probe	substringNegative	-	0	current	9	20	978.633539	online/current-3/probe-3.json
read	user	user-bind	userBind	-	0	current	7	1000	98.071417	online/current-3/user-bind.json
read	user	user-bind	userBindWrong	-	0	current	7	1000	141.431334	online/current-3/user-bind.json
read	user	user-bind	userBind	-	0	current	8	1000	88.713333	online/current-3/user-bind.json
read	user	user-bind	userBindWrong	-	0	current	8	1000	84.982792	online/current-3/user-bind.json
read	user	user-bind	userBind	-	0	current	9	1000	84.914875	online/current-3/user-bind.json
read	user	user-bind	userBindWrong	-	0	current	9	1000	93.257209	online/current-3/user-bind.json
read	root	fast	connect	-	0	openldap	1	1	0.177292	online/openldap-1/fast-1.json
read	root	fast	rootBind	-	0	openldap	1	1000	62.96362600000004	online/openldap-1/fast-1.json
read	root	fast	baseSearch	-	0	openldap	1	1000	87.88780500000003	online/openldap-1/fast-1.json
read	root	fast	indexedEquality	-	0	openldap	1	1000	91.05528599999995	online/openldap-1/fast-1.json
read	root	fast	compareTrue	-	0	openldap	1	1000	70.96381500000004	online/openldap-1/fast-1.json
read	root	fast	compareFalse	-	0	openldap	1	1000	66.63598200000001	online/openldap-1/fast-1.json
read	root	fast	connect	-	0	openldap	2	1	0.208583	online/openldap-1/fast-2.json
read	root	fast	rootBind	-	0	openldap	2	1000	64.18686800000003	online/openldap-1/fast-2.json
read	root	fast	baseSearch	-	0	openldap	2	1000	80.47674200000009	online/openldap-1/fast-2.json
read	root	fast	indexedEquality	-	0	openldap	2	1000	87.71640000000002	online/openldap-1/fast-2.json
read	root	fast	compareTrue	-	0	openldap	2	1000	74.05857399999996	online/openldap-1/fast-2.json
read	root	fast	compareFalse	-	0	openldap	2	1000	68.64382299999998	online/openldap-1/fast-2.json
read	root	fast	connect	-	0	openldap	3	1	0.226959	online/openldap-1/fast-3.json
read	root	fast	rootBind	-	0	openldap	3	1000	64.64258899999997	online/openldap-1/fast-3.json
read	root	fast	baseSearch	-	0	openldap	3	1000	82.54714999999997	online/openldap-1/fast-3.json
read	root	fast	indexedEquality	-	0	openldap	3	1000	90.46869500000001	online/openldap-1/fast-3.json
read	root	fast	compareTrue	-	0	openldap	3	1000	69.28650299999993	online/openldap-1/fast-3.json
read	root	fast	compareFalse	-	0	openldap	3	1000	69.79660800000006	online/openldap-1/fast-3.json
read	user	long-dn	userBind	-	0	openldap	1	1000	66.700666	online/openldap-1/long-dn.json
read	user	long-dn	userBindWrong	-	0	openldap	1	1000	70.730083	online/openldap-1/long-dn.json
read	user	long-dn	userBind	-	0	openldap	2	1000	68.51825	online/openldap-1/long-dn.json
read	user	long-dn	userBindWrong	-	0	openldap	2	1000	70.088125	online/openldap-1/long-dn.json
read	user	long-dn	userBind	-	0	openldap	3	1000	71.203166	online/openldap-1/long-dn.json
read	user	long-dn	userBindWrong	-	0	openldap	3	1000	72.371583	online/openldap-1/long-dn.json
read	root	long-dn	compareTrue	-	0	openldap	1	1000	71.17125	online/openldap-1/long-dn.json
read	root	long-dn	compareFalse	-	0	openldap	1	1000	77.849708	online/openldap-1/long-dn.json
read	root	long-dn	compareTrue	-	0	openldap	2	1000	64.638375	online/openldap-1/long-dn.json
read	root	long-dn	compareFalse	-	0	openldap	2	1000	64.770708	online/openldap-1/long-dn.json
read	root	long-dn	compareTrue	-	0	openldap	3	1000	70.190625	online/openldap-1/long-dn.json
read	root	long-dn	compareFalse	-	0	openldap	3	1000	76.938083	online/openldap-1/long-dn.json
read	user	long-password	userBind	-	0	openldap	1	1000	73.808541	online/openldap-1/long-password.json
read	user	long-password	userBindWrong	-	0	openldap	1	1000	77.472042	online/openldap-1/long-password.json
read	user	long-password	userBind	-	0	openldap	2	1000	69.906083	online/openldap-1/long-password.json
read	user	long-password	userBindWrong	-	0	openldap	2	1000	67.74725	online/openldap-1/long-password.json
read	user	long-password	userBind	-	0	openldap	3	1000	77.505833	online/openldap-1/long-password.json
read	user	long-password	userBindWrong	-	0	openldap	3	1000	66.6925	online/openldap-1/long-password.json
read	root	long-password	compareTrue	-	0	openldap	1	1000	70.145666	online/openldap-1/long-password.json
read	root	long-password	compareFalse	-	0	openldap	1	1000	73.880208	online/openldap-1/long-password.json
read	root	long-password	compareTrue	-	0	openldap	2	1000	78.224833	online/openldap-1/long-password.json
read	root	long-password	compareFalse	-	0	openldap	2	1000	73.690125	online/openldap-1/long-password.json
read	root	long-password	compareTrue	-	0	openldap	3	1000	70.621583	online/openldap-1/long-password.json
read	root	long-password	compareFalse	-	0	openldap	3	1000	71.820083	online/openldap-1/long-password.json
read	root	normalized-root	connect	-	0	openldap	1	1	0.145667	online/openldap-1/normalized-root-1.json
read	root	normalized-root	rootBind	-	0	openldap	1	1000	65.71229299999993	online/openldap-1/normalized-root-1.json
read	root	normalized-root	baseSearch	-	0	openldap	1	1000	84.54094300000003	online/openldap-1/normalized-root-1.json
read	root	normalized-root	indexedEquality	-	0	openldap	1	1000	89.39563899999987	online/openldap-1/normalized-root-1.json
read	root	normalized-root	compareTrue	-	0	openldap	1	1000	75.3259290000001	online/openldap-1/normalized-root-1.json
read	root	normalized-root	compareFalse	-	0	openldap	1	1000	79.75230700000007	online/openldap-1/normalized-root-1.json
read	root	normalized-root	connect	-	0	openldap	2	1	0.228833	online/openldap-1/normalized-root-2.json
read	root	normalized-root	rootBind	-	0	openldap	2	1000	67.21656999999998	online/openldap-1/normalized-root-2.json
read	root	normalized-root	baseSearch	-	0	openldap	2	1000	82.28427099999995	online/openldap-1/normalized-root-2.json
read	root	normalized-root	indexedEquality	-	0	openldap	2	1000	108.53348100000005	online/openldap-1/normalized-root-2.json
read	root	normalized-root	compareTrue	-	0	openldap	2	1000	73.64852799999998	online/openldap-1/normalized-root-2.json
read	root	normalized-root	compareFalse	-	0	openldap	2	1000	80.12629599999995	online/openldap-1/normalized-root-2.json
read	root	normalized-root	connect	-	0	openldap	3	1	0.193667	online/openldap-1/normalized-root-3.json
read	root	normalized-root	rootBind	-	0	openldap	3	1000	68.68548900000006	online/openldap-1/normalized-root-3.json
read	root	normalized-root	baseSearch	-	0	openldap	3	1000	94.02422499999989	online/openldap-1/normalized-root-3.json
read	root	normalized-root	indexedEquality	-	0	openldap	3	1000	92.60692699999998	online/openldap-1/normalized-root-3.json
read	root	normalized-root	compareTrue	-	0	openldap	3	1000	71.068125	online/openldap-1/normalized-root-3.json
read	root	normalized-root	compareFalse	-	0	openldap	3	1000	73.32658199999997	online/openldap-1/normalized-root-3.json
read	root	probe	connect	-	0	openldap	1	1	0.29675	online/openldap-1/probe-1.json
read	root	probe	rootBind	-	0	openldap	1	20	2.5296640000000004	online/openldap-1/probe-1.json
read	root	probe	baseSearch	-	0	openldap	1	20	2.934334	online/openldap-1/probe-1.json
read	root	probe	indexedEquality	-	0	openldap	1	20	2.489709	online/openldap-1/probe-1.json
read	root	probe	compareTrue	-	0	openldap	1	20	2.186709	online/openldap-1/probe-1.json
read	root	probe	compareFalse	-	0	openldap	1	20	2.6504980000000007	online/openldap-1/probe-1.json
read	root	probe	substringPrefix	-	0	openldap	1	20	659.6733320000002	online/openldap-1/probe-1.json
read	root	probe	substringNegative	-	0	openldap	1	20	636.699835	online/openldap-1/probe-1.json
read	root	probe	connect	-	0	openldap	2	1	0.29825	online/openldap-1/probe-2.json
read	root	probe	rootBind	-	0	openldap	2	20	3.409587000000001	online/openldap-1/probe-2.json
read	root	probe	baseSearch	-	0	openldap	2	20	3.0372889999999995	online/openldap-1/probe-2.json
read	root	probe	indexedEquality	-	0	openldap	2	20	3.224666	online/openldap-1/probe-2.json
read	root	probe	compareTrue	-	0	openldap	2	20	2.090084	online/openldap-1/probe-2.json
read	root	probe	compareFalse	-	0	openldap	2	20	2.0727089999999997	online/openldap-1/probe-2.json
read	root	probe	substringPrefix	-	0	openldap	2	20	620.55325	online/openldap-1/probe-2.json
read	root	probe	substringNegative	-	0	openldap	2	20	636.053374	online/openldap-1/probe-2.json
read	root	probe	connect	-	0	openldap	3	1	0.241375	online/openldap-1/probe-3.json
read	root	probe	rootBind	-	0	openldap	3	20	1.8000869999999998	online/openldap-1/probe-3.json
read	root	probe	baseSearch	-	0	openldap	3	20	2.19346	online/openldap-1/probe-3.json
read	root	probe	indexedEquality	-	0	openldap	3	20	2.1750410000000002	online/openldap-1/probe-3.json
read	root	probe	compareTrue	-	0	openldap	3	20	2.3645840000000002	online/openldap-1/probe-3.json
read	root	probe	compareFalse	-	0	openldap	3	20	1.852207	online/openldap-1/probe-3.json
read	root	probe	substringPrefix	-	0	openldap	3	20	661.144249	online/openldap-1/probe-3.json
read	root	probe	substringNegative	-	0	openldap	3	20	625.860501	online/openldap-1/probe-3.json
read	user	user-bind	userBind	-	0	openldap	1	1000	69.283917	online/openldap-1/user-bind.json
read	user	user-bind	userBindWrong	-	0	openldap	1	1000	67.504167	online/openldap-1/user-bind.json
read	user	user-bind	userBind	-	0	openldap	2	1000	66.596958	online/openldap-1/user-bind.json
read	user	user-bind	userBindWrong	-	0	openldap	2	1000	66.925208	online/openldap-1/user-bind.json
read	user	user-bind	userBind	-	0	openldap	3	1000	68.599083	online/openldap-1/user-bind.json
read	user	user-bind	userBindWrong	-	0	openldap	3	1000	67.9015	online/openldap-1/user-bind.json
read	root	fast	connect	-	0	openldap	4	1	1.719958	online/openldap-2/fast-1.json
read	root	fast	rootBind	-	0	openldap	4	1000	72.99659199999998	online/openldap-2/fast-1.json
read	root	fast	baseSearch	-	0	openldap	4	1000	86.17629100000003	online/openldap-2/fast-1.json
read	root	fast	indexedEquality	-	0	openldap	4	1000	138.9118129999999	online/openldap-2/fast-1.json
read	root	fast	compareTrue	-	0	openldap	4	1000	78.05484900000008	online/openldap-2/fast-1.json
read	root	fast	compareFalse	-	0	openldap	4	1000	79.801493	online/openldap-2/fast-1.json
read	root	fast	connect	-	0	openldap	5	1	0.178	online/openldap-2/fast-2.json
read	root	fast	rootBind	-	0	openldap	5	1000	101.43930300000017	online/openldap-2/fast-2.json
read	root	fast	baseSearch	-	0	openldap	5	1000	105.86258399999996	online/openldap-2/fast-2.json
read	root	fast	indexedEquality	-	0	openldap	5	1000	146.09982100000002	online/openldap-2/fast-2.json
read	root	fast	compareTrue	-	0	openldap	5	1000	83.83863800000002	online/openldap-2/fast-2.json
read	root	fast	compareFalse	-	0	openldap	5	1000	69.62565100000005	online/openldap-2/fast-2.json
read	root	fast	connect	-	0	openldap	6	1	0.154416	online/openldap-2/fast-3.json
read	root	fast	rootBind	-	0	openldap	6	1000	62.628193000000046	online/openldap-2/fast-3.json
read	root	fast	baseSearch	-	0	openldap	6	1000	79.00913199999992	online/openldap-2/fast-3.json
read	root	fast	indexedEquality	-	0	openldap	6	1000	86.53728999999998	online/openldap-2/fast-3.json
read	root	fast	compareTrue	-	0	openldap	6	1000	69.78388199999996	online/openldap-2/fast-3.json
read	root	fast	compareFalse	-	0	openldap	6	1000	72.21986600000007	online/openldap-2/fast-3.json
read	user	long-dn	userBind	-	0	openldap	4	1000	66.400708	online/openldap-2/long-dn.json
read	user	long-dn	userBindWrong	-	0	openldap	4	1000	83.569375	online/openldap-2/long-dn.json
read	user	long-dn	userBind	-	0	openldap	5	1000	69.981459	online/openldap-2/long-dn.json
read	user	long-dn	userBindWrong	-	0	openldap	5	1000	69.444291	online/openldap-2/long-dn.json
read	user	long-dn	userBind	-	0	openldap	6	1000	70.337	online/openldap-2/long-dn.json
read	user	long-dn	userBindWrong	-	0	openldap	6	1000	73.145917	online/openldap-2/long-dn.json
read	root	long-dn	compareTrue	-	0	openldap	4	1000	82.020584	online/openldap-2/long-dn.json
read	root	long-dn	compareFalse	-	0	openldap	4	1000	74.761917	online/openldap-2/long-dn.json
read	root	long-dn	compareTrue	-	0	openldap	5	1000	83.527125	online/openldap-2/long-dn.json
read	root	long-dn	compareFalse	-	0	openldap	5	1000	76.907375	online/openldap-2/long-dn.json
read	root	long-dn	compareTrue	-	0	openldap	6	1000	70.322459	online/openldap-2/long-dn.json
read	root	long-dn	compareFalse	-	0	openldap	6	1000	71.043708	online/openldap-2/long-dn.json
read	user	long-password	userBind	-	0	openldap	4	1000	236.530083	online/openldap-2/long-password.json
read	user	long-password	userBindWrong	-	0	openldap	4	1000	72.800167	online/openldap-2/long-password.json
read	user	long-password	userBind	-	0	openldap	5	1000	63.813916	online/openldap-2/long-password.json
read	user	long-password	userBindWrong	-	0	openldap	5	1000	67.790166	online/openldap-2/long-password.json
read	user	long-password	userBind	-	0	openldap	6	1000	129.16225	online/openldap-2/long-password.json
read	user	long-password	userBindWrong	-	0	openldap	6	1000	58.724042	online/openldap-2/long-password.json
read	root	long-password	compareTrue	-	0	openldap	4	1000	66.925042	online/openldap-2/long-password.json
read	root	long-password	compareFalse	-	0	openldap	4	1000	72.098417	online/openldap-2/long-password.json
read	root	long-password	compareTrue	-	0	openldap	5	1000	68.460708	online/openldap-2/long-password.json
read	root	long-password	compareFalse	-	0	openldap	5	1000	72.507125	online/openldap-2/long-password.json
read	root	long-password	compareTrue	-	0	openldap	6	1000	76.574042	online/openldap-2/long-password.json
read	root	long-password	compareFalse	-	0	openldap	6	1000	72.564167	online/openldap-2/long-password.json
read	root	normalized-root	connect	-	0	openldap	4	1	0.166583	online/openldap-2/normalized-root-1.json
read	root	normalized-root	rootBind	-	0	openldap	4	1000	80.37814299999991	online/openldap-2/normalized-root-1.json
read	root	normalized-root	baseSearch	-	0	openldap	4	1000	85.40422600000001	online/openldap-2/normalized-root-1.json
read	root	normalized-root	indexedEquality	-	0	openldap	4	1000	99.15431899999993	online/openldap-2/normalized-root-1.json
read	root	normalized-root	compareTrue	-	0	openldap	4	1000	76.18740499999993	online/openldap-2/normalized-root-1.json
read	root	normalized-root	compareFalse	-	0	openldap	4	1000	82.30734499999993	online/openldap-2/normalized-root-1.json
read	root	normalized-root	connect	-	0	openldap	5	1	0.17625	online/openldap-2/normalized-root-2.json
read	root	normalized-root	rootBind	-	0	openldap	5	1000	77.40425000000002	online/openldap-2/normalized-root-2.json
read	root	normalized-root	baseSearch	-	0	openldap	5	1000	94.09515800000014	online/openldap-2/normalized-root-2.json
read	root	normalized-root	indexedEquality	-	0	openldap	5	1000	111.46098199999992	online/openldap-2/normalized-root-2.json
read	root	normalized-root	compareTrue	-	0	openldap	5	1000	77.85858500000003	online/openldap-2/normalized-root-2.json
read	root	normalized-root	compareFalse	-	0	openldap	5	1000	72.27417300000005	online/openldap-2/normalized-root-2.json
read	root	normalized-root	connect	-	0	openldap	6	1	0.182417	online/openldap-2/normalized-root-3.json
read	root	normalized-root	rootBind	-	0	openldap	6	1000	65.79979300000008	online/openldap-2/normalized-root-3.json
read	root	normalized-root	baseSearch	-	0	openldap	6	1000	81.62483999999995	online/openldap-2/normalized-root-3.json
read	root	normalized-root	indexedEquality	-	0	openldap	6	1000	90.28842099999994	online/openldap-2/normalized-root-3.json
read	root	normalized-root	compareTrue	-	0	openldap	6	1000	73.09484599999993	online/openldap-2/normalized-root-3.json
read	root	normalized-root	compareFalse	-	0	openldap	6	1000	66.80075800000004	online/openldap-2/normalized-root-3.json
read	root	probe	connect	-	0	openldap	4	1	0.305041	online/openldap-2/probe-1.json
read	root	probe	rootBind	-	0	openldap	4	20	3.296414999999999	online/openldap-2/probe-1.json
read	root	probe	baseSearch	-	0	openldap	4	20	2.4243710000000003	online/openldap-2/probe-1.json
read	root	probe	indexedEquality	-	0	openldap	4	20	2.688708	online/openldap-2/probe-1.json
read	root	probe	compareTrue	-	0	openldap	4	20	2.035584	online/openldap-2/probe-1.json
read	root	probe	compareFalse	-	0	openldap	4	20	2.7299569999999993	online/openldap-2/probe-1.json
read	root	probe	substringPrefix	-	0	openldap	4	20	628.8607480000001	online/openldap-2/probe-1.json
read	root	probe	substringNegative	-	0	openldap	4	20	628.105338	online/openldap-2/probe-1.json
read	root	probe	connect	-	0	openldap	5	1	0.29025	online/openldap-2/probe-2.json
read	root	probe	rootBind	-	0	openldap	5	20	2.2451249999999994	online/openldap-2/probe-2.json
read	root	probe	baseSearch	-	0	openldap	5	20	2.9166269999999996	online/openldap-2/probe-2.json
read	root	probe	indexedEquality	-	0	openldap	5	20	2.4569179999999995	online/openldap-2/probe-2.json
read	root	probe	compareTrue	-	0	openldap	5	20	2.052834	online/openldap-2/probe-2.json
read	root	probe	compareFalse	-	0	openldap	5	20	2.408042	online/openldap-2/probe-2.json
read	root	probe	substringPrefix	-	0	openldap	5	20	619.431959	online/openldap-2/probe-2.json
read	root	probe	substringNegative	-	0	openldap	5	20	627.2385419999999	online/openldap-2/probe-2.json
read	root	probe	connect	-	0	openldap	6	1	0.285458	online/openldap-2/probe-3.json
read	root	probe	rootBind	-	0	openldap	6	20	2.7938750000000003	online/openldap-2/probe-3.json
read	root	probe	baseSearch	-	0	openldap	6	20	4.837039000000002	online/openldap-2/probe-3.json
read	root	probe	indexedEquality	-	0	openldap	6	20	3.05746	online/openldap-2/probe-3.json
read	root	probe	compareTrue	-	0	openldap	6	20	2.583499	online/openldap-2/probe-3.json
read	root	probe	compareFalse	-	0	openldap	6	20	2.6310429999999996	online/openldap-2/probe-3.json
read	root	probe	substringPrefix	-	0	openldap	6	20	635.914373	online/openldap-2/probe-3.json
read	root	probe	substringNegative	-	0	openldap	6	20	627.322416	online/openldap-2/probe-3.json
read	user	user-bind	userBind	-	0	openldap	4	1000	65.007334	online/openldap-2/user-bind.json
read	user	user-bind	userBindWrong	-	0	openldap	4	1000	68.182625	online/openldap-2/user-bind.json
read	user	user-bind	userBind	-	0	openldap	5	1000	67.820542	online/openldap-2/user-bind.json
read	user	user-bind	userBindWrong	-	0	openldap	5	1000	68.674917	online/openldap-2/user-bind.json
read	user	user-bind	userBind	-	0	openldap	6	1000	67.705041	online/openldap-2/user-bind.json
read	user	user-bind	userBindWrong	-	0	openldap	6	1000	67.868708	online/openldap-2/user-bind.json
read	root	fast	connect	-	0	openldap	7	1	0.156917	online/openldap-3/fast-1.json
read	root	fast	rootBind	-	0	openldap	7	1000	66.32966200000004	online/openldap-3/fast-1.json
read	root	fast	baseSearch	-	0	openldap	7	1000	81.14754399999997	online/openldap-3/fast-1.json
read	root	fast	indexedEquality	-	0	openldap	7	1000	86.82206300000006	online/openldap-3/fast-1.json
read	root	fast	compareTrue	-	0	openldap	7	1000	67.97460800000002	online/openldap-3/fast-1.json
read	root	fast	compareFalse	-	0	openldap	7	1000	67.611877	online/openldap-3/fast-1.json
read	root	fast	connect	-	0	openldap	8	1	0.2005	online/openldap-3/fast-2.json
read	root	fast	rootBind	-	0	openldap	8	1000	64.71750999999999	online/openldap-3/fast-2.json
read	root	fast	baseSearch	-	0	openldap	8	1000	79.319498	online/openldap-3/fast-2.json
read	root	fast	indexedEquality	-	0	openldap	8	1000	86.25571299999997	online/openldap-3/fast-2.json
read	root	fast	compareTrue	-	0	openldap	8	1000	68.96349899999997	online/openldap-3/fast-2.json
read	root	fast	compareFalse	-	0	openldap	8	1000	68.90941699999988	online/openldap-3/fast-2.json
read	root	fast	connect	-	0	openldap	9	1	0.210416	online/openldap-3/fast-3.json
read	root	fast	rootBind	-	0	openldap	9	1000	65.56718199999992	online/openldap-3/fast-3.json
read	root	fast	baseSearch	-	0	openldap	9	1000	81.76686300000001	online/openldap-3/fast-3.json
read	root	fast	indexedEquality	-	0	openldap	9	1000	96.63987999999988	online/openldap-3/fast-3.json
read	root	fast	compareTrue	-	0	openldap	9	1000	71.75307299999996	online/openldap-3/fast-3.json
read	root	fast	compareFalse	-	0	openldap	9	1000	81.87634399999988	online/openldap-3/fast-3.json
read	user	long-dn	userBind	-	0	openldap	7	1000	64.274	online/openldap-3/long-dn.json
read	user	long-dn	userBindWrong	-	0	openldap	7	1000	71.911125	online/openldap-3/long-dn.json
read	user	long-dn	userBind	-	0	openldap	8	1000	68.139709	online/openldap-3/long-dn.json
read	user	long-dn	userBindWrong	-	0	openldap	8	1000	70.012917	online/openldap-3/long-dn.json
read	user	long-dn	userBind	-	0	openldap	9	1000	132.860708	online/openldap-3/long-dn.json
read	user	long-dn	userBindWrong	-	0	openldap	9	1000	70.96775	online/openldap-3/long-dn.json
read	root	long-dn	compareTrue	-	0	openldap	7	1000	72.010584	online/openldap-3/long-dn.json
read	root	long-dn	compareFalse	-	0	openldap	7	1000	67.7525	online/openldap-3/long-dn.json
read	root	long-dn	compareTrue	-	0	openldap	8	1000	69.272375	online/openldap-3/long-dn.json
read	root	long-dn	compareFalse	-	0	openldap	8	1000	76.579083	online/openldap-3/long-dn.json
read	root	long-dn	compareTrue	-	0	openldap	9	1000	74.316834	online/openldap-3/long-dn.json
read	root	long-dn	compareFalse	-	0	openldap	9	1000	75.482291	online/openldap-3/long-dn.json
read	user	long-password	userBind	-	0	openldap	7	1000	64.201542	online/openldap-3/long-password.json
read	user	long-password	userBindWrong	-	0	openldap	7	1000	84.192583	online/openldap-3/long-password.json
read	user	long-password	userBind	-	0	openldap	8	1000	92.3895	online/openldap-3/long-password.json
read	user	long-password	userBindWrong	-	0	openldap	8	1000	97.504208	online/openldap-3/long-password.json
read	user	long-password	userBind	-	0	openldap	9	1000	76.446791	online/openldap-3/long-password.json
read	user	long-password	userBindWrong	-	0	openldap	9	1000	77.553459	online/openldap-3/long-password.json
read	root	long-password	compareTrue	-	0	openldap	7	1000	66.593375	online/openldap-3/long-password.json
read	root	long-password	compareFalse	-	0	openldap	7	1000	55.887792	online/openldap-3/long-password.json
read	root	long-password	compareTrue	-	0	openldap	8	1000	74.163625	online/openldap-3/long-password.json
read	root	long-password	compareFalse	-	0	openldap	8	1000	71.485125	online/openldap-3/long-password.json
read	root	long-password	compareTrue	-	0	openldap	9	1000	71.859292	online/openldap-3/long-password.json
read	root	long-password	compareFalse	-	0	openldap	9	1000	70.883458	online/openldap-3/long-password.json
read	root	normalized-root	connect	-	0	openldap	7	1	0.24425	online/openldap-3/normalized-root-1.json
read	root	normalized-root	rootBind	-	0	openldap	7	1000	71.66961199999997	online/openldap-3/normalized-root-1.json
read	root	normalized-root	baseSearch	-	0	openldap	7	1000	76.10300199999985	online/openldap-3/normalized-root-1.json
read	root	normalized-root	indexedEquality	-	0	openldap	7	1000	94.69386599999994	online/openldap-3/normalized-root-1.json
read	root	normalized-root	compareTrue	-	0	openldap	7	1000	90.03003599999998	online/openldap-3/normalized-root-1.json
read	root	normalized-root	compareFalse	-	0	openldap	7	1000	83.41998899999992	online/openldap-3/normalized-root-1.json
read	root	normalized-root	connect	-	0	openldap	8	1	0.223167	online/openldap-3/normalized-root-2.json
read	root	normalized-root	rootBind	-	0	openldap	8	1000	74.79934300000002	online/openldap-3/normalized-root-2.json
read	root	normalized-root	baseSearch	-	0	openldap	8	1000	84.21513299999991	online/openldap-3/normalized-root-2.json
read	root	normalized-root	indexedEquality	-	0	openldap	8	1000	95.01648800000021	online/openldap-3/normalized-root-2.json
read	root	normalized-root	compareTrue	-	0	openldap	8	1000	103.95507300000003	online/openldap-3/normalized-root-2.json
read	root	normalized-root	compareFalse	-	0	openldap	8	1000	67.85780799999996	online/openldap-3/normalized-root-2.json
read	root	normalized-root	connect	-	0	openldap	9	1	0.157417	online/openldap-3/normalized-root-3.json
read	root	normalized-root	rootBind	-	0	openldap	9	1000	69.64303700000004	online/openldap-3/normalized-root-3.json
read	root	normalized-root	baseSearch	-	0	openldap	9	1000	86.40873599999998	online/openldap-3/normalized-root-3.json
read	root	normalized-root	indexedEquality	-	0	openldap	9	1000	88.96578000000005	online/openldap-3/normalized-root-3.json
read	root	normalized-root	compareTrue	-	0	openldap	9	1000	89.43823699999997	online/openldap-3/normalized-root-3.json
read	root	normalized-root	compareFalse	-	0	openldap	9	1000	79.56358499999996	online/openldap-3/normalized-root-3.json
read	root	probe	connect	-	0	openldap	7	1	0.292792	online/openldap-3/probe-1.json
read	root	probe	rootBind	-	0	openldap	7	20	2.7450819999999996	online/openldap-3/probe-1.json
read	root	probe	baseSearch	-	0	openldap	7	20	2.714417	online/openldap-3/probe-1.json
read	root	probe	indexedEquality	-	0	openldap	7	20	3.212621	online/openldap-3/probe-1.json
read	root	probe	compareTrue	-	0	openldap	7	20	2.322541	online/openldap-3/probe-1.json
read	root	probe	compareFalse	-	0	openldap	7	20	1.8850839999999998	online/openldap-3/probe-1.json
read	root	probe	substringPrefix	-	0	openldap	7	20	619.9035820000001	online/openldap-3/probe-1.json
read	root	probe	substringNegative	-	0	openldap	7	20	637.808041	online/openldap-3/probe-1.json
read	root	probe	connect	-	0	openldap	8	1	0.27975	online/openldap-3/probe-2.json
read	root	probe	rootBind	-	0	openldap	8	20	2.165877	online/openldap-3/probe-2.json
read	root	probe	baseSearch	-	0	openldap	8	20	2.122669	online/openldap-3/probe-2.json
read	root	probe	indexedEquality	-	0	openldap	8	20	2.625336	online/openldap-3/probe-2.json
read	root	probe	compareTrue	-	0	openldap	8	20	2.4492089999999997	online/openldap-3/probe-2.json
read	root	probe	compareFalse	-	0	openldap	8	20	2.690871	online/openldap-3/probe-2.json
read	root	probe	substringPrefix	-	0	openldap	8	20	658.102999	online/openldap-3/probe-2.json
read	root	probe	substringNegative	-	0	openldap	8	20	666.502127	online/openldap-3/probe-2.json
read	root	probe	connect	-	0	openldap	9	1	0.302625	online/openldap-3/probe-3.json
read	root	probe	rootBind	-	0	openldap	9	20	3.074791	online/openldap-3/probe-3.json
read	root	probe	baseSearch	-	0	openldap	9	20	2.986917	online/openldap-3/probe-3.json
read	root	probe	indexedEquality	-	0	openldap	9	20	3.040458	online/openldap-3/probe-3.json
read	root	probe	compareTrue	-	0	openldap	9	20	2.588954	online/openldap-3/probe-3.json
read	root	probe	compareFalse	-	0	openldap	9	20	1.638039	online/openldap-3/probe-3.json
read	root	probe	substringPrefix	-	0	openldap	9	20	628.7824989999999	online/openldap-3/probe-3.json
read	root	probe	substringNegative	-	0	openldap	9	20	668.187586	online/openldap-3/probe-3.json
read	user	user-bind	userBind	-	0	openldap	7	1000	76.6145	online/openldap-3/user-bind.json
read	user	user-bind	userBindWrong	-	0	openldap	7	1000	72.980584	online/openldap-3/user-bind.json
read	user	user-bind	userBind	-	0	openldap	8	1000	71.621292	online/openldap-3/user-bind.json
read	user	user-bind	userBindWrong	-	0	openldap	8	1000	69.123667	online/openldap-3/user-bind.json
read	user	user-bind	userBind	-	0	openldap	9	1000	66.659791	online/openldap-3/user-bind.json
read	user	user-bind	userBindWrong	-	0	openldap	9	1000	66.994042	online/openldap-3/user-bind.json
root	root	literal	rootBind	simple_bind_root	0	before	1	1000	73.86125600000003	root-paired/literal.json
root	root	literal	rootBind	simple_bind_root	0	current	1	1000	75.08129200000002	root-paired/literal.json
root	root	literal	rootBind	simple_bind_root	0	openldap	1	1000	71.6404820000001	root-paired/literal.json
root	root	literal	rootBind	simple_bind_root	0	before	2	1000	81.34728299999998	root-paired/literal.json
root	root	literal	rootBind	simple_bind_root	0	current	2	1000	82.42808400000017	root-paired/literal.json
root	root	literal	rootBind	simple_bind_root	0	openldap	2	1000	79.02140700000012	root-paired/literal.json
root	root	literal	rootBind	simple_bind_root	0	before	3	1000	85.36341200000004	root-paired/literal.json
root	root	literal	rootBind	simple_bind_root	0	current	3	1000	89.65304399999997	root-paired/literal.json
root	root	literal	rootBind	simple_bind_root	0	openldap	3	1000	84.90731799999985	root-paired/literal.json
root	root	literal	rootBind	simple_bind_root	0	before	4	1000	72.75503500000003	root-paired/literal.json
root	root	literal	rootBind	simple_bind_root	0	current	4	1000	73.00810100000014	root-paired/literal.json
root	root	literal	rootBind	simple_bind_root	0	openldap	4	1000	70.217995	root-paired/literal.json
root	root	literal	rootBind	simple_bind_root	0	before	5	1000	72.81031300000011	root-paired/literal.json
root	root	literal	rootBind	simple_bind_root	0	current	5	1000	71.73295399999992	root-paired/literal.json
root	root	literal	rootBind	simple_bind_root	0	openldap	5	1000	70.41593000000007	root-paired/literal.json
root	root	literal	rootBind	simple_bind_root	0	before	6	1000	75.6034299999999	root-paired/literal.json
root	root	literal	rootBind	simple_bind_root	0	current	6	1000	78.13858799999997	root-paired/literal.json
root	root	literal	rootBind	simple_bind_root	0	openldap	6	1000	74.05241999999987	root-paired/literal.json
root	root	literal	rootBind	simple_bind_root	0	before	7	1000	73.138443	root-paired/literal.json
root	root	literal	rootBind	simple_bind_root	0	current	7	1000	72.969966	root-paired/literal.json
root	root	literal	rootBind	simple_bind_root	0	openldap	7	1000	70.57300699999996	root-paired/literal.json
root	root	literal	rootBase	base_objectclass_root	0	before	1	1000	106.80668100000005	root-paired/literal.json
root	root	literal	rootBase	base_objectclass_root	0	current	1	1000	106.0219120000001	root-paired/literal.json
root	root	literal	rootBase	base_objectclass_root	0	openldap	1	1000	90.26161199999993	root-paired/literal.json
root	root	literal	rootBase	base_objectclass_root	0	before	2	1000	109.268414	root-paired/literal.json
root	root	literal	rootBase	base_objectclass_root	0	current	2	1000	106.44478400000001	root-paired/literal.json
root	root	literal	rootBase	base_objectclass_root	0	openldap	2	1000	90.0105119999999	root-paired/literal.json
root	root	literal	rootBase	base_objectclass_root	0	before	3	1000	107.30075300000006	root-paired/literal.json
root	root	literal	rootBase	base_objectclass_root	0	current	3	1000	105.68985099999996	root-paired/literal.json
root	root	literal	rootBase	base_objectclass_root	0	openldap	3	1000	86.29650499999998	root-paired/literal.json
root	root	literal	rootBase	base_objectclass_root	0	before	4	1000	103.25340799999984	root-paired/literal.json
root	root	literal	rootBase	base_objectclass_root	0	current	4	1000	103.7384769999999	root-paired/literal.json
root	root	literal	rootBase	base_objectclass_root	0	openldap	4	1000	87.25775100000001	root-paired/literal.json
root	root	literal	rootBase	base_objectclass_root	0	before	5	1000	104.63572799999993	root-paired/literal.json
root	root	literal	rootBase	base_objectclass_root	0	current	5	1000	102.9533890000001	root-paired/literal.json
root	root	literal	rootBase	base_objectclass_root	0	openldap	5	1000	88.8831769999998	root-paired/literal.json
root	root	literal	rootBase	base_objectclass_root	0	before	6	1000	104.9216199999999	root-paired/literal.json
root	root	literal	rootBase	base_objectclass_root	0	current	6	1000	103.93187499999996	root-paired/literal.json
root	root	literal	rootBase	base_objectclass_root	0	openldap	6	1000	87.73159000000004	root-paired/literal.json
root	root	literal	rootBase	base_objectclass_root	0	before	7	1000	100.43130799999993	root-paired/literal.json
root	root	literal	rootBase	base_objectclass_root	0	current	7	1000	101.71478699999992	root-paired/literal.json
root	root	literal	rootBase	base_objectclass_root	0	openldap	7	1000	83.10420499999992	root-paired/literal.json
root	root	literal	rootEquality	subtree_uid_equality_root	0	before	1	1000	239.99850499999968	root-paired/literal.json
root	root	literal	rootEquality	subtree_uid_equality_root	0	current	1	1000	238.46882699999995	root-paired/literal.json
root	root	literal	rootEquality	subtree_uid_equality_root	0	openldap	1	1000	142.61435099999994	root-paired/literal.json
root	root	literal	rootEquality	subtree_uid_equality_root	0	before	2	1000	113.20589600000017	root-paired/literal.json
root	root	literal	rootEquality	subtree_uid_equality_root	0	current	2	1000	113.59019399999995	root-paired/literal.json
root	root	literal	rootEquality	subtree_uid_equality_root	0	openldap	2	1000	93.06962100000003	root-paired/literal.json
root	root	literal	rootEquality	subtree_uid_equality_root	0	before	3	1000	118.033445	root-paired/literal.json
root	root	literal	rootEquality	subtree_uid_equality_root	0	current	3	1000	120.71542099999984	root-paired/literal.json
root	root	literal	rootEquality	subtree_uid_equality_root	0	openldap	3	1000	96.7821240000001	root-paired/literal.json
root	root	literal	rootEquality	subtree_uid_equality_root	0	before	4	1000	111.84032099999999	root-paired/literal.json
root	root	literal	rootEquality	subtree_uid_equality_root	0	current	4	1000	112.18980799999997	root-paired/literal.json
root	root	literal	rootEquality	subtree_uid_equality_root	0	openldap	4	1000	91.65910400000014	root-paired/literal.json
root	root	literal	rootEquality	subtree_uid_equality_root	0	before	5	1000	115.92791100000011	root-paired/literal.json
root	root	literal	rootEquality	subtree_uid_equality_root	0	current	5	1000	115.38466000000018	root-paired/literal.json
root	root	literal	rootEquality	subtree_uid_equality_root	0	openldap	5	1000	97.65355299999999	root-paired/literal.json
root	root	literal	rootEquality	subtree_uid_equality_root	0	before	6	1000	114.58049799999992	root-paired/literal.json
root	root	literal	rootEquality	subtree_uid_equality_root	0	current	6	1000	112.11303500000002	root-paired/literal.json
root	root	literal	rootEquality	subtree_uid_equality_root	0	openldap	6	1000	94.57240199999998	root-paired/literal.json
root	root	literal	rootEquality	subtree_uid_equality_root	0	before	7	1000	115.39326499999997	root-paired/literal.json
root	root	literal	rootEquality	subtree_uid_equality_root	0	current	7	1000	114.8397039999999	root-paired/literal.json
root	root	literal	rootEquality	subtree_uid_equality_root	0	openldap	7	1000	95.11182300000013	root-paired/literal.json
root	root	literal	rootCompareTrue	compare_uid_true_root	0	before	1	1000	117.15941200000003	root-paired/literal.json
root	root	literal	rootCompareTrue	compare_uid_true_root	0	current	1	1000	115.47099099999998	root-paired/literal.json
root	root	literal	rootCompareTrue	compare_uid_true_root	0	openldap	1	1000	84.50996199999997	root-paired/literal.json
root	root	literal	rootCompareTrue	compare_uid_true_root	0	before	2	1000	111.51237399999998	root-paired/literal.json
root	root	literal	rootCompareTrue	compare_uid_true_root	0	current	2	1000	111.93597700000012	root-paired/literal.json
root	root	literal	rootCompareTrue	compare_uid_true_root	0	openldap	2	1000	80.80179699999991	root-paired/literal.json
root	root	literal	rootCompareTrue	compare_uid_true_root	0	before	3	1000	112.06932599999998	root-paired/literal.json
root	root	literal	rootCompareTrue	compare_uid_true_root	0	current	3	1000	109.27416399999984	root-paired/literal.json
root	root	literal	rootCompareTrue	compare_uid_true_root	0	openldap	3	1000	79.24274599999997	root-paired/literal.json
root	root	literal	rootCompareTrue	compare_uid_true_root	0	before	4	1000	107.48358200000001	root-paired/literal.json
root	root	literal	rootCompareTrue	compare_uid_true_root	0	current	4	1000	107.05031499999991	root-paired/literal.json
root	root	literal	rootCompareTrue	compare_uid_true_root	0	openldap	4	1000	80.73603299999998	root-paired/literal.json
root	root	literal	rootCompareTrue	compare_uid_true_root	0	before	5	1000	107.6206450000003	root-paired/literal.json
root	root	literal	rootCompareTrue	compare_uid_true_root	0	current	5	1000	108.41919400000012	root-paired/literal.json
root	root	literal	rootCompareTrue	compare_uid_true_root	0	openldap	5	1000	79.050625	root-paired/literal.json
root	root	literal	rootCompareTrue	compare_uid_true_root	0	before	6	1000	106.46699600000014	root-paired/literal.json
root	root	literal	rootCompareTrue	compare_uid_true_root	0	current	6	1000	105.59107000000017	root-paired/literal.json
root	root	literal	rootCompareTrue	compare_uid_true_root	0	openldap	6	1000	76.45391199999996	root-paired/literal.json
root	root	literal	rootCompareTrue	compare_uid_true_root	0	before	7	1000	104.13129399999993	root-paired/literal.json
root	root	literal	rootCompareTrue	compare_uid_true_root	0	current	7	1000	103.56624900000023	root-paired/literal.json
root	root	literal	rootCompareTrue	compare_uid_true_root	0	openldap	7	1000	75.39886200000012	root-paired/literal.json
root	root	literal	rootCompareFalse	compare_uid_false_root	0	before	1	1000	104.88100899999998	root-paired/literal.json
root	root	literal	rootCompareFalse	compare_uid_false_root	0	current	1	1000	102.34451300000018	root-paired/literal.json
root	root	literal	rootCompareFalse	compare_uid_false_root	0	openldap	1	1000	76.24680300000011	root-paired/literal.json
root	root	literal	rootCompareFalse	compare_uid_false_root	0	before	2	1000	101.6455390000001	root-paired/literal.json
root	root	literal	rootCompareFalse	compare_uid_false_root	0	current	2	1000	101.23269800000006	root-paired/literal.json
root	root	literal	rootCompareFalse	compare_uid_false_root	0	openldap	2	1000	77.39542300000005	root-paired/literal.json
root	root	literal	rootCompareFalse	compare_uid_false_root	0	before	3	1000	104.60787599999983	root-paired/literal.json
root	root	literal	rootCompareFalse	compare_uid_false_root	0	current	3	1000	105.185432	root-paired/literal.json
root	root	literal	rootCompareFalse	compare_uid_false_root	0	openldap	3	1000	76.13580099999997	root-paired/literal.json
root	root	literal	rootCompareFalse	compare_uid_false_root	0	before	4	1000	104.98910799999989	root-paired/literal.json
root	root	literal	rootCompareFalse	compare_uid_false_root	0	current	4	1000	103.33496600000004	root-paired/literal.json
root	root	literal	rootCompareFalse	compare_uid_false_root	0	openldap	4	1000	78.37125199999997	root-paired/literal.json
root	root	literal	rootCompareFalse	compare_uid_false_root	0	before	5	1000	112.68791500000006	root-paired/literal.json
root	root	literal	rootCompareFalse	compare_uid_false_root	0	current	5	1000	113.89298199999996	root-paired/literal.json
root	root	literal	rootCompareFalse	compare_uid_false_root	0	openldap	5	1000	82.76679900000002	root-paired/literal.json
root	root	literal	rootCompareFalse	compare_uid_false_root	0	before	6	1000	103.05086499999994	root-paired/literal.json
root	root	literal	rootCompareFalse	compare_uid_false_root	0	current	6	1000	102.22691800000014	root-paired/literal.json
root	root	literal	rootCompareFalse	compare_uid_false_root	0	openldap	6	1000	74.793749	root-paired/literal.json
root	root	literal	rootCompareFalse	compare_uid_false_root	0	before	7	1000	102.29718999999999	root-paired/literal.json
root	root	literal	rootCompareFalse	compare_uid_false_root	0	current	7	1000	101.78739300000014	root-paired/literal.json
root	root	literal	rootCompareFalse	compare_uid_false_root	0	openldap	7	1000	75.75255699999995	root-paired/literal.json
root	root	normalized	rootBind	simple_bind_root	0	before	1	1000	71.38531700000007	root-paired/normalized.json
root	root	normalized	rootBind	simple_bind_root	0	current	1	1000	71.77716599999997	root-paired/normalized.json
root	root	normalized	rootBind	simple_bind_root	0	openldap	1	1000	69.10854000000003	root-paired/normalized.json
root	root	normalized	rootBind	simple_bind_root	0	before	2	1000	68.38736700000004	root-paired/normalized.json
root	root	normalized	rootBind	simple_bind_root	0	current	2	1000	69.62116299999985	root-paired/normalized.json
root	root	normalized	rootBind	simple_bind_root	0	openldap	2	1000	67.252843	root-paired/normalized.json
root	root	normalized	rootBind	simple_bind_root	0	before	3	1000	71.0216500000001	root-paired/normalized.json
root	root	normalized	rootBind	simple_bind_root	0	current	3	1000	72.28460700000005	root-paired/normalized.json
root	root	normalized	rootBind	simple_bind_root	0	openldap	3	1000	69.88540800000008	root-paired/normalized.json
root	root	normalized	rootBind	simple_bind_root	0	before	4	1000	71.41399200000002	root-paired/normalized.json
root	root	normalized	rootBind	simple_bind_root	0	current	4	1000	69.56492300000001	root-paired/normalized.json
root	root	normalized	rootBind	simple_bind_root	0	openldap	4	1000	67.25045300000006	root-paired/normalized.json
root	root	normalized	rootBind	simple_bind_root	0	before	5	1000	69.90197100000002	root-paired/normalized.json
root	root	normalized	rootBind	simple_bind_root	0	current	5	1000	70.090574	root-paired/normalized.json
root	root	normalized	rootBind	simple_bind_root	0	openldap	5	1000	67.83762299999995	root-paired/normalized.json
root	root	normalized	rootBind	simple_bind_root	0	before	6	1000	69.67184500000005	root-paired/normalized.json
root	root	normalized	rootBind	simple_bind_root	0	current	6	1000	70.655074	root-paired/normalized.json
root	root	normalized	rootBind	simple_bind_root	0	openldap	6	1000	68.85582199999997	root-paired/normalized.json
root	root	normalized	rootBind	simple_bind_root	0	before	7	1000	73.75734899999992	root-paired/normalized.json
root	root	normalized	rootBind	simple_bind_root	0	current	7	1000	74.07927400000007	root-paired/normalized.json
root	root	normalized	rootBind	simple_bind_root	0	openldap	7	1000	70.44636699999994	root-paired/normalized.json
root	root	normalized	rootBase	base_objectclass_root	0	before	1	1000	111.03419800000003	root-paired/normalized.json
root	root	normalized	rootBase	base_objectclass_root	0	current	1	1000	110.68177000000003	root-paired/normalized.json
root	root	normalized	rootBase	base_objectclass_root	0	openldap	1	1000	91.08340600000015	root-paired/normalized.json
root	root	normalized	rootBase	base_objectclass_root	0	before	2	1000	107.63273899999996	root-paired/normalized.json
root	root	normalized	rootBase	base_objectclass_root	0	current	2	1000	107.35887900000009	root-paired/normalized.json
root	root	normalized	rootBase	base_objectclass_root	0	openldap	2	1000	86.164234	root-paired/normalized.json
root	root	normalized	rootBase	base_objectclass_root	0	before	3	1000	109.45951400000011	root-paired/normalized.json
root	root	normalized	rootBase	base_objectclass_root	0	current	3	1000	112.03154499999991	root-paired/normalized.json
root	root	normalized	rootBase	base_objectclass_root	0	openldap	3	1000	88.4288120000001	root-paired/normalized.json
root	root	normalized	rootBase	base_objectclass_root	0	before	4	1000	107.19968600000006	root-paired/normalized.json
root	root	normalized	rootBase	base_objectclass_root	0	current	4	1000	107.02445299999981	root-paired/normalized.json
root	root	normalized	rootBase	base_objectclass_root	0	openldap	4	1000	86.8116850000001	root-paired/normalized.json
root	root	normalized	rootBase	base_objectclass_root	0	before	5	1000	107.99053999999981	root-paired/normalized.json
root	root	normalized	rootBase	base_objectclass_root	0	current	5	1000	106.88762299999999	root-paired/normalized.json
root	root	normalized	rootBase	base_objectclass_root	0	openldap	5	1000	87.12376499999999	root-paired/normalized.json
root	root	normalized	rootBase	base_objectclass_root	0	before	6	1000	112.71017299999998	root-paired/normalized.json
root	root	normalized	rootBase	base_objectclass_root	0	current	6	1000	114.1713679999999	root-paired/normalized.json
root	root	normalized	rootBase	base_objectclass_root	0	openldap	6	1000	90.82164000000002	root-paired/normalized.json
root	root	normalized	rootBase	base_objectclass_root	0	before	7	1000	112.75089500000006	root-paired/normalized.json
root	root	normalized	rootBase	base_objectclass_root	0	current	7	1000	112.94391200000003	root-paired/normalized.json
root	root	normalized	rootBase	base_objectclass_root	0	openldap	7	1000	90.37985900000005	root-paired/normalized.json
root	root	normalized	rootEquality	subtree_uid_equality_root	0	before	1	1000	119.72923	root-paired/normalized.json
root	root	normalized	rootEquality	subtree_uid_equality_root	0	current	1	1000	119.63689500000008	root-paired/normalized.json
root	root	normalized	rootEquality	subtree_uid_equality_root	0	openldap	1	1000	97.06949799999981	root-paired/normalized.json
root	root	normalized	rootEquality	subtree_uid_equality_root	0	before	2	1000	121.15924300000002	root-paired/normalized.json
root	root	normalized	rootEquality	subtree_uid_equality_root	0	current	2	1000	117.48831300000002	root-paired/normalized.json
root	root	normalized	rootEquality	subtree_uid_equality_root	0	openldap	2	1000	94.01120000000006	root-paired/normalized.json
root	root	normalized	rootEquality	subtree_uid_equality_root	0	before	3	1000	134.94786900000014	root-paired/normalized.json
root	root	normalized	rootEquality	subtree_uid_equality_root	0	current	3	1000	139.38420000000002	root-paired/normalized.json
root	root	normalized	rootEquality	subtree_uid_equality_root	0	openldap	3	1000	116.12179199999996	root-paired/normalized.json
root	root	normalized	rootEquality	subtree_uid_equality_root	0	before	4	1000	113.89562499999985	root-paired/normalized.json
root	root	normalized	rootEquality	subtree_uid_equality_root	0	current	4	1000	111.61199899999997	root-paired/normalized.json
root	root	normalized	rootEquality	subtree_uid_equality_root	0	openldap	4	1000	90.06825199999997	root-paired/normalized.json
root	root	normalized	rootEquality	subtree_uid_equality_root	0	before	5	1000	108.20428500000007	root-paired/normalized.json
root	root	normalized	rootEquality	subtree_uid_equality_root	0	current	5	1000	109.76734200000006	root-paired/normalized.json
root	root	normalized	rootEquality	subtree_uid_equality_root	0	openldap	5	1000	86.60499400000006	root-paired/normalized.json
root	root	normalized	rootEquality	subtree_uid_equality_root	0	before	6	1000	110.47325399999987	root-paired/normalized.json
root	root	normalized	rootEquality	subtree_uid_equality_root	0	current	6	1000	109.22942299999997	root-paired/normalized.json
root	root	normalized	rootEquality	subtree_uid_equality_root	0	openldap	6	1000	87.97996199999993	root-paired/normalized.json
root	root	normalized	rootEquality	subtree_uid_equality_root	0	before	7	1000	106.82328399999984	root-paired/normalized.json
root	root	normalized	rootEquality	subtree_uid_equality_root	0	current	7	1000	106.13135199999999	root-paired/normalized.json
root	root	normalized	rootEquality	subtree_uid_equality_root	0	openldap	7	1000	85.56501900000004	root-paired/normalized.json
root	root	normalized	rootCompareTrue	compare_uid_true_root	0	before	1	1000	110.97597899999994	root-paired/normalized.json
root	root	normalized	rootCompareTrue	compare_uid_true_root	0	current	1	1000	108.48758199999989	root-paired/normalized.json
root	root	normalized	rootCompareTrue	compare_uid_true_root	0	openldap	1	1000	77.7716170000001	root-paired/normalized.json
root	root	normalized	rootCompareTrue	compare_uid_true_root	0	before	2	1000	106.83551400000003	root-paired/normalized.json
root	root	normalized	rootCompareTrue	compare_uid_true_root	0	current	2	1000	105.83625199999994	root-paired/normalized.json
root	root	normalized	rootCompareTrue	compare_uid_true_root	0	openldap	2	1000	74.33874400000006	root-paired/normalized.json
root	root	normalized	rootCompareTrue	compare_uid_true_root	0	before	3	1000	106.85523199999994	root-paired/normalized.json
root	root	normalized	rootCompareTrue	compare_uid_true_root	0	current	3	1000	102.95698700000008	root-paired/normalized.json
root	root	normalized	rootCompareTrue	compare_uid_true_root	0	openldap	3	1000	74.35444900000007	root-paired/normalized.json
root	root	normalized	rootCompareTrue	compare_uid_true_root	0	before	4	1000	106.01608899999988	root-paired/normalized.json
root	root	normalized	rootCompareTrue	compare_uid_true_root	0	current	4	1000	105.07034399999993	root-paired/normalized.json
root	root	normalized	rootCompareTrue	compare_uid_true_root	0	openldap	4	1000	74.73653200000004	root-paired/normalized.json
root	root	normalized	rootCompareTrue	compare_uid_true_root	0	before	5	1000	105.54707899999984	root-paired/normalized.json
root	root	normalized	rootCompareTrue	compare_uid_true_root	0	current	5	1000	105.5455389999999	root-paired/normalized.json
root	root	normalized	rootCompareTrue	compare_uid_true_root	0	openldap	5	1000	74.67670699999996	root-paired/normalized.json
root	root	normalized	rootCompareTrue	compare_uid_true_root	0	before	6	1000	107.6436890000001	root-paired/normalized.json
root	root	normalized	rootCompareTrue	compare_uid_true_root	0	current	6	1000	104.550796	root-paired/normalized.json
root	root	normalized	rootCompareTrue	compare_uid_true_root	0	openldap	6	1000	74.08922699999988	root-paired/normalized.json
root	root	normalized	rootCompareTrue	compare_uid_true_root	0	before	7	1000	100.70981499999999	root-paired/normalized.json
root	root	normalized	rootCompareTrue	compare_uid_true_root	0	current	7	1000	100.96667200000002	root-paired/normalized.json
root	root	normalized	rootCompareTrue	compare_uid_true_root	0	openldap	7	1000	72.34114799999995	root-paired/normalized.json
root	root	normalized	rootCompareFalse	compare_uid_false_root	0	before	1	1000	105.52051099999991	root-paired/normalized.json
root	root	normalized	rootCompareFalse	compare_uid_false_root	0	current	1	1000	109.95987299999999	root-paired/normalized.json
root	root	normalized	rootCompareFalse	compare_uid_false_root	0	openldap	1	1000	73.59832800000007	root-paired/normalized.json
root	root	normalized	rootCompareFalse	compare_uid_false_root	0	before	2	1000	104.92914900000008	root-paired/normalized.json
root	root	normalized	rootCompareFalse	compare_uid_false_root	0	current	2	1000	103.40154299999996	root-paired/normalized.json
root	root	normalized	rootCompareFalse	compare_uid_false_root	0	openldap	2	1000	74.92005400000006	root-paired/normalized.json
root	root	normalized	rootCompareFalse	compare_uid_false_root	0	before	3	1000	105.25949399999999	root-paired/normalized.json
root	root	normalized	rootCompareFalse	compare_uid_false_root	0	current	3	1000	103.44572	root-paired/normalized.json
root	root	normalized	rootCompareFalse	compare_uid_false_root	0	openldap	3	1000	75.37599600000006	root-paired/normalized.json
root	root	normalized	rootCompareFalse	compare_uid_false_root	0	before	4	1000	109.04733199999995	root-paired/normalized.json
root	root	normalized	rootCompareFalse	compare_uid_false_root	0	current	4	1000	106.93608499999996	root-paired/normalized.json
root	root	normalized	rootCompareFalse	compare_uid_false_root	0	openldap	4	1000	77.80359499999994	root-paired/normalized.json
root	root	normalized	rootCompareFalse	compare_uid_false_root	0	before	5	1000	109.13035800000007	root-paired/normalized.json
root	root	normalized	rootCompareFalse	compare_uid_false_root	0	current	5	1000	110.34098800000005	root-paired/normalized.json
root	root	normalized	rootCompareFalse	compare_uid_false_root	0	openldap	5	1000	81.31818399999997	root-paired/normalized.json
root	root	normalized	rootCompareFalse	compare_uid_false_root	0	before	6	1000	108.56806200000003	root-paired/normalized.json
root	root	normalized	rootCompareFalse	compare_uid_false_root	0	current	6	1000	105.41236199999996	root-paired/normalized.json
root	root	normalized	rootCompareFalse	compare_uid_false_root	0	openldap	6	1000	76.19941599999986	root-paired/normalized.json
root	root	normalized	rootCompareFalse	compare_uid_false_root	0	before	7	1000	107.08977700000005	root-paired/normalized.json
root	root	normalized	rootCompareFalse	compare_uid_false_root	0	current	7	1000	103.98949900000005	root-paired/normalized.json
root	root	normalized	rootCompareFalse	compare_uid_false_root	0	openldap	7	1000	75.10377299999999	root-paired/normalized.json
write-recheck	root	fixed-DN	connect	-	0	before	1	1	2.845875	write-recheck/before-1/probe.json
write-recheck	root	fixed-DN	rootBind	-	0	before	1	2	1.038666	write-recheck/before-1/probe.json
write-recheck	root	fixed-DN	baseSearch	-	0	before	1	2	2.428	write-recheck/before-1/probe.json
write-recheck	root	fixed-DN	indexedEquality	-	0	before	1	2	1.016541	write-recheck/before-1/probe.json
write-recheck	root	fixed-DN	compareTrue	-	0	before	1	2	1.474041	write-recheck/before-1/probe.json
write-recheck	root	fixed-DN	compareFalse	-	0	before	1	2	0.275584	write-recheck/before-1/probe.json
write-recheck	root	fixed-DN	substringPrefix	-	0	before	1	2	93.646416	write-recheck/before-1/probe.json
write-recheck	root	fixed-DN	substringNegative	-	0	before	1	2	92.88258400000001	write-recheck/before-1/probe.json
write-recheck	root	fixed-DN	setup	-	0	before	1	302	981.3332890000001	write-recheck/before-1/probe.json
write-recheck	user	fixed-DN	userConnect	-	0	before	1	1	0.199125	write-recheck/before-1/probe.json
write-recheck	user	fixed-DN	userBind	-	0	before	1	2	0.56925	write-recheck/before-1/probe.json
write-recheck	root	fixed-DN	add	-	0	before	1	100	91.75437799999997	write-recheck/before-1/probe.json
write-recheck	root	fixed-DN	modify	-	0	before	1	100	44.52920900000001	write-recheck/before-1/probe.json
write-recheck	root	fixed-DN	modifyDN	-	0	before	1	100	137.10174899999998	write-recheck/before-1/probe.json
write-recheck	root	fixed-DN	delete	-	0	before	1	100	112.80420899999999	write-recheck/before-1/probe.json
write-recheck	root	fixed-DN	cleanup	-	0	before	1	504	365.7377409999999	write-recheck/before-1/probe.json
write-recheck	root	fixed-DN	connect	-	0	before	2	1	0.316667	write-recheck/before-2/probe.json
write-recheck	root	fixed-DN	rootBind	-	0	before	2	2	0.373458	write-recheck/before-2/probe.json
write-recheck	root	fixed-DN	baseSearch	-	0	before	2	2	2.122584	write-recheck/before-2/probe.json
write-recheck	root	fixed-DN	indexedEquality	-	0	before	2	2	0.535542	write-recheck/before-2/probe.json
write-recheck	root	fixed-DN	compareTrue	-	0	before	2	2	1.242041	write-recheck/before-2/probe.json
write-recheck	root	fixed-DN	compareFalse	-	0	before	2	2	0.335375	write-recheck/before-2/probe.json
write-recheck	root	fixed-DN	substringPrefix	-	0	before	2	2	95.077	write-recheck/before-2/probe.json
write-recheck	root	fixed-DN	substringNegative	-	0	before	2	2	92.909709	write-recheck/before-2/probe.json
write-recheck	root	fixed-DN	setup	-	0	before	2	302	961.2681760000005	write-recheck/before-2/probe.json
write-recheck	user	fixed-DN	userConnect	-	0	before	2	1	0.197791	write-recheck/before-2/probe.json
write-recheck	user	fixed-DN	userBind	-	0	before	2	2	0.32925	write-recheck/before-2/probe.json
write-recheck	root	fixed-DN	add	-	0	before	2	100	89.21837699999998	write-recheck/before-2/probe.json
write-recheck	root	fixed-DN	modify	-	0	before	2	100	42.479580000000006	write-recheck/before-2/probe.json
write-recheck	root	fixed-DN	modifyDN	-	0	before	2	100	136.796918	write-recheck/before-2/probe.json
write-recheck	root	fixed-DN	delete	-	0	before	2	100	101.21875099999998	write-recheck/before-2/probe.json
write-recheck	root	fixed-DN	cleanup	-	0	before	2	504	346.61283100000014	write-recheck/before-2/probe.json
write-recheck	root	fixed-DN	connect	-	0	before	3	1	0.264625	write-recheck/before-3/probe.json
write-recheck	root	fixed-DN	rootBind	-	0	before	3	2	0.295709	write-recheck/before-3/probe.json
write-recheck	root	fixed-DN	baseSearch	-	0	before	3	2	0.554875	write-recheck/before-3/probe.json
write-recheck	root	fixed-DN	indexedEquality	-	0	before	3	2	0.491792	write-recheck/before-3/probe.json
write-recheck	root	fixed-DN	compareTrue	-	0	before	3	2	0.33125099999999996	write-recheck/before-3/probe.json
write-recheck	root	fixed-DN	compareFalse	-	0	before	3	2	0.396208	write-recheck/before-3/probe.json
write-recheck	root	fixed-DN	substringPrefix	-	0	before	3	2	91.994209	write-recheck/before-3/probe.json
write-recheck	root	fixed-DN	substringNegative	-	0	before	3	2	90.65020799999999	write-recheck/before-3/probe.json
write-recheck	root	fixed-DN	setup	-	0	before	3	302	962.9071190000004	write-recheck/before-3/probe.json
write-recheck	user	fixed-DN	userConnect	-	0	before	3	1	0.433625	write-recheck/before-3/probe.json
write-recheck	user	fixed-DN	userBind	-	0	before	3	2	0.326584	write-recheck/before-3/probe.json
write-recheck	root	fixed-DN	add	-	0	before	3	100	84.64341599999997	write-recheck/before-3/probe.json
write-recheck	root	fixed-DN	modify	-	0	before	3	100	40.561044	write-recheck/before-3/probe.json
write-recheck	root	fixed-DN	modifyDN	-	0	before	3	100	129.42620500000004	write-recheck/before-3/probe.json
write-recheck	root	fixed-DN	delete	-	0	before	3	100	104.40666100000003	write-recheck/before-3/probe.json
write-recheck	root	fixed-DN	cleanup	-	0	before	3	504	345.53555700000015	write-recheck/before-3/probe.json
write-recheck	root	fixed-DN	connect	-	0	before	4	1	0.278709	write-recheck/before-4/probe.json
write-recheck	root	fixed-DN	rootBind	-	0	before	4	2	0.335917	write-recheck/before-4/probe.json
write-recheck	root	fixed-DN	baseSearch	-	0	before	4	2	3.228542	write-recheck/before-4/probe.json
write-recheck	root	fixed-DN	indexedEquality	-	0	before	4	2	1.094458	write-recheck/before-4/probe.json
write-recheck	root	fixed-DN	compareTrue	-	0	before	4	2	1.5531679999999999	write-recheck/before-4/probe.json
write-recheck	root	fixed-DN	compareFalse	-	0	before	4	2	0.375667	write-recheck/before-4/probe.json
write-recheck	root	fixed-DN	substringPrefix	-	0	before	4	2	91.808875	write-recheck/before-4/probe.json
write-recheck	root	fixed-DN	substringNegative	-	0	before	4	2	92.40691799999999	write-recheck/before-4/probe.json
write-recheck	root	fixed-DN	setup	-	0	before	4	302	1052.243975	write-recheck/before-4/probe.json
write-recheck	user	fixed-DN	userConnect	-	0	before	4	1	0.247125	write-recheck/before-4/probe.json
write-recheck	user	fixed-DN	userBind	-	0	before	4	2	0.6489590000000001	write-recheck/before-4/probe.json
write-recheck	root	fixed-DN	add	-	0	before	4	100	92.894123	write-recheck/before-4/probe.json
write-recheck	root	fixed-DN	modify	-	0	before	4	100	44.466288999999996	write-recheck/before-4/probe.json
write-recheck	root	fixed-DN	modifyDN	-	0	before	4	100	141.45716499999997	write-recheck/before-4/probe.json
write-recheck	root	fixed-DN	delete	-	0	before	4	100	112.96416900000003	write-recheck/before-4/probe.json
write-recheck	root	fixed-DN	cleanup	-	0	before	4	504	370.7076239999996	write-recheck/before-4/probe.json
write-recheck	root	fixed-DN	connect	-	0	before	5	1	0.263542	write-recheck/before-5/probe.json
write-recheck	root	fixed-DN	rootBind	-	0	before	5	2	0.37770899999999996	write-recheck/before-5/probe.json
write-recheck	root	fixed-DN	baseSearch	-	0	before	5	2	0.617958	write-recheck/before-5/probe.json
write-recheck	root	fixed-DN	indexedEquality	-	0	before	5	2	0.5475	write-recheck/before-5/probe.json
write-recheck	root	fixed-DN	compareTrue	-	0	before	5	2	0.337791	write-recheck/before-5/probe.json
write-recheck	root	fixed-DN	compareFalse	-	0	before	5	2	0.441542	write-recheck/before-5/probe.json
write-recheck	root	fixed-DN	substringPrefix	-	0	before	5	2	92.888292	write-recheck/before-5/probe.json
write-recheck	root	fixed-DN	substringNegative	-	0	before	5	2	91.600958	write-recheck/before-5/probe.json
write-recheck	root	fixed-DN	setup	-	0	before	5	302	1149.6081240000005	write-recheck/before-5/probe.json
write-recheck	user	fixed-DN	userConnect	-	0	before	5	1	0.202792	write-recheck/before-5/probe.json
write-recheck	user	fixed-DN	userBind	-	0	before	5	2	0.355583	write-recheck/before-5/probe.json
write-recheck	root	fixed-DN	add	-	0	before	5	100	106.029751	write-recheck/before-5/probe.json
write-recheck	root	fixed-DN	modify	-	0	before	5	100	43.00271199999999	write-recheck/before-5/probe.json
write-recheck	root	fixed-DN	modifyDN	-	0	before	5	100	136.17038199999996	write-recheck/before-5/probe.json
write-recheck	root	fixed-DN	delete	-	0	before	5	100	106.586338	write-recheck/before-5/probe.json
write-recheck	root	fixed-DN	cleanup	-	0	before	5	504	344.6726229999997	write-recheck/before-5/probe.json
write-recheck	root	fixed-DN	connect	-	0	before	6	1	0.383875	write-recheck/before-6/probe.json
write-recheck	root	fixed-DN	rootBind	-	0	before	6	2	0.593542	write-recheck/before-6/probe.json
write-recheck	root	fixed-DN	baseSearch	-	0	before	6	2	2.1161250000000003	write-recheck/before-6/probe.json
write-recheck	root	fixed-DN	indexedEquality	-	0	before	6	2	0.612167	write-recheck/before-6/probe.json
write-recheck	root	fixed-DN	compareTrue	-	0	before	6	2	1.132542	write-recheck/before-6/probe.json
write-recheck	root	fixed-DN	compareFalse	-	0	before	6	2	0.294667	write-recheck/before-6/probe.json
write-recheck	root	fixed-DN	substringPrefix	-	0	before	6	2	94.087208	write-recheck/before-6/probe.json
write-recheck	root	fixed-DN	substringNegative	-	0	before	6	2	92.88916599999999	write-recheck/before-6/probe.json
write-recheck	root	fixed-DN	setup	-	0	before	6	302	978.6086270000004	write-recheck/before-6/probe.json
write-recheck	user	fixed-DN	userConnect	-	0	before	6	1	0.212458	write-recheck/before-6/probe.json
write-recheck	user	fixed-DN	userBind	-	0	before	6	2	0.345209	write-recheck/before-6/probe.json
write-recheck	root	fixed-DN	add	-	0	before	6	100	82.60458800000002	write-recheck/before-6/probe.json
write-recheck	root	fixed-DN	modify	-	0	before	6	100	50.55633800000001	write-recheck/before-6/probe.json
write-recheck	root	fixed-DN	modifyDN	-	0	before	6	100	143.24045800000007	write-recheck/before-6/probe.json
write-recheck	root	fixed-DN	delete	-	0	before	6	100	115.26883099999995	write-recheck/before-6/probe.json
write-recheck	root	fixed-DN	cleanup	-	0	before	6	504	379.2375499999995	write-recheck/before-6/probe.json
write-recheck	root	fixed-DN	connect	-	0	before	7	1	0.313041	write-recheck/before-7/probe.json
write-recheck	root	fixed-DN	rootBind	-	0	before	7	2	0.570958	write-recheck/before-7/probe.json
write-recheck	root	fixed-DN	baseSearch	-	0	before	7	2	0.5958749999999999	write-recheck/before-7/probe.json
write-recheck	root	fixed-DN	indexedEquality	-	0	before	7	2	0.510584	write-recheck/before-7/probe.json
write-recheck	root	fixed-DN	compareTrue	-	0	before	7	2	0.351749	write-recheck/before-7/probe.json
write-recheck	root	fixed-DN	compareFalse	-	0	before	7	2	0.296667	write-recheck/before-7/probe.json
write-recheck	root	fixed-DN	substringPrefix	-	0	before	7	2	94.12829099999999	write-recheck/before-7/probe.json
write-recheck	root	fixed-DN	substringNegative	-	0	before	7	2	92.843167	write-recheck/before-7/probe.json
write-recheck	root	fixed-DN	setup	-	0	before	7	302	992.392249999999	write-recheck/before-7/probe.json
write-recheck	user	fixed-DN	userConnect	-	0	before	7	1	0.212708	write-recheck/before-7/probe.json
write-recheck	user	fixed-DN	userBind	-	0	before	7	2	0.332083	write-recheck/before-7/probe.json
write-recheck	root	fixed-DN	add	-	0	before	7	100	89.57941799999998	write-recheck/before-7/probe.json
write-recheck	root	fixed-DN	modify	-	0	before	7	100	46.64183200000001	write-recheck/before-7/probe.json
write-recheck	root	fixed-DN	modifyDN	-	0	before	7	100	135.53224500000002	write-recheck/before-7/probe.json
write-recheck	root	fixed-DN	delete	-	0	before	7	100	110.94179399999999	write-recheck/before-7/probe.json
write-recheck	root	fixed-DN	cleanup	-	0	before	7	504	356.3089979999999	write-recheck/before-7/probe.json
write-recheck	root	fixed-DN	connect	-	0	current	1	1	0.270875	write-recheck/current-1/probe.json
write-recheck	root	fixed-DN	rootBind	-	0	current	1	2	0.329166	write-recheck/current-1/probe.json
write-recheck	root	fixed-DN	baseSearch	-	0	current	1	2	1.849708	write-recheck/current-1/probe.json
write-recheck	root	fixed-DN	indexedEquality	-	0	current	1	2	0.615625	write-recheck/current-1/probe.json
write-recheck	root	fixed-DN	compareTrue	-	0	current	1	2	1.291458	write-recheck/current-1/probe.json
write-recheck	root	fixed-DN	compareFalse	-	0	current	1	2	0.299542	write-recheck/current-1/probe.json
write-recheck	root	fixed-DN	substringPrefix	-	0	current	1	2	93.286292	write-recheck/current-1/probe.json
write-recheck	root	fixed-DN	substringNegative	-	0	current	1	2	92.893625	write-recheck/current-1/probe.json
write-recheck	root	fixed-DN	setup	-	0	current	1	302	950.9243250000004	write-recheck/current-1/probe.json
write-recheck	user	fixed-DN	userConnect	-	0	current	1	1	0.215458	write-recheck/current-1/probe.json
write-recheck	user	fixed-DN	userBind	-	0	current	1	2	0.380625	write-recheck/current-1/probe.json
write-recheck	root	fixed-DN	add	-	0	current	1	100	84.70446399999999	write-recheck/current-1/probe.json
write-recheck	root	fixed-DN	modify	-	0	current	1	100	42.823375000000006	write-recheck/current-1/probe.json
write-recheck	root	fixed-DN	modifyDN	-	0	current	1	100	132.25479399999998	write-recheck/current-1/probe.json
write-recheck	root	fixed-DN	delete	-	0	current	1	100	106.124086	write-recheck/current-1/probe.json
write-recheck	root	fixed-DN	cleanup	-	0	current	1	504	349.8191740000005	write-recheck/current-1/probe.json
write-recheck	root	fixed-DN	connect	-	0	current	2	1	0.291625	write-recheck/current-2/probe.json
write-recheck	root	fixed-DN	rootBind	-	0	current	2	2	0.403709	write-recheck/current-2/probe.json
write-recheck	root	fixed-DN	baseSearch	-	0	current	2	2	0.692125	write-recheck/current-2/probe.json
write-recheck	root	fixed-DN	indexedEquality	-	0	current	2	2	0.48554200000000003	write-recheck/current-2/probe.json
write-recheck	root	fixed-DN	compareTrue	-	0	current	2	2	0.34258299999999997	write-recheck/current-2/probe.json
write-recheck	root	fixed-DN	compareFalse	-	0	current	2	2	0.27075	write-recheck/current-2/probe.json
write-recheck	root	fixed-DN	substringPrefix	-	0	current	2	2	92.606375	write-recheck/current-2/probe.json
write-recheck	root	fixed-DN	substringNegative	-	0	current	2	2	91.24225	write-recheck/current-2/probe.json
write-recheck	root	fixed-DN	setup	-	0	current	2	302	982.8397079999997	write-recheck/current-2/probe.json
write-recheck	user	fixed-DN	userConnect	-	0	current	2	1	0.212041	write-recheck/current-2/probe.json
write-recheck	user	fixed-DN	userBind	-	0	current	2	2	0.335459	write-recheck/current-2/probe.json
write-recheck	root	fixed-DN	add	-	0	current	2	100	94.93171100000002	write-recheck/current-2/probe.json
write-recheck	root	fixed-DN	modify	-	0	current	2	100	44.443839	write-recheck/current-2/probe.json
write-recheck	root	fixed-DN	modifyDN	-	0	current	2	100	140.566502	write-recheck/current-2/probe.json
write-recheck	root	fixed-DN	delete	-	0	current	2	100	105.65144599999999	write-recheck/current-2/probe.json
write-recheck	root	fixed-DN	cleanup	-	0	current	2	504	372.5616670000003	write-recheck/current-2/probe.json
write-recheck	root	fixed-DN	connect	-	0	current	3	1	0.258292	write-recheck/current-3/probe.json
write-recheck	root	fixed-DN	rootBind	-	0	current	3	2	0.36083299999999996	write-recheck/current-3/probe.json
write-recheck	root	fixed-DN	baseSearch	-	0	current	3	2	1.944667	write-recheck/current-3/probe.json
write-recheck	root	fixed-DN	indexedEquality	-	0	current	3	2	0.49391700000000005	write-recheck/current-3/probe.json
write-recheck	root	fixed-DN	compareTrue	-	0	current	3	2	1.334916	write-recheck/current-3/probe.json
write-recheck	root	fixed-DN	compareFalse	-	0	current	3	2	0.28083400000000003	write-recheck/current-3/probe.json
write-recheck	root	fixed-DN	substringPrefix	-	0	current	3	2	94.486625	write-recheck/current-3/probe.json
write-recheck	root	fixed-DN	substringNegative	-	0	current	3	2	93.320333	write-recheck/current-3/probe.json
write-recheck	root	fixed-DN	setup	-	0	current	3	302	961.2151650000001	write-recheck/current-3/probe.json
write-recheck	user	fixed-DN	userConnect	-	0	current	3	1	0.211417	write-recheck/current-3/probe.json
write-recheck	user	fixed-DN	userBind	-	0	current	3	2	0.350916	write-recheck/current-3/probe.json
write-recheck	root	fixed-DN	add	-	0	current	3	100	94.11279400000001	write-recheck/current-3/probe.json
write-recheck	root	fixed-DN	modify	-	0	current	3	100	40.776793999999995	write-recheck/current-3/probe.json
write-recheck	root	fixed-DN	modifyDN	-	0	current	3	100	138.21403899999993	write-recheck/current-3/probe.json
write-recheck	root	fixed-DN	delete	-	0	current	3	100	100.38667099999998	write-recheck/current-3/probe.json
write-recheck	root	fixed-DN	cleanup	-	0	current	3	504	358.76416700000016	write-recheck/current-3/probe.json
write-recheck	root	fixed-DN	connect	-	0	current	4	1	0.276	write-recheck/current-4/probe.json
write-recheck	root	fixed-DN	rootBind	-	0	current	4	2	0.428876	write-recheck/current-4/probe.json
write-recheck	root	fixed-DN	baseSearch	-	0	current	4	2	0.625	write-recheck/current-4/probe.json
write-recheck	root	fixed-DN	indexedEquality	-	0	current	4	2	0.479041	write-recheck/current-4/probe.json
write-recheck	root	fixed-DN	compareTrue	-	0	current	4	2	0.300751	write-recheck/current-4/probe.json
write-recheck	root	fixed-DN	compareFalse	-	0	current	4	2	0.27895899999999996	write-recheck/current-4/probe.json
write-recheck	root	fixed-DN	substringPrefix	-	0	current	4	2	94.12966700000001	write-recheck/current-4/probe.json
write-recheck	root	fixed-DN	substringNegative	-	0	current	4	2	93.506666	write-recheck/current-4/probe.json
write-recheck	root	fixed-DN	setup	-	0	current	4	302	966.4237969999998	write-recheck/current-4/probe.json
write-recheck	user	fixed-DN	userConnect	-	0	current	4	1	0.177	write-recheck/current-4/probe.json
write-recheck	user	fixed-DN	userBind	-	0	current	4	2	0.321084	write-recheck/current-4/probe.json
write-recheck	root	fixed-DN	add	-	0	current	4	100	90.70704099999998	write-recheck/current-4/probe.json
write-recheck	root	fixed-DN	modify	-	0	current	4	100	41.976963000000005	write-recheck/current-4/probe.json
write-recheck	root	fixed-DN	modifyDN	-	0	current	4	100	135.70104499999997	write-recheck/current-4/probe.json
write-recheck	root	fixed-DN	delete	-	0	current	4	100	106.64358699999997	write-recheck/current-4/probe.json
write-recheck	root	fixed-DN	cleanup	-	0	current	4	504	364.406959	write-recheck/current-4/probe.json
write-recheck	root	fixed-DN	connect	-	0	current	5	1	0.2855	write-recheck/current-5/probe.json
write-recheck	root	fixed-DN	rootBind	-	0	current	5	2	0.340167	write-recheck/current-5/probe.json
write-recheck	root	fixed-DN	baseSearch	-	0	current	5	2	2.196167	write-recheck/current-5/probe.json
write-recheck	root	fixed-DN	indexedEquality	-	0	current	5	2	0.5018739999999999	write-recheck/current-5/probe.json
write-recheck	root	fixed-DN	compareTrue	-	0	current	5	2	1.4097080000000002	write-recheck/current-5/probe.json
write-recheck	root	fixed-DN	compareFalse	-	0	current	5	2	0.382333	write-recheck/current-5/probe.json
write-recheck	root	fixed-DN	substringPrefix	-	0	current	5	2	94.90787599999999	write-recheck/current-5/probe.json
write-recheck	root	fixed-DN	substringNegative	-	0	current	5	2	92.89125	write-recheck/current-5/probe.json
write-recheck	root	fixed-DN	setup	-	0	current	5	302	997.1096640000003	write-recheck/current-5/probe.json
write-recheck	user	fixed-DN	userConnect	-	0	current	5	1	0.196291	write-recheck/current-5/probe.json
write-recheck	user	fixed-DN	userBind	-	0	current	5	2	0.360418	write-recheck/current-5/probe.json
write-recheck	root	fixed-DN	add	-	0	current	5	100	97.98654300000004	write-recheck/current-5/probe.json
write-recheck	root	fixed-DN	modify	-	0	current	5	100	57.200872	write-recheck/current-5/probe.json
write-recheck	root	fixed-DN	modifyDN	-	0	current	5	100	139.55121000000003	write-recheck/current-5/probe.json
write-recheck	root	fixed-DN	delete	-	0	current	5	100	106.42124600000001	write-recheck/current-5/probe.json
write-recheck	root	fixed-DN	cleanup	-	0	current	5	504	346.54991299999983	write-recheck/current-5/probe.json
write-recheck	root	fixed-DN	connect	-	0	current	6	1	0.680208	write-recheck/current-6/probe.json
write-recheck	root	fixed-DN	rootBind	-	0	current	6	2	1.01	write-recheck/current-6/probe.json
write-recheck	root	fixed-DN	baseSearch	-	0	current	6	2	0.719167	write-recheck/current-6/probe.json
write-recheck	root	fixed-DN	indexedEquality	-	0	current	6	2	0.48895900000000003	write-recheck/current-6/probe.json
write-recheck	root	fixed-DN	compareTrue	-	0	current	6	2	0.889874	write-recheck/current-6/probe.json
write-recheck	root	fixed-DN	compareFalse	-	0	current	6	2	0.290792	write-recheck/current-6/probe.json
write-recheck	root	fixed-DN	substringPrefix	-	0	current	6	2	96.029708	write-recheck/current-6/probe.json
write-recheck	root	fixed-DN	substringNegative	-	0	current	6	2	95.089042	write-recheck/current-6/probe.json
write-recheck	root	fixed-DN	setup	-	0	current	6	302	997.2640029999985	write-recheck/current-6/probe.json
write-recheck	user	fixed-DN	userConnect	-	0	current	6	1	0.217292	write-recheck/current-6/probe.json
write-recheck	user	fixed-DN	userBind	-	0	current	6	2	0.32625099999999996	write-recheck/current-6/probe.json
write-recheck	root	fixed-DN	add	-	0	current	6	100	85.47437599999994	write-recheck/current-6/probe.json
write-recheck	root	fixed-DN	modify	-	0	current	6	100	43.67658499999999	write-recheck/current-6/probe.json
write-recheck	root	fixed-DN	modifyDN	-	0	current	6	100	192.770169	write-recheck/current-6/probe.json
write-recheck	root	fixed-DN	delete	-	0	current	6	100	107.49670999999998	write-recheck/current-6/probe.json
write-recheck	root	fixed-DN	cleanup	-	0	current	6	504	389.330006	write-recheck/current-6/probe.json
write-recheck	root	fixed-DN	connect	-	0	current	7	1	0.91825	write-recheck/current-7/probe.json
write-recheck	root	fixed-DN	rootBind	-	0	current	7	2	0.722959	write-recheck/current-7/probe.json
write-recheck	root	fixed-DN	baseSearch	-	0	current	7	2	3.593417	write-recheck/current-7/probe.json
write-recheck	root	fixed-DN	indexedEquality	-	0	current	7	2	0.930251	write-recheck/current-7/probe.json
write-recheck	root	fixed-DN	compareTrue	-	0	current	7	2	1.355041	write-recheck/current-7/probe.json
write-recheck	root	fixed-DN	compareFalse	-	0	current	7	2	0.387958	write-recheck/current-7/probe.json
write-recheck	root	fixed-DN	substringPrefix	-	0	current	7	2	103.256583	write-recheck/current-7/probe.json
write-recheck	root	fixed-DN	substringNegative	-	0	current	7	2	94.37754100000001	write-recheck/current-7/probe.json
write-recheck	root	fixed-DN	setup	-	0	current	7	302	997.1264629999995	write-recheck/current-7/probe.json
write-recheck	user	fixed-DN	userConnect	-	0	current	7	1	0.199541	write-recheck/current-7/probe.json
write-recheck	user	fixed-DN	userBind	-	0	current	7	2	0.5401659999999999	write-recheck/current-7/probe.json
write-recheck	root	fixed-DN	add	-	0	current	7	100	85.908752	write-recheck/current-7/probe.json
write-recheck	root	fixed-DN	modify	-	0	current	7	100	40.468247999999996	write-recheck/current-7/probe.json
write-recheck	root	fixed-DN	modifyDN	-	0	current	7	100	141.56245699999997	write-recheck/current-7/probe.json
write-recheck	root	fixed-DN	delete	-	0	current	7	100	104.53691400000002	write-recheck/current-7/probe.json
write-recheck	root	fixed-DN	cleanup	-	0	current	7	504	347.15148799999986	write-recheck/current-7/probe.json
writes	root	fixed-DN	connect	-	0	before	1	1	1.839833	writes/before-1/probe.json
writes	root	fixed-DN	rootBind	-	0	before	1	20	2.73275	writes/before-1/probe.json
writes	root	fixed-DN	baseSearch	-	0	before	1	20	4.786751	writes/before-1/probe.json
writes	root	fixed-DN	indexedEquality	-	0	before	1	20	3.4657950000000004	writes/before-1/probe.json
writes	root	fixed-DN	compareTrue	-	0	before	1	20	3.0730439999999994	writes/before-1/probe.json
writes	root	fixed-DN	compareFalse	-	0	before	1	20	2.351375	writes/before-1/probe.json
writes	root	fixed-DN	substringPrefix	-	0	before	1	20	995.7958350000001	writes/before-1/probe.json
writes	root	fixed-DN	substringNegative	-	0	before	1	20	960.7995810000001	writes/before-1/probe.json
writes	root	fixed-DN	setup	-	0	before	1	62	755.055330000001	writes/before-1/probe.json
writes	user	fixed-DN	userConnect	-	0	before	1	1	0.230375	writes/before-1/probe.json
writes	user	fixed-DN	userBind	-	0	before	1	20	2.5727089999999997	writes/before-1/probe.json
writes	root	fixed-DN	add	-	0	before	1	20	19.939123000000002	writes/before-1/probe.json
writes	root	fixed-DN	modify	-	0	before	1	20	9.117127	writes/before-1/probe.json
writes	root	fixed-DN	modifyDN	-	0	before	1	20	23.928084	writes/before-1/probe.json
writes	root	fixed-DN	delete	-	0	before	1	20	19.826627	writes/before-1/probe.json
writes	root	fixed-DN	cleanup	-	0	before	1	104	69.377119	writes/before-1/probe.json
writes	root	fixed-DN	connect	-	0	before	2	1	0.287209	writes/before-2/probe.json
writes	root	fixed-DN	rootBind	-	0	before	2	20	2.5604149999999994	writes/before-2/probe.json
writes	root	fixed-DN	baseSearch	-	0	before	2	20	4.219998	writes/before-2/probe.json
writes	root	fixed-DN	indexedEquality	-	0	before	2	20	3.1507929999999997	writes/before-2/probe.json
writes	root	fixed-DN	compareTrue	-	0	before	2	20	2.740292	writes/before-2/probe.json
writes	root	fixed-DN	compareFalse	-	0	before	2	20	2.399543	writes/before-2/probe.json
writes	root	fixed-DN	substringPrefix	-	0	before	2	20	941.066458	writes/before-2/probe.json
writes	root	fixed-DN	substringNegative	-	0	before	2	20	933.100418	writes/before-2/probe.json
writes	root	fixed-DN	setup	-	0	before	2	62	753.7934540000001	writes/before-2/probe.json
writes	user	fixed-DN	userConnect	-	0	before	2	1	0.223625	writes/before-2/probe.json
writes	user	fixed-DN	userBind	-	0	before	2	20	2.760836	writes/before-2/probe.json
writes	root	fixed-DN	add	-	0	before	2	20	22.387956999999997	writes/before-2/probe.json
writes	root	fixed-DN	modify	-	0	before	2	20	8.540251000000001	writes/before-2/probe.json
writes	root	fixed-DN	modifyDN	-	0	before	2	20	25.731417000000004	writes/before-2/probe.json
writes	root	fixed-DN	delete	-	0	before	2	20	23.110749999999996	writes/before-2/probe.json
writes	root	fixed-DN	cleanup	-	0	before	2	104	73.417415	writes/before-2/probe.json
writes	root	fixed-DN	connect	-	0	before	3	1	0.319167	writes/before-3/probe.json
writes	root	fixed-DN	rootBind	-	0	before	3	20	2.294084	writes/before-3/probe.json
writes	root	fixed-DN	baseSearch	-	0	before	3	20	3.1903750000000004	writes/before-3/probe.json
writes	root	fixed-DN	indexedEquality	-	0	before	3	20	3.4169580000000006	writes/before-3/probe.json
writes	root	fixed-DN	compareTrue	-	0	before	3	20	2.7558369999999996	writes/before-3/probe.json
writes	root	fixed-DN	compareFalse	-	0	before	3	20	3.325039	writes/before-3/probe.json
writes	root	fixed-DN	substringPrefix	-	0	before	3	20	922.819876	writes/before-3/probe.json
writes	root	fixed-DN	substringNegative	-	0	before	3	20	913.6566250000001	writes/before-3/probe.json
writes	root	fixed-DN	setup	-	0	before	3	62	771.4893339999996	writes/before-3/probe.json
writes	user	fixed-DN	userConnect	-	0	before	3	1	0.18575	writes/before-3/probe.json
writes	user	fixed-DN	userBind	-	0	before	3	20	2.550542	writes/before-3/probe.json
writes	root	fixed-DN	add	-	0	before	3	20	16.165456000000002	writes/before-3/probe.json
writes	root	fixed-DN	modify	-	0	before	3	20	9.054957999999997	writes/before-3/probe.json
writes	root	fixed-DN	modifyDN	-	0	before	3	20	29.014416	writes/before-3/probe.json
writes	root	fixed-DN	delete	-	0	before	3	20	19.014457	writes/before-3/probe.json
writes	root	fixed-DN	cleanup	-	0	before	3	104	80.69058199999996	writes/before-3/probe.json
writes	root	fixed-DN	connect	-	0	current	1	1	0.292167	writes/current-1/probe.json
writes	root	fixed-DN	rootBind	-	0	current	1	20	2.4262940000000004	writes/current-1/probe.json
writes	root	fixed-DN	baseSearch	-	0	current	1	20	3.46629	writes/current-1/probe.json
writes	root	fixed-DN	indexedEquality	-	0	current	1	20	3.4655829999999996	writes/current-1/probe.json
writes	root	fixed-DN	compareTrue	-	0	current	1	20	3.027665	writes/current-1/probe.json
writes	root	fixed-DN	compareFalse	-	0	current	1	20	2.5020820000000006	writes/current-1/probe.json
writes	root	fixed-DN	substringPrefix	-	0	current	1	20	935.652251	writes/current-1/probe.json
writes	root	fixed-DN	substringNegative	-	0	current	1	20	931.0682909999999	writes/current-1/probe.json
writes	root	fixed-DN	setup	-	0	current	1	62	758.6533709999997	writes/current-1/probe.json
writes	user	fixed-DN	userConnect	-	0	current	1	1	0.21175	writes/current-1/probe.json
writes	user	fixed-DN	userBind	-	0	current	1	20	2.910043999999999	writes/current-1/probe.json
writes	root	fixed-DN	add	-	0	current	1	20	16.550917000000002	writes/current-1/probe.json
writes	root	fixed-DN	modify	-	0	current	1	20	9.865041	writes/current-1/probe.json
writes	root	fixed-DN	modifyDN	-	0	current	1	20	28.877582000000004	writes/current-1/probe.json
writes	root	fixed-DN	delete	-	0	current	1	20	19.610957999999997	writes/current-1/probe.json
writes	root	fixed-DN	cleanup	-	0	current	1	104	75.02645600000002	writes/current-1/probe.json
writes	root	fixed-DN	connect	-	0	current	2	1	0.2925	writes/current-2/probe.json
writes	root	fixed-DN	rootBind	-	0	current	2	20	2.6274210000000005	writes/current-2/probe.json
writes	root	fixed-DN	baseSearch	-	0	current	2	20	3.315041000000001	writes/current-2/probe.json
writes	root	fixed-DN	indexedEquality	-	0	current	2	20	3.1894170000000006	writes/current-2/probe.json
writes	root	fixed-DN	compareTrue	-	0	current	2	20	3.485916	writes/current-2/probe.json
writes	root	fixed-DN	compareFalse	-	0	current	2	20	3.5025009999999996	writes/current-2/probe.json
writes	root	fixed-DN	substringPrefix	-	0	current	2	20	924.1017889999999	writes/current-2/probe.json
writes	root	fixed-DN	substringNegative	-	0	current	2	20	915.6376679999998	writes/current-2/probe.json
writes	root	fixed-DN	setup	-	0	current	2	62	767.0961639999998	writes/current-2/probe.json
writes	user	fixed-DN	userConnect	-	0	current	2	1	0.208583	writes/current-2/probe.json
writes	user	fixed-DN	userBind	-	0	current	2	20	2.7140009999999997	writes/current-2/probe.json
writes	root	fixed-DN	add	-	0	current	2	20	17.889874999999996	writes/current-2/probe.json
writes	root	fixed-DN	modify	-	0	current	2	20	8.787541000000001	writes/current-2/probe.json
writes	root	fixed-DN	modifyDN	-	0	current	2	20	30.028706	writes/current-2/probe.json
writes	root	fixed-DN	delete	-	0	current	2	20	22.929543999999996	writes/current-2/probe.json
writes	root	fixed-DN	cleanup	-	0	current	2	104	92.90958499999995	writes/current-2/probe.json
writes	root	fixed-DN	connect	-	0	current	3	1	0.295958	writes/current-3/probe.json
writes	root	fixed-DN	rootBind	-	0	current	3	20	2.0577939999999995	writes/current-3/probe.json
writes	root	fixed-DN	baseSearch	-	0	current	3	20	4.955626	writes/current-3/probe.json
writes	root	fixed-DN	indexedEquality	-	0	current	3	20	2.940003	writes/current-3/probe.json
writes	root	fixed-DN	compareTrue	-	0	current	3	20	2.82646	writes/current-3/probe.json
writes	root	fixed-DN	compareFalse	-	0	current	3	20	2.3604999999999996	writes/current-3/probe.json
writes	root	fixed-DN	substringPrefix	-	0	current	3	20	922.3761670000002	writes/current-3/probe.json
writes	root	fixed-DN	substringNegative	-	0	current	3	20	914.4087900000002	writes/current-3/probe.json
writes	root	fixed-DN	setup	-	0	current	3	62	765.2384589999997	writes/current-3/probe.json
writes	user	fixed-DN	userConnect	-	0	current	3	1	0.207291	writes/current-3/probe.json
writes	user	fixed-DN	userBind	-	0	current	3	20	2.919711	writes/current-3/probe.json
writes	root	fixed-DN	add	-	0	current	3	20	17.690167	writes/current-3/probe.json
writes	root	fixed-DN	modify	-	0	current	3	20	8.561081999999999	writes/current-3/probe.json
writes	root	fixed-DN	modifyDN	-	0	current	3	20	29.755874000000002	writes/current-3/probe.json
writes	root	fixed-DN	delete	-	0	current	3	20	19.710250999999996	writes/current-3/probe.json
writes	root	fixed-DN	cleanup	-	0	current	3	104	72.81058399999999	writes/current-3/probe.json
writes	root	fixed-DN	connect	-	0	openldap	1	1	0.336958	writes/openldap-1/probe.json
writes	root	fixed-DN	rootBind	-	0	openldap	1	20	2.7024160000000004	writes/openldap-1/probe.json
writes	root	fixed-DN	baseSearch	-	0	openldap	1	20	2.6440410000000005	writes/openldap-1/probe.json
writes	root	fixed-DN	indexedEquality	-	0	openldap	1	20	2.9358750000000002	writes/openldap-1/probe.json
writes	root	fixed-DN	compareTrue	-	0	openldap	1	20	2.3290850000000005	writes/openldap-1/probe.json
writes	root	fixed-DN	compareFalse	-	0	openldap	1	20	2.5699579999999997	writes/openldap-1/probe.json
writes	root	fixed-DN	substringPrefix	-	0	openldap	1	20	661.145002	writes/openldap-1/probe.json
writes	root	fixed-DN	substringNegative	-	0	openldap	1	20	621.2097950000001	writes/openldap-1/probe.json
writes	root	fixed-DN	setup	-	0	openldap	1	62	298.0314230000001	writes/openldap-1/probe.json
writes	user	fixed-DN	userConnect	-	0	openldap	1	1	0.225959	writes/openldap-1/probe.json
writes	user	fixed-DN	userBind	-	0	openldap	1	20	2.039627	writes/openldap-1/probe.json
writes	root	fixed-DN	add	-	0	openldap	1	20	92.194412	writes/openldap-1/probe.json
writes	root	fixed-DN	modify	-	0	openldap	1	20	88.50975	writes/openldap-1/probe.json
writes	root	fixed-DN	modifyDN	-	0	openldap	1	20	100.899584	writes/openldap-1/probe.json
writes	root	fixed-DN	delete	-	0	openldap	1	20	91.739041	writes/openldap-1/probe.json
writes	root	fixed-DN	cleanup	-	0	openldap	1	104	294.72779199999997	writes/openldap-1/probe.json
writes	root	fixed-DN	connect	-	0	openldap	2	1	0.335291	writes/openldap-2/probe.json
writes	root	fixed-DN	rootBind	-	0	openldap	2	20	2.9421220000000003	writes/openldap-2/probe.json
writes	root	fixed-DN	baseSearch	-	0	openldap	2	20	2.5454570000000003	writes/openldap-2/probe.json
writes	root	fixed-DN	indexedEquality	-	0	openldap	2	20	2.5417900000000007	writes/openldap-2/probe.json
writes	root	fixed-DN	compareTrue	-	0	openldap	2	20	2.319293	writes/openldap-2/probe.json
writes	root	fixed-DN	compareFalse	-	0	openldap	2	20	2.5355860000000003	writes/openldap-2/probe.json
writes	root	fixed-DN	substringPrefix	-	0	openldap	2	20	626.227832	writes/openldap-2/probe.json
writes	root	fixed-DN	substringNegative	-	0	openldap	2	20	619.2430019999999	writes/openldap-2/probe.json
writes	root	fixed-DN	setup	-	0	openldap	2	62	324.17112000000003	writes/openldap-2/probe.json
writes	user	fixed-DN	userConnect	-	0	openldap	2	1	0.208041	writes/openldap-2/probe.json
writes	user	fixed-DN	userBind	-	0	openldap	2	20	2.2347880000000004	writes/openldap-2/probe.json
writes	root	fixed-DN	add	-	0	openldap	2	20	95.76787500000002	writes/openldap-2/probe.json
writes	root	fixed-DN	modify	-	0	openldap	2	20	106.042417	writes/openldap-2/probe.json
writes	root	fixed-DN	modifyDN	-	0	openldap	2	20	93.506082	writes/openldap-2/probe.json
writes	root	fixed-DN	delete	-	0	openldap	2	20	105.933331	writes/openldap-2/probe.json
writes	root	fixed-DN	cleanup	-	0	openldap	2	104	297.8924979999999	writes/openldap-2/probe.json
writes	root	fixed-DN	connect	-	0	openldap	3	1	0.325334	writes/openldap-3/probe.json
writes	root	fixed-DN	rootBind	-	0	openldap	3	20	2.7177480000000003	writes/openldap-3/probe.json
writes	root	fixed-DN	baseSearch	-	0	openldap	3	20	2.501664	writes/openldap-3/probe.json
writes	root	fixed-DN	indexedEquality	-	0	openldap	3	20	3.284	writes/openldap-3/probe.json
writes	root	fixed-DN	compareTrue	-	0	openldap	3	20	2.2322910000000005	writes/openldap-3/probe.json
writes	root	fixed-DN	compareFalse	-	0	openldap	3	20	2.4596660000000004	writes/openldap-3/probe.json
writes	root	fixed-DN	substringPrefix	-	0	openldap	3	20	623.357749	writes/openldap-3/probe.json
writes	root	fixed-DN	substringNegative	-	0	openldap	3	20	620.319461	writes/openldap-3/probe.json
writes	root	fixed-DN	setup	-	0	openldap	3	62	350.7769970000001	writes/openldap-3/probe.json
writes	user	fixed-DN	userConnect	-	0	openldap	3	1	0.193708	writes/openldap-3/probe.json
writes	user	fixed-DN	userBind	-	0	openldap	3	20	2.28329	writes/openldap-3/probe.json
writes	root	fixed-DN	add	-	0	openldap	3	20	89.528335	writes/openldap-3/probe.json
writes	root	fixed-DN	modify	-	0	openldap	3	20	92.16554199999999	writes/openldap-3/probe.json
writes	root	fixed-DN	modifyDN	-	0	openldap	3	20	91.14516600000002	writes/openldap-3/probe.json
writes	root	fixed-DN	delete	-	0	openldap	3	20	106.961459	writes/openldap-3/probe.json
writes	root	fixed-DN	cleanup	-	0	openldap	3	104	287.56859	writes/openldap-3/probe.json
concurrent	explicit	8-workers	uidEquality	ldapsearch	0	before	1	8000	306	explicit-final/concurrent.tsv
concurrent	explicit	8-workers	uidEquality	ldapsearch	0	current	1	8000	329	explicit-final/concurrent.tsv
concurrent	explicit	8-workers	uidEquality	ldapsearch	0	openldap	1	8000	320	explicit-final/concurrent.tsv
concurrent	explicit	8-workers	uidEquality	ldapsearch	0	current	2	8000	322	explicit-final/concurrent.tsv
concurrent	explicit	8-workers	uidEquality	ldapsearch	0	openldap	2	8000	329	explicit-final/concurrent.tsv
concurrent	explicit	8-workers	uidEquality	ldapsearch	0	before	2	8000	327	explicit-final/concurrent.tsv
concurrent	explicit	8-workers	uidEquality	ldapsearch	0	openldap	3	8000	329	explicit-final/concurrent.tsv
concurrent	explicit	8-workers	uidEquality	ldapsearch	0	before	3	8000	343	explicit-final/concurrent.tsv
concurrent	explicit	8-workers	uidEquality	ldapsearch	0	current	3	8000	337	explicit-final/concurrent.tsv
concurrent	default	8-workers	uidEquality	ldapsearch	0	before	1	8000	315	default-final/concurrent.tsv
concurrent	default	8-workers	uidEquality	ldapsearch	0	current	1	8000	319	default-final/concurrent.tsv
concurrent	default	8-workers	uidEquality	ldapsearch	0	openldap	1	8000	328	default-final/concurrent.tsv
concurrent	default	8-workers	uidEquality	ldapsearch	0	current	2	8000	305	default-final/concurrent.tsv
concurrent	default	8-workers	uidEquality	ldapsearch	0	openldap	2	8000	321	default-final/concurrent.tsv
concurrent	default	8-workers	uidEquality	ldapsearch	0	before	2	8000	394	default-final/concurrent.tsv
concurrent	default	8-workers	uidEquality	ldapsearch	0	openldap	3	8000	337	default-final/concurrent.tsv
concurrent	default	8-workers	uidEquality	ldapsearch	0	before	3	8000	342	default-final/concurrent.tsv
concurrent	default	8-workers	uidEquality	ldapsearch	0	current	3	8000	308	default-final/concurrent.tsv
read	root	cli	full_prefix	ldapsearch	0	before	1	1	752	online/timings.tsv
read	root	cli	full_prefix	ldapsearch	0	before	2	1	722	online/timings.tsv
read	root	cli	full_prefix	ldapsearch	0	before	3	1	738	online/timings.tsv
read	root	cli	indexed_10000	ldapsearch	0	before	1	10000	933	online/timings.tsv
read	root	cli	concurrent_8x1000	ldapsearch	0	before	1	8000	305	online/timings.tsv
read	root	cli	paged_2x100000	ldapsearch	0	before	1	2	1590	online/timings.tsv
read	root	cli	unindexed_negative_10	ldapsearch	0	before	1	10	248	online/timings.tsv
read	root	cli	full_prefix	ldapsearch	0	current	1	1	862	online/timings.tsv
read	root	cli	full_prefix	ldapsearch	0	current	2	1	845	online/timings.tsv
read	root	cli	full_prefix	ldapsearch	0	current	3	1	783	online/timings.tsv
read	root	cli	indexed_10000	ldapsearch	0	current	1	10000	1198	online/timings.tsv
read	root	cli	concurrent_8x1000	ldapsearch	0	current	1	8000	445	online/timings.tsv
read	root	cli	paged_2x100000	ldapsearch	0	current	1	2	1796	online/timings.tsv
read	root	cli	unindexed_negative_10	ldapsearch	0	current	1	10	265	online/timings.tsv
read	root	cli	full_prefix	ldapsearch	0	openldap	1	1	729	online/timings.tsv
read	root	cli	full_prefix	ldapsearch	0	openldap	2	1	767	online/timings.tsv
read	root	cli	full_prefix	ldapsearch	0	openldap	3	1	794	online/timings.tsv
read	root	cli	indexed_10000	ldapsearch	0	openldap	1	10000	796	online/timings.tsv
read	root	cli	concurrent_8x1000	ldapsearch	0	openldap	1	8000	364	online/timings.tsv
read	root	cli	paged_2x100000	ldapsearch	0	openldap	1	2	1420	online/timings.tsv
read	root	cli	unindexed_negative_10	ldapsearch	0	openldap	1	10	436	online/timings.tsv
read	root	cli	full_prefix	ldapsearch	0	current	4	1	947	online/timings.tsv
read	root	cli	full_prefix	ldapsearch	0	current	5	1	879	online/timings.tsv
read	root	cli	full_prefix	ldapsearch	0	current	6	1	912	online/timings.tsv
read	root	cli	indexed_10000	ldapsearch	0	current	2	10000	1034	online/timings.tsv
read	root	cli	concurrent_8x1000	ldapsearch	0	current	2	8000	495	online/timings.tsv
read	root	cli	paged_2x100000	ldapsearch	0	current	2	2	1553	online/timings.tsv
read	root	cli	unindexed_negative_10	ldapsearch	0	current	2	10	237	online/timings.tsv
read	root	cli	full_prefix	ldapsearch	0	openldap	4	1	783	online/timings.tsv
read	root	cli	full_prefix	ldapsearch	0	openldap	5	1	793	online/timings.tsv
read	root	cli	full_prefix	ldapsearch	0	openldap	6	1	772	online/timings.tsv
read	root	cli	indexed_10000	ldapsearch	0	openldap	2	10000	811	online/timings.tsv
read	root	cli	concurrent_8x1000	ldapsearch	0	openldap	2	8000	390	online/timings.tsv
read	root	cli	paged_2x100000	ldapsearch	0	openldap	2	2	1405	online/timings.tsv
read	root	cli	unindexed_negative_10	ldapsearch	0	openldap	2	10	392	online/timings.tsv
read	root	cli	full_prefix	ldapsearch	0	before	4	1	901	online/timings.tsv
read	root	cli	full_prefix	ldapsearch	0	before	5	1	815	online/timings.tsv
read	root	cli	full_prefix	ldapsearch	0	before	6	1	766	online/timings.tsv
read	root	cli	indexed_10000	ldapsearch	0	before	2	10000	986	online/timings.tsv
read	root	cli	concurrent_8x1000	ldapsearch	0	before	2	8000	416	online/timings.tsv
read	root	cli	paged_2x100000	ldapsearch	0	before	2	2	1583	online/timings.tsv
read	root	cli	unindexed_negative_10	ldapsearch	0	before	2	10	463	online/timings.tsv
read	root	cli	full_prefix	ldapsearch	0	openldap	7	1	1075	online/timings.tsv
read	root	cli	full_prefix	ldapsearch	0	openldap	8	1	684	online/timings.tsv
read	root	cli	full_prefix	ldapsearch	0	openldap	9	1	647	online/timings.tsv
read	root	cli	indexed_10000	ldapsearch	0	openldap	3	10000	842	online/timings.tsv
read	root	cli	concurrent_8x1000	ldapsearch	0	openldap	3	8000	343	online/timings.tsv
read	root	cli	paged_2x100000	ldapsearch	0	openldap	3	2	1388	online/timings.tsv
read	root	cli	unindexed_negative_10	ldapsearch	0	openldap	3	10	464	online/timings.tsv
read	root	cli	full_prefix	ldapsearch	0	before	7	1	881	online/timings.tsv
read	root	cli	full_prefix	ldapsearch	0	before	8	1	872	online/timings.tsv
read	root	cli	full_prefix	ldapsearch	0	before	9	1	828	online/timings.tsv
read	root	cli	indexed_10000	ldapsearch	0	before	3	10000	985	online/timings.tsv
read	root	cli	concurrent_8x1000	ldapsearch	0	before	3	8000	327	online/timings.tsv
read	root	cli	paged_2x100000	ldapsearch	0	before	3	2	1683	online/timings.tsv
read	root	cli	unindexed_negative_10	ldapsearch	0	before	3	10	246	online/timings.tsv
read	root	cli	full_prefix	ldapsearch	0	current	7	1	816	online/timings.tsv
read	root	cli	full_prefix	ldapsearch	0	current	8	1	978	online/timings.tsv
read	root	cli	full_prefix	ldapsearch	0	current	9	1	779	online/timings.tsv
read	root	cli	indexed_10000	ldapsearch	0	current	3	10000	898	online/timings.tsv
read	root	cli	concurrent_8x1000	ldapsearch	0	current	3	8000	369	online/timings.tsv
read	root	cli	paged_2x100000	ldapsearch	0	current	3	2	1992	online/timings.tsv
read	root	cli	unindexed_negative_10	ldapsearch	0	current	3	10	237	online/timings.tsv
writes	root	process	startup	launch-to-ready	0	before	1	1	1409	writes/timings.tsv
writes	root	process	startup	launch-to-ready	0	current	1	1	1380	writes/timings.tsv
writes	root	process	startup	launch-to-ready	0	openldap	1	1	249	writes/timings.tsv
writes	root	process	startup	launch-to-ready	0	current	2	1	1412	writes/timings.tsv
writes	root	process	startup	launch-to-ready	0	openldap	2	1	212	writes/timings.tsv
writes	root	process	startup	launch-to-ready	0	before	2	1	1418	writes/timings.tsv
writes	root	process	startup	launch-to-ready	0	openldap	3	1	211	writes/timings.tsv
writes	root	process	startup	launch-to-ready	0	before	3	1	1384	writes/timings.tsv
writes	root	process	startup	launch-to-ready	0	current	3	1	1379	writes/timings.tsv
read-recheck	root	cli	full_prefix	ldapsearch	0	before	1	1	808	read-recheck/timings.tsv
read-recheck	root	cli	full_prefix	ldapsearch	0	before	2	1	864	read-recheck/timings.tsv
read-recheck	root	cli	full_prefix	ldapsearch	0	before	3	1	784	read-recheck/timings.tsv
read-recheck	root	cli	indexed_10000	ldapsearch	0	before	1	10000	808	read-recheck/timings.tsv
read-recheck	root	cli	concurrent_8x1000	ldapsearch	0	before	1	8000	308	read-recheck/timings.tsv
read-recheck	root	cli	paged_2x100000	ldapsearch	0	before	1	2	1509	read-recheck/timings.tsv
read-recheck	root	cli	unindexed_negative_10	ldapsearch	0	before	1	10	238	read-recheck/timings.tsv
read-recheck	root	cli	full_prefix	ldapsearch	0	current	1	1	806	read-recheck/timings.tsv
read-recheck	root	cli	full_prefix	ldapsearch	0	current	2	1	780	read-recheck/timings.tsv
read-recheck	root	cli	full_prefix	ldapsearch	0	current	3	1	792	read-recheck/timings.tsv
read-recheck	root	cli	indexed_10000	ldapsearch	0	current	1	10000	965	read-recheck/timings.tsv
read-recheck	root	cli	concurrent_8x1000	ldapsearch	0	current	1	8000	342	read-recheck/timings.tsv
read-recheck	root	cli	paged_2x100000	ldapsearch	0	current	1	2	1694	read-recheck/timings.tsv
read-recheck	root	cli	unindexed_negative_10	ldapsearch	0	current	1	10	230	read-recheck/timings.tsv
read-recheck	root	cli	full_prefix	ldapsearch	0	current	4	1	777	read-recheck/timings.tsv
read-recheck	root	cli	full_prefix	ldapsearch	0	current	5	1	724	read-recheck/timings.tsv
read-recheck	root	cli	full_prefix	ldapsearch	0	current	6	1	737	read-recheck/timings.tsv
read-recheck	root	cli	indexed_10000	ldapsearch	0	current	2	10000	1300	read-recheck/timings.tsv
read-recheck	root	cli	concurrent_8x1000	ldapsearch	0	current	2	8000	618	read-recheck/timings.tsv
read-recheck	root	cli	paged_2x100000	ldapsearch	0	current	2	2	1880	read-recheck/timings.tsv
read-recheck	root	cli	unindexed_negative_10	ldapsearch	0	current	2	10	336	read-recheck/timings.tsv
read-recheck	root	cli	full_prefix	ldapsearch	0	before	4	1	1029	read-recheck/timings.tsv
read-recheck	root	cli	full_prefix	ldapsearch	0	before	5	1	940	read-recheck/timings.tsv
read-recheck	root	cli	full_prefix	ldapsearch	0	before	6	1	1040	read-recheck/timings.tsv
read-recheck	root	cli	indexed_10000	ldapsearch	0	before	2	10000	950	read-recheck/timings.tsv
read-recheck	root	cli	concurrent_8x1000	ldapsearch	0	before	2	8000	361	read-recheck/timings.tsv
read-recheck	root	cli	paged_2x100000	ldapsearch	0	before	2	2	2084	read-recheck/timings.tsv
read-recheck	root	cli	unindexed_negative_10	ldapsearch	0	before	2	10	263	read-recheck/timings.tsv
read-recheck	root	cli	full_prefix	ldapsearch	0	before	7	1	844	read-recheck/timings.tsv
read-recheck	root	cli	full_prefix	ldapsearch	0	before	8	1	802	read-recheck/timings.tsv
read-recheck	root	cli	full_prefix	ldapsearch	0	before	9	1	843	read-recheck/timings.tsv
read-recheck	root	cli	indexed_10000	ldapsearch	0	before	3	10000	1013	read-recheck/timings.tsv
read-recheck	root	cli	concurrent_8x1000	ldapsearch	0	before	3	8000	374	read-recheck/timings.tsv
read-recheck	root	cli	paged_2x100000	ldapsearch	0	before	3	2	1535	read-recheck/timings.tsv
read-recheck	root	cli	unindexed_negative_10	ldapsearch	0	before	3	10	251	read-recheck/timings.tsv
read-recheck	root	cli	full_prefix	ldapsearch	0	current	7	1	750	read-recheck/timings.tsv
read-recheck	root	cli	full_prefix	ldapsearch	0	current	8	1	783	read-recheck/timings.tsv
read-recheck	root	cli	full_prefix	ldapsearch	0	current	9	1	769	read-recheck/timings.tsv
read-recheck	root	cli	indexed_10000	ldapsearch	0	current	3	10000	874	read-recheck/timings.tsv
read-recheck	root	cli	concurrent_8x1000	ldapsearch	0	current	3	8000	308	read-recheck/timings.tsv
read-recheck	root	cli	paged_2x100000	ldapsearch	0	current	3	2	1520	read-recheck/timings.tsv
read-recheck	root	cli	unindexed_negative_10	ldapsearch	0	current	3	10	234	read-recheck/timings.tsv
write-recheck	root	process	startup	launch-to-ready	0	before	1	1	1446	write-recheck/timings.tsv
write-recheck	root	process	startup	launch-to-ready	0	current	1	1	1381	write-recheck/timings.tsv
write-recheck	root	process	startup	launch-to-ready	0	current	2	1	1335	write-recheck/timings.tsv
write-recheck	root	process	startup	launch-to-ready	0	before	2	1	1380	write-recheck/timings.tsv
write-recheck	root	process	startup	launch-to-ready	0	before	3	1	1303	write-recheck/timings.tsv
write-recheck	root	process	startup	launch-to-ready	0	current	3	1	1366	write-recheck/timings.tsv
write-recheck	root	process	startup	launch-to-ready	0	current	4	1	1313	write-recheck/timings.tsv
write-recheck	root	process	startup	launch-to-ready	0	before	4	1	1473	write-recheck/timings.tsv
write-recheck	root	process	startup	launch-to-ready	0	before	5	1	1368	write-recheck/timings.tsv
write-recheck	root	process	startup	launch-to-ready	0	current	5	1	1395	write-recheck/timings.tsv
write-recheck	root	process	startup	launch-to-ready	0	current	6	1	1306	write-recheck/timings.tsv
write-recheck	root	process	startup	launch-to-ready	0	before	6	1	1459	write-recheck/timings.tsv
write-recheck	root	process	startup	launch-to-ready	0	before	7	1	1340	write-recheck/timings.tsv
write-recheck	root	process	startup	launch-to-ready	0	current	7	1	1392	write-recheck/timings.tsv
paged-recheck	root	paired-cli	paged_2x100000	ldapsearch	0	current	1	2	1308	paged-recheck/timings.tsv
paged-recheck	root	paired-cli	paged_2x100000	ldapsearch	0	openldap	1	2	1992	paged-recheck/timings.tsv
paged-recheck	root	paired-cli	paged_2x100000	ldapsearch	0	before	1	2	1243	paged-recheck/timings.tsv
paged-recheck	root	paired-cli	paged_2x100000	ldapsearch	0	openldap	2	2	1483	paged-recheck/timings.tsv
paged-recheck	root	paired-cli	paged_2x100000	ldapsearch	0	before	2	2	1315	paged-recheck/timings.tsv
paged-recheck	root	paired-cli	paged_2x100000	ldapsearch	0	current	2	2	1287	paged-recheck/timings.tsv
paged-recheck	root	paired-cli	paged_2x100000	ldapsearch	0	before	3	2	1187	paged-recheck/timings.tsv
paged-recheck	root	paired-cli	paged_2x100000	ldapsearch	0	current	3	2	1347	paged-recheck/timings.tsv
paged-recheck	root	paired-cli	paged_2x100000	ldapsearch	0	openldap	3	2	1391	paged-recheck/timings.tsv
paged-recheck	root	paired-cli	paged_2x100000	ldapsearch	0	current	4	2	1118	paged-recheck/timings.tsv
paged-recheck	root	paired-cli	paged_2x100000	ldapsearch	0	openldap	4	2	1296	paged-recheck/timings.tsv
paged-recheck	root	paired-cli	paged_2x100000	ldapsearch	0	before	4	2	1299	paged-recheck/timings.tsv
paged-recheck	root	paired-cli	paged_2x100000	ldapsearch	0	openldap	5	2	1327	paged-recheck/timings.tsv
paged-recheck	root	paired-cli	paged_2x100000	ldapsearch	0	before	5	2	1141	paged-recheck/timings.tsv
paged-recheck	root	paired-cli	paged_2x100000	ldapsearch	0	current	5	2	1223	paged-recheck/timings.tsv
paged-recheck	root	paired-cli	paged_2x100000	ldapsearch	0	before	6	2	1234	paged-recheck/timings.tsv
paged-recheck	root	paired-cli	paged_2x100000	ldapsearch	0	current	6	2	1164	paged-recheck/timings.tsv
paged-recheck	root	paired-cli	paged_2x100000	ldapsearch	0	openldap	6	2	1317	paged-recheck/timings.tsv
paged-recheck	root	paired-cli	paged_2x100000	ldapsearch	0	current	7	2	1248	paged-recheck/timings.tsv
paged-recheck	root	paired-cli	paged_2x100000	ldapsearch	0	openldap	7	2	1470	paged-recheck/timings.tsv
paged-recheck	root	paired-cli	paged_2x100000	ldapsearch	0	before	7	2	1194	paged-recheck/timings.tsv
