path	suite	access_mode	identity	variant	stage	method	members	endpoint	repeat	operations	completed	requests	latencies	verification_requests	verification_ms
explicit-final/smoke.json	common	explicit	nonroot	smoke	userBind	simple_bind_ssha	0	before	1	2	2	2	2	4	1.280834
explicit-final/smoke.json	common	explicit	nonroot	smoke	userBind	simple_bind_ssha	0	current	1	2	2	2	2	4	0.46499999999999997
explicit-final/smoke.json	common	explicit	nonroot	smoke	userBind	simple_bind_ssha	0	openldap	1	2	2	2	2	4	0.328793
explicit-final/smoke.json	common	explicit	nonroot	smoke	userBind	simple_bind_plaintext	0	before	1	2	2	2	2	4	0.365
explicit-final/smoke.json	common	explicit	nonroot	smoke	userBind	simple_bind_plaintext	0	current	1	2	2	2	2	4	0.30274999999999996
explicit-final/smoke.json	common	explicit	nonroot	smoke	userBind	simple_bind_plaintext	0	openldap	1	2	2	2	2	4	0.23374999999999999
explicit-final/smoke.json	common	explicit	nonroot	smoke	userBindWrong	simple_bind_ssha	0	before	1	2	2	2	2	8	1.082708
explicit-final/smoke.json	common	explicit	nonroot	smoke	userBindWrong	simple_bind_ssha	0	current	1	2	2	2	2	8	0.639919
explicit-final/smoke.json	common	explicit	nonroot	smoke	userBindWrong	simple_bind_ssha	0	openldap	1	2	2	2	2	8	0.5768340000000001
explicit-final/smoke.json	common	explicit	nonroot	smoke	userBindWrong	simple_bind_plaintext	0	before	1	2	2	2	2	8	0.731292
explicit-final/smoke.json	common	explicit	nonroot	smoke	userBindWrong	simple_bind_plaintext	0	current	1	2	2	2	2	8	0.7995829999999999
explicit-final/smoke.json	common	explicit	nonroot	smoke	userBindWrong	simple_bind_plaintext	0	openldap	1	2	2	2	2	8	0.7715430000000001
explicit-final/smoke.json	common	explicit	nonroot	smoke	nonrootBase	search_nonrootBase	0	before	1	2	2	2	2	4	0.433334
explicit-final/smoke.json	common	explicit	nonroot	smoke	nonrootBase	search_nonrootBase	0	current	1	2	2	2	2	4	0.381124
explicit-final/smoke.json	common	explicit	nonroot	smoke	nonrootBase	search_nonrootBase	0	openldap	1	2	2	2	2	4	0.24895899999999999
explicit-final/smoke.json	common	explicit	nonroot	smoke	nonrootEquality	search_nonrootEquality	0	before	1	2	2	2	2	4	0.42858199999999996
explicit-final/smoke.json	common	explicit	nonroot	smoke	nonrootEquality	search_nonrootEquality	0	current	1	2	2	2	2	4	0.382625
explicit-final/smoke.json	common	explicit	nonroot	smoke	nonrootEquality	search_nonrootEquality	0	openldap	1	2	2	2	2	4	0.28675100000000003
explicit-final/smoke.json	common	explicit	nonroot	smoke	memberEquality	search_memberEquality	0	before	1	2	2	2	2	4	0.411876
explicit-final/smoke.json	common	explicit	nonroot	smoke	memberEquality	search_memberEquality	0	current	1	2	2	2	2	4	0.382957
explicit-final/smoke.json	common	explicit	nonroot	smoke	memberEquality	search_memberEquality	0	openldap	1	2	2	2	2	4	0.323293
explicit-final/smoke.json	common	explicit	nonroot	smoke	groupBase	base_member_values	10	before	1	2	2	2	2	4	0.43233299999999997
explicit-final/smoke.json	common	explicit	nonroot	smoke	groupBase	base_member_values	10	current	1	2	2	2	2	4	0.419585
explicit-final/smoke.json	common	explicit	nonroot	smoke	groupBase	base_member_values	10	openldap	1	2	2	2	2	4	0.381
explicit-final/smoke.json	common	explicit	nonroot	smoke	groupBase	base_member_values	1000	before	1	2	2	2	2	4	0.5936250000000001
explicit-final/smoke.json	common	explicit	nonroot	smoke	groupBase	base_member_values	1000	current	1	2	2	2	2	4	0.538542
explicit-final/smoke.json	common	explicit	nonroot	smoke	groupBase	base_member_values	1000	openldap	1	2	2	2	2	4	0.41696
explicit-final/smoke.json	common	explicit	nonroot	smoke	nestedMembership	client_bfs_member_equality	0	before	1	2	2	12	2	14	1.7190019999999997
explicit-final/smoke.json	common	explicit	nonroot	smoke	nestedMembership	client_bfs_member_equality	0	current	1	2	2	12	2	14	2.416917
explicit-final/smoke.json	common	explicit	nonroot	smoke	nestedMembership	client_bfs_member_equality	0	openldap	1	2	2	12	2	14	1.2385400000000002
explicit-final/hot.json	common	explicit	nonroot	hot	userBind	simple_bind_ssha	0	before	1	1000	1000	1000	1000	1002	90.48860000000009
explicit-final/hot.json	common	explicit	nonroot	hot	userBind	simple_bind_ssha	0	current	1	1000	1000	1000	1000	1002	89.59416999999982
explicit-final/hot.json	common	explicit	nonroot	hot	userBind	simple_bind_ssha	0	openldap	1	1000	1000	1000	1000	1002	72.23335599999996
explicit-final/hot.json	common	explicit	nonroot	hot	userBind	simple_bind_ssha	0	before	2	1000	1000	1000	1000	1002	87.19752300000002
explicit-final/hot.json	common	explicit	nonroot	hot	userBind	simple_bind_ssha	0	current	2	1000	1000	1000	1000	1002	84.37743099999993
explicit-final/hot.json	common	explicit	nonroot	hot	userBind	simple_bind_ssha	0	openldap	2	1000	1000	1000	1000	1002	70.85808200000007
explicit-final/hot.json	common	explicit	nonroot	hot	userBind	simple_bind_ssha	0	before	3	1000	1000	1000	1000	1002	95.59942599999991
explicit-final/hot.json	common	explicit	nonroot	hot	userBind	simple_bind_ssha	0	current	3	1000	1000	1000	1000	1002	93.100828
explicit-final/hot.json	common	explicit	nonroot	hot	userBind	simple_bind_ssha	0	openldap	3	1000	1000	1000	1000	1002	76.84496899999996
explicit-final/hot.json	common	explicit	nonroot	hot	userBind	simple_bind_ssha	0	before	4	1000	1000	1000	1000	1002	93.50538599999985
explicit-final/hot.json	common	explicit	nonroot	hot	userBind	simple_bind_ssha	0	current	4	1000	1000	1000	1000	1002	94.84960300000003
explicit-final/hot.json	common	explicit	nonroot	hot	userBind	simple_bind_ssha	0	openldap	4	1000	1000	1000	1000	1002	72.62817900000005
explicit-final/hot.json	common	explicit	nonroot	hot	userBind	simple_bind_ssha	0	before	5	1000	1000	1000	1000	1002	81.706079
explicit-final/hot.json	common	explicit	nonroot	hot	userBind	simple_bind_ssha	0	current	5	1000	1000	1000	1000	1002	85.55796999999993
explicit-final/hot.json	common	explicit	nonroot	hot	userBind	simple_bind_ssha	0	openldap	5	1000	1000	1000	1000	1002	67.02649699999995
explicit-final/hot.json	common	explicit	nonroot	hot	userBind	simple_bind_ssha	0	before	6	1000	1000	1000	1000	1002	78.76228499999996
explicit-final/hot.json	common	explicit	nonroot	hot	userBind	simple_bind_ssha	0	current	6	1000	1000	1000	1000	1002	79.90337900000004
explicit-final/hot.json	common	explicit	nonroot	hot	userBind	simple_bind_ssha	0	openldap	6	1000	1000	1000	1000	1002	71.13242100000006
explicit-final/hot.json	common	explicit	nonroot	hot	userBind	simple_bind_ssha	0	before	7	1000	1000	1000	1000	1002	77.74442100000002
explicit-final/hot.json	common	explicit	nonroot	hot	userBind	simple_bind_ssha	0	current	7	1000	1000	1000	1000	1002	76.49546500000002
explicit-final/hot.json	common	explicit	nonroot	hot	userBind	simple_bind_ssha	0	openldap	7	1000	1000	1000	1000	1002	65.45981499999995
explicit-final/hot.json	common	explicit	nonroot	hot	userBind	simple_bind_plaintext	0	before	1	1000	1000	1000	1000	1002	78.38277399999998
explicit-final/hot.json	common	explicit	nonroot	hot	userBind	simple_bind_plaintext	0	current	1	1000	1000	1000	1000	1002	81.20804000000003
explicit-final/hot.json	common	explicit	nonroot	hot	userBind	simple_bind_plaintext	0	openldap	1	1000	1000	1000	1000	1002	68.6048780000001
explicit-final/hot.json	common	explicit	nonroot	hot	userBind	simple_bind_plaintext	0	before	2	1000	1000	1000	1000	1002	96.70809500000014
explicit-final/hot.json	common	explicit	nonroot	hot	userBind	simple_bind_plaintext	0	current	2	1000	1000	1000	1000	1002	99.71725399999993
explicit-final/hot.json	common	explicit	nonroot	hot	userBind	simple_bind_plaintext	0	openldap	2	1000	1000	1000	1000	1002	82.22393899999999
explicit-final/hot.json	common	explicit	nonroot	hot	userBind	simple_bind_plaintext	0	before	3	1000	1000	1000	1000	1002	90.93406499999999
explicit-final/hot.json	common	explicit	nonroot	hot	userBind	simple_bind_plaintext	0	current	3	1000	1000	1000	1000	1002	91.0885329999999
explicit-final/hot.json	common	explicit	nonroot	hot	userBind	simple_bind_plaintext	0	openldap	3	1000	1000	1000	1000	1002	72.59813600000001
explicit-final/hot.json	common	explicit	nonroot	hot	userBind	simple_bind_plaintext	0	before	4	1000	1000	1000	1000	1002	89.27078399999986
explicit-final/hot.json	common	explicit	nonroot	hot	userBind	simple_bind_plaintext	0	current	4	1000	1000	1000	1000	1002	88.98628199999992
explicit-final/hot.json	common	explicit	nonroot	hot	userBind	simple_bind_plaintext	0	openldap	4	1000	1000	1000	1000	1002	75.72882500000003
explicit-final/hot.json	common	explicit	nonroot	hot	userBind	simple_bind_plaintext	0	before	5	1000	1000	1000	1000	1002	94.08324700000004
explicit-final/hot.json	common	explicit	nonroot	hot	userBind	simple_bind_plaintext	0	current	5	1000	1000	1000	1000	1002	94.55996000000012
explicit-final/hot.json	common	explicit	nonroot	hot	userBind	simple_bind_plaintext	0	openldap	5	1000	1000	1000	1000	1002	80.23906299999996
explicit-final/hot.json	common	explicit	nonroot	hot	userBind	simple_bind_plaintext	0	before	6	1000	1000	1000	1000	1002	80.01905399999991
explicit-final/hot.json	common	explicit	nonroot	hot	userBind	simple_bind_plaintext	0	current	6	1000	1000	1000	1000	1002	77.41501899999993
explicit-final/hot.json	common	explicit	nonroot	hot	userBind	simple_bind_plaintext	0	openldap	6	1000	1000	1000	1000	1002	70.43574600000008
explicit-final/hot.json	common	explicit	nonroot	hot	userBind	simple_bind_plaintext	0	before	7	1000	1000	1000	1000	1002	82.09220700000002
explicit-final/hot.json	common	explicit	nonroot	hot	userBind	simple_bind_plaintext	0	current	7	1000	1000	1000	1000	1002	85.314339
explicit-final/hot.json	common	explicit	nonroot	hot	userBind	simple_bind_plaintext	0	openldap	7	1000	1000	1000	1000	1002	67.45870600000006
explicit-final/hot.json	common	explicit	nonroot	hot	userBindWrong	simple_bind_ssha	0	before	1	1000	1000	1000	1000	3002	288.9544050000004
explicit-final/hot.json	common	explicit	nonroot	hot	userBindWrong	simple_bind_ssha	0	current	1	1000	1000	1000	1000	3002	290.7062879999996
explicit-final/hot.json	common	explicit	nonroot	hot	userBindWrong	simple_bind_ssha	0	openldap	1	1000	1000	1000	1000	3002	239.61872499999973
explicit-final/hot.json	common	explicit	nonroot	hot	userBindWrong	simple_bind_ssha	0	before	2	1000	1000	1000	1000	3002	286.26873000000035
explicit-final/hot.json	common	explicit	nonroot	hot	userBindWrong	simple_bind_ssha	0	current	2	1000	1000	1000	1000	3002	276.2545089999999
explicit-final/hot.json	common	explicit	nonroot	hot	userBindWrong	simple_bind_ssha	0	openldap	2	1000	1000	1000	1000	3002	229.38503300000025
explicit-final/hot.json	common	explicit	nonroot	hot	userBindWrong	simple_bind_ssha	0	before	3	1000	1000	1000	1000	3002	287.2663559999995
explicit-final/hot.json	common	explicit	nonroot	hot	userBindWrong	simple_bind_ssha	0	current	3	1000	1000	1000	1000	3002	293.0470459999995
explicit-final/hot.json	common	explicit	nonroot	hot	userBindWrong	simple_bind_ssha	0	openldap	3	1000	1000	1000	1000	3002	234.83292500000005
explicit-final/hot.json	common	explicit	nonroot	hot	userBindWrong	simple_bind_ssha	0	before	4	1000	1000	1000	1000	3002	275.03711999999996
explicit-final/hot.json	common	explicit	nonroot	hot	userBindWrong	simple_bind_ssha	0	current	4	1000	1000	1000	1000	3002	272.2830589999996
explicit-final/hot.json	common	explicit	nonroot	hot	userBindWrong	simple_bind_ssha	0	openldap	4	1000	1000	1000	1000	3002	224.16250800000026
explicit-final/hot.json	common	explicit	nonroot	hot	userBindWrong	simple_bind_ssha	0	before	5	1000	1000	1000	1000	3002	293.49820800000003
explicit-final/hot.json	common	explicit	nonroot	hot	userBindWrong	simple_bind_ssha	0	current	5	1000	1000	1000	1000	3002	288.7266410000007
explicit-final/hot.json	common	explicit	nonroot	hot	userBindWrong	simple_bind_ssha	0	openldap	5	1000	1000	1000	1000	3002	243.40088299999994
explicit-final/hot.json	common	explicit	nonroot	hot	userBindWrong	simple_bind_ssha	0	before	6	1000	1000	1000	1000	3002	283.45150799999936
explicit-final/hot.json	common	explicit	nonroot	hot	userBindWrong	simple_bind_ssha	0	current	6	1000	1000	1000	1000	3002	288.70566200000036
explicit-final/hot.json	common	explicit	nonroot	hot	userBindWrong	simple_bind_ssha	0	openldap	6	1000	1000	1000	1000	3002	239.67282300000005
explicit-final/hot.json	common	explicit	nonroot	hot	userBindWrong	simple_bind_ssha	0	before	7	1000	1000	1000	1000	3002	258.49113899999975
explicit-final/hot.json	common	explicit	nonroot	hot	userBindWrong	simple_bind_ssha	0	current	7	1000	1000	1000	1000	3002	263.546856
explicit-final/hot.json	common	explicit	nonroot	hot	userBindWrong	simple_bind_ssha	0	openldap	7	1000	1000	1000	1000	3002	213.39875799999956
explicit-final/hot.json	common	explicit	nonroot	hot	userBindWrong	simple_bind_plaintext	0	before	1	1000	1000	1000	1000	3002	287.56092599999863
explicit-final/hot.json	common	explicit	nonroot	hot	userBindWrong	simple_bind_plaintext	0	current	1	1000	1000	1000	1000	3002	287.4339030000001
explicit-final/hot.json	common	explicit	nonroot	hot	userBindWrong	simple_bind_plaintext	0	openldap	1	1000	1000	1000	1000	3002	238.45730100000023
explicit-final/hot.json	common	explicit	nonroot	hot	userBindWrong	simple_bind_plaintext	0	before	2	1000	1000	1000	1000	3002	264.47733000000017
explicit-final/hot.json	common	explicit	nonroot	hot	userBindWrong	simple_bind_plaintext	0	current	2	1000	1000	1000	1000	3002	266.04392499999983
explicit-final/hot.json	common	explicit	nonroot	hot	userBindWrong	simple_bind_plaintext	0	openldap	2	1000	1000	1000	1000	3002	217.77788400000043
explicit-final/hot.json	common	explicit	nonroot	hot	userBindWrong	simple_bind_plaintext	0	before	3	1000	1000	1000	1000	3002	262.51045400000015
explicit-final/hot.json	common	explicit	nonroot	hot	userBindWrong	simple_bind_plaintext	0	current	3	1000	1000	1000	1000	3002	262.66904399999925
explicit-final/hot.json	common	explicit	nonroot	hot	userBindWrong	simple_bind_plaintext	0	openldap	3	1000	1000	1000	1000	3002	217.82763300000016
explicit-final/hot.json	common	explicit	nonroot	hot	userBindWrong	simple_bind_plaintext	0	before	4	1000	1000	1000	1000	3002	280.520919
explicit-final/hot.json	common	explicit	nonroot	hot	userBindWrong	simple_bind_plaintext	0	current	4	1000	1000	1000	1000	3002	277.71632100000033
explicit-final/hot.json	common	explicit	nonroot	hot	userBindWrong	simple_bind_plaintext	0	openldap	4	1000	1000	1000	1000	3002	227.35975799999972
explicit-final/hot.json	common	explicit	nonroot	hot	userBindWrong	simple_bind_plaintext	0	before	5	1000	1000	1000	1000	3002	286.4025610000003
explicit-final/hot.json	common	explicit	nonroot	hot	userBindWrong	simple_bind_plaintext	0	current	5	1000	1000	1000	1000	3002	284.4738579999999
explicit-final/hot.json	common	explicit	nonroot	hot	userBindWrong	simple_bind_plaintext	0	openldap	5	1000	1000	1000	1000	3002	245.18482799999936
explicit-final/hot.json	common	explicit	nonroot	hot	userBindWrong	simple_bind_plaintext	0	before	6	1000	1000	1000	1000	3002	257.94866899999937
explicit-final/hot.json	common	explicit	nonroot	hot	userBindWrong	simple_bind_plaintext	0	current	6	1000	1000	1000	1000	3002	259.321197
explicit-final/hot.json	common	explicit	nonroot	hot	userBindWrong	simple_bind_plaintext	0	openldap	6	1000	1000	1000	1000	3002	215.20489500000056
explicit-final/hot.json	common	explicit	nonroot	hot	userBindWrong	simple_bind_plaintext	0	before	7	1000	1000	1000	1000	3002	281.61315599999966
explicit-final/hot.json	common	explicit	nonroot	hot	userBindWrong	simple_bind_plaintext	0	current	7	1000	1000	1000	1000	3002	279.9905090000001
explicit-final/hot.json	common	explicit	nonroot	hot	userBindWrong	simple_bind_plaintext	0	openldap	7	1000	1000	1000	1000	3002	225.97074700000042
explicit-final/hot.json	common	explicit	nonroot	hot	nonrootBase	search_nonrootBase	0	before	1	1000	1000	1000	1000	1002	87.64408900000018
explicit-final/hot.json	common	explicit	nonroot	hot	nonrootBase	search_nonrootBase	0	current	1	1000	1000	1000	1000	1002	89.37814000000002
explicit-final/hot.json	common	explicit	nonroot	hot	nonrootBase	search_nonrootBase	0	openldap	1	1000	1000	1000	1000	1002	71.52602299999997
explicit-final/hot.json	common	explicit	nonroot	hot	nonrootBase	search_nonrootBase	0	before	2	1000	1000	1000	1000	1002	91.01862299999999
explicit-final/hot.json	common	explicit	nonroot	hot	nonrootBase	search_nonrootBase	0	current	2	1000	1000	1000	1000	1002	90.46114899999995
explicit-final/hot.json	common	explicit	nonroot	hot	nonrootBase	search_nonrootBase	0	openldap	2	1000	1000	1000	1000	1002	74.03316700000002
explicit-final/hot.json	common	explicit	nonroot	hot	nonrootBase	search_nonrootBase	0	before	3	1000	1000	1000	1000	1002	87.757205
explicit-final/hot.json	common	explicit	nonroot	hot	nonrootBase	search_nonrootBase	0	current	3	1000	1000	1000	1000	1002	91.622366
explicit-final/hot.json	common	explicit	nonroot	hot	nonrootBase	search_nonrootBase	0	openldap	3	1000	1000	1000	1000	1002	72.78122300000001
explicit-final/hot.json	common	explicit	nonroot	hot	nonrootBase	search_nonrootBase	0	before	4	1000	1000	1000	1000	1002	92.68651199999994
explicit-final/hot.json	common	explicit	nonroot	hot	nonrootBase	search_nonrootBase	0	current	4	1000	1000	1000	1000	1002	93.13945900000014
explicit-final/hot.json	common	explicit	nonroot	hot	nonrootBase	search_nonrootBase	0	openldap	4	1000	1000	1000	1000	1002	74.12621900000005
explicit-final/hot.json	common	explicit	nonroot	hot	nonrootBase	search_nonrootBase	0	before	5	1000	1000	1000	1000	1002	88.49957900000001
explicit-final/hot.json	common	explicit	nonroot	hot	nonrootBase	search_nonrootBase	0	current	5	1000	1000	1000	1000	1002	86.9876689999999
explicit-final/hot.json	common	explicit	nonroot	hot	nonrootBase	search_nonrootBase	0	openldap	5	1000	1000	1000	1000	1002	73.02517100000028
explicit-final/hot.json	common	explicit	nonroot	hot	nonrootBase	search_nonrootBase	0	before	6	1000	1000	1000	1000	1002	89.31105200000003
explicit-final/hot.json	common	explicit	nonroot	hot	nonrootBase	search_nonrootBase	0	current	6	1000	1000	1000	1000	1002	89.54493699999995
explicit-final/hot.json	common	explicit	nonroot	hot	nonrootBase	search_nonrootBase	0	openldap	6	1000	1000	1000	1000	1002	72.82148199999993
explicit-final/hot.json	common	explicit	nonroot	hot	nonrootBase	search_nonrootBase	0	before	7	1000	1000	1000	1000	1002	93.16553799999997
explicit-final/hot.json	common	explicit	nonroot	hot	nonrootBase	search_nonrootBase	0	current	7	1000	1000	1000	1000	1002	90.25053199999996
explicit-final/hot.json	common	explicit	nonroot	hot	nonrootBase	search_nonrootBase	0	openldap	7	1000	1000	1000	1000	1002	73.248958
explicit-final/hot.json	common	explicit	nonroot	hot	nonrootEquality	search_nonrootEquality	0	before	1	1000	1000	1000	1000	1002	99.82359100000004
explicit-final/hot.json	common	explicit	nonroot	hot	nonrootEquality	search_nonrootEquality	0	current	1	1000	1000	1000	1000	1002	97.71979300000002
explicit-final/hot.json	common	explicit	nonroot	hot	nonrootEquality	search_nonrootEquality	0	openldap	1	1000	1000	1000	1000	1002	80.83524999999989
explicit-final/hot.json	common	explicit	nonroot	hot	nonrootEquality	search_nonrootEquality	0	before	2	1000	1000	1000	1000	1002	92.86920400000001
explicit-final/hot.json	common	explicit	nonroot	hot	nonrootEquality	search_nonrootEquality	0	current	2	1000	1000	1000	1000	1002	89.75842499999995
explicit-final/hot.json	common	explicit	nonroot	hot	nonrootEquality	search_nonrootEquality	0	openldap	2	1000	1000	1000	1000	1002	71.27754300000005
explicit-final/hot.json	common	explicit	nonroot	hot	nonrootEquality	search_nonrootEquality	0	before	3	1000	1000	1000	1000	1002	90.45870899999997
explicit-final/hot.json	common	explicit	nonroot	hot	nonrootEquality	search_nonrootEquality	0	current	3	1000	1000	1000	1000	1002	88.00326099999991
explicit-final/hot.json	common	explicit	nonroot	hot	nonrootEquality	search_nonrootEquality	0	openldap	3	1000	1000	1000	1000	1002	71.38613700000002
explicit-final/hot.json	common	explicit	nonroot	hot	nonrootEquality	search_nonrootEquality	0	before	4	1000	1000	1000	1000	1002	87.53070400000014
explicit-final/hot.json	common	explicit	nonroot	hot	nonrootEquality	search_nonrootEquality	0	current	4	1000	1000	1000	1000	1002	87.49446200000006
explicit-final/hot.json	common	explicit	nonroot	hot	nonrootEquality	search_nonrootEquality	0	openldap	4	1000	1000	1000	1000	1002	71.13724700000002
explicit-final/hot.json	common	explicit	nonroot	hot	nonrootEquality	search_nonrootEquality	0	before	5	1000	1000	1000	1000	1002	96.9760449999999
explicit-final/hot.json	common	explicit	nonroot	hot	nonrootEquality	search_nonrootEquality	0	current	5	1000	1000	1000	1000	1002	92.89545500000003
explicit-final/hot.json	common	explicit	nonroot	hot	nonrootEquality	search_nonrootEquality	0	openldap	5	1000	1000	1000	1000	1002	76.26589599999996
explicit-final/hot.json	common	explicit	nonroot	hot	nonrootEquality	search_nonrootEquality	0	before	6	1000	1000	1000	1000	1002	115.93607999999998
explicit-final/hot.json	common	explicit	nonroot	hot	nonrootEquality	search_nonrootEquality	0	current	6	1000	1000	1000	1000	1002	115.016121
explicit-final/hot.json	common	explicit	nonroot	hot	nonrootEquality	search_nonrootEquality	0	openldap	6	1000	1000	1000	1000	1002	94.06335900000008
explicit-final/hot.json	common	explicit	nonroot	hot	nonrootEquality	search_nonrootEquality	0	before	7	1000	1000	1000	1000	1002	101.85190300000005
explicit-final/hot.json	common	explicit	nonroot	hot	nonrootEquality	search_nonrootEquality	0	current	7	1000	1000	1000	1000	1002	98.5162609999999
explicit-final/hot.json	common	explicit	nonroot	hot	nonrootEquality	search_nonrootEquality	0	openldap	7	1000	1000	1000	1000	1002	80.92945699999996
explicit-final/distributed.json	common	explicit	nonroot	distributed	nonrootBase	search_nonrootBase	0	before	1	1000	1000	1000	1000	1002	85.26150400000007
explicit-final/distributed.json	common	explicit	nonroot	distributed	nonrootBase	search_nonrootBase	0	current	1	1000	1000	1000	1000	1002	86.679694
explicit-final/distributed.json	common	explicit	nonroot	distributed	nonrootBase	search_nonrootBase	0	openldap	1	1000	1000	1000	1000	1002	69.46016299999994
explicit-final/distributed.json	common	explicit	nonroot	distributed	nonrootBase	search_nonrootBase	0	before	2	1000	1000	1000	1000	1002	92.87628900000003
explicit-final/distributed.json	common	explicit	nonroot	distributed	nonrootBase	search_nonrootBase	0	current	2	1000	1000	1000	1000	1002	95.96195399999989
explicit-final/distributed.json	common	explicit	nonroot	distributed	nonrootBase	search_nonrootBase	0	openldap	2	1000	1000	1000	1000	1002	75.55882100000002
explicit-final/distributed.json	common	explicit	nonroot	distributed	nonrootBase	search_nonrootBase	0	before	3	1000	1000	1000	1000	1002	86.95618600000005
explicit-final/distributed.json	common	explicit	nonroot	distributed	nonrootBase	search_nonrootBase	0	current	3	1000	1000	1000	1000	1002	86.51620100000012
explicit-final/distributed.json	common	explicit	nonroot	distributed	nonrootBase	search_nonrootBase	0	openldap	3	1000	1000	1000	1000	1002	72.86113
explicit-final/distributed.json	common	explicit	nonroot	distributed	nonrootEquality	search_nonrootEquality	0	before	1	1000	1000	1000	1000	1002	70.91706699999992
explicit-final/distributed.json	common	explicit	nonroot	distributed	nonrootEquality	search_nonrootEquality	0	current	1	1000	1000	1000	1000	1002	76.92407499999995
explicit-final/distributed.json	common	explicit	nonroot	distributed	nonrootEquality	search_nonrootEquality	0	openldap	1	1000	1000	1000	1000	1002	55.25314200000005
explicit-final/distributed.json	common	explicit	nonroot	distributed	nonrootEquality	search_nonrootEquality	0	before	2	1000	1000	1000	1000	1002	129.40580900000003
explicit-final/distributed.json	common	explicit	nonroot	distributed	nonrootEquality	search_nonrootEquality	0	current	2	1000	1000	1000	1000	1002	110.20949699999994
explicit-final/distributed.json	common	explicit	nonroot	distributed	nonrootEquality	search_nonrootEquality	0	openldap	2	1000	1000	1000	1000	1002	88.06697999999994
explicit-final/distributed.json	common	explicit	nonroot	distributed	nonrootEquality	search_nonrootEquality	0	before	3	1000	1000	1000	1000	1002	88.57046600000008
explicit-final/distributed.json	common	explicit	nonroot	distributed	nonrootEquality	search_nonrootEquality	0	current	3	1000	1000	1000	1000	1002	86.929735
explicit-final/distributed.json	common	explicit	nonroot	distributed	nonrootEquality	search_nonrootEquality	0	openldap	3	1000	1000	1000	1000	1002	69.82704700000004
explicit-final/groups.json	common	explicit	nonroot	groups	memberEquality	search_memberEquality	0	before	1	100	100	100	100	102	10.587285000000003
explicit-final/groups.json	common	explicit	nonroot	groups	memberEquality	search_memberEquality	0	current	1	100	100	100	100	102	9.791457000000003
explicit-final/groups.json	common	explicit	nonroot	groups	memberEquality	search_memberEquality	0	openldap	1	100	100	100	100	102	7.969578000000004
explicit-final/groups.json	common	explicit	nonroot	groups	memberEquality	search_memberEquality	0	before	2	100	100	100	100	102	11.158916999999999
explicit-final/groups.json	common	explicit	nonroot	groups	memberEquality	search_memberEquality	0	current	2	100	100	100	100	102	10.282084999999997
explicit-final/groups.json	common	explicit	nonroot	groups	memberEquality	search_memberEquality	0	openldap	2	100	100	100	100	102	7.893458000000002
explicit-final/groups.json	common	explicit	nonroot	groups	memberEquality	search_memberEquality	0	before	3	100	100	100	100	102	11.440369000000002
explicit-final/groups.json	common	explicit	nonroot	groups	memberEquality	search_memberEquality	0	current	3	100	100	100	100	102	10.183004
explicit-final/groups.json	common	explicit	nonroot	groups	memberEquality	search_memberEquality	0	openldap	3	100	100	100	100	102	7.843415000000002
explicit-final/groups.json	common	explicit	nonroot	groups	groupBase	base_member_values	10	before	1	100	100	100	100	102	9.272546999999998
explicit-final/groups.json	common	explicit	nonroot	groups	groupBase	base_member_values	10	current	1	100	100	100	100	102	8.524373999999993
explicit-final/groups.json	common	explicit	nonroot	groups	groupBase	base_member_values	10	openldap	1	100	100	100	100	102	7.808702
explicit-final/groups.json	common	explicit	nonroot	groups	groupBase	base_member_values	10	before	2	100	100	100	100	102	9.494713999999998
explicit-final/groups.json	common	explicit	nonroot	groups	groupBase	base_member_values	10	current	2	100	100	100	100	102	9.820791999999997
explicit-final/groups.json	common	explicit	nonroot	groups	groupBase	base_member_values	10	openldap	2	100	100	100	100	102	7.749081999999999
explicit-final/groups.json	common	explicit	nonroot	groups	groupBase	base_member_values	10	before	3	100	100	100	100	102	8.968865999999998
explicit-final/groups.json	common	explicit	nonroot	groups	groupBase	base_member_values	10	current	3	100	100	100	100	102	8.239335999999998
explicit-final/groups.json	common	explicit	nonroot	groups	groupBase	base_member_values	10	openldap	3	100	100	100	100	102	7.0661299999999985
explicit-final/groups.json	common	explicit	nonroot	groups	groupBase	base_member_values	1000	before	1	100	100	100	100	102	26.961751999999997
explicit-final/groups.json	common	explicit	nonroot	groups	groupBase	base_member_values	1000	current	1	100	100	100	100	102	27.568493000000004
explicit-final/groups.json	common	explicit	nonroot	groups	groupBase	base_member_values	1000	openldap	1	100	100	100	100	102	23.783625999999998
explicit-final/groups.json	common	explicit	nonroot	groups	groupBase	base_member_values	1000	before	2	100	100	100	100	102	26.949878999999996
explicit-final/groups.json	common	explicit	nonroot	groups	groupBase	base_member_values	1000	current	2	100	100	100	100	102	27.056950000000004
explicit-final/groups.json	common	explicit	nonroot	groups	groupBase	base_member_values	1000	openldap	2	100	100	100	100	102	23.962828
explicit-final/groups.json	common	explicit	nonroot	groups	groupBase	base_member_values	1000	before	3	100	100	100	100	102	30.124340000000007
explicit-final/groups.json	common	explicit	nonroot	groups	groupBase	base_member_values	1000	current	3	100	100	100	100	102	32.502463999999996
explicit-final/groups.json	common	explicit	nonroot	groups	groupBase	base_member_values	1000	openldap	3	100	100	100	100	102	25.430121000000014
explicit-final/groups.json	common	explicit	nonroot	groups	nestedMembership	client_bfs_member_equality	0	before	1	100	100	417	100	419	38.01148999999997
explicit-final/groups.json	common	explicit	nonroot	groups	nestedMembership	client_bfs_member_equality	0	current	1	100	100	417	100	419	37.45245599999998
explicit-final/groups.json	common	explicit	nonroot	groups	nestedMembership	client_bfs_member_equality	0	openldap	1	100	100	417	100	419	31.308289
explicit-final/groups.json	common	explicit	nonroot	groups	nestedMembership	client_bfs_member_equality	0	before	2	100	100	417	100	419	35.38990900000003
explicit-final/groups.json	common	explicit	nonroot	groups	nestedMembership	client_bfs_member_equality	0	current	2	100	100	417	100	419	35.534962
explicit-final/groups.json	common	explicit	nonroot	groups	nestedMembership	client_bfs_member_equality	0	openldap	2	100	100	417	100	419	28.603541999999997
explicit-final/groups.json	common	explicit	nonroot	groups	nestedMembership	client_bfs_member_equality	0	before	3	100	100	417	100	419	46.09846700000004
explicit-final/groups.json	common	explicit	nonroot	groups	nestedMembership	client_bfs_member_equality	0	current	3	100	100	417	100	419	40.04499999999998
explicit-final/groups.json	common	explicit	nonroot	groups	nestedMembership	client_bfs_member_equality	0	openldap	3	100	100	417	100	419	33.54971200000001
default-final/smoke.json	common	default	nonroot	smoke	userBind	simple_bind_ssha	0	before	1	2	2	2	2	4	0.566585
default-final/smoke.json	common	default	nonroot	smoke	userBind	simple_bind_ssha	0	current	1	2	2	2	2	4	0.424541
default-final/smoke.json	common	default	nonroot	smoke	userBind	simple_bind_ssha	0	openldap	1	2	2	2	2	4	0.314334
default-final/smoke.json	common	default	nonroot	smoke	userBind	simple_bind_plaintext	0	before	1	2	2	2	2	4	0.325916
default-final/smoke.json	common	default	nonroot	smoke	userBind	simple_bind_plaintext	0	current	1	2	2	2	2	4	0.36429000000000006
default-final/smoke.json	common	default	nonroot	smoke	userBind	simple_bind_plaintext	0	openldap	1	2	2	2	2	4	0.301626
default-final/smoke.json	common	default	nonroot	smoke	userBindWrong	simple_bind_ssha	0	before	1	2	2	2	2	8	0.665958
default-final/smoke.json	common	default	nonroot	smoke	userBindWrong	simple_bind_ssha	0	current	1	2	2	2	2	8	0.6102920000000001
default-final/smoke.json	common	default	nonroot	smoke	userBindWrong	simple_bind_ssha	0	openldap	1	2	2	2	2	8	0.583043
default-final/smoke.json	common	default	nonroot	smoke	userBindWrong	simple_bind_plaintext	0	before	1	2	2	2	2	8	0.615498
default-final/smoke.json	common	default	nonroot	smoke	userBindWrong	simple_bind_plaintext	0	current	1	2	2	2	2	8	0.626169
default-final/smoke.json	common	default	nonroot	smoke	userBindWrong	simple_bind_plaintext	0	openldap	1	2	2	2	2	8	0.5338750000000001
default-final/smoke.json	common	default	nonroot	smoke	nonrootBase	search_nonrootBase	0	before	1	2	2	2	2	4	0.278209
default-final/smoke.json	common	default	nonroot	smoke	nonrootBase	search_nonrootBase	0	current	1	2	2	2	2	4	0.330623
default-final/smoke.json	common	default	nonroot	smoke	nonrootBase	search_nonrootBase	0	openldap	1	2	2	2	2	4	0.227667
default-final/smoke.json	common	default	nonroot	smoke	nonrootEquality	search_nonrootEquality	0	before	1	2	2	2	2	4	0.314375
default-final/smoke.json	common	default	nonroot	smoke	nonrootEquality	search_nonrootEquality	0	current	1	2	2	2	2	4	0.330082
default-final/smoke.json	common	default	nonroot	smoke	nonrootEquality	search_nonrootEquality	0	openldap	1	2	2	2	2	4	0.302458
default-final/smoke.json	common	default	nonroot	smoke	memberEquality	search_memberEquality	0	before	1	2	2	2	2	4	0.46908399999999995
default-final/smoke.json	common	default	nonroot	smoke	memberEquality	search_memberEquality	0	current	1	2	2	2	2	4	0.402834
default-final/smoke.json	common	default	nonroot	smoke	memberEquality	search_memberEquality	0	openldap	1	2	2	2	2	4	0.324333
default-final/smoke.json	common	default	nonroot	smoke	groupBase	base_member_values	10	before	1	2	2	2	2	4	0.49495900000000004
default-final/smoke.json	common	default	nonroot	smoke	groupBase	base_member_values	10	current	1	2	2	2	2	4	0.796125
default-final/smoke.json	common	default	nonroot	smoke	groupBase	base_member_values	10	openldap	1	2	2	2	2	4	0.647376
default-final/smoke.json	common	default	nonroot	smoke	groupBase	base_member_values	1000	before	1	2	2	2	2	4	0.749458
default-final/smoke.json	common	default	nonroot	smoke	groupBase	base_member_values	1000	current	1	2	2	2	2	4	0.752959
default-final/smoke.json	common	default	nonroot	smoke	groupBase	base_member_values	1000	openldap	1	2	2	2	2	4	0.493042
default-final/smoke.json	common	default	nonroot	smoke	nestedMembership	client_bfs_member_equality	0	before	1	2	2	12	2	14	1.715166
default-final/smoke.json	common	default	nonroot	smoke	nestedMembership	client_bfs_member_equality	0	current	1	2	2	12	2	14	1.8144160000000003
default-final/smoke.json	common	default	nonroot	smoke	nestedMembership	client_bfs_member_equality	0	openldap	1	2	2	12	2	14	1.247166
default-final/hot.json	common	default	nonroot	hot	userBind	simple_bind_ssha	0	before	1	1000	1000	1000	1000	1002	89.28921299999983
default-final/hot.json	common	default	nonroot	hot	userBind	simple_bind_ssha	0	current	1	1000	1000	1000	1000	1002	89.88198000000004
default-final/hot.json	common	default	nonroot	hot	userBind	simple_bind_ssha	0	openldap	1	1000	1000	1000	1000	1002	71.636225
default-final/hot.json	common	default	nonroot	hot	userBind	simple_bind_ssha	0	before	2	1000	1000	1000	1000	1002	84.42284399999988
default-final/hot.json	common	default	nonroot	hot	userBind	simple_bind_ssha	0	current	2	1000	1000	1000	1000	1002	83.11157700000003
default-final/hot.json	common	default	nonroot	hot	userBind	simple_bind_ssha	0	openldap	2	1000	1000	1000	1000	1002	69.08011000000009
default-final/hot.json	common	default	nonroot	hot	userBind	simple_bind_ssha	0	before	3	1000	1000	1000	1000	1002	85.23007699999994
default-final/hot.json	common	default	nonroot	hot	userBind	simple_bind_ssha	0	current	3	1000	1000	1000	1000	1002	86.31009599999992
default-final/hot.json	common	default	nonroot	hot	userBind	simple_bind_ssha	0	openldap	3	1000	1000	1000	1000	1002	69.78296100000001
default-final/hot.json	common	default	nonroot	hot	userBind	simple_bind_ssha	0	before	4	1000	1000	1000	1000	1002	94.15841200000006
default-final/hot.json	common	default	nonroot	hot	userBind	simple_bind_ssha	0	current	4	1000	1000	1000	1000	1002	91.78379199999998
default-final/hot.json	common	default	nonroot	hot	userBind	simple_bind_ssha	0	openldap	4	1000	1000	1000	1000	1002	78.23834799999999
default-final/hot.json	common	default	nonroot	hot	userBind	simple_bind_ssha	0	before	5	1000	1000	1000	1000	1002	94.91954800000012
default-final/hot.json	common	default	nonroot	hot	userBind	simple_bind_ssha	0	current	5	1000	1000	1000	1000	1002	96.18471599999992
default-final/hot.json	common	default	nonroot	hot	userBind	simple_bind_ssha	0	openldap	5	1000	1000	1000	1000	1002	75.37416700000013
default-final/hot.json	common	default	nonroot	hot	userBind	simple_bind_ssha	0	before	6	1000	1000	1000	1000	1002	93.27823099999992
default-final/hot.json	common	default	nonroot	hot	userBind	simple_bind_ssha	0	current	6	1000	1000	1000	1000	1002	93.01924199999998
default-final/hot.json	common	default	nonroot	hot	userBind	simple_bind_ssha	0	openldap	6	1000	1000	1000	1000	1002	76.47032399999995
default-final/hot.json	common	default	nonroot	hot	userBind	simple_bind_ssha	0	before	7	1000	1000	1000	1000	1002	91.517949
default-final/hot.json	common	default	nonroot	hot	userBind	simple_bind_ssha	0	current	7	1000	1000	1000	1000	1002	90.1659640000001
default-final/hot.json	common	default	nonroot	hot	userBind	simple_bind_ssha	0	openldap	7	1000	1000	1000	1000	1002	75.14644800000002
default-final/hot.json	common	default	nonroot	hot	userBind	simple_bind_plaintext	0	before	1	1000	1000	1000	1000	1002	86.94192100000014
default-final/hot.json	common	default	nonroot	hot	userBind	simple_bind_plaintext	0	current	1	1000	1000	1000	1000	1002	86.6421299999999
default-final/hot.json	common	default	nonroot	hot	userBind	simple_bind_plaintext	0	openldap	1	1000	1000	1000	1000	1002	72.17982000000003
default-final/hot.json	common	default	nonroot	hot	userBind	simple_bind_plaintext	0	before	2	1000	1000	1000	1000	1002	84.59190899999993
default-final/hot.json	common	default	nonroot	hot	userBind	simple_bind_plaintext	0	current	2	1000	1000	1000	1000	1002	83.57350999999998
default-final/hot.json	common	default	nonroot	hot	userBind	simple_bind_plaintext	0	openldap	2	1000	1000	1000	1000	1002	69.56379299999996
default-final/hot.json	common	default	nonroot	hot	userBind	simple_bind_plaintext	0	before	3	1000	1000	1000	1000	1002	89.52708199999995
default-final/hot.json	common	default	nonroot	hot	userBind	simple_bind_plaintext	0	current	3	1000	1000	1000	1000	1002	88.85832199999999
default-final/hot.json	common	default	nonroot	hot	userBind	simple_bind_plaintext	0	openldap	3	1000	1000	1000	1000	1002	69.81545099999998
default-final/hot.json	common	default	nonroot	hot	userBind	simple_bind_plaintext	0	before	4	1000	1000	1000	1000	1002	98.467904
default-final/hot.json	common	default	nonroot	hot	userBind	simple_bind_plaintext	0	current	4	1000	1000	1000	1000	1002	99.17448699999984
default-final/hot.json	common	default	nonroot	hot	userBind	simple_bind_plaintext	0	openldap	4	1000	1000	1000	1000	1002	79.10257999999997
default-final/hot.json	common	default	nonroot	hot	userBind	simple_bind_plaintext	0	before	5	1000	1000	1000	1000	1002	83.35836299999993
default-final/hot.json	common	default	nonroot	hot	userBind	simple_bind_plaintext	0	current	5	1000	1000	1000	1000	1002	83.50721999999988
default-final/hot.json	common	default	nonroot	hot	userBind	simple_bind_plaintext	0	openldap	5	1000	1000	1000	1000	1002	72.36613499999987
default-final/hot.json	common	default	nonroot	hot	userBind	simple_bind_plaintext	0	before	6	1000	1000	1000	1000	1002	87.54834799999989
default-final/hot.json	common	default	nonroot	hot	userBind	simple_bind_plaintext	0	current	6	1000	1000	1000	1000	1002	87.4389190000001
default-final/hot.json	common	default	nonroot	hot	userBind	simple_bind_plaintext	0	openldap	6	1000	1000	1000	1000	1002	73.48301699999992
default-final/hot.json	common	default	nonroot	hot	userBind	simple_bind_plaintext	0	before	7	1000	1000	1000	1000	1002	81.09467200000007
default-final/hot.json	common	default	nonroot	hot	userBind	simple_bind_plaintext	0	current	7	1000	1000	1000	1000	1002	80.9425839999999
default-final/hot.json	common	default	nonroot	hot	userBind	simple_bind_plaintext	0	openldap	7	1000	1000	1000	1000	1002	66.99791399999998
default-final/hot.json	common	default	nonroot	hot	userBindWrong	simple_bind_ssha	0	before	1	1000	1000	1000	1000	3002	269.5361959999996
default-final/hot.json	common	default	nonroot	hot	userBindWrong	simple_bind_ssha	0	current	1	1000	1000	1000	1000	3002	274.3339909999991
default-final/hot.json	common	default	nonroot	hot	userBindWrong	simple_bind_ssha	0	openldap	1	1000	1000	1000	1000	3002	229.00412400000002
default-final/hot.json	common	default	nonroot	hot	userBindWrong	simple_bind_ssha	0	before	2	1000	1000	1000	1000	3002	284.17196500000034
default-final/hot.json	common	default	nonroot	hot	userBindWrong	simple_bind_ssha	0	current	2	1000	1000	1000	1000	3002	282.9218720000002
default-final/hot.json	common	default	nonroot	hot	userBindWrong	simple_bind_ssha	0	openldap	2	1000	1000	1000	1000	3002	234.78534300000013
default-final/hot.json	common	default	nonroot	hot	userBindWrong	simple_bind_ssha	0	before	3	1000	1000	1000	1000	3002	267.1794570000003
default-final/hot.json	common	default	nonroot	hot	userBindWrong	simple_bind_ssha	0	current	3	1000	1000	1000	1000	3002	265.77085700000083
default-final/hot.json	common	default	nonroot	hot	userBindWrong	simple_bind_ssha	0	openldap	3	1000	1000	1000	1000	3002	226.02851200000038
default-final/hot.json	common	default	nonroot	hot	userBindWrong	simple_bind_ssha	0	before	4	1000	1000	1000	1000	3002	263.87717999999984
default-final/hot.json	common	default	nonroot	hot	userBindWrong	simple_bind_ssha	0	current	4	1000	1000	1000	1000	3002	268.55379900000025
default-final/hot.json	common	default	nonroot	hot	userBindWrong	simple_bind_ssha	0	openldap	4	1000	1000	1000	1000	3002	220.9114000000002
default-final/hot.json	common	default	nonroot	hot	userBindWrong	simple_bind_ssha	0	before	5	1000	1000	1000	1000	3002	273.4978869999993
default-final/hot.json	common	default	nonroot	hot	userBindWrong	simple_bind_ssha	0	current	5	1000	1000	1000	1000	3002	273.2490560000001
default-final/hot.json	common	default	nonroot	hot	userBindWrong	simple_bind_ssha	0	openldap	5	1000	1000	1000	1000	3002	228.2217159999998
default-final/hot.json	common	default	nonroot	hot	userBindWrong	simple_bind_ssha	0	before	6	1000	1000	1000	1000	3002	277.409418
default-final/hot.json	common	default	nonroot	hot	userBindWrong	simple_bind_ssha	0	current	6	1000	1000	1000	1000	3002	271.18352899999974
default-final/hot.json	common	default	nonroot	hot	userBindWrong	simple_bind_ssha	0	openldap	6	1000	1000	1000	1000	3002	227.1411149999999
default-final/hot.json	common	default	nonroot	hot	userBindWrong	simple_bind_ssha	0	before	7	1000	1000	1000	1000	3002	261.5156770000007
default-final/hot.json	common	default	nonroot	hot	userBindWrong	simple_bind_ssha	0	current	7	1000	1000	1000	1000	3002	258.40728199999995
default-final/hot.json	common	default	nonroot	hot	userBindWrong	simple_bind_ssha	0	openldap	7	1000	1000	1000	1000	3002	214.11253699999963
default-final/hot.json	common	default	nonroot	hot	userBindWrong	simple_bind_plaintext	0	before	1	1000	1000	1000	1000	3002	262.96069300000005
default-final/hot.json	common	default	nonroot	hot	userBindWrong	simple_bind_plaintext	0	current	1	1000	1000	1000	1000	3002	265.478138
default-final/hot.json	common	default	nonroot	hot	userBindWrong	simple_bind_plaintext	0	openldap	1	1000	1000	1000	1000	3002	219.4815960000001
default-final/hot.json	common	default	nonroot	hot	userBindWrong	simple_bind_plaintext	0	before	2	1000	1000	1000	1000	3002	267.0673809999997
default-final/hot.json	common	default	nonroot	hot	userBindWrong	simple_bind_plaintext	0	current	2	1000	1000	1000	1000	3002	270.19715500000046
default-final/hot.json	common	default	nonroot	hot	userBindWrong	simple_bind_plaintext	0	openldap	2	1000	1000	1000	1000	3002	237.37434799999983
default-final/hot.json	common	default	nonroot	hot	userBindWrong	simple_bind_plaintext	0	before	3	1000	1000	1000	1000	3002	244.44772400000002
default-final/hot.json	common	default	nonroot	hot	userBindWrong	simple_bind_plaintext	0	current	3	1000	1000	1000	1000	3002	249.23122099999964
default-final/hot.json	common	default	nonroot	hot	userBindWrong	simple_bind_plaintext	0	openldap	3	1000	1000	1000	1000	3002	209.41823400000035
default-final/hot.json	common	default	nonroot	hot	userBindWrong	simple_bind_plaintext	0	before	4	1000	1000	1000	1000	3002	275.3031440000001
default-final/hot.json	common	default	nonroot	hot	userBindWrong	simple_bind_plaintext	0	current	4	1000	1000	1000	1000	3002	278.4207300000007
default-final/hot.json	common	default	nonroot	hot	userBindWrong	simple_bind_plaintext	0	openldap	4	1000	1000	1000	1000	3002	232.0139740000002
default-final/hot.json	common	default	nonroot	hot	userBindWrong	simple_bind_plaintext	0	before	5	1000	1000	1000	1000	3002	262.11082200000027
default-final/hot.json	common	default	nonroot	hot	userBindWrong	simple_bind_plaintext	0	current	5	1000	1000	1000	1000	3002	264.7698419999998
default-final/hot.json	common	default	nonroot	hot	userBindWrong	simple_bind_plaintext	0	openldap	5	1000	1000	1000	1000	3002	225.33223700000025
default-final/hot.json	common	default	nonroot	hot	userBindWrong	simple_bind_plaintext	0	before	6	1000	1000	1000	1000	3002	256.33713700000027
default-final/hot.json	common	default	nonroot	hot	userBindWrong	simple_bind_plaintext	0	current	6	1000	1000	1000	1000	3002	259.7393329999999
default-final/hot.json	common	default	nonroot	hot	userBindWrong	simple_bind_plaintext	0	openldap	6	1000	1000	1000	1000	3002	214.02143299999972
default-final/hot.json	common	default	nonroot	hot	userBindWrong	simple_bind_plaintext	0	before	7	1000	1000	1000	1000	3002	320.7798500000002
default-final/hot.json	common	default	nonroot	hot	userBindWrong	simple_bind_plaintext	0	current	7	1000	1000	1000	1000	3002	316.3090799999995
default-final/hot.json	common	default	nonroot	hot	userBindWrong	simple_bind_plaintext	0	openldap	7	1000	1000	1000	1000	3002	290.33046799999977
default-final/hot.json	common	default	nonroot	hot	nonrootBase	search_nonrootBase	0	before	1	1000	1000	1000	1000	1002	88.62293900000002
default-final/hot.json	common	default	nonroot	hot	nonrootBase	search_nonrootBase	0	current	1	1000	1000	1000	1000	1002	89.427531
default-final/hot.json	common	default	nonroot	hot	nonrootBase	search_nonrootBase	0	openldap	1	1000	1000	1000	1000	1002	71.20740899999994
default-final/hot.json	common	default	nonroot	hot	nonrootBase	search_nonrootBase	0	before	2	1000	1000	1000	1000	1002	85.85768300000001
default-final/hot.json	common	default	nonroot	hot	nonrootBase	search_nonrootBase	0	current	2	1000	1000	1000	1000	1002	86.87090400000001
default-final/hot.json	common	default	nonroot	hot	nonrootBase	search_nonrootBase	0	openldap	2	1000	1000	1000	1000	1002	71.69308499999998
default-final/hot.json	common	default	nonroot	hot	nonrootBase	search_nonrootBase	0	before	3	1000	1000	1000	1000	1002	133.9071639999998
default-final/hot.json	common	default	nonroot	hot	nonrootBase	search_nonrootBase	0	current	3	1000	1000	1000	1000	1002	115.87882199999999
default-final/hot.json	common	default	nonroot	hot	nonrootBase	search_nonrootBase	0	openldap	3	1000	1000	1000	1000	1002	98.23438999999995
default-final/hot.json	common	default	nonroot	hot	nonrootBase	search_nonrootBase	0	before	4	1000	1000	1000	1000	1002	90.77437900000005
default-final/hot.json	common	default	nonroot	hot	nonrootBase	search_nonrootBase	0	current	4	1000	1000	1000	1000	1002	90.97157000000024
default-final/hot.json	common	default	nonroot	hot	nonrootBase	search_nonrootBase	0	openldap	4	1000	1000	1000	1000	1002	75.21407000000013
default-final/hot.json	common	default	nonroot	hot	nonrootBase	search_nonrootBase	0	before	5	1000	1000	1000	1000	1002	92.698433
default-final/hot.json	common	default	nonroot	hot	nonrootBase	search_nonrootBase	0	current	5	1000	1000	1000	1000	1002	95.7528689999998
default-final/hot.json	common	default	nonroot	hot	nonrootBase	search_nonrootBase	0	openldap	5	1000	1000	1000	1000	1002	74.96033999999996
default-final/hot.json	common	default	nonroot	hot	nonrootBase	search_nonrootBase	0	before	6	1000	1000	1000	1000	1002	94.37532099999997
default-final/hot.json	common	default	nonroot	hot	nonrootBase	search_nonrootBase	0	current	6	1000	1000	1000	1000	1002	91.99769900000018
default-final/hot.json	common	default	nonroot	hot	nonrootBase	search_nonrootBase	0	openldap	6	1000	1000	1000	1000	1002	73.70513899999989
default-final/hot.json	common	default	nonroot	hot	nonrootBase	search_nonrootBase	0	before	7	1000	1000	1000	1000	1002	89.42806
default-final/hot.json	common	default	nonroot	hot	nonrootBase	search_nonrootBase	0	current	7	1000	1000	1000	1000	1002	90.15766899999998
default-final/hot.json	common	default	nonroot	hot	nonrootBase	search_nonrootBase	0	openldap	7	1000	1000	1000	1000	1002	73.81065200000003
default-final/hot.json	common	default	nonroot	hot	nonrootEquality	search_nonrootEquality	0	before	1	1000	1000	1000	1000	1002	98.48841700000004
default-final/hot.json	common	default	nonroot	hot	nonrootEquality	search_nonrootEquality	0	current	1	1000	1000	1000	1000	1002	100.16333599999987
default-final/hot.json	common	default	nonroot	hot	nonrootEquality	search_nonrootEquality	0	openldap	1	1000	1000	1000	1000	1002	82.06584700000008
default-final/hot.json	common	default	nonroot	hot	nonrootEquality	search_nonrootEquality	0	before	2	1000	1000	1000	1000	1002	96.94903999999984
default-final/hot.json	common	default	nonroot	hot	nonrootEquality	search_nonrootEquality	0	current	2	1000	1000	1000	1000	1002	97.7326039999999
default-final/hot.json	common	default	nonroot	hot	nonrootEquality	search_nonrootEquality	0	openldap	2	1000	1000	1000	1000	1002	79.60364999999986
default-final/hot.json	common	default	nonroot	hot	nonrootEquality	search_nonrootEquality	0	before	3	1000	1000	1000	1000	1002	93.22098400000003
default-final/hot.json	common	default	nonroot	hot	nonrootEquality	search_nonrootEquality	0	current	3	1000	1000	1000	1000	1002	93.40554300000004
default-final/hot.json	common	default	nonroot	hot	nonrootEquality	search_nonrootEquality	0	openldap	3	1000	1000	1000	1000	1002	75.30873299999993
default-final/hot.json	common	default	nonroot	hot	nonrootEquality	search_nonrootEquality	0	before	4	1000	1000	1000	1000	1002	106.56067099999994
default-final/hot.json	common	default	nonroot	hot	nonrootEquality	search_nonrootEquality	0	current	4	1000	1000	1000	1000	1002	100.68825299999995
default-final/hot.json	common	default	nonroot	hot	nonrootEquality	search_nonrootEquality	0	openldap	4	1000	1000	1000	1000	1002	83.48328000000004
default-final/hot.json	common	default	nonroot	hot	nonrootEquality	search_nonrootEquality	0	before	5	1000	1000	1000	1000	1002	85.3358609999999
default-final/hot.json	common	default	nonroot	hot	nonrootEquality	search_nonrootEquality	0	current	5	1000	1000	1000	1000	1002	85.63892100000004
default-final/hot.json	common	default	nonroot	hot	nonrootEquality	search_nonrootEquality	0	openldap	5	1000	1000	1000	1000	1002	68.56526799999996
default-final/hot.json	common	default	nonroot	hot	nonrootEquality	search_nonrootEquality	0	before	6	1000	1000	1000	1000	1002	85.45536099999997
default-final/hot.json	common	default	nonroot	hot	nonrootEquality	search_nonrootEquality	0	current	6	1000	1000	1000	1000	1002	80.65602800000008
default-final/hot.json	common	default	nonroot	hot	nonrootEquality	search_nonrootEquality	0	openldap	6	1000	1000	1000	1000	1002	69.58569000000001
default-final/hot.json	common	default	nonroot	hot	nonrootEquality	search_nonrootEquality	0	before	7	1000	1000	1000	1000	1002	84.62752699999986
default-final/hot.json	common	default	nonroot	hot	nonrootEquality	search_nonrootEquality	0	current	7	1000	1000	1000	1000	1002	86.32753200000005
default-final/hot.json	common	default	nonroot	hot	nonrootEquality	search_nonrootEquality	0	openldap	7	1000	1000	1000	1000	1002	71.78173299999997
default-final/distributed.json	common	default	nonroot	distributed	nonrootBase	search_nonrootBase	0	before	1	1000	1000	1000	1000	1002	115.35769099999995
default-final/distributed.json	common	default	nonroot	distributed	nonrootBase	search_nonrootBase	0	current	1	1000	1000	1000	1000	1002	112.8850860000001
default-final/distributed.json	common	default	nonroot	distributed	nonrootBase	search_nonrootBase	0	openldap	1	1000	1000	1000	1000	1002	103.03159499999994
default-final/distributed.json	common	default	nonroot	distributed	nonrootBase	search_nonrootBase	0	before	2	1000	1000	1000	1000	1002	100.23126599999985
default-final/distributed.json	common	default	nonroot	distributed	nonrootBase	search_nonrootBase	0	current	2	1000	1000	1000	1000	1002	99.93825099999992
default-final/distributed.json	common	default	nonroot	distributed	nonrootBase	search_nonrootBase	0	openldap	2	1000	1000	1000	1000	1002	88.19258800000013
default-final/distributed.json	common	default	nonroot	distributed	nonrootBase	search_nonrootBase	0	before	3	1000	1000	1000	1000	1002	88.64983200000006
default-final/distributed.json	common	default	nonroot	distributed	nonrootBase	search_nonrootBase	0	current	3	1000	1000	1000	1000	1002	92.0910730000001
default-final/distributed.json	common	default	nonroot	distributed	nonrootBase	search_nonrootBase	0	openldap	3	1000	1000	1000	1000	1002	74.95499100000004
default-final/distributed.json	common	default	nonroot	distributed	nonrootEquality	search_nonrootEquality	0	before	1	1000	1000	1000	1000	1002	74.49391100000011
default-final/distributed.json	common	default	nonroot	distributed	nonrootEquality	search_nonrootEquality	0	current	1	1000	1000	1000	1000	1002	75.87624099999992
default-final/distributed.json	common	default	nonroot	distributed	nonrootEquality	search_nonrootEquality	0	openldap	1	1000	1000	1000	1000	1002	58.07570699999997
default-final/distributed.json	common	default	nonroot	distributed	nonrootEquality	search_nonrootEquality	0	before	2	1000	1000	1000	1000	1002	102.49171299999998
default-final/distributed.json	common	default	nonroot	distributed	nonrootEquality	search_nonrootEquality	0	current	2	1000	1000	1000	1000	1002	98.333552
default-final/distributed.json	common	default	nonroot	distributed	nonrootEquality	search_nonrootEquality	0	openldap	2	1000	1000	1000	1000	1002	80.63874799999991
default-final/distributed.json	common	default	nonroot	distributed	nonrootEquality	search_nonrootEquality	0	before	3	1000	1000	1000	1000	1002	85.65688500000005
default-final/distributed.json	common	default	nonroot	distributed	nonrootEquality	search_nonrootEquality	0	current	3	1000	1000	1000	1000	1002	88.54157599999995
default-final/distributed.json	common	default	nonroot	distributed	nonrootEquality	search_nonrootEquality	0	openldap	3	1000	1000	1000	1000	1002	68.11937100000004
default-final/groups.json	common	default	nonroot	groups	memberEquality	search_memberEquality	0	before	1	100	100	100	100	102	9.886212999999996
default-final/groups.json	common	default	nonroot	groups	memberEquality	search_memberEquality	0	current	1	100	100	100	100	102	8.673042999999998
default-final/groups.json	common	default	nonroot	groups	memberEquality	search_memberEquality	0	openldap	1	100	100	100	100	102	7.217253000000001
default-final/groups.json	common	default	nonroot	groups	memberEquality	search_memberEquality	0	before	2	100	100	100	100	102	10.207465000000001
default-final/groups.json	common	default	nonroot	groups	memberEquality	search_memberEquality	0	current	2	100	100	100	100	102	9.290408999999999
default-final/groups.json	common	default	nonroot	groups	memberEquality	search_memberEquality	0	openldap	2	100	100	100	100	102	7.4982869999999995
default-final/groups.json	common	default	nonroot	groups	memberEquality	search_memberEquality	0	before	3	100	100	100	100	102	10.660083999999998
default-final/groups.json	common	default	nonroot	groups	memberEquality	search_memberEquality	0	current	3	100	100	100	100	102	9.006048999999997
default-final/groups.json	common	default	nonroot	groups	memberEquality	search_memberEquality	0	openldap	3	100	100	100	100	102	7.2013330000000035
default-final/groups.json	common	default	nonroot	groups	groupBase	base_member_values	10	before	1	100	100	100	100	102	9.429172
default-final/groups.json	common	default	nonroot	groups	groupBase	base_member_values	10	current	1	100	100	100	100	102	8.541839999999995
default-final/groups.json	common	default	nonroot	groups	groupBase	base_member_values	10	openldap	1	100	100	100	100	102	7.064087999999999
default-final/groups.json	common	default	nonroot	groups	groupBase	base_member_values	10	before	2	100	100	100	100	102	10.213955
default-final/groups.json	common	default	nonroot	groups	groupBase	base_member_values	10	current	2	100	100	100	100	102	9.088749
default-final/groups.json	common	default	nonroot	groups	groupBase	base_member_values	10	openldap	2	100	100	100	100	102	7.434831999999998
default-final/groups.json	common	default	nonroot	groups	groupBase	base_member_values	10	before	3	100	100	100	100	102	9.064574
default-final/groups.json	common	default	nonroot	groups	groupBase	base_member_values	10	current	3	100	100	100	100	102	8.745415
default-final/groups.json	common	default	nonroot	groups	groupBase	base_member_values	10	openldap	3	100	100	100	100	102	7.160043
default-final/groups.json	common	default	nonroot	groups	groupBase	base_member_values	1000	before	1	100	100	100	100	102	29.375923000000004
default-final/groups.json	common	default	nonroot	groups	groupBase	base_member_values	1000	current	1	100	100	100	100	102	34.66692099999999
default-final/groups.json	common	default	nonroot	groups	groupBase	base_member_values	1000	openldap	1	100	100	100	100	102	26.620036000000002
default-final/groups.json	common	default	nonroot	groups	groupBase	base_member_values	1000	before	2	100	100	100	100	102	41.39995900000002
default-final/groups.json	common	default	nonroot	groups	groupBase	base_member_values	1000	current	2	100	100	100	100	102	32.276543
default-final/groups.json	common	default	nonroot	groups	groupBase	base_member_values	1000	openldap	2	100	100	100	100	102	26.90507899999999
default-final/groups.json	common	default	nonroot	groups	groupBase	base_member_values	1000	before	3	100	100	100	100	102	33.00920800000001
default-final/groups.json	common	default	nonroot	groups	groupBase	base_member_values	1000	current	3	100	100	100	100	102	32.109334
default-final/groups.json	common	default	nonroot	groups	groupBase	base_member_values	1000	openldap	3	100	100	100	100	102	28.976178
default-final/groups.json	common	default	nonroot	groups	nestedMembership	client_bfs_member_equality	0	before	1	100	100	417	100	419	38.565334000000014
default-final/groups.json	common	default	nonroot	groups	nestedMembership	client_bfs_member_equality	0	current	1	100	100	417	100	419	38.89849900000001
default-final/groups.json	common	default	nonroot	groups	nestedMembership	client_bfs_member_equality	0	openldap	1	100	100	417	100	419	31.20629799999999
default-final/groups.json	common	default	nonroot	groups	nestedMembership	client_bfs_member_equality	0	before	2	100	100	417	100	419	38.92466699999997
default-final/groups.json	common	default	nonroot	groups	nestedMembership	client_bfs_member_equality	0	current	2	100	100	417	100	419	38.84221400000001
default-final/groups.json	common	default	nonroot	groups	nestedMembership	client_bfs_member_equality	0	openldap	2	100	100	417	100	419	30.842173000000013
default-final/groups.json	common	default	nonroot	groups	nestedMembership	client_bfs_member_equality	0	before	3	100	100	417	100	419	36.49670800000001
default-final/groups.json	common	default	nonroot	groups	nestedMembership	client_bfs_member_equality	0	current	3	100	100	417	100	419	35.72537300000001
default-final/groups.json	common	default	nonroot	groups	nestedMembership	client_bfs_member_equality	0	openldap	3	100	100	417	100	419	29.192958000000004
root-paired/literal.json	root	default	root	literal	rootBind	simple_bind_root	0	before	1	1000	1000	1000	1000	1002	85.99814899999986
root-paired/literal.json	root	default	root	literal	rootBind	simple_bind_root	0	current	1	1000	1000	1000	1000	1002	94.29479700000005
root-paired/literal.json	root	default	root	literal	rootBind	simple_bind_root	0	openldap	1	1000	1000	1000	1000	1002	74.61945500000006
root-paired/literal.json	root	default	root	literal	rootBind	simple_bind_root	0	before	2	1000	1000	1000	1000	1002	80.49363900000003
root-paired/literal.json	root	default	root	literal	rootBind	simple_bind_root	0	current	2	1000	1000	1000	1000	1002	81.69030100000005
root-paired/literal.json	root	default	root	literal	rootBind	simple_bind_root	0	openldap	2	1000	1000	1000	1000	1002	65.99188000000012
root-paired/literal.json	root	default	root	literal	rootBind	simple_bind_root	0	before	3	1000	1000	1000	1000	1002	84.92897100000008
root-paired/literal.json	root	default	root	literal	rootBind	simple_bind_root	0	current	3	1000	1000	1000	1000	1002	83.4144140000001
root-paired/literal.json	root	default	root	literal	rootBind	simple_bind_root	0	openldap	3	1000	1000	1000	1000	1002	69.85033900000009
root-paired/literal.json	root	default	root	literal	rootBind	simple_bind_root	0	before	4	1000	1000	1000	1000	1002	79.76710699999997
root-paired/literal.json	root	default	root	literal	rootBind	simple_bind_root	0	current	4	1000	1000	1000	1000	1002	79.260168
root-paired/literal.json	root	default	root	literal	rootBind	simple_bind_root	0	openldap	4	1000	1000	1000	1000	1002	65.56841800000002
root-paired/literal.json	root	default	root	literal	rootBind	simple_bind_root	0	before	5	1000	1000	1000	1000	1002	84.68705000000007
root-paired/literal.json	root	default	root	literal	rootBind	simple_bind_root	0	current	5	1000	1000	1000	1000	1002	84.7626160000001
root-paired/literal.json	root	default	root	literal	rootBind	simple_bind_root	0	openldap	5	1000	1000	1000	1000	1002	70.38734099999984
root-paired/literal.json	root	default	root	literal	rootBind	simple_bind_root	0	before	6	1000	1000	1000	1000	1002	87.84147600000004
root-paired/literal.json	root	default	root	literal	rootBind	simple_bind_root	0	current	6	1000	1000	1000	1000	1002	88.06718999999995
root-paired/literal.json	root	default	root	literal	rootBind	simple_bind_root	0	openldap	6	1000	1000	1000	1000	1002	72.97762199999987
root-paired/literal.json	root	default	root	literal	rootBind	simple_bind_root	0	before	7	1000	1000	1000	1000	1002	92.93633399999996
root-paired/literal.json	root	default	root	literal	rootBind	simple_bind_root	0	current	7	1000	1000	1000	1000	1002	90.804389
root-paired/literal.json	root	default	root	literal	rootBind	simple_bind_root	0	openldap	7	1000	1000	1000	1000	1002	73.00358099999998
root-paired/literal.json	root	default	root	literal	rootBase	base_objectclass_root	0	before	1	1000	1000	1000	1000	1002	80.38875099999997
root-paired/literal.json	root	default	root	literal	rootBase	base_objectclass_root	0	current	1	1000	1000	1000	1000	1002	81.54764600000009
root-paired/literal.json	root	default	root	literal	rootBase	base_objectclass_root	0	openldap	1	1000	1000	1000	1000	1002	68.51596700000007
root-paired/literal.json	root	default	root	literal	rootBase	base_objectclass_root	0	before	2	1000	1000	1000	1000	1002	87.49660700000004
root-paired/literal.json	root	default	root	literal	rootBase	base_objectclass_root	0	current	2	1000	1000	1000	1000	1002	88.40245099999993
root-paired/literal.json	root	default	root	literal	rootBase	base_objectclass_root	0	openldap	2	1000	1000	1000	1000	1002	71.85344700000006
root-paired/literal.json	root	default	root	literal	rootBase	base_objectclass_root	0	before	3	1000	1000	1000	1000	1002	83.57821600000008
root-paired/literal.json	root	default	root	literal	rootBase	base_objectclass_root	0	current	3	1000	1000	1000	1000	1002	87.30838299999992
root-paired/literal.json	root	default	root	literal	rootBase	base_objectclass_root	0	openldap	3	1000	1000	1000	1000	1002	75.54935299999984
root-paired/literal.json	root	default	root	literal	rootBase	base_objectclass_root	0	before	4	1000	1000	1000	1000	1002	83.66830600000009
root-paired/literal.json	root	default	root	literal	rootBase	base_objectclass_root	0	current	4	1000	1000	1000	1000	1002	83.2046929999999
root-paired/literal.json	root	default	root	literal	rootBase	base_objectclass_root	0	openldap	4	1000	1000	1000	1000	1002	71.21018000000002
root-paired/literal.json	root	default	root	literal	rootBase	base_objectclass_root	0	before	5	1000	1000	1000	1000	1002	88.28951100000008
root-paired/literal.json	root	default	root	literal	rootBase	base_objectclass_root	0	current	5	1000	1000	1000	1000	1002	93.13957100000009
root-paired/literal.json	root	default	root	literal	rootBase	base_objectclass_root	0	openldap	5	1000	1000	1000	1000	1002	75.05270200000012
root-paired/literal.json	root	default	root	literal	rootBase	base_objectclass_root	0	before	6	1000	1000	1000	1000	1002	103.81410600000002
root-paired/literal.json	root	default	root	literal	rootBase	base_objectclass_root	0	current	6	1000	1000	1000	1000	1002	95.83409900000012
root-paired/literal.json	root	default	root	literal	rootBase	base_objectclass_root	0	openldap	6	1000	1000	1000	1000	1002	80.46380400000001
root-paired/literal.json	root	default	root	literal	rootBase	base_objectclass_root	0	before	7	1000	1000	1000	1000	1002	81.68567800000002
root-paired/literal.json	root	default	root	literal	rootBase	base_objectclass_root	0	current	7	1000	1000	1000	1000	1002	82.557156
root-paired/literal.json	root	default	root	literal	rootBase	base_objectclass_root	0	openldap	7	1000	1000	1000	1000	1002	68.34854899999996
root-paired/literal.json	root	default	root	literal	rootEquality	subtree_uid_equality_root	0	before	1	1000	1000	1000	1000	1002	81.13799600000002
root-paired/literal.json	root	default	root	literal	rootEquality	subtree_uid_equality_root	0	current	1	1000	1000	1000	1000	1002	79.91419799999996
root-paired/literal.json	root	default	root	literal	rootEquality	subtree_uid_equality_root	0	openldap	1	1000	1000	1000	1000	1002	64.37872500000005
root-paired/literal.json	root	default	root	literal	rootEquality	subtree_uid_equality_root	0	before	2	1000	1000	1000	1000	1002	83.15579800000008
root-paired/literal.json	root	default	root	literal	rootEquality	subtree_uid_equality_root	0	current	2	1000	1000	1000	1000	1002	86.23695800000004
root-paired/literal.json	root	default	root	literal	rootEquality	subtree_uid_equality_root	0	openldap	2	1000	1000	1000	1000	1002	70.17447600000006
root-paired/literal.json	root	default	root	literal	rootEquality	subtree_uid_equality_root	0	before	3	1000	1000	1000	1000	1002	89.10225200000015
root-paired/literal.json	root	default	root	literal	rootEquality	subtree_uid_equality_root	0	current	3	1000	1000	1000	1000	1002	89.55227599999984
root-paired/literal.json	root	default	root	literal	rootEquality	subtree_uid_equality_root	0	openldap	3	1000	1000	1000	1000	1002	73.86112899999992
root-paired/literal.json	root	default	root	literal	rootEquality	subtree_uid_equality_root	0	before	4	1000	1000	1000	1000	1002	85.08920000000009
root-paired/literal.json	root	default	root	literal	rootEquality	subtree_uid_equality_root	0	current	4	1000	1000	1000	1000	1002	83.60495000000002
root-paired/literal.json	root	default	root	literal	rootEquality	subtree_uid_equality_root	0	openldap	4	1000	1000	1000	1000	1002	68.24637200000001
root-paired/literal.json	root	default	root	literal	rootEquality	subtree_uid_equality_root	0	before	5	1000	1000	1000	1000	1002	83.98875499999995
root-paired/literal.json	root	default	root	literal	rootEquality	subtree_uid_equality_root	0	current	5	1000	1000	1000	1000	1002	82.19084599999996
root-paired/literal.json	root	default	root	literal	rootEquality	subtree_uid_equality_root	0	openldap	5	1000	1000	1000	1000	1002	68.53370099999994
root-paired/literal.json	root	default	root	literal	rootEquality	subtree_uid_equality_root	0	before	6	1000	1000	1000	1000	1002	83.81041499999998
root-paired/literal.json	root	default	root	literal	rootEquality	subtree_uid_equality_root	0	current	6	1000	1000	1000	1000	1002	83.57471200000006
root-paired/literal.json	root	default	root	literal	rootEquality	subtree_uid_equality_root	0	openldap	6	1000	1000	1000	1000	1002	68.80144499999997
root-paired/literal.json	root	default	root	literal	rootEquality	subtree_uid_equality_root	0	before	7	1000	1000	1000	1000	1002	86.07683099999998
root-paired/literal.json	root	default	root	literal	rootEquality	subtree_uid_equality_root	0	current	7	1000	1000	1000	1000	1002	85.55191400000004
root-paired/literal.json	root	default	root	literal	rootEquality	subtree_uid_equality_root	0	openldap	7	1000	1000	1000	1000	1002	70.14906899999997
root-paired/literal.json	root	default	root	literal	rootCompareTrue	compare_uid_true_root	0	before	1	1000	1000	1000	1000	1002	82.05837199999998
root-paired/literal.json	root	default	root	literal	rootCompareTrue	compare_uid_true_root	0	current	1	1000	1000	1000	1000	1002	80.73104000000002
root-paired/literal.json	root	default	root	literal	rootCompareTrue	compare_uid_true_root	0	openldap	1	1000	1000	1000	1000	1002	67.07837300000013
root-paired/literal.json	root	default	root	literal	rootCompareTrue	compare_uid_true_root	0	before	2	1000	1000	1000	1000	1002	81.31233000000003
root-paired/literal.json	root	default	root	literal	rootCompareTrue	compare_uid_true_root	0	current	2	1000	1000	1000	1000	1002	78.39475300000004
root-paired/literal.json	root	default	root	literal	rootCompareTrue	compare_uid_true_root	0	openldap	2	1000	1000	1000	1000	1002	65.70415200000011
root-paired/literal.json	root	default	root	literal	rootCompareTrue	compare_uid_true_root	0	before	3	1000	1000	1000	1000	1002	99.51310200000005
root-paired/literal.json	root	default	root	literal	rootCompareTrue	compare_uid_true_root	0	current	3	1000	1000	1000	1000	1002	87.80708800000004
root-paired/literal.json	root	default	root	literal	rootCompareTrue	compare_uid_true_root	0	openldap	3	1000	1000	1000	1000	1002	74.06462999999991
root-paired/literal.json	root	default	root	literal	rootCompareTrue	compare_uid_true_root	0	before	4	1000	1000	1000	1000	1002	89.87420299999994
root-paired/literal.json	root	default	root	literal	rootCompareTrue	compare_uid_true_root	0	current	4	1000	1000	1000	1000	1002	88.68287499999998
root-paired/literal.json	root	default	root	literal	rootCompareTrue	compare_uid_true_root	0	openldap	4	1000	1000	1000	1000	1002	72.05433500000002
root-paired/literal.json	root	default	root	literal	rootCompareTrue	compare_uid_true_root	0	before	5	1000	1000	1000	1000	1002	82.26383200000002
root-paired/literal.json	root	default	root	literal	rootCompareTrue	compare_uid_true_root	0	current	5	1000	1000	1000	1000	1002	80.826774
root-paired/literal.json	root	default	root	literal	rootCompareTrue	compare_uid_true_root	0	openldap	5	1000	1000	1000	1000	1002	69.682202
root-paired/literal.json	root	default	root	literal	rootCompareTrue	compare_uid_true_root	0	before	6	1000	1000	1000	1000	1002	78.90664099999995
root-paired/literal.json	root	default	root	literal	rootCompareTrue	compare_uid_true_root	0	current	6	1000	1000	1000	1000	1002	77.96662400000002
root-paired/literal.json	root	default	root	literal	rootCompareTrue	compare_uid_true_root	0	openldap	6	1000	1000	1000	1000	1002	65.50008099999994
root-paired/literal.json	root	default	root	literal	rootCompareTrue	compare_uid_true_root	0	before	7	1000	1000	1000	1000	1002	91.95553499999993
root-paired/literal.json	root	default	root	literal	rootCompareTrue	compare_uid_true_root	0	current	7	1000	1000	1000	1000	1002	94.60283900000003
root-paired/literal.json	root	default	root	literal	rootCompareTrue	compare_uid_true_root	0	openldap	7	1000	1000	1000	1000	1002	76.527288
root-paired/literal.json	root	default	root	literal	rootCompareFalse	compare_uid_false_root	0	before	1	1000	1000	1000	1000	1002	81.511111
root-paired/literal.json	root	default	root	literal	rootCompareFalse	compare_uid_false_root	0	current	1	1000	1000	1000	1000	1002	81.95284000000005
root-paired/literal.json	root	default	root	literal	rootCompareFalse	compare_uid_false_root	0	openldap	1	1000	1000	1000	1000	1002	69.99437399999995
root-paired/literal.json	root	default	root	literal	rootCompareFalse	compare_uid_false_root	0	before	2	1000	1000	1000	1000	1002	82.60129399999992
root-paired/literal.json	root	default	root	literal	rootCompareFalse	compare_uid_false_root	0	current	2	1000	1000	1000	1000	1002	82.86908699999995
root-paired/literal.json	root	default	root	literal	rootCompareFalse	compare_uid_false_root	0	openldap	2	1000	1000	1000	1000	1002	67.1478949999999
root-paired/literal.json	root	default	root	literal	rootCompareFalse	compare_uid_false_root	0	before	3	1000	1000	1000	1000	1002	78.82355299999998
root-paired/literal.json	root	default	root	literal	rootCompareFalse	compare_uid_false_root	0	current	3	1000	1000	1000	1000	1002	78.998865
root-paired/literal.json	root	default	root	literal	rootCompareFalse	compare_uid_false_root	0	openldap	3	1000	1000	1000	1000	1002	63.52647499999999
root-paired/literal.json	root	default	root	literal	rootCompareFalse	compare_uid_false_root	0	before	4	1000	1000	1000	1000	1002	84.2125879999999
root-paired/literal.json	root	default	root	literal	rootCompareFalse	compare_uid_false_root	0	current	4	1000	1000	1000	1000	1002	84.77208199999997
root-paired/literal.json	root	default	root	literal	rootCompareFalse	compare_uid_false_root	0	openldap	4	1000	1000	1000	1000	1002	69.54468499999997
root-paired/literal.json	root	default	root	literal	rootCompareFalse	compare_uid_false_root	0	before	5	1000	1000	1000	1000	1002	85.29029099999997
root-paired/literal.json	root	default	root	literal	rootCompareFalse	compare_uid_false_root	0	current	5	1000	1000	1000	1000	1002	84.47229199999998
root-paired/literal.json	root	default	root	literal	rootCompareFalse	compare_uid_false_root	0	openldap	5	1000	1000	1000	1000	1002	69.83657400000006
root-paired/literal.json	root	default	root	literal	rootCompareFalse	compare_uid_false_root	0	before	6	1000	1000	1000	1000	1002	87.15915700000004
root-paired/literal.json	root	default	root	literal	rootCompareFalse	compare_uid_false_root	0	current	6	1000	1000	1000	1000	1002	85.06692700000005
root-paired/literal.json	root	default	root	literal	rootCompareFalse	compare_uid_false_root	0	openldap	6	1000	1000	1000	1000	1002	68.78474499999994
root-paired/literal.json	root	default	root	literal	rootCompareFalse	compare_uid_false_root	0	before	7	1000	1000	1000	1000	1002	79.88159100000001
root-paired/literal.json	root	default	root	literal	rootCompareFalse	compare_uid_false_root	0	current	7	1000	1000	1000	1000	1002	80.04746499999993
root-paired/literal.json	root	default	root	literal	rootCompareFalse	compare_uid_false_root	0	openldap	7	1000	1000	1000	1000	1002	68.60908900000001
root-paired/literal-smoke.json	root	default	root	literal-smoke	rootBind	simple_bind_root	0	before	1	2	2	2	2	4	0.536125
root-paired/literal-smoke.json	root	default	root	literal-smoke	rootBind	simple_bind_root	0	current	1	2	2	2	2	4	0.449166
root-paired/literal-smoke.json	root	default	root	literal-smoke	rootBind	simple_bind_root	0	openldap	1	2	2	2	2	4	0.373916
root-paired/literal-smoke.json	root	default	root	literal-smoke	rootBase	base_objectclass_root	0	before	1	2	2	2	2	4	0.43600099999999997
root-paired/literal-smoke.json	root	default	root	literal-smoke	rootBase	base_objectclass_root	0	current	1	2	2	2	2	4	0.306208
root-paired/literal-smoke.json	root	default	root	literal-smoke	rootBase	base_objectclass_root	0	openldap	1	2	2	2	2	4	0.284334
root-paired/literal-smoke.json	root	default	root	literal-smoke	rootEquality	subtree_uid_equality_root	0	before	1	2	2	2	2	4	0.381999
root-paired/literal-smoke.json	root	default	root	literal-smoke	rootEquality	subtree_uid_equality_root	0	current	1	2	2	2	2	4	0.358291
root-paired/literal-smoke.json	root	default	root	literal-smoke	rootEquality	subtree_uid_equality_root	0	openldap	1	2	2	2	2	4	0.427376
root-paired/literal-smoke.json	root	default	root	literal-smoke	rootCompareTrue	compare_uid_true_root	0	before	1	2	2	2	2	4	0.45399999999999996
root-paired/literal-smoke.json	root	default	root	literal-smoke	rootCompareTrue	compare_uid_true_root	0	current	1	2	2	2	2	4	0.57204
root-paired/literal-smoke.json	root	default	root	literal-smoke	rootCompareTrue	compare_uid_true_root	0	openldap	1	2	2	2	2	4	0.315208
root-paired/literal-smoke.json	root	default	root	literal-smoke	rootCompareFalse	compare_uid_false_root	0	before	1	2	2	2	2	4	0.394917
root-paired/literal-smoke.json	root	default	root	literal-smoke	rootCompareFalse	compare_uid_false_root	0	current	1	2	2	2	2	4	0.36033299999999996
root-paired/literal-smoke.json	root	default	root	literal-smoke	rootCompareFalse	compare_uid_false_root	0	openldap	1	2	2	2	2	4	0.328125
root-paired/normalized.json	root	default	root	normalized	rootBind	simple_bind_root	0	before	1	1000	1000	1000	1000	1002	88.86070000000001
root-paired/normalized.json	root	default	root	normalized	rootBind	simple_bind_root	0	current	1	1000	1000	1000	1000	1002	86.417234
root-paired/normalized.json	root	default	root	normalized	rootBind	simple_bind_root	0	openldap	1	1000	1000	1000	1000	1002	70.67732600000002
root-paired/normalized.json	root	default	root	normalized	rootBind	simple_bind_root	0	before	2	1000	1000	1000	1000	1002	84.372714
root-paired/normalized.json	root	default	root	normalized	rootBind	simple_bind_root	0	current	2	1000	1000	1000	1000	1002	84.01493500000014
root-paired/normalized.json	root	default	root	normalized	rootBind	simple_bind_root	0	openldap	2	1000	1000	1000	1000	1002	70.17020400000001
root-paired/normalized.json	root	default	root	normalized	rootBind	simple_bind_root	0	before	3	1000	1000	1000	1000	1002	80.76774300000007
root-paired/normalized.json	root	default	root	normalized	rootBind	simple_bind_root	0	current	3	1000	1000	1000	1000	1002	79.87471499999997
root-paired/normalized.json	root	default	root	normalized	rootBind	simple_bind_root	0	openldap	3	1000	1000	1000	1000	1002	66.18112400000005
root-paired/normalized.json	root	default	root	normalized	rootBind	simple_bind_root	0	before	4	1000	1000	1000	1000	1002	86.76196899999998
root-paired/normalized.json	root	default	root	normalized	rootBind	simple_bind_root	0	current	4	1000	1000	1000	1000	1002	81.51353099999994
root-paired/normalized.json	root	default	root	normalized	rootBind	simple_bind_root	0	openldap	4	1000	1000	1000	1000	1002	66.74264399999996
root-paired/normalized.json	root	default	root	normalized	rootBind	simple_bind_root	0	before	5	1000	1000	1000	1000	1002	82.60949400000001
root-paired/normalized.json	root	default	root	normalized	rootBind	simple_bind_root	0	current	5	1000	1000	1000	1000	1002	83.52296800000013
root-paired/normalized.json	root	default	root	normalized	rootBind	simple_bind_root	0	openldap	5	1000	1000	1000	1000	1002	68.59725200000003
root-paired/normalized.json	root	default	root	normalized	rootBind	simple_bind_root	0	before	6	1000	1000	1000	1000	1002	82.34290799999998
root-paired/normalized.json	root	default	root	normalized	rootBind	simple_bind_root	0	current	6	1000	1000	1000	1000	1002	83.01055800000005
root-paired/normalized.json	root	default	root	normalized	rootBind	simple_bind_root	0	openldap	6	1000	1000	1000	1000	1002	68.40844300000002
root-paired/normalized.json	root	default	root	normalized	rootBind	simple_bind_root	0	before	7	1000	1000	1000	1000	1002	83.29140899999989
root-paired/normalized.json	root	default	root	normalized	rootBind	simple_bind_root	0	current	7	1000	1000	1000	1000	1002	81.44749600000009
root-paired/normalized.json	root	default	root	normalized	rootBind	simple_bind_root	0	openldap	7	1000	1000	1000	1000	1002	69.01513100000003
root-paired/normalized.json	root	default	root	normalized	rootBase	base_objectclass_root	0	before	1	1000	1000	1000	1000	1002	90.44042399999998
root-paired/normalized.json	root	default	root	normalized	rootBase	base_objectclass_root	0	current	1	1000	1000	1000	1000	1002	86.76920099999997
root-paired/normalized.json	root	default	root	normalized	rootBase	base_objectclass_root	0	openldap	1	1000	1000	1000	1000	1002	70.79178899999998
root-paired/normalized.json	root	default	root	normalized	rootBase	base_objectclass_root	0	before	2	1000	1000	1000	1000	1002	81.71027599999992
root-paired/normalized.json	root	default	root	normalized	rootBase	base_objectclass_root	0	current	2	1000	1000	1000	1000	1002	83.09886600000014
root-paired/normalized.json	root	default	root	normalized	rootBase	base_objectclass_root	0	openldap	2	1000	1000	1000	1000	1002	69.172913
root-paired/normalized.json	root	default	root	normalized	rootBase	base_objectclass_root	0	before	3	1000	1000	1000	1000	1002	79.43159100000001
root-paired/normalized.json	root	default	root	normalized	rootBase	base_objectclass_root	0	current	3	1000	1000	1000	1000	1002	80.40440399999999
root-paired/normalized.json	root	default	root	normalized	rootBase	base_objectclass_root	0	openldap	3	1000	1000	1000	1000	1002	66.41997400000004
root-paired/normalized.json	root	default	root	normalized	rootBase	base_objectclass_root	0	before	4	1000	1000	1000	1000	1002	78.240296
root-paired/normalized.json	root	default	root	normalized	rootBase	base_objectclass_root	0	current	4	1000	1000	1000	1000	1002	79.81858000000008
root-paired/normalized.json	root	default	root	normalized	rootBase	base_objectclass_root	0	openldap	4	1000	1000	1000	1000	1002	65.34752100000001
root-paired/normalized.json	root	default	root	normalized	rootBase	base_objectclass_root	0	before	5	1000	1000	1000	1000	1002	75.71553699999998
root-paired/normalized.json	root	default	root	normalized	rootBase	base_objectclass_root	0	current	5	1000	1000	1000	1000	1002	75.12528700000006
root-paired/normalized.json	root	default	root	normalized	rootBase	base_objectclass_root	0	openldap	5	1000	1000	1000	1000	1002	63.456607000000034
root-paired/normalized.json	root	default	root	normalized	rootBase	base_objectclass_root	0	before	6	1000	1000	1000	1000	1002	77.01420999999999
root-paired/normalized.json	root	default	root	normalized	rootBase	base_objectclass_root	0	current	6	1000	1000	1000	1000	1002	77.51515899999987
root-paired/normalized.json	root	default	root	normalized	rootBase	base_objectclass_root	0	openldap	6	1000	1000	1000	1000	1002	66.46092300000015
root-paired/normalized.json	root	default	root	normalized	rootBase	base_objectclass_root	0	before	7	1000	1000	1000	1000	1002	75.12712299999993
root-paired/normalized.json	root	default	root	normalized	rootBase	base_objectclass_root	0	current	7	1000	1000	1000	1000	1002	75.46887500000003
root-paired/normalized.json	root	default	root	normalized	rootBase	base_objectclass_root	0	openldap	7	1000	1000	1000	1000	1002	64.00170399999999
root-paired/normalized.json	root	default	root	normalized	rootEquality	subtree_uid_equality_root	0	before	1	1000	1000	1000	1000	1002	76.32777099999996
root-paired/normalized.json	root	default	root	normalized	rootEquality	subtree_uid_equality_root	0	current	1	1000	1000	1000	1000	1002	76.125931
root-paired/normalized.json	root	default	root	normalized	rootEquality	subtree_uid_equality_root	0	openldap	1	1000	1000	1000	1000	1002	63.56024899999996
root-paired/normalized.json	root	default	root	normalized	rootEquality	subtree_uid_equality_root	0	before	2	1000	1000	1000	1000	1002	87.59066800000005
root-paired/normalized.json	root	default	root	normalized	rootEquality	subtree_uid_equality_root	0	current	2	1000	1000	1000	1000	1002	95.36315800000018
root-paired/normalized.json	root	default	root	normalized	rootEquality	subtree_uid_equality_root	0	openldap	2	1000	1000	1000	1000	1002	69.51800599999999
root-paired/normalized.json	root	default	root	normalized	rootEquality	subtree_uid_equality_root	0	before	3	1000	1000	1000	1000	1002	89.80576299999991
root-paired/normalized.json	root	default	root	normalized	rootEquality	subtree_uid_equality_root	0	current	3	1000	1000	1000	1000	1002	93.017848
root-paired/normalized.json	root	default	root	normalized	rootEquality	subtree_uid_equality_root	0	openldap	3	1000	1000	1000	1000	1002	71.15689599999999
root-paired/normalized.json	root	default	root	normalized	rootEquality	subtree_uid_equality_root	0	before	4	1000	1000	1000	1000	1002	82.53375200000009
root-paired/normalized.json	root	default	root	normalized	rootEquality	subtree_uid_equality_root	0	current	4	1000	1000	1000	1000	1002	82.96421899999994
root-paired/normalized.json	root	default	root	normalized	rootEquality	subtree_uid_equality_root	0	openldap	4	1000	1000	1000	1000	1002	68.84991800000012
root-paired/normalized.json	root	default	root	normalized	rootEquality	subtree_uid_equality_root	0	before	5	1000	1000	1000	1000	1002	85.85331800000009
root-paired/normalized.json	root	default	root	normalized	rootEquality	subtree_uid_equality_root	0	current	5	1000	1000	1000	1000	1002	83.67082700000003
root-paired/normalized.json	root	default	root	normalized	rootEquality	subtree_uid_equality_root	0	openldap	5	1000	1000	1000	1000	1002	69.52237499999995
root-paired/normalized.json	root	default	root	normalized	rootEquality	subtree_uid_equality_root	0	before	6	1000	1000	1000	1000	1002	81.9973799999999
root-paired/normalized.json	root	default	root	normalized	rootEquality	subtree_uid_equality_root	0	current	6	1000	1000	1000	1000	1002	82.52067699999988
root-paired/normalized.json	root	default	root	normalized	rootEquality	subtree_uid_equality_root	0	openldap	6	1000	1000	1000	1000	1002	69.12455400000005
root-paired/normalized.json	root	default	root	normalized	rootEquality	subtree_uid_equality_root	0	before	7	1000	1000	1000	1000	1002	88.00971200000006
root-paired/normalized.json	root	default	root	normalized	rootEquality	subtree_uid_equality_root	0	current	7	1000	1000	1000	1000	1002	87.11636500000009
root-paired/normalized.json	root	default	root	normalized	rootEquality	subtree_uid_equality_root	0	openldap	7	1000	1000	1000	1000	1002	75.12888699999995
root-paired/normalized.json	root	default	root	normalized	rootCompareTrue	compare_uid_true_root	0	before	1	1000	1000	1000	1000	1002	87.24279600000003
root-paired/normalized.json	root	default	root	normalized	rootCompareTrue	compare_uid_true_root	0	current	1	1000	1000	1000	1000	1002	86.98584399999994
root-paired/normalized.json	root	default	root	normalized	rootCompareTrue	compare_uid_true_root	0	openldap	1	1000	1000	1000	1000	1002	71.85816900000009
root-paired/normalized.json	root	default	root	normalized	rootCompareTrue	compare_uid_true_root	0	before	2	1000	1000	1000	1000	1002	81.88419700000006
root-paired/normalized.json	root	default	root	normalized	rootCompareTrue	compare_uid_true_root	0	current	2	1000	1000	1000	1000	1002	83.81991400000013
root-paired/normalized.json	root	default	root	normalized	rootCompareTrue	compare_uid_true_root	0	openldap	2	1000	1000	1000	1000	1002	68.91426600000003
root-paired/normalized.json	root	default	root	normalized	rootCompareTrue	compare_uid_true_root	0	before	3	1000	1000	1000	1000	1002	79.78459599999998
root-paired/normalized.json	root	default	root	normalized	rootCompareTrue	compare_uid_true_root	0	current	3	1000	1000	1000	1000	1002	79.68680900000011
root-paired/normalized.json	root	default	root	normalized	rootCompareTrue	compare_uid_true_root	0	openldap	3	1000	1000	1000	1000	1002	66.52124100000002
root-paired/normalized.json	root	default	root	normalized	rootCompareTrue	compare_uid_true_root	0	before	4	1000	1000	1000	1000	1002	80.25292799999995
root-paired/normalized.json	root	default	root	normalized	rootCompareTrue	compare_uid_true_root	0	current	4	1000	1000	1000	1000	1002	80.429994
root-paired/normalized.json	root	default	root	normalized	rootCompareTrue	compare_uid_true_root	0	openldap	4	1000	1000	1000	1000	1002	70.963827
root-paired/normalized.json	root	default	root	normalized	rootCompareTrue	compare_uid_true_root	0	before	5	1000	1000	1000	1000	1002	79.19462600000004
root-paired/normalized.json	root	default	root	normalized	rootCompareTrue	compare_uid_true_root	0	current	5	1000	1000	1000	1000	1002	79.91507900000006
root-paired/normalized.json	root	default	root	normalized	rootCompareTrue	compare_uid_true_root	0	openldap	5	1000	1000	1000	1000	1002	64.64992700000002
root-paired/normalized.json	root	default	root	normalized	rootCompareTrue	compare_uid_true_root	0	before	6	1000	1000	1000	1000	1002	74.51432299999996
root-paired/normalized.json	root	default	root	normalized	rootCompareTrue	compare_uid_true_root	0	current	6	1000	1000	1000	1000	1002	74.13608299999993
root-paired/normalized.json	root	default	root	normalized	rootCompareTrue	compare_uid_true_root	0	openldap	6	1000	1000	1000	1000	1002	61.48220399999998
root-paired/normalized.json	root	default	root	normalized	rootCompareTrue	compare_uid_true_root	0	before	7	1000	1000	1000	1000	1002	80.22491500000005
root-paired/normalized.json	root	default	root	normalized	rootCompareTrue	compare_uid_true_root	0	current	7	1000	1000	1000	1000	1002	79.660192
root-paired/normalized.json	root	default	root	normalized	rootCompareTrue	compare_uid_true_root	0	openldap	7	1000	1000	1000	1000	1002	66.88033200000004
root-paired/normalized.json	root	default	root	normalized	rootCompareFalse	compare_uid_false_root	0	before	1	1000	1000	1000	1000	1002	85.58617999999998
root-paired/normalized.json	root	default	root	normalized	rootCompareFalse	compare_uid_false_root	0	current	1	1000	1000	1000	1000	1002	85.081492
root-paired/normalized.json	root	default	root	normalized	rootCompareFalse	compare_uid_false_root	0	openldap	1	1000	1000	1000	1000	1002	69.48766200000003
root-paired/normalized.json	root	default	root	normalized	rootCompareFalse	compare_uid_false_root	0	before	2	1000	1000	1000	1000	1002	86.69600200000005
root-paired/normalized.json	root	default	root	normalized	rootCompareFalse	compare_uid_false_root	0	current	2	1000	1000	1000	1000	1002	87.18366100000007
root-paired/normalized.json	root	default	root	normalized	rootCompareFalse	compare_uid_false_root	0	openldap	2	1000	1000	1000	1000	1002	70.70505599999997
root-paired/normalized.json	root	default	root	normalized	rootCompareFalse	compare_uid_false_root	0	before	3	1000	1000	1000	1000	1002	86.70662899999999
root-paired/normalized.json	root	default	root	normalized	rootCompareFalse	compare_uid_false_root	0	current	3	1000	1000	1000	1000	1002	88.3078420000001
root-paired/normalized.json	root	default	root	normalized	rootCompareFalse	compare_uid_false_root	0	openldap	3	1000	1000	1000	1000	1002	71.99733000000009
root-paired/normalized.json	root	default	root	normalized	rootCompareFalse	compare_uid_false_root	0	before	4	1000	1000	1000	1000	1002	85.12304899999994
root-paired/normalized.json	root	default	root	normalized	rootCompareFalse	compare_uid_false_root	0	current	4	1000	1000	1000	1000	1002	86.03095300000007
root-paired/normalized.json	root	default	root	normalized	rootCompareFalse	compare_uid_false_root	0	openldap	4	1000	1000	1000	1000	1002	70.97886700000002
root-paired/normalized.json	root	default	root	normalized	rootCompareFalse	compare_uid_false_root	0	before	5	1000	1000	1000	1000	1002	87.00190499999995
root-paired/normalized.json	root	default	root	normalized	rootCompareFalse	compare_uid_false_root	0	current	5	1000	1000	1000	1000	1002	86.91612299999994
root-paired/normalized.json	root	default	root	normalized	rootCompareFalse	compare_uid_false_root	0	openldap	5	1000	1000	1000	1000	1002	73.18322200000004
root-paired/normalized.json	root	default	root	normalized	rootCompareFalse	compare_uid_false_root	0	before	6	1000	1000	1000	1000	1002	81.38381600000004
root-paired/normalized.json	root	default	root	normalized	rootCompareFalse	compare_uid_false_root	0	current	6	1000	1000	1000	1000	1002	81.58063300000002
root-paired/normalized.json	root	default	root	normalized	rootCompareFalse	compare_uid_false_root	0	openldap	6	1000	1000	1000	1000	1002	67.495974
root-paired/normalized.json	root	default	root	normalized	rootCompareFalse	compare_uid_false_root	0	before	7	1000	1000	1000	1000	1002	83.09462400000005
root-paired/normalized.json	root	default	root	normalized	rootCompareFalse	compare_uid_false_root	0	current	7	1000	1000	1000	1000	1002	83.24292799999992
root-paired/normalized.json	root	default	root	normalized	rootCompareFalse	compare_uid_false_root	0	openldap	7	1000	1000	1000	1000	1002	65.36904599999998
root-paired/normalized-smoke.json	root	default	root	normalized-smoke	rootBind	simple_bind_root	0	before	1	2	2	2	2	4	0.49474999999999997
root-paired/normalized-smoke.json	root	default	root	normalized-smoke	rootBind	simple_bind_root	0	current	1	2	2	2	2	4	0.562085
root-paired/normalized-smoke.json	root	default	root	normalized-smoke	rootBind	simple_bind_root	0	openldap	1	2	2	2	2	4	0.29874900000000004
root-paired/normalized-smoke.json	root	default	root	normalized-smoke	rootBase	base_objectclass_root	0	before	1	2	2	2	2	4	0.47441599999999995
root-paired/normalized-smoke.json	root	default	root	normalized-smoke	rootBase	base_objectclass_root	0	current	1	2	2	2	2	4	0.625041
root-paired/normalized-smoke.json	root	default	root	normalized-smoke	rootBase	base_objectclass_root	0	openldap	1	2	2	2	2	4	0.399084
root-paired/normalized-smoke.json	root	default	root	normalized-smoke	rootEquality	subtree_uid_equality_root	0	before	1	2	2	2	2	4	0.676626
root-paired/normalized-smoke.json	root	default	root	normalized-smoke	rootEquality	subtree_uid_equality_root	0	current	1	2	2	2	2	4	0.658667
root-paired/normalized-smoke.json	root	default	root	normalized-smoke	rootEquality	subtree_uid_equality_root	0	openldap	1	2	2	2	2	4	0.574791
root-paired/normalized-smoke.json	root	default	root	normalized-smoke	rootCompareTrue	compare_uid_true_root	0	before	1	2	2	2	2	4	0.373625
root-paired/normalized-smoke.json	root	default	root	normalized-smoke	rootCompareTrue	compare_uid_true_root	0	current	1	2	2	2	2	4	0.6738339999999999
root-paired/normalized-smoke.json	root	default	root	normalized-smoke	rootCompareTrue	compare_uid_true_root	0	openldap	1	2	2	2	2	4	0.391916
root-paired/normalized-smoke.json	root	default	root	normalized-smoke	rootCompareFalse	compare_uid_false_root	0	before	1	2	2	2	2	4	0.42112499999999997
root-paired/normalized-smoke.json	root	default	root	normalized-smoke	rootCompareFalse	compare_uid_false_root	0	current	1	2	2	2	2	4	0.849667
root-paired/normalized-smoke.json	root	default	root	normalized-smoke	rootCompareFalse	compare_uid_false_root	0	openldap	1	2	2	2	2	4	0.39916799999999997
explicit-group-compare/smoke.json	group-compare	explicit	nonroot	smoke	groupCompareTrueFirst	compare_member_true_first	10	before	1	2	2	2	2	4	0.657751
explicit-group-compare/smoke.json	group-compare	explicit	nonroot	smoke	groupCompareTrueFirst	compare_member_true_first	10	current	1	2	2	2	2	4	0.49058199999999996
explicit-group-compare/smoke.json	group-compare	explicit	nonroot	smoke	groupCompareTrueFirst	compare_member_true_first	10	openldap	1	2	2	2	2	4	0.311041
explicit-group-compare/smoke.json	group-compare	explicit	nonroot	smoke	groupCompareTrueFirst	compare_member_true_first	1000	before	1	2	2	2	2	4	0.415916
explicit-group-compare/smoke.json	group-compare	explicit	nonroot	smoke	groupCompareTrueFirst	compare_member_true_first	1000	current	1	2	2	2	2	4	0.38087600000000005
explicit-group-compare/smoke.json	group-compare	explicit	nonroot	smoke	groupCompareTrueFirst	compare_member_true_first	1000	openldap	1	2	2	2	2	4	0.323958
explicit-group-compare/smoke.json	group-compare	explicit	nonroot	smoke	groupCompareTrueLast	compare_member_true_last	10	before	1	2	2	2	2	4	0.353709
explicit-group-compare/smoke.json	group-compare	explicit	nonroot	smoke	groupCompareTrueLast	compare_member_true_last	10	current	1	2	2	2	2	4	0.350375
explicit-group-compare/smoke.json	group-compare	explicit	nonroot	smoke	groupCompareTrueLast	compare_member_true_last	10	openldap	1	2	2	2	2	4	0.280333
explicit-group-compare/smoke.json	group-compare	explicit	nonroot	smoke	groupCompareTrueLast	compare_member_true_last	1000	before	1	2	2	2	2	4	0.39987399999999995
explicit-group-compare/smoke.json	group-compare	explicit	nonroot	smoke	groupCompareTrueLast	compare_member_true_last	1000	current	1	2	2	2	2	4	0.453376
explicit-group-compare/smoke.json	group-compare	explicit	nonroot	smoke	groupCompareTrueLast	compare_member_true_last	1000	openldap	1	2	2	2	2	4	0.455707
explicit-group-compare/smoke.json	group-compare	explicit	nonroot	smoke	groupCompareFalse	compare_member_false_missing	10	before	1	2	2	2	2	4	0.353416
explicit-group-compare/smoke.json	group-compare	explicit	nonroot	smoke	groupCompareFalse	compare_member_false_missing	10	current	1	2	2	2	2	4	0.347209
explicit-group-compare/smoke.json	group-compare	explicit	nonroot	smoke	groupCompareFalse	compare_member_false_missing	10	openldap	1	2	2	2	2	4	0.27408299999999997
explicit-group-compare/smoke.json	group-compare	explicit	nonroot	smoke	groupCompareFalse	compare_member_false_missing	1000	before	1	2	2	2	2	4	0.27229000000000003
explicit-group-compare/smoke.json	group-compare	explicit	nonroot	smoke	groupCompareFalse	compare_member_false_missing	1000	current	1	2	2	2	2	4	0.263832
explicit-group-compare/smoke.json	group-compare	explicit	nonroot	smoke	groupCompareFalse	compare_member_false_missing	1000	openldap	1	2	2	2	2	4	0.178252
explicit-group-compare/groups.json	group-compare	explicit	nonroot	groups	groupCompareTrueFirst	compare_member_true_first	10	before	1	1000	1000	1000	1000	1002	81.88517300000012
explicit-group-compare/groups.json	group-compare	explicit	nonroot	groups	groupCompareTrueFirst	compare_member_true_first	10	current	1	1000	1000	1000	1000	1002	80.61434699999992
explicit-group-compare/groups.json	group-compare	explicit	nonroot	groups	groupCompareTrueFirst	compare_member_true_first	10	openldap	1	1000	1000	1000	1000	1002	64.15864600000006
explicit-group-compare/groups.json	group-compare	explicit	nonroot	groups	groupCompareTrueFirst	compare_member_true_first	10	before	2	1000	1000	1000	1000	1002	80.765788
explicit-group-compare/groups.json	group-compare	explicit	nonroot	groups	groupCompareTrueFirst	compare_member_true_first	10	current	2	1000	1000	1000	1000	1002	80.89946099999997
explicit-group-compare/groups.json	group-compare	explicit	nonroot	groups	groupCompareTrueFirst	compare_member_true_first	10	openldap	2	1000	1000	1000	1000	1002	64.86260999999998
explicit-group-compare/groups.json	group-compare	explicit	nonroot	groups	groupCompareTrueFirst	compare_member_true_first	10	before	3	1000	1000	1000	1000	1002	80.66108399999999
explicit-group-compare/groups.json	group-compare	explicit	nonroot	groups	groupCompareTrueFirst	compare_member_true_first	10	current	3	1000	1000	1000	1000	1002	80.24037900000012
explicit-group-compare/groups.json	group-compare	explicit	nonroot	groups	groupCompareTrueFirst	compare_member_true_first	10	openldap	3	1000	1000	1000	1000	1002	63.93705899999999
explicit-group-compare/groups.json	group-compare	explicit	nonroot	groups	groupCompareTrueFirst	compare_member_true_first	10	before	4	1000	1000	1000	1000	1002	86.69110099999993
explicit-group-compare/groups.json	group-compare	explicit	nonroot	groups	groupCompareTrueFirst	compare_member_true_first	10	current	4	1000	1000	1000	1000	1002	85.43564000000003
explicit-group-compare/groups.json	group-compare	explicit	nonroot	groups	groupCompareTrueFirst	compare_member_true_first	10	openldap	4	1000	1000	1000	1000	1002	70.125592
explicit-group-compare/groups.json	group-compare	explicit	nonroot	groups	groupCompareTrueFirst	compare_member_true_first	10	before	5	1000	1000	1000	1000	1002	89.32291300000006
explicit-group-compare/groups.json	group-compare	explicit	nonroot	groups	groupCompareTrueFirst	compare_member_true_first	10	current	5	1000	1000	1000	1000	1002	89.76672400000007
explicit-group-compare/groups.json	group-compare	explicit	nonroot	groups	groupCompareTrueFirst	compare_member_true_first	10	openldap	5	1000	1000	1000	1000	1002	77.97595700000018
explicit-group-compare/groups.json	group-compare	explicit	nonroot	groups	groupCompareTrueFirst	compare_member_true_first	10	before	6	1000	1000	1000	1000	1002	104.77246300000003
explicit-group-compare/groups.json	group-compare	explicit	nonroot	groups	groupCompareTrueFirst	compare_member_true_first	10	current	6	1000	1000	1000	1000	1002	96.24545000000002
explicit-group-compare/groups.json	group-compare	explicit	nonroot	groups	groupCompareTrueFirst	compare_member_true_first	10	openldap	6	1000	1000	1000	1000	1002	80.43195400000003
explicit-group-compare/groups.json	group-compare	explicit	nonroot	groups	groupCompareTrueFirst	compare_member_true_first	10	before	7	1000	1000	1000	1000	1002	89.35600699999996
explicit-group-compare/groups.json	group-compare	explicit	nonroot	groups	groupCompareTrueFirst	compare_member_true_first	10	current	7	1000	1000	1000	1000	1002	90.19687899999998
explicit-group-compare/groups.json	group-compare	explicit	nonroot	groups	groupCompareTrueFirst	compare_member_true_first	10	openldap	7	1000	1000	1000	1000	1002	72.62880600000008
explicit-group-compare/groups.json	group-compare	explicit	nonroot	groups	groupCompareTrueFirst	compare_member_true_first	1000	before	1	1000	1000	1000	1000	1002	94.19044199999986
explicit-group-compare/groups.json	group-compare	explicit	nonroot	groups	groupCompareTrueFirst	compare_member_true_first	1000	current	1	1000	1000	1000	1000	1002	94.97371599999997
explicit-group-compare/groups.json	group-compare	explicit	nonroot	groups	groupCompareTrueFirst	compare_member_true_first	1000	openldap	1	1000	1000	1000	1000	1002	75.74462299999996
explicit-group-compare/groups.json	group-compare	explicit	nonroot	groups	groupCompareTrueFirst	compare_member_true_first	1000	before	2	1000	1000	1000	1000	1002	91.40994700000007
explicit-group-compare/groups.json	group-compare	explicit	nonroot	groups	groupCompareTrueFirst	compare_member_true_first	1000	current	2	1000	1000	1000	1000	1002	94.21025799999991
explicit-group-compare/groups.json	group-compare	explicit	nonroot	groups	groupCompareTrueFirst	compare_member_true_first	1000	openldap	2	1000	1000	1000	1000	1002	73.55487300000006
explicit-group-compare/groups.json	group-compare	explicit	nonroot	groups	groupCompareTrueFirst	compare_member_true_first	1000	before	3	1000	1000	1000	1000	1002	89.22911300000008
explicit-group-compare/groups.json	group-compare	explicit	nonroot	groups	groupCompareTrueFirst	compare_member_true_first	1000	current	3	1000	1000	1000	1000	1002	91.71386700000008
explicit-group-compare/groups.json	group-compare	explicit	nonroot	groups	groupCompareTrueFirst	compare_member_true_first	1000	openldap	3	1000	1000	1000	1000	1002	70.35327299999996
explicit-group-compare/groups.json	group-compare	explicit	nonroot	groups	groupCompareTrueFirst	compare_member_true_first	1000	before	4	1000	1000	1000	1000	1002	91.88232599999999
explicit-group-compare/groups.json	group-compare	explicit	nonroot	groups	groupCompareTrueFirst	compare_member_true_first	1000	current	4	1000	1000	1000	1000	1002	90.37007100000017
explicit-group-compare/groups.json	group-compare	explicit	nonroot	groups	groupCompareTrueFirst	compare_member_true_first	1000	openldap	4	1000	1000	1000	1000	1002	72.81391399999995
explicit-group-compare/groups.json	group-compare	explicit	nonroot	groups	groupCompareTrueFirst	compare_member_true_first	1000	before	5	1000	1000	1000	1000	1002	88.604112
explicit-group-compare/groups.json	group-compare	explicit	nonroot	groups	groupCompareTrueFirst	compare_member_true_first	1000	current	5	1000	1000	1000	1000	1002	88.14002000000002
explicit-group-compare/groups.json	group-compare	explicit	nonroot	groups	groupCompareTrueFirst	compare_member_true_first	1000	openldap	5	1000	1000	1000	1000	1002	69.98839000000007
explicit-group-compare/groups.json	group-compare	explicit	nonroot	groups	groupCompareTrueFirst	compare_member_true_first	1000	before	6	1000	1000	1000	1000	1002	89.93497699999996
explicit-group-compare/groups.json	group-compare	explicit	nonroot	groups	groupCompareTrueFirst	compare_member_true_first	1000	current	6	1000	1000	1000	1000	1002	92.57285100000013
explicit-group-compare/groups.json	group-compare	explicit	nonroot	groups	groupCompareTrueFirst	compare_member_true_first	1000	openldap	6	1000	1000	1000	1000	1002	70.97273500000001
explicit-group-compare/groups.json	group-compare	explicit	nonroot	groups	groupCompareTrueFirst	compare_member_true_first	1000	before	7	1000	1000	1000	1000	1002	91.48025800000009
explicit-group-compare/groups.json	group-compare	explicit	nonroot	groups	groupCompareTrueFirst	compare_member_true_first	1000	current	7	1000	1000	1000	1000	1002	91.48206799999998
explicit-group-compare/groups.json	group-compare	explicit	nonroot	groups	groupCompareTrueFirst	compare_member_true_first	1000	openldap	7	1000	1000	1000	1000	1002	75.01971599999999
explicit-group-compare/groups.json	group-compare	explicit	nonroot	groups	groupCompareTrueLast	compare_member_true_last	10	before	1	1000	1000	1000	1000	1002	91.48152799999998
explicit-group-compare/groups.json	group-compare	explicit	nonroot	groups	groupCompareTrueLast	compare_member_true_last	10	current	1	1000	1000	1000	1000	1002	91.91370200000013
explicit-group-compare/groups.json	group-compare	explicit	nonroot	groups	groupCompareTrueLast	compare_member_true_last	10	openldap	1	1000	1000	1000	1000	1002	74.57088599999994
explicit-group-compare/groups.json	group-compare	explicit	nonroot	groups	groupCompareTrueLast	compare_member_true_last	10	before	2	1000	1000	1000	1000	1002	89.44858299999993
explicit-group-compare/groups.json	group-compare	explicit	nonroot	groups	groupCompareTrueLast	compare_member_true_last	10	current	2	1000	1000	1000	1000	1002	89.30167099999997
explicit-group-compare/groups.json	group-compare	explicit	nonroot	groups	groupCompareTrueLast	compare_member_true_last	10	openldap	2	1000	1000	1000	1000	1002	71.56309499999995
explicit-group-compare/groups.json	group-compare	explicit	nonroot	groups	groupCompareTrueLast	compare_member_true_last	10	before	3	1000	1000	1000	1000	1002	90.44615400000012
explicit-group-compare/groups.json	group-compare	explicit	nonroot	groups	groupCompareTrueLast	compare_member_true_last	10	current	3	1000	1000	1000	1000	1002	90.70719199999994
explicit-group-compare/groups.json	group-compare	explicit	nonroot	groups	groupCompareTrueLast	compare_member_true_last	10	openldap	3	1000	1000	1000	1000	1002	73.06076099999991
explicit-group-compare/groups.json	group-compare	explicit	nonroot	groups	groupCompareTrueLast	compare_member_true_last	10	before	4	1000	1000	1000	1000	1002	89.81249999999997
explicit-group-compare/groups.json	group-compare	explicit	nonroot	groups	groupCompareTrueLast	compare_member_true_last	10	current	4	1000	1000	1000	1000	1002	88.41484399999993
explicit-group-compare/groups.json	group-compare	explicit	nonroot	groups	groupCompareTrueLast	compare_member_true_last	10	openldap	4	1000	1000	1000	1000	1002	72.53761300000006
explicit-group-compare/groups.json	group-compare	explicit	nonroot	groups	groupCompareTrueLast	compare_member_true_last	10	before	5	1000	1000	1000	1000	1002	98.81679799999996
explicit-group-compare/groups.json	group-compare	explicit	nonroot	groups	groupCompareTrueLast	compare_member_true_last	10	current	5	1000	1000	1000	1000	1002	94.97428299999997
explicit-group-compare/groups.json	group-compare	explicit	nonroot	groups	groupCompareTrueLast	compare_member_true_last	10	openldap	5	1000	1000	1000	1000	1002	82.99832799999997
explicit-group-compare/groups.json	group-compare	explicit	nonroot	groups	groupCompareTrueLast	compare_member_true_last	10	before	6	1000	1000	1000	1000	1002	85.78415600000005
explicit-group-compare/groups.json	group-compare	explicit	nonroot	groups	groupCompareTrueLast	compare_member_true_last	10	current	6	1000	1000	1000	1000	1002	90.87399000000008
explicit-group-compare/groups.json	group-compare	explicit	nonroot	groups	groupCompareTrueLast	compare_member_true_last	10	openldap	6	1000	1000	1000	1000	1002	66.42824699999993
explicit-group-compare/groups.json	group-compare	explicit	nonroot	groups	groupCompareTrueLast	compare_member_true_last	10	before	7	1000	1000	1000	1000	1002	90.83309899999992
explicit-group-compare/groups.json	group-compare	explicit	nonroot	groups	groupCompareTrueLast	compare_member_true_last	10	current	7	1000	1000	1000	1000	1002	88.5447020000001
explicit-group-compare/groups.json	group-compare	explicit	nonroot	groups	groupCompareTrueLast	compare_member_true_last	10	openldap	7	1000	1000	1000	1000	1002	69.489335
explicit-group-compare/groups.json	group-compare	explicit	nonroot	groups	groupCompareTrueLast	compare_member_true_last	1000	before	1	1000	1000	1000	1000	1002	114.02889300000008
explicit-group-compare/groups.json	group-compare	explicit	nonroot	groups	groupCompareTrueLast	compare_member_true_last	1000	current	1	1000	1000	1000	1000	1002	125.75559200000005
explicit-group-compare/groups.json	group-compare	explicit	nonroot	groups	groupCompareTrueLast	compare_member_true_last	1000	openldap	1	1000	1000	1000	1000	1002	94.55924799999991
explicit-group-compare/groups.json	group-compare	explicit	nonroot	groups	groupCompareTrueLast	compare_member_true_last	1000	before	2	1000	1000	1000	1000	1002	96.29267499999997
explicit-group-compare/groups.json	group-compare	explicit	nonroot	groups	groupCompareTrueLast	compare_member_true_last	1000	current	2	1000	1000	1000	1000	1002	103.55325499999996
explicit-group-compare/groups.json	group-compare	explicit	nonroot	groups	groupCompareTrueLast	compare_member_true_last	1000	openldap	2	1000	1000	1000	1000	1002	76.51986699999995
explicit-group-compare/groups.json	group-compare	explicit	nonroot	groups	groupCompareTrueLast	compare_member_true_last	1000	before	3	1000	1000	1000	1000	1002	94.74227599999999
explicit-group-compare/groups.json	group-compare	explicit	nonroot	groups	groupCompareTrueLast	compare_member_true_last	1000	current	3	1000	1000	1000	1000	1002	97.90623700000008
explicit-group-compare/groups.json	group-compare	explicit	nonroot	groups	groupCompareTrueLast	compare_member_true_last	1000	openldap	3	1000	1000	1000	1000	1002	74.91691200000005
explicit-group-compare/groups.json	group-compare	explicit	nonroot	groups	groupCompareTrueLast	compare_member_true_last	1000	before	4	1000	1000	1000	1000	1002	100.29508199999998
explicit-group-compare/groups.json	group-compare	explicit	nonroot	groups	groupCompareTrueLast	compare_member_true_last	1000	current	4	1000	1000	1000	1000	1002	98.02607700000004
explicit-group-compare/groups.json	group-compare	explicit	nonroot	groups	groupCompareTrueLast	compare_member_true_last	1000	openldap	4	1000	1000	1000	1000	1002	75.13395299999993
explicit-group-compare/groups.json	group-compare	explicit	nonroot	groups	groupCompareTrueLast	compare_member_true_last	1000	before	5	1000	1000	1000	1000	1002	99.95741499999994
explicit-group-compare/groups.json	group-compare	explicit	nonroot	groups	groupCompareTrueLast	compare_member_true_last	1000	current	5	1000	1000	1000	1000	1002	95.86335999999997
explicit-group-compare/groups.json	group-compare	explicit	nonroot	groups	groupCompareTrueLast	compare_member_true_last	1000	openldap	5	1000	1000	1000	1000	1002	76.054162
explicit-group-compare/groups.json	group-compare	explicit	nonroot	groups	groupCompareTrueLast	compare_member_true_last	1000	before	6	1000	1000	1000	1000	1002	93.246458
explicit-group-compare/groups.json	group-compare	explicit	nonroot	groups	groupCompareTrueLast	compare_member_true_last	1000	current	6	1000	1000	1000	1000	1002	97.48762199999993
explicit-group-compare/groups.json	group-compare	explicit	nonroot	groups	groupCompareTrueLast	compare_member_true_last	1000	openldap	6	1000	1000	1000	1000	1002	72.61203999999992
explicit-group-compare/groups.json	group-compare	explicit	nonroot	groups	groupCompareTrueLast	compare_member_true_last	1000	before	7	1000	1000	1000	1000	1002	91.05059100000003
explicit-group-compare/groups.json	group-compare	explicit	nonroot	groups	groupCompareTrueLast	compare_member_true_last	1000	current	7	1000	1000	1000	1000	1002	89.36533800000002
explicit-group-compare/groups.json	group-compare	explicit	nonroot	groups	groupCompareTrueLast	compare_member_true_last	1000	openldap	7	1000	1000	1000	1000	1002	74.77763100000004
explicit-group-compare/groups.json	group-compare	explicit	nonroot	groups	groupCompareFalse	compare_member_false_missing	10	before	1	1000	1000	1000	1000	1002	87.8324710000001
explicit-group-compare/groups.json	group-compare	explicit	nonroot	groups	groupCompareFalse	compare_member_false_missing	10	current	1	1000	1000	1000	1000	1002	89.06463300000006
explicit-group-compare/groups.json	group-compare	explicit	nonroot	groups	groupCompareFalse	compare_member_false_missing	10	openldap	1	1000	1000	1000	1000	1002	69.89530699999993
explicit-group-compare/groups.json	group-compare	explicit	nonroot	groups	groupCompareFalse	compare_member_false_missing	10	before	2	1000	1000	1000	1000	1002	87.75946099999989
explicit-group-compare/groups.json	group-compare	explicit	nonroot	groups	groupCompareFalse	compare_member_false_missing	10	current	2	1000	1000	1000	1000	1002	88.21504800000004
explicit-group-compare/groups.json	group-compare	explicit	nonroot	groups	groupCompareFalse	compare_member_false_missing	10	openldap	2	1000	1000	1000	1000	1002	75.71570200000002
explicit-group-compare/groups.json	group-compare	explicit	nonroot	groups	groupCompareFalse	compare_member_false_missing	10	before	3	1000	1000	1000	1000	1002	81.62403100000022
explicit-group-compare/groups.json	group-compare	explicit	nonroot	groups	groupCompareFalse	compare_member_false_missing	10	current	3	1000	1000	1000	1000	1002	80.35447000000003
explicit-group-compare/groups.json	group-compare	explicit	nonroot	groups	groupCompareFalse	compare_member_false_missing	10	openldap	3	1000	1000	1000	1000	1002	66.30842699999995
explicit-group-compare/groups.json	group-compare	explicit	nonroot	groups	groupCompareFalse	compare_member_false_missing	10	before	4	1000	1000	1000	1000	1002	81.57545600000005
explicit-group-compare/groups.json	group-compare	explicit	nonroot	groups	groupCompareFalse	compare_member_false_missing	10	current	4	1000	1000	1000	1000	1002	80.92852699999997
explicit-group-compare/groups.json	group-compare	explicit	nonroot	groups	groupCompareFalse	compare_member_false_missing	10	openldap	4	1000	1000	1000	1000	1002	65.50833799999998
explicit-group-compare/groups.json	group-compare	explicit	nonroot	groups	groupCompareFalse	compare_member_false_missing	10	before	5	1000	1000	1000	1000	1002	80.77791100000002
explicit-group-compare/groups.json	group-compare	explicit	nonroot	groups	groupCompareFalse	compare_member_false_missing	10	current	5	1000	1000	1000	1000	1002	82.75152300000002
explicit-group-compare/groups.json	group-compare	explicit	nonroot	groups	groupCompareFalse	compare_member_false_missing	10	openldap	5	1000	1000	1000	1000	1002	64.755618
explicit-group-compare/groups.json	group-compare	explicit	nonroot	groups	groupCompareFalse	compare_member_false_missing	10	before	6	1000	1000	1000	1000	1002	86.68143699999989
explicit-group-compare/groups.json	group-compare	explicit	nonroot	groups	groupCompareFalse	compare_member_false_missing	10	current	6	1000	1000	1000	1000	1002	84.85812400000009
explicit-group-compare/groups.json	group-compare	explicit	nonroot	groups	groupCompareFalse	compare_member_false_missing	10	openldap	6	1000	1000	1000	1000	1002	69.56869500000006
explicit-group-compare/groups.json	group-compare	explicit	nonroot	groups	groupCompareFalse	compare_member_false_missing	10	before	7	1000	1000	1000	1000	1002	103.14941099999993
explicit-group-compare/groups.json	group-compare	explicit	nonroot	groups	groupCompareFalse	compare_member_false_missing	10	current	7	1000	1000	1000	1000	1002	93.31153999999998
explicit-group-compare/groups.json	group-compare	explicit	nonroot	groups	groupCompareFalse	compare_member_false_missing	10	openldap	7	1000	1000	1000	1000	1002	74.47814899999999
explicit-group-compare/groups.json	group-compare	explicit	nonroot	groups	groupCompareFalse	compare_member_false_missing	1000	before	1	1000	1000	1000	1000	1002	87.80047799999996
explicit-group-compare/groups.json	group-compare	explicit	nonroot	groups	groupCompareFalse	compare_member_false_missing	1000	current	1	1000	1000	1000	1000	1002	85.170428
explicit-group-compare/groups.json	group-compare	explicit	nonroot	groups	groupCompareFalse	compare_member_false_missing	1000	openldap	1	1000	1000	1000	1000	1002	67.425176
explicit-group-compare/groups.json	group-compare	explicit	nonroot	groups	groupCompareFalse	compare_member_false_missing	1000	before	2	1000	1000	1000	1000	1002	86.92032200000008
explicit-group-compare/groups.json	group-compare	explicit	nonroot	groups	groupCompareFalse	compare_member_false_missing	1000	current	2	1000	1000	1000	1000	1002	83.67233500000016
explicit-group-compare/groups.json	group-compare	explicit	nonroot	groups	groupCompareFalse	compare_member_false_missing	1000	openldap	2	1000	1000	1000	1000	1002	64.25252099999997
explicit-group-compare/groups.json	group-compare	explicit	nonroot	groups	groupCompareFalse	compare_member_false_missing	1000	before	3	1000	1000	1000	1000	1002	93.01346199999996
explicit-group-compare/groups.json	group-compare	explicit	nonroot	groups	groupCompareFalse	compare_member_false_missing	1000	current	3	1000	1000	1000	1000	1002	90.8902090000001
explicit-group-compare/groups.json	group-compare	explicit	nonroot	groups	groupCompareFalse	compare_member_false_missing	1000	openldap	3	1000	1000	1000	1000	1002	71.5837820000001
explicit-group-compare/groups.json	group-compare	explicit	nonroot	groups	groupCompareFalse	compare_member_false_missing	1000	before	4	1000	1000	1000	1000	1002	97.78907900000006
explicit-group-compare/groups.json	group-compare	explicit	nonroot	groups	groupCompareFalse	compare_member_false_missing	1000	current	4	1000	1000	1000	1000	1002	95.62703200000006
explicit-group-compare/groups.json	group-compare	explicit	nonroot	groups	groupCompareFalse	compare_member_false_missing	1000	openldap	4	1000	1000	1000	1000	1002	78.64097900000003
explicit-group-compare/groups.json	group-compare	explicit	nonroot	groups	groupCompareFalse	compare_member_false_missing	1000	before	5	1000	1000	1000	1000	1002	100.62188599999982
explicit-group-compare/groups.json	group-compare	explicit	nonroot	groups	groupCompareFalse	compare_member_false_missing	1000	current	5	1000	1000	1000	1000	1002	98.48882700000014
explicit-group-compare/groups.json	group-compare	explicit	nonroot	groups	groupCompareFalse	compare_member_false_missing	1000	openldap	5	1000	1000	1000	1000	1002	73.34507599999998
explicit-group-compare/groups.json	group-compare	explicit	nonroot	groups	groupCompareFalse	compare_member_false_missing	1000	before	6	1000	1000	1000	1000	1002	90.94936700000012
explicit-group-compare/groups.json	group-compare	explicit	nonroot	groups	groupCompareFalse	compare_member_false_missing	1000	current	6	1000	1000	1000	1000	1002	87.37309099999999
explicit-group-compare/groups.json	group-compare	explicit	nonroot	groups	groupCompareFalse	compare_member_false_missing	1000	openldap	6	1000	1000	1000	1000	1002	68.039162
explicit-group-compare/groups.json	group-compare	explicit	nonroot	groups	groupCompareFalse	compare_member_false_missing	1000	before	7	1000	1000	1000	1000	1002	90.3806560000001
explicit-group-compare/groups.json	group-compare	explicit	nonroot	groups	groupCompareFalse	compare_member_false_missing	1000	current	7	1000	1000	1000	1000	1002	88.77875299999997
explicit-group-compare/groups.json	group-compare	explicit	nonroot	groups	groupCompareFalse	compare_member_false_missing	1000	openldap	7	1000	1000	1000	1000	1002	71.17944699999995
default-group-compare/smoke.json	group-compare	default	nonroot	smoke	groupCompareTrueFirst	compare_member_true_first	10	before	1	2	2	2	2	4	0.529208
default-group-compare/smoke.json	group-compare	default	nonroot	smoke	groupCompareTrueFirst	compare_member_true_first	10	current	1	2	2	2	2	4	0.448207
default-group-compare/smoke.json	group-compare	default	nonroot	smoke	groupCompareTrueFirst	compare_member_true_first	10	openldap	1	2	2	2	2	4	0.272583
default-group-compare/smoke.json	group-compare	default	nonroot	smoke	groupCompareTrueFirst	compare_member_true_first	1000	before	1	2	2	2	2	4	0.26820900000000003
default-group-compare/smoke.json	group-compare	default	nonroot	smoke	groupCompareTrueFirst	compare_member_true_first	1000	current	1	2	2	2	2	4	0.31104200000000004
default-group-compare/smoke.json	group-compare	default	nonroot	smoke	groupCompareTrueFirst	compare_member_true_first	1000	openldap	1	2	2	2	2	4	0.240209
default-group-compare/smoke.json	group-compare	default	nonroot	smoke	groupCompareTrueLast	compare_member_true_last	10	before	1	2	2	2	2	4	0.23862500000000003
default-group-compare/smoke.json	group-compare	default	nonroot	smoke	groupCompareTrueLast	compare_member_true_last	10	current	1	2	2	2	2	4	0.238125
default-group-compare/smoke.json	group-compare	default	nonroot	smoke	groupCompareTrueLast	compare_member_true_last	10	openldap	1	2	2	2	2	4	0.18383400000000003
default-group-compare/smoke.json	group-compare	default	nonroot	smoke	groupCompareTrueLast	compare_member_true_last	1000	before	1	2	2	2	2	4	0.322332
default-group-compare/smoke.json	group-compare	default	nonroot	smoke	groupCompareTrueLast	compare_member_true_last	1000	current	1	2	2	2	2	4	0.338292
default-group-compare/smoke.json	group-compare	default	nonroot	smoke	groupCompareTrueLast	compare_member_true_last	1000	openldap	1	2	2	2	2	4	0.22446
default-group-compare/smoke.json	group-compare	default	nonroot	smoke	groupCompareFalse	compare_member_false_missing	10	before	1	2	2	2	2	4	0.34141600000000005
default-group-compare/smoke.json	group-compare	default	nonroot	smoke	groupCompareFalse	compare_member_false_missing	10	current	1	2	2	2	2	4	0.368709
default-group-compare/smoke.json	group-compare	default	nonroot	smoke	groupCompareFalse	compare_member_false_missing	10	openldap	1	2	2	2	2	4	0.271708
default-group-compare/smoke.json	group-compare	default	nonroot	smoke	groupCompareFalse	compare_member_false_missing	1000	before	1	2	2	2	2	4	0.31712500000000005
default-group-compare/smoke.json	group-compare	default	nonroot	smoke	groupCompareFalse	compare_member_false_missing	1000	current	1	2	2	2	2	4	0.28675
default-group-compare/smoke.json	group-compare	default	nonroot	smoke	groupCompareFalse	compare_member_false_missing	1000	openldap	1	2	2	2	2	4	0.21758399999999997
default-group-compare/groups.json	group-compare	default	nonroot	groups	groupCompareTrueFirst	compare_member_true_first	10	before	1	1000	1000	1000	1000	1002	87.45801199999997
default-group-compare/groups.json	group-compare	default	nonroot	groups	groupCompareTrueFirst	compare_member_true_first	10	current	1	1000	1000	1000	1000	1002	89.28800100000007
default-group-compare/groups.json	group-compare	default	nonroot	groups	groupCompareTrueFirst	compare_member_true_first	10	openldap	1	1000	1000	1000	1000	1002	69.99295199999997
default-group-compare/groups.json	group-compare	default	nonroot	groups	groupCompareTrueFirst	compare_member_true_first	10	before	2	1000	1000	1000	1000	1002	86.54072999999991
default-group-compare/groups.json	group-compare	default	nonroot	groups	groupCompareTrueFirst	compare_member_true_first	10	current	2	1000	1000	1000	1000	1002	87.88533999999999
default-group-compare/groups.json	group-compare	default	nonroot	groups	groupCompareTrueFirst	compare_member_true_first	10	openldap	2	1000	1000	1000	1000	1002	69.5452270000001
default-group-compare/groups.json	group-compare	default	nonroot	groups	groupCompareTrueFirst	compare_member_true_first	10	before	3	1000	1000	1000	1000	1002	88.20275600000004
default-group-compare/groups.json	group-compare	default	nonroot	groups	groupCompareTrueFirst	compare_member_true_first	10	current	3	1000	1000	1000	1000	1002	88.20582900000011
default-group-compare/groups.json	group-compare	default	nonroot	groups	groupCompareTrueFirst	compare_member_true_first	10	openldap	3	1000	1000	1000	1000	1002	70.79185700000004
default-group-compare/groups.json	group-compare	default	nonroot	groups	groupCompareTrueFirst	compare_member_true_first	10	before	4	1000	1000	1000	1000	1002	89.09496899999984
default-group-compare/groups.json	group-compare	default	nonroot	groups	groupCompareTrueFirst	compare_member_true_first	10	current	4	1000	1000	1000	1000	1002	87.55632400000012
default-group-compare/groups.json	group-compare	default	nonroot	groups	groupCompareTrueFirst	compare_member_true_first	10	openldap	4	1000	1000	1000	1000	1002	70.82380999999995
default-group-compare/groups.json	group-compare	default	nonroot	groups	groupCompareTrueFirst	compare_member_true_first	10	before	5	1000	1000	1000	1000	1002	88.1720129999999
default-group-compare/groups.json	group-compare	default	nonroot	groups	groupCompareTrueFirst	compare_member_true_first	10	current	5	1000	1000	1000	1000	1002	88.58035000000005
default-group-compare/groups.json	group-compare	default	nonroot	groups	groupCompareTrueFirst	compare_member_true_first	10	openldap	5	1000	1000	1000	1000	1002	70.80938499999996
default-group-compare/groups.json	group-compare	default	nonroot	groups	groupCompareTrueFirst	compare_member_true_first	10	before	6	1000	1000	1000	1000	1002	84.17395299999998
default-group-compare/groups.json	group-compare	default	nonroot	groups	groupCompareTrueFirst	compare_member_true_first	10	current	6	1000	1000	1000	1000	1002	84.491253
default-group-compare/groups.json	group-compare	default	nonroot	groups	groupCompareTrueFirst	compare_member_true_first	10	openldap	6	1000	1000	1000	1000	1002	65.77496700000006
default-group-compare/groups.json	group-compare	default	nonroot	groups	groupCompareTrueFirst	compare_member_true_first	10	before	7	1000	1000	1000	1000	1002	81.01031000000003
default-group-compare/groups.json	group-compare	default	nonroot	groups	groupCompareTrueFirst	compare_member_true_first	10	current	7	1000	1000	1000	1000	1002	81.88433599999999
default-group-compare/groups.json	group-compare	default	nonroot	groups	groupCompareTrueFirst	compare_member_true_first	10	openldap	7	1000	1000	1000	1000	1002	66.19512
default-group-compare/groups.json	group-compare	default	nonroot	groups	groupCompareTrueFirst	compare_member_true_first	1000	before	1	1000	1000	1000	1000	1002	86.63791000000008
default-group-compare/groups.json	group-compare	default	nonroot	groups	groupCompareTrueFirst	compare_member_true_first	1000	current	1	1000	1000	1000	1000	1002	87.43871100000011
default-group-compare/groups.json	group-compare	default	nonroot	groups	groupCompareTrueFirst	compare_member_true_first	1000	openldap	1	1000	1000	1000	1000	1002	69.187753
default-group-compare/groups.json	group-compare	default	nonroot	groups	groupCompareTrueFirst	compare_member_true_first	1000	before	2	1000	1000	1000	1000	1002	83.1232539999999
default-group-compare/groups.json	group-compare	default	nonroot	groups	groupCompareTrueFirst	compare_member_true_first	1000	current	2	1000	1000	1000	1000	1002	83.59861600000004
default-group-compare/groups.json	group-compare	default	nonroot	groups	groupCompareTrueFirst	compare_member_true_first	1000	openldap	2	1000	1000	1000	1000	1002	68.62492199999998
default-group-compare/groups.json	group-compare	default	nonroot	groups	groupCompareTrueFirst	compare_member_true_first	1000	before	3	1000	1000	1000	1000	1002	84.05394600000002
default-group-compare/groups.json	group-compare	default	nonroot	groups	groupCompareTrueFirst	compare_member_true_first	1000	current	3	1000	1000	1000	1000	1002	83.23931100000001
default-group-compare/groups.json	group-compare	default	nonroot	groups	groupCompareTrueFirst	compare_member_true_first	1000	openldap	3	1000	1000	1000	1000	1002	68.41555500000003
default-group-compare/groups.json	group-compare	default	nonroot	groups	groupCompareTrueFirst	compare_member_true_first	1000	before	4	1000	1000	1000	1000	1002	83.12869300000004
default-group-compare/groups.json	group-compare	default	nonroot	groups	groupCompareTrueFirst	compare_member_true_first	1000	current	4	1000	1000	1000	1000	1002	81.43657899999997
default-group-compare/groups.json	group-compare	default	nonroot	groups	groupCompareTrueFirst	compare_member_true_first	1000	openldap	4	1000	1000	1000	1000	1002	68.11172999999994
default-group-compare/groups.json	group-compare	default	nonroot	groups	groupCompareTrueFirst	compare_member_true_first	1000	before	5	1000	1000	1000	1000	1002	84.11191099999999
default-group-compare/groups.json	group-compare	default	nonroot	groups	groupCompareTrueFirst	compare_member_true_first	1000	current	5	1000	1000	1000	1000	1002	82.98342500000001
default-group-compare/groups.json	group-compare	default	nonroot	groups	groupCompareTrueFirst	compare_member_true_first	1000	openldap	5	1000	1000	1000	1000	1002	66.24308899999997
default-group-compare/groups.json	group-compare	default	nonroot	groups	groupCompareTrueFirst	compare_member_true_first	1000	before	6	1000	1000	1000	1000	1002	79.00086800000004
default-group-compare/groups.json	group-compare	default	nonroot	groups	groupCompareTrueFirst	compare_member_true_first	1000	current	6	1000	1000	1000	1000	1002	78.21821000000003
default-group-compare/groups.json	group-compare	default	nonroot	groups	groupCompareTrueFirst	compare_member_true_first	1000	openldap	6	1000	1000	1000	1000	1002	63.62595799999996
default-group-compare/groups.json	group-compare	default	nonroot	groups	groupCompareTrueFirst	compare_member_true_first	1000	before	7	1000	1000	1000	1000	1002	82.46643900000007
default-group-compare/groups.json	group-compare	default	nonroot	groups	groupCompareTrueFirst	compare_member_true_first	1000	current	7	1000	1000	1000	1000	1002	83.68595000000005
default-group-compare/groups.json	group-compare	default	nonroot	groups	groupCompareTrueFirst	compare_member_true_first	1000	openldap	7	1000	1000	1000	1000	1002	68.35620300000002
default-group-compare/groups.json	group-compare	default	nonroot	groups	groupCompareTrueLast	compare_member_true_last	10	before	1	1000	1000	1000	1000	1002	82.51850599999993
default-group-compare/groups.json	group-compare	default	nonroot	groups	groupCompareTrueLast	compare_member_true_last	10	current	1	1000	1000	1000	1000	1002	83.98267199999995
default-group-compare/groups.json	group-compare	default	nonroot	groups	groupCompareTrueLast	compare_member_true_last	10	openldap	1	1000	1000	1000	1000	1002	70.95820000000006
default-group-compare/groups.json	group-compare	default	nonroot	groups	groupCompareTrueLast	compare_member_true_last	10	before	2	1000	1000	1000	1000	1002	85.33717999999998
default-group-compare/groups.json	group-compare	default	nonroot	groups	groupCompareTrueLast	compare_member_true_last	10	current	2	1000	1000	1000	1000	1002	88.93325300000002
default-group-compare/groups.json	group-compare	default	nonroot	groups	groupCompareTrueLast	compare_member_true_last	10	openldap	2	1000	1000	1000	1000	1002	68.29846599999999
default-group-compare/groups.json	group-compare	default	nonroot	groups	groupCompareTrueLast	compare_member_true_last	10	before	3	1000	1000	1000	1000	1002	90.57115899999988
default-group-compare/groups.json	group-compare	default	nonroot	groups	groupCompareTrueLast	compare_member_true_last	10	current	3	1000	1000	1000	1000	1002	91.6183130000001
default-group-compare/groups.json	group-compare	default	nonroot	groups	groupCompareTrueLast	compare_member_true_last	10	openldap	3	1000	1000	1000	1000	1002	72.22752399999993
default-group-compare/groups.json	group-compare	default	nonroot	groups	groupCompareTrueLast	compare_member_true_last	10	before	4	1000	1000	1000	1000	1002	99.71631800000002
default-group-compare/groups.json	group-compare	default	nonroot	groups	groupCompareTrueLast	compare_member_true_last	10	current	4	1000	1000	1000	1000	1002	100.35210899999981
default-group-compare/groups.json	group-compare	default	nonroot	groups	groupCompareTrueLast	compare_member_true_last	10	openldap	4	1000	1000	1000	1000	1002	78.74769699999997
default-group-compare/groups.json	group-compare	default	nonroot	groups	groupCompareTrueLast	compare_member_true_last	10	before	5	1000	1000	1000	1000	1002	86.73573999999991
default-group-compare/groups.json	group-compare	default	nonroot	groups	groupCompareTrueLast	compare_member_true_last	10	current	5	1000	1000	1000	1000	1002	87.63763600000003
default-group-compare/groups.json	group-compare	default	nonroot	groups	groupCompareTrueLast	compare_member_true_last	10	openldap	5	1000	1000	1000	1000	1002	70.16497100000005
default-group-compare/groups.json	group-compare	default	nonroot	groups	groupCompareTrueLast	compare_member_true_last	10	before	6	1000	1000	1000	1000	1002	84.48863600000011
default-group-compare/groups.json	group-compare	default	nonroot	groups	groupCompareTrueLast	compare_member_true_last	10	current	6	1000	1000	1000	1000	1002	87.52266399999995
default-group-compare/groups.json	group-compare	default	nonroot	groups	groupCompareTrueLast	compare_member_true_last	10	openldap	6	1000	1000	1000	1000	1002	69.01351899999996
default-group-compare/groups.json	group-compare	default	nonroot	groups	groupCompareTrueLast	compare_member_true_last	10	before	7	1000	1000	1000	1000	1002	86.87749800000007
default-group-compare/groups.json	group-compare	default	nonroot	groups	groupCompareTrueLast	compare_member_true_last	10	current	7	1000	1000	1000	1000	1002	84.90831500000004
default-group-compare/groups.json	group-compare	default	nonroot	groups	groupCompareTrueLast	compare_member_true_last	10	openldap	7	1000	1000	1000	1000	1002	68.52845299999996
default-group-compare/groups.json	group-compare	default	nonroot	groups	groupCompareTrueLast	compare_member_true_last	1000	before	1	1000	1000	1000	1000	1002	93.09449799999997
default-group-compare/groups.json	group-compare	default	nonroot	groups	groupCompareTrueLast	compare_member_true_last	1000	current	1	1000	1000	1000	1000	1002	93.36779500000004
default-group-compare/groups.json	group-compare	default	nonroot	groups	groupCompareTrueLast	compare_member_true_last	1000	openldap	1	1000	1000	1000	1000	1002	74.385339
default-group-compare/groups.json	group-compare	default	nonroot	groups	groupCompareTrueLast	compare_member_true_last	1000	before	2	1000	1000	1000	1000	1002	89.10326300000014
default-group-compare/groups.json	group-compare	default	nonroot	groups	groupCompareTrueLast	compare_member_true_last	1000	current	2	1000	1000	1000	1000	1002	90.77415999999988
default-group-compare/groups.json	group-compare	default	nonroot	groups	groupCompareTrueLast	compare_member_true_last	1000	openldap	2	1000	1000	1000	1000	1002	70.43220200000007
default-group-compare/groups.json	group-compare	default	nonroot	groups	groupCompareTrueLast	compare_member_true_last	1000	before	3	1000	1000	1000	1000	1002	89.23907900000007
default-group-compare/groups.json	group-compare	default	nonroot	groups	groupCompareTrueLast	compare_member_true_last	1000	current	3	1000	1000	1000	1000	1002	87.11289099999998
default-group-compare/groups.json	group-compare	default	nonroot	groups	groupCompareTrueLast	compare_member_true_last	1000	openldap	3	1000	1000	1000	1000	1002	68.86804100000006
default-group-compare/groups.json	group-compare	default	nonroot	groups	groupCompareTrueLast	compare_member_true_last	1000	before	4	1000	1000	1000	1000	1002	88.129436
default-group-compare/groups.json	group-compare	default	nonroot	groups	groupCompareTrueLast	compare_member_true_last	1000	current	4	1000	1000	1000	1000	1002	87.79574800000012
default-group-compare/groups.json	group-compare	default	nonroot	groups	groupCompareTrueLast	compare_member_true_last	1000	openldap	4	1000	1000	1000	1000	1002	68.77624800000004
default-group-compare/groups.json	group-compare	default	nonroot	groups	groupCompareTrueLast	compare_member_true_last	1000	before	5	1000	1000	1000	1000	1002	89.93871400000003
default-group-compare/groups.json	group-compare	default	nonroot	groups	groupCompareTrueLast	compare_member_true_last	1000	current	5	1000	1000	1000	1000	1002	87.962547
default-group-compare/groups.json	group-compare	default	nonroot	groups	groupCompareTrueLast	compare_member_true_last	1000	openldap	5	1000	1000	1000	1000	1002	73.15637800000005
default-group-compare/groups.json	group-compare	default	nonroot	groups	groupCompareTrueLast	compare_member_true_last	1000	before	6	1000	1000	1000	1000	1002	83.99596999999991
default-group-compare/groups.json	group-compare	default	nonroot	groups	groupCompareTrueLast	compare_member_true_last	1000	current	6	1000	1000	1000	1000	1002	81.84383000000017
default-group-compare/groups.json	group-compare	default	nonroot	groups	groupCompareTrueLast	compare_member_true_last	1000	openldap	6	1000	1000	1000	1000	1002	66.73385999999994
default-group-compare/groups.json	group-compare	default	nonroot	groups	groupCompareTrueLast	compare_member_true_last	1000	before	7	1000	1000	1000	1000	1002	80.99642999999999
default-group-compare/groups.json	group-compare	default	nonroot	groups	groupCompareTrueLast	compare_member_true_last	1000	current	7	1000	1000	1000	1000	1002	85.09833999999991
default-group-compare/groups.json	group-compare	default	nonroot	groups	groupCompareTrueLast	compare_member_true_last	1000	openldap	7	1000	1000	1000	1000	1002	67.27115999999994
default-group-compare/groups.json	group-compare	default	nonroot	groups	groupCompareFalse	compare_member_false_missing	10	before	1	1000	1000	1000	1000	1002	86.90225000000015
default-group-compare/groups.json	group-compare	default	nonroot	groups	groupCompareFalse	compare_member_false_missing	10	current	1	1000	1000	1000	1000	1002	86.05206700000004
default-group-compare/groups.json	group-compare	default	nonroot	groups	groupCompareFalse	compare_member_false_missing	10	openldap	1	1000	1000	1000	1000	1002	69.05597999999999
default-group-compare/groups.json	group-compare	default	nonroot	groups	groupCompareFalse	compare_member_false_missing	10	before	2	1000	1000	1000	1000	1002	81.56649500000012
default-group-compare/groups.json	group-compare	default	nonroot	groups	groupCompareFalse	compare_member_false_missing	10	current	2	1000	1000	1000	1000	1002	82.57920399999995
default-group-compare/groups.json	group-compare	default	nonroot	groups	groupCompareFalse	compare_member_false_missing	10	openldap	2	1000	1000	1000	1000	1002	65.67266099999996
default-group-compare/groups.json	group-compare	default	nonroot	groups	groupCompareFalse	compare_member_false_missing	10	before	3	1000	1000	1000	1000	1002	84.03601700000003
default-group-compare/groups.json	group-compare	default	nonroot	groups	groupCompareFalse	compare_member_false_missing	10	current	3	1000	1000	1000	1000	1002	84.05267600000002
default-group-compare/groups.json	group-compare	default	nonroot	groups	groupCompareFalse	compare_member_false_missing	10	openldap	3	1000	1000	1000	1000	1002	68.01034099999997
default-group-compare/groups.json	group-compare	default	nonroot	groups	groupCompareFalse	compare_member_false_missing	10	before	4	1000	1000	1000	1000	1002	84.53315400000004
default-group-compare/groups.json	group-compare	default	nonroot	groups	groupCompareFalse	compare_member_false_missing	10	current	4	1000	1000	1000	1000	1002	84.34963500000009
default-group-compare/groups.json	group-compare	default	nonroot	groups	groupCompareFalse	compare_member_false_missing	10	openldap	4	1000	1000	1000	1000	1002	67.18238199999998
default-group-compare/groups.json	group-compare	default	nonroot	groups	groupCompareFalse	compare_member_false_missing	10	before	5	1000	1000	1000	1000	1002	90.56865199999994
default-group-compare/groups.json	group-compare	default	nonroot	groups	groupCompareFalse	compare_member_false_missing	10	current	5	1000	1000	1000	1000	1002	91.714081
default-group-compare/groups.json	group-compare	default	nonroot	groups	groupCompareFalse	compare_member_false_missing	10	openldap	5	1000	1000	1000	1000	1002	72.99825700000008
default-group-compare/groups.json	group-compare	default	nonroot	groups	groupCompareFalse	compare_member_false_missing	10	before	6	1000	1000	1000	1000	1002	89.98928900000001
default-group-compare/groups.json	group-compare	default	nonroot	groups	groupCompareFalse	compare_member_false_missing	10	current	6	1000	1000	1000	1000	1002	86.90899499999993
default-group-compare/groups.json	group-compare	default	nonroot	groups	groupCompareFalse	compare_member_false_missing	10	openldap	6	1000	1000	1000	1000	1002	71.185224
default-group-compare/groups.json	group-compare	default	nonroot	groups	groupCompareFalse	compare_member_false_missing	10	before	7	1000	1000	1000	1000	1002	88.73554499999992
default-group-compare/groups.json	group-compare	default	nonroot	groups	groupCompareFalse	compare_member_false_missing	10	current	7	1000	1000	1000	1000	1002	87.80515399999997
default-group-compare/groups.json	group-compare	default	nonroot	groups	groupCompareFalse	compare_member_false_missing	10	openldap	7	1000	1000	1000	1000	1002	71.52166999999986
default-group-compare/groups.json	group-compare	default	nonroot	groups	groupCompareFalse	compare_member_false_missing	1000	before	1	1000	1000	1000	1000	1002	89.741222
default-group-compare/groups.json	group-compare	default	nonroot	groups	groupCompareFalse	compare_member_false_missing	1000	current	1	1000	1000	1000	1000	1002	88.85948899999998
default-group-compare/groups.json	group-compare	default	nonroot	groups	groupCompareFalse	compare_member_false_missing	1000	openldap	1	1000	1000	1000	1000	1002	70.28866899999991
default-group-compare/groups.json	group-compare	default	nonroot	groups	groupCompareFalse	compare_member_false_missing	1000	before	2	1000	1000	1000	1000	1002	88.42260300000005
default-group-compare/groups.json	group-compare	default	nonroot	groups	groupCompareFalse	compare_member_false_missing	1000	current	2	1000	1000	1000	1000	1002	90.98809100000013
default-group-compare/groups.json	group-compare	default	nonroot	groups	groupCompareFalse	compare_member_false_missing	1000	openldap	2	1000	1000	1000	1000	1002	71.07120900000007
default-group-compare/groups.json	group-compare	default	nonroot	groups	groupCompareFalse	compare_member_false_missing	1000	before	3	1000	1000	1000	1000	1002	85.7737569999999
default-group-compare/groups.json	group-compare	default	nonroot	groups	groupCompareFalse	compare_member_false_missing	1000	current	3	1000	1000	1000	1000	1002	90.60359999999989
default-group-compare/groups.json	group-compare	default	nonroot	groups	groupCompareFalse	compare_member_false_missing	1000	openldap	3	1000	1000	1000	1000	1002	66.88005200000005
default-group-compare/groups.json	group-compare	default	nonroot	groups	groupCompareFalse	compare_member_false_missing	1000	before	4	1000	1000	1000	1000	1002	89.66358499999993
default-group-compare/groups.json	group-compare	default	nonroot	groups	groupCompareFalse	compare_member_false_missing	1000	current	4	1000	1000	1000	1000	1002	89.92850799999987
default-group-compare/groups.json	group-compare	default	nonroot	groups	groupCompareFalse	compare_member_false_missing	1000	openldap	4	1000	1000	1000	1000	1002	70.93038700000001
default-group-compare/groups.json	group-compare	default	nonroot	groups	groupCompareFalse	compare_member_false_missing	1000	before	5	1000	1000	1000	1000	1002	85.83872699999986
default-group-compare/groups.json	group-compare	default	nonroot	groups	groupCompareFalse	compare_member_false_missing	1000	current	5	1000	1000	1000	1000	1002	88.10009400000006
default-group-compare/groups.json	group-compare	default	nonroot	groups	groupCompareFalse	compare_member_false_missing	1000	openldap	5	1000	1000	1000	1000	1002	69.90174700000009
default-group-compare/groups.json	group-compare	default	nonroot	groups	groupCompareFalse	compare_member_false_missing	1000	before	6	1000	1000	1000	1000	1002	83.52189799999988
default-group-compare/groups.json	group-compare	default	nonroot	groups	groupCompareFalse	compare_member_false_missing	1000	current	6	1000	1000	1000	1000	1002	80.39987700000002
default-group-compare/groups.json	group-compare	default	nonroot	groups	groupCompareFalse	compare_member_false_missing	1000	openldap	6	1000	1000	1000	1000	1002	64.83080000000001
default-group-compare/groups.json	group-compare	default	nonroot	groups	groupCompareFalse	compare_member_false_missing	1000	before	7	1000	1000	1000	1000	1002	87.79177799999991
default-group-compare/groups.json	group-compare	default	nonroot	groups	groupCompareFalse	compare_member_false_missing	1000	current	7	1000	1000	1000	1000	1002	87.41675000000006
default-group-compare/groups.json	group-compare	default	nonroot	groups	groupCompareFalse	compare_member_false_missing	1000	openldap	7	1000	1000	1000	1000	1002	68.80675299999994
