suite	access_mode	identity	variant	stage	method	members	endpoint	repeat	operations	total_ms	source
common	explicit	nonroot	hot	userBind	simple_bind_ssha	0	before	1	1000	102.82707600000016	explicit-final/hot.json
common	explicit	nonroot	hot	userBind	simple_bind_ssha	0	current	1	1000	101.29676099999989	explicit-final/hot.json
common	explicit	nonroot	hot	userBind	simple_bind_ssha	0	openldap	1	1000	83.63866000000003	explicit-final/hot.json
common	explicit	nonroot	hot	userBind	simple_bind_ssha	0	before	2	1000	96.9375980000001	explicit-final/hot.json
common	explicit	nonroot	hot	userBind	simple_bind_ssha	0	current	2	1000	98.42151400000002	explicit-final/hot.json
common	explicit	nonroot	hot	userBind	simple_bind_ssha	0	openldap	2	1000	80.12946799999982	explicit-final/hot.json
common	explicit	nonroot	hot	userBind	simple_bind_ssha	0	before	3	1000	107.00454099999992	explicit-final/hot.json
common	explicit	nonroot	hot	userBind	simple_bind_ssha	0	current	3	1000	108.07312800000021	explicit-final/hot.json
common	explicit	nonroot	hot	userBind	simple_bind_ssha	0	openldap	3	1000	85.95533300000011	explicit-final/hot.json
common	explicit	nonroot	hot	userBind	simple_bind_ssha	0	before	4	1000	105.772623	explicit-final/hot.json
common	explicit	nonroot	hot	userBind	simple_bind_ssha	0	current	4	1000	104.73031199999986	explicit-final/hot.json
common	explicit	nonroot	hot	userBind	simple_bind_ssha	0	openldap	4	1000	85.8235	explicit-final/hot.json
common	explicit	nonroot	hot	userBind	simple_bind_ssha	0	before	5	1000	92.61986499999998	explicit-final/hot.json
common	explicit	nonroot	hot	userBind	simple_bind_ssha	0	current	5	1000	95.43987099999991	explicit-final/hot.json
common	explicit	nonroot	hot	userBind	simple_bind_ssha	0	openldap	5	1000	74.80791400000004	explicit-final/hot.json
common	explicit	nonroot	hot	userBind	simple_bind_ssha	0	before	6	1000	91.63354599999988	explicit-final/hot.json
common	explicit	nonroot	hot	userBind	simple_bind_ssha	0	current	6	1000	91.71856299999996	explicit-final/hot.json
common	explicit	nonroot	hot	userBind	simple_bind_ssha	0	openldap	6	1000	75.84157500000003	explicit-final/hot.json
common	explicit	nonroot	hot	userBind	simple_bind_ssha	0	before	7	1000	88.62791599999987	explicit-final/hot.json
common	explicit	nonroot	hot	userBind	simple_bind_ssha	0	current	7	1000	92.07249200000008	explicit-final/hot.json
common	explicit	nonroot	hot	userBind	simple_bind_ssha	0	openldap	7	1000	72.19581899999999	explicit-final/hot.json
common	explicit	nonroot	hot	userBind	simple_bind_plaintext	0	before	1	1000	91.85599000000002	explicit-final/hot.json
common	explicit	nonroot	hot	userBind	simple_bind_plaintext	0	current	1	1000	90.89112199999998	explicit-final/hot.json
common	explicit	nonroot	hot	userBind	simple_bind_plaintext	0	openldap	1	1000	74.67434100000001	explicit-final/hot.json
common	explicit	nonroot	hot	userBind	simple_bind_plaintext	0	before	2	1000	115.51566599999992	explicit-final/hot.json
common	explicit	nonroot	hot	userBind	simple_bind_plaintext	0	current	2	1000	113.02488300000002	explicit-final/hot.json
common	explicit	nonroot	hot	userBind	simple_bind_plaintext	0	openldap	2	1000	93.22871300000003	explicit-final/hot.json
common	explicit	nonroot	hot	userBind	simple_bind_plaintext	0	before	3	1000	106.88878500000015	explicit-final/hot.json
common	explicit	nonroot	hot	userBind	simple_bind_plaintext	0	current	3	1000	103.36033000000008	explicit-final/hot.json
common	explicit	nonroot	hot	userBind	simple_bind_plaintext	0	openldap	3	1000	83.48011999999993	explicit-final/hot.json
common	explicit	nonroot	hot	userBind	simple_bind_plaintext	0	before	4	1000	102.87906099999994	explicit-final/hot.json
common	explicit	nonroot	hot	userBind	simple_bind_plaintext	0	current	4	1000	102.76429999999999	explicit-final/hot.json
common	explicit	nonroot	hot	userBind	simple_bind_plaintext	0	openldap	4	1000	83.6574430000001	explicit-final/hot.json
common	explicit	nonroot	hot	userBind	simple_bind_plaintext	0	before	5	1000	111.0413510000001	explicit-final/hot.json
common	explicit	nonroot	hot	userBind	simple_bind_plaintext	0	current	5	1000	108.35209200000013	explicit-final/hot.json
common	explicit	nonroot	hot	userBind	simple_bind_plaintext	0	openldap	5	1000	87.63160900000004	explicit-final/hot.json
common	explicit	nonroot	hot	userBind	simple_bind_plaintext	0	before	6	1000	90.33101600000002	explicit-final/hot.json
common	explicit	nonroot	hot	userBind	simple_bind_plaintext	0	current	6	1000	88.95608400000006	explicit-final/hot.json
common	explicit	nonroot	hot	userBind	simple_bind_plaintext	0	openldap	6	1000	71.31643099999992	explicit-final/hot.json
common	explicit	nonroot	hot	userBind	simple_bind_plaintext	0	before	7	1000	97.56109299999999	explicit-final/hot.json
common	explicit	nonroot	hot	userBind	simple_bind_plaintext	0	current	7	1000	97.19523699999988	explicit-final/hot.json
common	explicit	nonroot	hot	userBind	simple_bind_plaintext	0	openldap	7	1000	84.02645699999991	explicit-final/hot.json
common	explicit	nonroot	hot	userBindWrong	simple_bind_ssha	0	before	1	1000	107.14408400000005	explicit-final/hot.json
common	explicit	nonroot	hot	userBindWrong	simple_bind_ssha	0	current	1	1000	106.5981910000002	explicit-final/hot.json
common	explicit	nonroot	hot	userBindWrong	simple_bind_ssha	0	openldap	1	1000	83.66478999999987	explicit-final/hot.json
common	explicit	nonroot	hot	userBindWrong	simple_bind_ssha	0	before	2	1000	103.89638200000003	explicit-final/hot.json
common	explicit	nonroot	hot	userBindWrong	simple_bind_ssha	0	current	2	1000	100.47978999999994	explicit-final/hot.json
common	explicit	nonroot	hot	userBindWrong	simple_bind_ssha	0	openldap	2	1000	83.26902500000004	explicit-final/hot.json
common	explicit	nonroot	hot	userBindWrong	simple_bind_ssha	0	before	3	1000	111.7953820000001	explicit-final/hot.json
common	explicit	nonroot	hot	userBindWrong	simple_bind_ssha	0	current	3	1000	103.61449999999998	explicit-final/hot.json
common	explicit	nonroot	hot	userBindWrong	simple_bind_ssha	0	openldap	3	1000	88.80116800000003	explicit-final/hot.json
common	explicit	nonroot	hot	userBindWrong	simple_bind_ssha	0	before	4	1000	100.02975299999997	explicit-final/hot.json
common	explicit	nonroot	hot	userBindWrong	simple_bind_ssha	0	current	4	1000	100.44005299999992	explicit-final/hot.json
common	explicit	nonroot	hot	userBindWrong	simple_bind_ssha	0	openldap	4	1000	79.5914949999999	explicit-final/hot.json
common	explicit	nonroot	hot	userBindWrong	simple_bind_ssha	0	before	5	1000	104.89401399999997	explicit-final/hot.json
common	explicit	nonroot	hot	userBindWrong	simple_bind_ssha	0	current	5	1000	106.77488000000004	explicit-final/hot.json
common	explicit	nonroot	hot	userBindWrong	simple_bind_ssha	0	openldap	5	1000	84.11335200000006	explicit-final/hot.json
common	explicit	nonroot	hot	userBindWrong	simple_bind_ssha	0	before	6	1000	102.96713600000015	explicit-final/hot.json
common	explicit	nonroot	hot	userBindWrong	simple_bind_ssha	0	current	6	1000	101.94721899999999	explicit-final/hot.json
common	explicit	nonroot	hot	userBindWrong	simple_bind_ssha	0	openldap	6	1000	83.52766699999988	explicit-final/hot.json
common	explicit	nonroot	hot	userBindWrong	simple_bind_ssha	0	before	7	1000	94.09280999999993	explicit-final/hot.json
common	explicit	nonroot	hot	userBindWrong	simple_bind_ssha	0	current	7	1000	96.25306699999999	explicit-final/hot.json
common	explicit	nonroot	hot	userBindWrong	simple_bind_ssha	0	openldap	7	1000	75.57032300000002	explicit-final/hot.json
common	explicit	nonroot	hot	userBindWrong	simple_bind_plaintext	0	before	1	1000	102.49799199999991	explicit-final/hot.json
common	explicit	nonroot	hot	userBindWrong	simple_bind_plaintext	0	current	1	1000	106.87062699999986	explicit-final/hot.json
common	explicit	nonroot	hot	userBindWrong	simple_bind_plaintext	0	openldap	1	1000	86.25202999999998	explicit-final/hot.json
common	explicit	nonroot	hot	userBindWrong	simple_bind_plaintext	0	before	2	1000	95.92062899999996	explicit-final/hot.json
common	explicit	nonroot	hot	userBindWrong	simple_bind_plaintext	0	current	2	1000	96.17340199999992	explicit-final/hot.json
common	explicit	nonroot	hot	userBindWrong	simple_bind_plaintext	0	openldap	2	1000	77.73998200000007	explicit-final/hot.json
common	explicit	nonroot	hot	userBindWrong	simple_bind_plaintext	0	before	3	1000	94.91169700000007	explicit-final/hot.json
common	explicit	nonroot	hot	userBindWrong	simple_bind_plaintext	0	current	3	1000	95.22896099999986	explicit-final/hot.json
common	explicit	nonroot	hot	userBindWrong	simple_bind_plaintext	0	openldap	3	1000	76.09029099999995	explicit-final/hot.json
common	explicit	nonroot	hot	userBindWrong	simple_bind_plaintext	0	before	4	1000	99.46379299999988	explicit-final/hot.json
common	explicit	nonroot	hot	userBindWrong	simple_bind_plaintext	0	current	4	1000	100.81845000000003	explicit-final/hot.json
common	explicit	nonroot	hot	userBindWrong	simple_bind_plaintext	0	openldap	4	1000	78.04895199999991	explicit-final/hot.json
common	explicit	nonroot	hot	userBindWrong	simple_bind_plaintext	0	before	5	1000	100.0277020000001	explicit-final/hot.json
common	explicit	nonroot	hot	userBindWrong	simple_bind_plaintext	0	current	5	1000	104.00907999999997	explicit-final/hot.json
common	explicit	nonroot	hot	userBindWrong	simple_bind_plaintext	0	openldap	5	1000	84.34333399999998	explicit-final/hot.json
common	explicit	nonroot	hot	userBindWrong	simple_bind_plaintext	0	before	6	1000	94.4687180000001	explicit-final/hot.json
common	explicit	nonroot	hot	userBindWrong	simple_bind_plaintext	0	current	6	1000	94.06378799999995	explicit-final/hot.json
common	explicit	nonroot	hot	userBindWrong	simple_bind_plaintext	0	openldap	6	1000	76.60588899999995	explicit-final/hot.json
common	explicit	nonroot	hot	userBindWrong	simple_bind_plaintext	0	before	7	1000	100.31089600000013	explicit-final/hot.json
common	explicit	nonroot	hot	userBindWrong	simple_bind_plaintext	0	current	7	1000	99.83101099999995	explicit-final/hot.json
common	explicit	nonroot	hot	userBindWrong	simple_bind_plaintext	0	openldap	7	1000	80.24762000000003	explicit-final/hot.json
common	explicit	nonroot	hot	nonrootBase	search_nonrootBase	0	before	1	1000	118.3626579999999	explicit-final/hot.json
common	explicit	nonroot	hot	nonrootBase	search_nonrootBase	0	current	1	1000	113.50553899999997	explicit-final/hot.json
common	explicit	nonroot	hot	nonrootBase	search_nonrootBase	0	openldap	1	1000	89.04705799999995	explicit-final/hot.json
common	explicit	nonroot	hot	nonrootBase	search_nonrootBase	0	before	2	1000	117.98537699999991	explicit-final/hot.json
common	explicit	nonroot	hot	nonrootBase	search_nonrootBase	0	current	2	1000	115.39662700000008	explicit-final/hot.json
common	explicit	nonroot	hot	nonrootBase	search_nonrootBase	0	openldap	2	1000	90.48257099999984	explicit-final/hot.json
common	explicit	nonroot	hot	nonrootBase	search_nonrootBase	0	before	3	1000	112.70182899999998	explicit-final/hot.json
common	explicit	nonroot	hot	nonrootBase	search_nonrootBase	0	current	3	1000	112.45233299999991	explicit-final/hot.json
common	explicit	nonroot	hot	nonrootBase	search_nonrootBase	0	openldap	3	1000	89.36612700000002	explicit-final/hot.json
common	explicit	nonroot	hot	nonrootBase	search_nonrootBase	0	before	4	1000	118.743345	explicit-final/hot.json
common	explicit	nonroot	hot	nonrootBase	search_nonrootBase	0	current	4	1000	121.93427799999996	explicit-final/hot.json
common	explicit	nonroot	hot	nonrootBase	search_nonrootBase	0	openldap	4	1000	96.90283299999994	explicit-final/hot.json
common	explicit	nonroot	hot	nonrootBase	search_nonrootBase	0	before	5	1000	113.587372	explicit-final/hot.json
common	explicit	nonroot	hot	nonrootBase	search_nonrootBase	0	current	5	1000	112.72041900000009	explicit-final/hot.json
common	explicit	nonroot	hot	nonrootBase	search_nonrootBase	0	openldap	5	1000	89.9692929999999	explicit-final/hot.json
common	explicit	nonroot	hot	nonrootBase	search_nonrootBase	0	before	6	1000	114.58561399999984	explicit-final/hot.json
common	explicit	nonroot	hot	nonrootBase	search_nonrootBase	0	current	6	1000	118.25257200000003	explicit-final/hot.json
common	explicit	nonroot	hot	nonrootBase	search_nonrootBase	0	openldap	6	1000	89.01477400000014	explicit-final/hot.json
common	explicit	nonroot	hot	nonrootBase	search_nonrootBase	0	before	7	1000	118.91209900000001	explicit-final/hot.json
common	explicit	nonroot	hot	nonrootBase	search_nonrootBase	0	current	7	1000	114.69379500000005	explicit-final/hot.json
common	explicit	nonroot	hot	nonrootBase	search_nonrootBase	0	openldap	7	1000	90.38411200000016	explicit-final/hot.json
common	explicit	nonroot	hot	nonrootEquality	search_nonrootEquality	0	before	1	1000	140.30726899999988	explicit-final/hot.json
common	explicit	nonroot	hot	nonrootEquality	search_nonrootEquality	0	current	1	1000	134.29533800000007	explicit-final/hot.json
common	explicit	nonroot	hot	nonrootEquality	search_nonrootEquality	0	openldap	1	1000	111.05007199999999	explicit-final/hot.json
common	explicit	nonroot	hot	nonrootEquality	search_nonrootEquality	0	before	2	1000	130.72893400000007	explicit-final/hot.json
common	explicit	nonroot	hot	nonrootEquality	search_nonrootEquality	0	current	2	1000	125.89230400000014	explicit-final/hot.json
common	explicit	nonroot	hot	nonrootEquality	search_nonrootEquality	0	openldap	2	1000	92.91346500000002	explicit-final/hot.json
common	explicit	nonroot	hot	nonrootEquality	search_nonrootEquality	0	before	3	1000	123.54549000000002	explicit-final/hot.json
common	explicit	nonroot	hot	nonrootEquality	search_nonrootEquality	0	current	3	1000	122.22278900000009	explicit-final/hot.json
common	explicit	nonroot	hot	nonrootEquality	search_nonrootEquality	0	openldap	3	1000	93.6750729999999	explicit-final/hot.json
common	explicit	nonroot	hot	nonrootEquality	search_nonrootEquality	0	before	4	1000	116.84511199999997	explicit-final/hot.json
common	explicit	nonroot	hot	nonrootEquality	search_nonrootEquality	0	current	4	1000	117.11343199999996	explicit-final/hot.json
common	explicit	nonroot	hot	nonrootEquality	search_nonrootEquality	0	openldap	4	1000	91.54000300000003	explicit-final/hot.json
common	explicit	nonroot	hot	nonrootEquality	search_nonrootEquality	0	before	5	1000	125.10566000000009	explicit-final/hot.json
common	explicit	nonroot	hot	nonrootEquality	search_nonrootEquality	0	current	5	1000	129.20138900000012	explicit-final/hot.json
common	explicit	nonroot	hot	nonrootEquality	search_nonrootEquality	0	openldap	5	1000	99.06227500000001	explicit-final/hot.json
common	explicit	nonroot	hot	nonrootEquality	search_nonrootEquality	0	before	6	1000	154.94056299999983	explicit-final/hot.json
common	explicit	nonroot	hot	nonrootEquality	search_nonrootEquality	0	current	6	1000	156.26913199999967	explicit-final/hot.json
common	explicit	nonroot	hot	nonrootEquality	search_nonrootEquality	0	openldap	6	1000	123.19732100000012	explicit-final/hot.json
common	explicit	nonroot	hot	nonrootEquality	search_nonrootEquality	0	before	7	1000	137.920538	explicit-final/hot.json
common	explicit	nonroot	hot	nonrootEquality	search_nonrootEquality	0	current	7	1000	142.80109599999983	explicit-final/hot.json
common	explicit	nonroot	hot	nonrootEquality	search_nonrootEquality	0	openldap	7	1000	105.71768600000009	explicit-final/hot.json
common	explicit	nonroot	distributed	nonrootBase	search_nonrootBase	0	before	1	1000	125.44233200000001	explicit-final/distributed.json
common	explicit	nonroot	distributed	nonrootBase	search_nonrootBase	0	current	1	1000	127.52196900000003	explicit-final/distributed.json
common	explicit	nonroot	distributed	nonrootBase	search_nonrootBase	0	openldap	1	1000	90.96469500000003	explicit-final/distributed.json
common	explicit	nonroot	distributed	nonrootBase	search_nonrootBase	0	before	2	1000	139.33820599999981	explicit-final/distributed.json
common	explicit	nonroot	distributed	nonrootBase	search_nonrootBase	0	current	2	1000	134.053132	explicit-final/distributed.json
common	explicit	nonroot	distributed	nonrootBase	search_nonrootBase	0	openldap	2	1000	102.78940499999995	explicit-final/distributed.json
common	explicit	nonroot	distributed	nonrootBase	search_nonrootBase	0	before	3	1000	127.01770399999997	explicit-final/distributed.json
common	explicit	nonroot	distributed	nonrootBase	search_nonrootBase	0	current	3	1000	128.58205900000007	explicit-final/distributed.json
common	explicit	nonroot	distributed	nonrootBase	search_nonrootBase	0	openldap	3	1000	92.13915399999998	explicit-final/distributed.json
common	explicit	nonroot	distributed	nonrootEquality	search_nonrootEquality	0	before	1	1000	274.588702	explicit-final/distributed.json
common	explicit	nonroot	distributed	nonrootEquality	search_nonrootEquality	0	current	1	1000	259.64851699999986	explicit-final/distributed.json
common	explicit	nonroot	distributed	nonrootEquality	search_nonrootEquality	0	openldap	1	1000	156.96009300000014	explicit-final/distributed.json
common	explicit	nonroot	distributed	nonrootEquality	search_nonrootEquality	0	before	2	1000	173.80930399999974	explicit-final/distributed.json
common	explicit	nonroot	distributed	nonrootEquality	search_nonrootEquality	0	current	2	1000	167.75439799999995	explicit-final/distributed.json
common	explicit	nonroot	distributed	nonrootEquality	search_nonrootEquality	0	openldap	2	1000	127.20566199999996	explicit-final/distributed.json
common	explicit	nonroot	distributed	nonrootEquality	search_nonrootEquality	0	before	3	1000	128.01229600000013	explicit-final/distributed.json
common	explicit	nonroot	distributed	nonrootEquality	search_nonrootEquality	0	current	3	1000	127.03572699999995	explicit-final/distributed.json
common	explicit	nonroot	distributed	nonrootEquality	search_nonrootEquality	0	openldap	3	1000	91.90762100000013	explicit-final/distributed.json
common	explicit	nonroot	groups	memberEquality	search_memberEquality	0	before	1	100	18.706376000000002	explicit-final/groups.json
common	explicit	nonroot	groups	memberEquality	search_memberEquality	0	current	1	100	20.990292000000007	explicit-final/groups.json
common	explicit	nonroot	groups	memberEquality	search_memberEquality	0	openldap	1	100	12.128041999999995	explicit-final/groups.json
common	explicit	nonroot	groups	memberEquality	search_memberEquality	0	before	2	100	17.88916400000001	explicit-final/groups.json
common	explicit	nonroot	groups	memberEquality	search_memberEquality	0	current	2	100	19.038582000000005	explicit-final/groups.json
common	explicit	nonroot	groups	memberEquality	search_memberEquality	0	openldap	2	100	12.896289000000003	explicit-final/groups.json
common	explicit	nonroot	groups	memberEquality	search_memberEquality	0	before	3	100	18.618537	explicit-final/groups.json
common	explicit	nonroot	groups	memberEquality	search_memberEquality	0	current	3	100	17.840582	explicit-final/groups.json
common	explicit	nonroot	groups	memberEquality	search_memberEquality	0	openldap	3	100	12.866702000000004	explicit-final/groups.json
common	explicit	nonroot	groups	groupBase	base_member_values	10	before	1	100	12.823459000000007	explicit-final/groups.json
common	explicit	nonroot	groups	groupBase	base_member_values	10	current	1	100	12.487496999999998	explicit-final/groups.json
common	explicit	nonroot	groups	groupBase	base_member_values	10	openldap	1	100	9.976082000000002	explicit-final/groups.json
common	explicit	nonroot	groups	groupBase	base_member_values	10	before	2	100	13.275491000000002	explicit-final/groups.json
common	explicit	nonroot	groups	groupBase	base_member_values	10	current	2	100	13.224582999999999	explicit-final/groups.json
common	explicit	nonroot	groups	groupBase	base_member_values	10	openldap	2	100	11.026121	explicit-final/groups.json
common	explicit	nonroot	groups	groupBase	base_member_values	10	before	3	100	12.634748	explicit-final/groups.json
common	explicit	nonroot	groups	groupBase	base_member_values	10	current	3	100	12.019038999999998	explicit-final/groups.json
common	explicit	nonroot	groups	groupBase	base_member_values	10	openldap	3	100	9.482954000000003	explicit-final/groups.json
common	explicit	nonroot	groups	groupBase	base_member_values	1000	before	1	100	100.899829	explicit-final/groups.json
common	explicit	nonroot	groups	groupBase	base_member_values	1000	current	1	100	101.30829300000002	explicit-final/groups.json
common	explicit	nonroot	groups	groupBase	base_member_values	1000	openldap	1	100	90.54666800000003	explicit-final/groups.json
common	explicit	nonroot	groups	groupBase	base_member_values	1000	before	2	100	101.97283400000003	explicit-final/groups.json
common	explicit	nonroot	groups	groupBase	base_member_values	1000	current	2	100	94.87483300000001	explicit-final/groups.json
common	explicit	nonroot	groups	groupBase	base_member_values	1000	openldap	2	100	96.25779600000001	explicit-final/groups.json
common	explicit	nonroot	groups	groupBase	base_member_values	1000	before	3	100	104.87562700000005	explicit-final/groups.json
common	explicit	nonroot	groups	groupBase	base_member_values	1000	current	3	100	103.58712400000005	explicit-final/groups.json
common	explicit	nonroot	groups	groupBase	base_member_values	1000	openldap	3	100	96.21804400000002	explicit-final/groups.json
common	explicit	nonroot	groups	nestedMembership	client_bfs_member_equality	0	before	1	100	52.06303499999996	explicit-final/groups.json
common	explicit	nonroot	groups	nestedMembership	client_bfs_member_equality	0	current	1	100	50.762792999999974	explicit-final/groups.json
common	explicit	nonroot	groups	nestedMembership	client_bfs_member_equality	0	openldap	1	100	42.37450299999996	explicit-final/groups.json
common	explicit	nonroot	groups	nestedMembership	client_bfs_member_equality	0	before	2	100	46.78816000000001	explicit-final/groups.json
common	explicit	nonroot	groups	nestedMembership	client_bfs_member_equality	0	current	2	100	47.59478799999996	explicit-final/groups.json
common	explicit	nonroot	groups	nestedMembership	client_bfs_member_equality	0	openldap	2	100	38.03721300000001	explicit-final/groups.json
common	explicit	nonroot	groups	nestedMembership	client_bfs_member_equality	0	before	3	100	55.01567099999996	explicit-final/groups.json
common	explicit	nonroot	groups	nestedMembership	client_bfs_member_equality	0	current	3	100	55.683021999999966	explicit-final/groups.json
common	explicit	nonroot	groups	nestedMembership	client_bfs_member_equality	0	openldap	3	100	44.39716699999998	explicit-final/groups.json
concurrent	explicit	root	8-workers	uidEquality	ldapsearch	0	before	1	8000	464	explicit-final/concurrent.tsv
concurrent	explicit	root	8-workers	uidEquality	ldapsearch	0	current	1	8000	457	explicit-final/concurrent.tsv
concurrent	explicit	root	8-workers	uidEquality	ldapsearch	0	openldap	1	8000	332	explicit-final/concurrent.tsv
concurrent	explicit	root	8-workers	uidEquality	ldapsearch	0	current	2	8000	306	explicit-final/concurrent.tsv
concurrent	explicit	root	8-workers	uidEquality	ldapsearch	0	openldap	2	8000	327	explicit-final/concurrent.tsv
concurrent	explicit	root	8-workers	uidEquality	ldapsearch	0	before	2	8000	437	explicit-final/concurrent.tsv
concurrent	explicit	root	8-workers	uidEquality	ldapsearch	0	openldap	3	8000	491	explicit-final/concurrent.tsv
concurrent	explicit	root	8-workers	uidEquality	ldapsearch	0	before	3	8000	329	explicit-final/concurrent.tsv
concurrent	explicit	root	8-workers	uidEquality	ldapsearch	0	current	3	8000	415	explicit-final/concurrent.tsv
common	default	nonroot	hot	userBind	simple_bind_ssha	0	before	1	1000	101.0446339999999	default-final/hot.json
common	default	nonroot	hot	userBind	simple_bind_ssha	0	current	1	1000	101.72597100000006	default-final/hot.json
common	default	nonroot	hot	userBind	simple_bind_ssha	0	openldap	1	1000	82.81101100000001	default-final/hot.json
common	default	nonroot	hot	userBind	simple_bind_ssha	0	before	2	1000	94.28211700000003	default-final/hot.json
common	default	nonroot	hot	userBind	simple_bind_ssha	0	current	2	1000	94.38461999999994	default-final/hot.json
common	default	nonroot	hot	userBind	simple_bind_ssha	0	openldap	2	1000	79.46278400000007	default-final/hot.json
common	default	nonroot	hot	userBind	simple_bind_ssha	0	before	3	1000	96.73717499999991	default-final/hot.json
common	default	nonroot	hot	userBind	simple_bind_ssha	0	current	3	1000	97.00066400000017	default-final/hot.json
common	default	nonroot	hot	userBind	simple_bind_ssha	0	openldap	3	1000	80.93053900000005	default-final/hot.json
common	default	nonroot	hot	userBind	simple_bind_ssha	0	before	4	1000	105.38749899999992	default-final/hot.json
common	default	nonroot	hot	userBind	simple_bind_ssha	0	current	4	1000	103.16241099999998	default-final/hot.json
common	default	nonroot	hot	userBind	simple_bind_ssha	0	openldap	4	1000	85.55466499999997	default-final/hot.json
common	default	nonroot	hot	userBind	simple_bind_ssha	0	before	5	1000	107.70778199999987	default-final/hot.json
common	default	nonroot	hot	userBind	simple_bind_ssha	0	current	5	1000	110.54188600000008	default-final/hot.json
common	default	nonroot	hot	userBind	simple_bind_ssha	0	openldap	5	1000	87.07219900000008	default-final/hot.json
common	default	nonroot	hot	userBind	simple_bind_ssha	0	before	6	1000	105.63279999999995	default-final/hot.json
common	default	nonroot	hot	userBind	simple_bind_ssha	0	current	6	1000	107.43445299999988	default-final/hot.json
common	default	nonroot	hot	userBind	simple_bind_ssha	0	openldap	6	1000	92.54680000000002	default-final/hot.json
common	default	nonroot	hot	userBind	simple_bind_ssha	0	before	7	1000	100.80021100000005	default-final/hot.json
common	default	nonroot	hot	userBind	simple_bind_ssha	0	current	7	1000	101.18494500000004	default-final/hot.json
common	default	nonroot	hot	userBind	simple_bind_ssha	0	openldap	7	1000	81.99279100000007	default-final/hot.json
common	default	nonroot	hot	userBind	simple_bind_plaintext	0	before	1	1000	97.02676599999987	default-final/hot.json
common	default	nonroot	hot	userBind	simple_bind_plaintext	0	current	1	1000	99.86608299999983	default-final/hot.json
common	default	nonroot	hot	userBind	simple_bind_plaintext	0	openldap	1	1000	78.455661	default-final/hot.json
common	default	nonroot	hot	userBind	simple_bind_plaintext	0	before	2	1000	93.87375500000009	default-final/hot.json
common	default	nonroot	hot	userBind	simple_bind_plaintext	0	current	2	1000	94.82991100000028	default-final/hot.json
common	default	nonroot	hot	userBind	simple_bind_plaintext	0	openldap	2	1000	76.14290199999996	default-final/hot.json
common	default	nonroot	hot	userBind	simple_bind_plaintext	0	before	3	1000	97.88822500000005	default-final/hot.json
common	default	nonroot	hot	userBind	simple_bind_plaintext	0	current	3	1000	98.4289039999999	default-final/hot.json
common	default	nonroot	hot	userBind	simple_bind_plaintext	0	openldap	3	1000	79.69844399999991	default-final/hot.json
common	default	nonroot	hot	userBind	simple_bind_plaintext	0	before	4	1000	112.18284200000005	default-final/hot.json
common	default	nonroot	hot	userBind	simple_bind_plaintext	0	current	4	1000	111.81005399999997	default-final/hot.json
common	default	nonroot	hot	userBind	simple_bind_plaintext	0	openldap	4	1000	96.30037799999991	default-final/hot.json
common	default	nonroot	hot	userBind	simple_bind_plaintext	0	before	5	1000	93.78080299999989	default-final/hot.json
common	default	nonroot	hot	userBind	simple_bind_plaintext	0	current	5	1000	94.31836499999994	default-final/hot.json
common	default	nonroot	hot	userBind	simple_bind_plaintext	0	openldap	5	1000	79.334532	default-final/hot.json
common	default	nonroot	hot	userBind	simple_bind_plaintext	0	before	6	1000	98.44611599999998	default-final/hot.json
common	default	nonroot	hot	userBind	simple_bind_plaintext	0	current	6	1000	98.6310979999999	default-final/hot.json
common	default	nonroot	hot	userBind	simple_bind_plaintext	0	openldap	6	1000	81.61520900000001	default-final/hot.json
common	default	nonroot	hot	userBind	simple_bind_plaintext	0	before	7	1000	93.09259700000007	default-final/hot.json
common	default	nonroot	hot	userBind	simple_bind_plaintext	0	current	7	1000	92.28368200000004	default-final/hot.json
common	default	nonroot	hot	userBind	simple_bind_plaintext	0	openldap	7	1000	82.25602100000003	default-final/hot.json
common	default	nonroot	hot	userBindWrong	simple_bind_ssha	0	before	1	1000	98.44699199999995	default-final/hot.json
common	default	nonroot	hot	userBindWrong	simple_bind_ssha	0	current	1	1000	98.827157	default-final/hot.json
common	default	nonroot	hot	userBindWrong	simple_bind_ssha	0	openldap	1	1000	79.39429600000001	default-final/hot.json
common	default	nonroot	hot	userBindWrong	simple_bind_ssha	0	before	2	1000	102.39092000000015	default-final/hot.json
common	default	nonroot	hot	userBindWrong	simple_bind_ssha	0	current	2	1000	101.12992199999995	default-final/hot.json
common	default	nonroot	hot	userBindWrong	simple_bind_ssha	0	openldap	2	1000	81.48903000000007	default-final/hot.json
common	default	nonroot	hot	userBindWrong	simple_bind_ssha	0	before	3	1000	99.46898699999994	default-final/hot.json
common	default	nonroot	hot	userBindWrong	simple_bind_ssha	0	current	3	1000	96.56592099999999	default-final/hot.json
common	default	nonroot	hot	userBindWrong	simple_bind_ssha	0	openldap	3	1000	82.48979000000004	default-final/hot.json
common	default	nonroot	hot	userBindWrong	simple_bind_ssha	0	before	4	1000	96.32929800000002	default-final/hot.json
common	default	nonroot	hot	userBindWrong	simple_bind_ssha	0	current	4	1000	99.43885400000002	default-final/hot.json
common	default	nonroot	hot	userBindWrong	simple_bind_ssha	0	openldap	4	1000	77.38858300000014	default-final/hot.json
common	default	nonroot	hot	userBindWrong	simple_bind_ssha	0	before	5	1000	97.67624700000022	default-final/hot.json
common	default	nonroot	hot	userBindWrong	simple_bind_ssha	0	current	5	1000	101.89497600000001	default-final/hot.json
common	default	nonroot	hot	userBindWrong	simple_bind_ssha	0	openldap	5	1000	79.88535799999993	default-final/hot.json
common	default	nonroot	hot	userBindWrong	simple_bind_ssha	0	before	6	1000	98.89694800000018	default-final/hot.json
common	default	nonroot	hot	userBindWrong	simple_bind_ssha	0	current	6	1000	98.85044	default-final/hot.json
common	default	nonroot	hot	userBindWrong	simple_bind_ssha	0	openldap	6	1000	81.53544399999996	default-final/hot.json
common	default	nonroot	hot	userBindWrong	simple_bind_ssha	0	before	7	1000	91.33909400000005	default-final/hot.json
common	default	nonroot	hot	userBindWrong	simple_bind_ssha	0	current	7	1000	93.64192200000008	default-final/hot.json
common	default	nonroot	hot	userBindWrong	simple_bind_ssha	0	openldap	7	1000	75.85021899999995	default-final/hot.json
common	default	nonroot	hot	userBindWrong	simple_bind_plaintext	0	before	1	1000	95.34495300000005	default-final/hot.json
common	default	nonroot	hot	userBindWrong	simple_bind_plaintext	0	current	1	1000	94.75624199999997	default-final/hot.json
common	default	nonroot	hot	userBindWrong	simple_bind_plaintext	0	openldap	1	1000	79.29258199999998	default-final/hot.json
common	default	nonroot	hot	userBindWrong	simple_bind_plaintext	0	before	2	1000	100.10025300000005	default-final/hot.json
common	default	nonroot	hot	userBindWrong	simple_bind_plaintext	0	current	2	1000	96.94183400000003	default-final/hot.json
common	default	nonroot	hot	userBindWrong	simple_bind_plaintext	0	openldap	2	1000	79.34245099999998	default-final/hot.json
common	default	nonroot	hot	userBindWrong	simple_bind_plaintext	0	before	3	1000	88.66266900000008	default-final/hot.json
common	default	nonroot	hot	userBindWrong	simple_bind_plaintext	0	current	3	1000	88.51616299999999	default-final/hot.json
common	default	nonroot	hot	userBindWrong	simple_bind_plaintext	0	openldap	3	1000	72.40711400000002	default-final/hot.json
common	default	nonroot	hot	userBindWrong	simple_bind_plaintext	0	before	4	1000	99.78700500000004	default-final/hot.json
common	default	nonroot	hot	userBindWrong	simple_bind_plaintext	0	current	4	1000	101.16907999999997	default-final/hot.json
common	default	nonroot	hot	userBindWrong	simple_bind_plaintext	0	openldap	4	1000	79.88901499999987	default-final/hot.json
common	default	nonroot	hot	userBindWrong	simple_bind_plaintext	0	before	5	1000	95.40348299999997	default-final/hot.json
common	default	nonroot	hot	userBindWrong	simple_bind_plaintext	0	current	5	1000	94.45188599999992	default-final/hot.json
common	default	nonroot	hot	userBindWrong	simple_bind_plaintext	0	openldap	5	1000	76.84795499999987	default-final/hot.json
common	default	nonroot	hot	userBindWrong	simple_bind_plaintext	0	before	6	1000	94.06841099999998	default-final/hot.json
common	default	nonroot	hot	userBindWrong	simple_bind_plaintext	0	current	6	1000	94.28957999999987	default-final/hot.json
common	default	nonroot	hot	userBindWrong	simple_bind_plaintext	0	openldap	6	1000	75.4067539999999	default-final/hot.json
common	default	nonroot	hot	userBindWrong	simple_bind_plaintext	0	before	7	1000	132.5308259999999	default-final/hot.json
common	default	nonroot	hot	userBindWrong	simple_bind_plaintext	0	current	7	1000	114.10372199999992	default-final/hot.json
common	default	nonroot	hot	userBindWrong	simple_bind_plaintext	0	openldap	7	1000	88.68209700000017	default-final/hot.json
common	default	nonroot	hot	nonrootBase	search_nonrootBase	0	before	1	1000	109.69678800000003	default-final/hot.json
common	default	nonroot	hot	nonrootBase	search_nonrootBase	0	current	1	1000	109.98170599999992	default-final/hot.json
common	default	nonroot	hot	nonrootBase	search_nonrootBase	0	openldap	1	1000	90.53772000000004	default-final/hot.json
common	default	nonroot	hot	nonrootBase	search_nonrootBase	0	before	2	1000	105.83924300000015	default-final/hot.json
common	default	nonroot	hot	nonrootBase	search_nonrootBase	0	current	2	1000	110.96606099999981	default-final/hot.json
common	default	nonroot	hot	nonrootBase	search_nonrootBase	0	openldap	2	1000	85.88618899999997	default-final/hot.json
common	default	nonroot	hot	nonrootBase	search_nonrootBase	0	before	3	1000	186.04793399999997	default-final/hot.json
common	default	nonroot	hot	nonrootBase	search_nonrootBase	0	current	3	1000	161.2310719999999	default-final/hot.json
common	default	nonroot	hot	nonrootBase	search_nonrootBase	0	openldap	3	1000	134.20806899999985	default-final/hot.json
common	default	nonroot	hot	nonrootBase	search_nonrootBase	0	before	4	1000	113.23094499999995	default-final/hot.json
common	default	nonroot	hot	nonrootBase	search_nonrootBase	0	current	4	1000	113.01808799999986	default-final/hot.json
common	default	nonroot	hot	nonrootBase	search_nonrootBase	0	openldap	4	1000	93.365199	default-final/hot.json
common	default	nonroot	hot	nonrootBase	search_nonrootBase	0	before	5	1000	117.98974899999996	default-final/hot.json
common	default	nonroot	hot	nonrootBase	search_nonrootBase	0	current	5	1000	117.32037599999997	default-final/hot.json
common	default	nonroot	hot	nonrootBase	search_nonrootBase	0	openldap	5	1000	92.03025100000004	default-final/hot.json
common	default	nonroot	hot	nonrootBase	search_nonrootBase	0	before	6	1000	116.66465500000022	default-final/hot.json
common	default	nonroot	hot	nonrootBase	search_nonrootBase	0	current	6	1000	114.27652799999997	default-final/hot.json
common	default	nonroot	hot	nonrootBase	search_nonrootBase	0	openldap	6	1000	91.6265030000001	default-final/hot.json
common	default	nonroot	hot	nonrootBase	search_nonrootBase	0	before	7	1000	112.52618100000001	default-final/hot.json
common	default	nonroot	hot	nonrootBase	search_nonrootBase	0	current	7	1000	111.31977999999991	default-final/hot.json
common	default	nonroot	hot	nonrootBase	search_nonrootBase	0	openldap	7	1000	89.3302059999999	default-final/hot.json
common	default	nonroot	hot	nonrootEquality	search_nonrootEquality	0	before	1	1000	129.0995389999998	default-final/hot.json
common	default	nonroot	hot	nonrootEquality	search_nonrootEquality	0	current	1	1000	128.94843900000018	default-final/hot.json
common	default	nonroot	hot	nonrootEquality	search_nonrootEquality	0	openldap	1	1000	105.37753899999991	default-final/hot.json
common	default	nonroot	hot	nonrootEquality	search_nonrootEquality	0	before	2	1000	135.78370300000012	default-final/hot.json
common	default	nonroot	hot	nonrootEquality	search_nonrootEquality	0	current	2	1000	131.60857799999997	default-final/hot.json
common	default	nonroot	hot	nonrootEquality	search_nonrootEquality	0	openldap	2	1000	113.86263300000006	default-final/hot.json
common	default	nonroot	hot	nonrootEquality	search_nonrootEquality	0	before	3	1000	121.38946099999977	default-final/hot.json
common	default	nonroot	hot	nonrootEquality	search_nonrootEquality	0	current	3	1000	124.28501300000005	default-final/hot.json
common	default	nonroot	hot	nonrootEquality	search_nonrootEquality	0	openldap	3	1000	94.73588399999996	default-final/hot.json
common	default	nonroot	hot	nonrootEquality	search_nonrootEquality	0	before	4	1000	135.566964	default-final/hot.json
common	default	nonroot	hot	nonrootEquality	search_nonrootEquality	0	current	4	1000	134.75272999999993	default-final/hot.json
common	default	nonroot	hot	nonrootEquality	search_nonrootEquality	0	openldap	4	1000	105.15648299999984	default-final/hot.json
common	default	nonroot	hot	nonrootEquality	search_nonrootEquality	0	before	5	1000	110.572237	default-final/hot.json
common	default	nonroot	hot	nonrootEquality	search_nonrootEquality	0	current	5	1000	114.85653899999993	default-final/hot.json
common	default	nonroot	hot	nonrootEquality	search_nonrootEquality	0	openldap	5	1000	86.59672800000003	default-final/hot.json
common	default	nonroot	hot	nonrootEquality	search_nonrootEquality	0	before	6	1000	108.29965600000007	default-final/hot.json
common	default	nonroot	hot	nonrootEquality	search_nonrootEquality	0	current	6	1000	103.8352040000001	default-final/hot.json
common	default	nonroot	hot	nonrootEquality	search_nonrootEquality	0	openldap	6	1000	84.18519900000011	default-final/hot.json
common	default	nonroot	hot	nonrootEquality	search_nonrootEquality	0	before	7	1000	112.2350879999999	default-final/hot.json
common	default	nonroot	hot	nonrootEquality	search_nonrootEquality	0	current	7	1000	109.66272099999999	default-final/hot.json
common	default	nonroot	hot	nonrootEquality	search_nonrootEquality	0	openldap	7	1000	91.0474480000001	default-final/hot.json
common	default	nonroot	distributed	nonrootBase	search_nonrootBase	0	before	1	1000	163.47544499999987	default-final/distributed.json
common	default	nonroot	distributed	nonrootBase	search_nonrootBase	0	current	1	1000	161.14654800000002	default-final/distributed.json
common	default	nonroot	distributed	nonrootBase	search_nonrootBase	0	openldap	1	1000	134.24529200000012	default-final/distributed.json
common	default	nonroot	distributed	nonrootBase	search_nonrootBase	0	before	2	1000	141.0046850000001	default-final/distributed.json
common	default	nonroot	distributed	nonrootBase	search_nonrootBase	0	current	2	1000	143.99333499999983	default-final/distributed.json
common	default	nonroot	distributed	nonrootBase	search_nonrootBase	0	openldap	2	1000	103.76287000000005	default-final/distributed.json
common	default	nonroot	distributed	nonrootBase	search_nonrootBase	0	before	3	1000	130.32087899999996	default-final/distributed.json
common	default	nonroot	distributed	nonrootBase	search_nonrootBase	0	current	3	1000	129.86795799999987	default-final/distributed.json
common	default	nonroot	distributed	nonrootBase	search_nonrootBase	0	openldap	3	1000	96.50608899999999	default-final/distributed.json
common	default	nonroot	distributed	nonrootEquality	search_nonrootEquality	0	before	1	1000	287.8937559999998	default-final/distributed.json
common	default	nonroot	distributed	nonrootEquality	search_nonrootEquality	0	current	1	1000	272.0890970000002	default-final/distributed.json
common	default	nonroot	distributed	nonrootEquality	search_nonrootEquality	0	openldap	1	1000	172.1824219999998	default-final/distributed.json
common	default	nonroot	distributed	nonrootEquality	search_nonrootEquality	0	before	2	1000	149.87198100000015	default-final/distributed.json
common	default	nonroot	distributed	nonrootEquality	search_nonrootEquality	0	current	2	1000	147.02179000000007	default-final/distributed.json
common	default	nonroot	distributed	nonrootEquality	search_nonrootEquality	0	openldap	2	1000	113.7264139999999	default-final/distributed.json
common	default	nonroot	distributed	nonrootEquality	search_nonrootEquality	0	before	3	1000	119.58588000000005	default-final/distributed.json
common	default	nonroot	distributed	nonrootEquality	search_nonrootEquality	0	current	3	1000	120.49115799999998	default-final/distributed.json
common	default	nonroot	distributed	nonrootEquality	search_nonrootEquality	0	openldap	3	1000	89.70995799999989	default-final/distributed.json
common	default	nonroot	groups	memberEquality	search_memberEquality	0	before	1	100	15.42020800000001	default-final/groups.json
common	default	nonroot	groups	memberEquality	search_memberEquality	0	current	1	100	13.896832000000003	default-final/groups.json
common	default	nonroot	groups	memberEquality	search_memberEquality	0	openldap	1	100	10.971791000000001	default-final/groups.json
common	default	nonroot	groups	memberEquality	search_memberEquality	0	before	2	100	16.618332999999996	default-final/groups.json
common	default	nonroot	groups	memberEquality	search_memberEquality	0	current	2	100	15.023665000000006	default-final/groups.json
common	default	nonroot	groups	memberEquality	search_memberEquality	0	openldap	2	100	11.879708	default-final/groups.json
common	default	nonroot	groups	memberEquality	search_memberEquality	0	before	3	100	16.198121999999994	default-final/groups.json
common	default	nonroot	groups	memberEquality	search_memberEquality	0	current	3	100	14.697791	default-final/groups.json
common	default	nonroot	groups	memberEquality	search_memberEquality	0	openldap	3	100	11.316126	default-final/groups.json
common	default	nonroot	groups	groupBase	base_member_values	10	before	1	100	13.043704000000004	default-final/groups.json
common	default	nonroot	groups	groupBase	base_member_values	10	current	1	100	11.815502000000002	default-final/groups.json
common	default	nonroot	groups	groupBase	base_member_values	10	openldap	1	100	9.611250999999996	default-final/groups.json
common	default	nonroot	groups	groupBase	base_member_values	10	before	2	100	13.538827999999993	default-final/groups.json
common	default	nonroot	groups	groupBase	base_member_values	10	current	2	100	12.09896	default-final/groups.json
common	default	nonroot	groups	groupBase	base_member_values	10	openldap	2	100	9.769033999999996	default-final/groups.json
common	default	nonroot	groups	groupBase	base_member_values	10	before	3	100	12.933872999999997	default-final/groups.json
common	default	nonroot	groups	groupBase	base_member_values	10	current	3	100	11.955666999999998	default-final/groups.json
common	default	nonroot	groups	groupBase	base_member_values	10	openldap	3	100	9.348628999999999	default-final/groups.json
common	default	nonroot	groups	groupBase	base_member_values	1000	before	1	100	112.37887799999997	default-final/groups.json
common	default	nonroot	groups	groupBase	base_member_values	1000	current	1	100	114.82596099999999	default-final/groups.json
common	default	nonroot	groups	groupBase	base_member_values	1000	openldap	1	100	100.31578999999999	default-final/groups.json
common	default	nonroot	groups	groupBase	base_member_values	1000	before	2	100	112.552169	default-final/groups.json
common	default	nonroot	groups	groupBase	base_member_values	1000	current	2	100	108.409873	default-final/groups.json
common	default	nonroot	groups	groupBase	base_member_values	1000	openldap	2	100	99.01341100000006	default-final/groups.json
common	default	nonroot	groups	groupBase	base_member_values	1000	before	3	100	108.14453699999999	default-final/groups.json
common	default	nonroot	groups	groupBase	base_member_values	1000	current	3	100	106.00054099999998	default-final/groups.json
common	default	nonroot	groups	groupBase	base_member_values	1000	openldap	3	100	96.92246099999997	default-final/groups.json
common	default	nonroot	groups	nestedMembership	client_bfs_member_equality	0	before	1	100	50.97337199999998	default-final/groups.json
common	default	nonroot	groups	nestedMembership	client_bfs_member_equality	0	current	1	100	50.42540300000005	default-final/groups.json
common	default	nonroot	groups	nestedMembership	client_bfs_member_equality	0	openldap	1	100	41.28326200000003	default-final/groups.json
common	default	nonroot	groups	nestedMembership	client_bfs_member_equality	0	before	2	100	52.183417	default-final/groups.json
common	default	nonroot	groups	nestedMembership	client_bfs_member_equality	0	current	2	100	51.97438199999999	default-final/groups.json
common	default	nonroot	groups	nestedMembership	client_bfs_member_equality	0	openldap	2	100	42.246839	default-final/groups.json
common	default	nonroot	groups	nestedMembership	client_bfs_member_equality	0	before	3	100	48.229902999999986	default-final/groups.json
common	default	nonroot	groups	nestedMembership	client_bfs_member_equality	0	current	3	100	48.50684199999998	default-final/groups.json
common	default	nonroot	groups	nestedMembership	client_bfs_member_equality	0	openldap	3	100	39.84339999999997	default-final/groups.json
concurrent	default	root	8-workers	uidEquality	ldapsearch	0	before	1	8000	414	default-final/concurrent.tsv
concurrent	default	root	8-workers	uidEquality	ldapsearch	0	current	1	8000	342	default-final/concurrent.tsv
concurrent	default	root	8-workers	uidEquality	ldapsearch	0	openldap	1	8000	370	default-final/concurrent.tsv
concurrent	default	root	8-workers	uidEquality	ldapsearch	0	current	2	8000	358	default-final/concurrent.tsv
concurrent	default	root	8-workers	uidEquality	ldapsearch	0	openldap	2	8000	358	default-final/concurrent.tsv
concurrent	default	root	8-workers	uidEquality	ldapsearch	0	before	2	8000	393	default-final/concurrent.tsv
concurrent	default	root	8-workers	uidEquality	ldapsearch	0	openldap	3	8000	342	default-final/concurrent.tsv
concurrent	default	root	8-workers	uidEquality	ldapsearch	0	before	3	8000	327	default-final/concurrent.tsv
concurrent	default	root	8-workers	uidEquality	ldapsearch	0	current	3	8000	390	default-final/concurrent.tsv
root	default	root	literal	rootBind	simple_bind_root	0	before	1	1000	80.52085799999999	root-paired/literal.json
root	default	root	literal	rootBind	simple_bind_root	0	current	1	1000	83.927927	root-paired/literal.json
root	default	root	literal	rootBind	simple_bind_root	0	openldap	1	1000	75.48379099999998	root-paired/literal.json
root	default	root	literal	rootBind	simple_bind_root	0	before	2	1000	73.43003099999999	root-paired/literal.json
root	default	root	literal	rootBind	simple_bind_root	0	current	2	1000	74.73692599999995	root-paired/literal.json
root	default	root	literal	rootBind	simple_bind_root	0	openldap	2	1000	71.72273500000001	root-paired/literal.json
root	default	root	literal	rootBind	simple_bind_root	0	before	3	1000	78.9215359999999	root-paired/literal.json
root	default	root	literal	rootBind	simple_bind_root	0	current	3	1000	77.47620799999996	root-paired/literal.json
root	default	root	literal	rootBind	simple_bind_root	0	openldap	3	1000	75.68725699999993	root-paired/literal.json
root	default	root	literal	rootBind	simple_bind_root	0	before	4	1000	74.18757000000006	root-paired/literal.json
root	default	root	literal	rootBind	simple_bind_root	0	current	4	1000	74.06451799999994	root-paired/literal.json
root	default	root	literal	rootBind	simple_bind_root	0	openldap	4	1000	71.14026099999997	root-paired/literal.json
root	default	root	literal	rootBind	simple_bind_root	0	before	5	1000	77.69421200000002	root-paired/literal.json
root	default	root	literal	rootBind	simple_bind_root	0	current	5	1000	76.99678999999993	root-paired/literal.json
root	default	root	literal	rootBind	simple_bind_root	0	openldap	5	1000	76.63192099999999	root-paired/literal.json
root	default	root	literal	rootBind	simple_bind_root	0	before	6	1000	82.50094099999993	root-paired/literal.json
root	default	root	literal	rootBind	simple_bind_root	0	current	6	1000	83.12080099999977	root-paired/literal.json
root	default	root	literal	rootBind	simple_bind_root	0	openldap	6	1000	77.60680699999992	root-paired/literal.json
root	default	root	literal	rootBind	simple_bind_root	0	before	7	1000	82.86159699999989	root-paired/literal.json
root	default	root	literal	rootBind	simple_bind_root	0	current	7	1000	82.13804599999989	root-paired/literal.json
root	default	root	literal	rootBind	simple_bind_root	0	openldap	7	1000	82.52666400000004	root-paired/literal.json
root	default	root	literal	rootBase	base_objectclass_root	0	before	1	1000	104.23686399999997	root-paired/literal.json
root	default	root	literal	rootBase	base_objectclass_root	0	current	1	1000	104.52016299999993	root-paired/literal.json
root	default	root	literal	rootBase	base_objectclass_root	0	openldap	1	1000	86.04848399999997	root-paired/literal.json
root	default	root	literal	rootBase	base_objectclass_root	0	before	2	1000	111.35834499999987	root-paired/literal.json
root	default	root	literal	rootBase	base_objectclass_root	0	current	2	1000	110.56187600000004	root-paired/literal.json
root	default	root	literal	rootBase	base_objectclass_root	0	openldap	2	1000	95.34125000000012	root-paired/literal.json
root	default	root	literal	rootBase	base_objectclass_root	0	before	3	1000	106.55251300000012	root-paired/literal.json
root	default	root	literal	rootBase	base_objectclass_root	0	current	3	1000	106.71504599999996	root-paired/literal.json
root	default	root	literal	rootBase	base_objectclass_root	0	openldap	3	1000	90.43122499999996	root-paired/literal.json
root	default	root	literal	rootBase	base_objectclass_root	0	before	4	1000	104.93332199999999	root-paired/literal.json
root	default	root	literal	rootBase	base_objectclass_root	0	current	4	1000	105.18471200000009	root-paired/literal.json
root	default	root	literal	rootBase	base_objectclass_root	0	openldap	4	1000	87.41551900000003	root-paired/literal.json
root	default	root	literal	rootBase	base_objectclass_root	0	before	5	1000	112.102868	root-paired/literal.json
root	default	root	literal	rootBase	base_objectclass_root	0	current	5	1000	135.15856300000007	root-paired/literal.json
root	default	root	literal	rootBase	base_objectclass_root	0	openldap	5	1000	93.07203799999998	root-paired/literal.json
root	default	root	literal	rootBase	base_objectclass_root	0	before	6	1000	125.11688900000026	root-paired/literal.json
root	default	root	literal	rootBase	base_objectclass_root	0	current	6	1000	125.21970200000013	root-paired/literal.json
root	default	root	literal	rootBase	base_objectclass_root	0	openldap	6	1000	104.76005399999997	root-paired/literal.json
root	default	root	literal	rootBase	base_objectclass_root	0	before	7	1000	101.44931499999983	root-paired/literal.json
root	default	root	literal	rootBase	base_objectclass_root	0	current	7	1000	103.6225669999999	root-paired/literal.json
root	default	root	literal	rootBase	base_objectclass_root	0	openldap	7	1000	90.84985799999995	root-paired/literal.json
root	default	root	literal	rootEquality	subtree_uid_equality_root	0	before	1	1000	328.83049900000043	root-paired/literal.json
root	default	root	literal	rootEquality	subtree_uid_equality_root	0	current	1	1000	296.0841619999999	root-paired/literal.json
root	default	root	literal	rootEquality	subtree_uid_equality_root	0	openldap	1	1000	188.89462699999976	root-paired/literal.json
root	default	root	literal	rootEquality	subtree_uid_equality_root	0	before	2	1000	113.9045850000001	root-paired/literal.json
root	default	root	literal	rootEquality	subtree_uid_equality_root	0	current	2	1000	116.27631300000013	root-paired/literal.json
root	default	root	literal	rootEquality	subtree_uid_equality_root	0	openldap	2	1000	96.37473000000006	root-paired/literal.json
root	default	root	literal	rootEquality	subtree_uid_equality_root	0	before	3	1000	123.60705199999987	root-paired/literal.json
root	default	root	literal	rootEquality	subtree_uid_equality_root	0	current	3	1000	124.10516200000004	root-paired/literal.json
root	default	root	literal	rootEquality	subtree_uid_equality_root	0	openldap	3	1000	102.13899899999996	root-paired/literal.json
root	default	root	literal	rootEquality	subtree_uid_equality_root	0	before	4	1000	114.9147459999999	root-paired/literal.json
root	default	root	literal	rootEquality	subtree_uid_equality_root	0	current	4	1000	120.17178799999995	root-paired/literal.json
root	default	root	literal	rootEquality	subtree_uid_equality_root	0	openldap	4	1000	94.21858899999998	root-paired/literal.json
root	default	root	literal	rootEquality	subtree_uid_equality_root	0	before	5	1000	115.18123199999988	root-paired/literal.json
root	default	root	literal	rootEquality	subtree_uid_equality_root	0	current	5	1000	115.18817000000004	root-paired/literal.json
root	default	root	literal	rootEquality	subtree_uid_equality_root	0	openldap	5	1000	96.49181600000016	root-paired/literal.json
root	default	root	literal	rootEquality	subtree_uid_equality_root	0	before	6	1000	115.06847299999994	root-paired/literal.json
root	default	root	literal	rootEquality	subtree_uid_equality_root	0	current	6	1000	115.63441999999982	root-paired/literal.json
root	default	root	literal	rootEquality	subtree_uid_equality_root	0	openldap	6	1000	95.26861100000004	root-paired/literal.json
root	default	root	literal	rootEquality	subtree_uid_equality_root	0	before	7	1000	122.58139400000013	root-paired/literal.json
root	default	root	literal	rootEquality	subtree_uid_equality_root	0	current	7	1000	117.161082	root-paired/literal.json
root	default	root	literal	rootEquality	subtree_uid_equality_root	0	openldap	7	1000	97.02980200000007	root-paired/literal.json
root	default	root	literal	rootCompareTrue	compare_uid_true_root	0	before	1	1000	109.23820300000017	root-paired/literal.json
root	default	root	literal	rootCompareTrue	compare_uid_true_root	0	current	1	1000	107.73682300000011	root-paired/literal.json
root	default	root	literal	rootCompareTrue	compare_uid_true_root	0	openldap	1	1000	79.67792100000007	root-paired/literal.json
root	default	root	literal	rootCompareTrue	compare_uid_true_root	0	before	2	1000	102.73065600000004	root-paired/literal.json
root	default	root	literal	rootCompareTrue	compare_uid_true_root	0	current	2	1000	105.29596300000003	root-paired/literal.json
root	default	root	literal	rootCompareTrue	compare_uid_true_root	0	openldap	2	1000	77.23670000000006	root-paired/literal.json
root	default	root	literal	rootCompareTrue	compare_uid_true_root	0	before	3	1000	122.23243099999978	root-paired/literal.json
root	default	root	literal	rootCompareTrue	compare_uid_true_root	0	current	3	1000	129.74691099999995	root-paired/literal.json
root	default	root	literal	rootCompareTrue	compare_uid_true_root	0	openldap	3	1000	89.85956800000007	root-paired/literal.json
root	default	root	literal	rootCompareTrue	compare_uid_true_root	0	before	4	1000	119.89953899999996	root-paired/literal.json
root	default	root	literal	rootCompareTrue	compare_uid_true_root	0	current	4	1000	117.93775900000009	root-paired/literal.json
root	default	root	literal	rootCompareTrue	compare_uid_true_root	0	openldap	4	1000	87.0330770000001	root-paired/literal.json
root	default	root	literal	rootCompareTrue	compare_uid_true_root	0	before	5	1000	106.55425600000022	root-paired/literal.json
root	default	root	literal	rootCompareTrue	compare_uid_true_root	0	current	5	1000	105.94570100000003	root-paired/literal.json
root	default	root	literal	rootCompareTrue	compare_uid_true_root	0	openldap	5	1000	80.70367199999993	root-paired/literal.json
root	default	root	literal	rootCompareTrue	compare_uid_true_root	0	before	6	1000	103.678089	root-paired/literal.json
root	default	root	literal	rootCompareTrue	compare_uid_true_root	0	current	6	1000	102.43915600000004	root-paired/literal.json
root	default	root	literal	rootCompareTrue	compare_uid_true_root	0	openldap	6	1000	75.72641199999997	root-paired/literal.json
root	default	root	literal	rootCompareTrue	compare_uid_true_root	0	before	7	1000	120.34349600000009	root-paired/literal.json
root	default	root	literal	rootCompareTrue	compare_uid_true_root	0	current	7	1000	124.42577599999996	root-paired/literal.json
root	default	root	literal	rootCompareTrue	compare_uid_true_root	0	openldap	7	1000	90.76782399999996	root-paired/literal.json
root	default	root	literal	rootCompareFalse	compare_uid_false_root	0	before	1	1000	108.43119699999988	root-paired/literal.json
root	default	root	literal	rootCompareFalse	compare_uid_false_root	0	current	1	1000	109.58228899999978	root-paired/literal.json
root	default	root	literal	rootCompareFalse	compare_uid_false_root	0	openldap	1	1000	86.52867500000004	root-paired/literal.json
root	default	root	literal	rootCompareFalse	compare_uid_false_root	0	before	2	1000	108.4067649999999	root-paired/literal.json
root	default	root	literal	rootCompareFalse	compare_uid_false_root	0	current	2	1000	109.79782399999986	root-paired/literal.json
root	default	root	literal	rootCompareFalse	compare_uid_false_root	0	openldap	2	1000	79.97256099999996	root-paired/literal.json
root	default	root	literal	rootCompareFalse	compare_uid_false_root	0	before	3	1000	104.26050000000019	root-paired/literal.json
root	default	root	literal	rootCompareFalse	compare_uid_false_root	0	current	3	1000	105.0949889999999	root-paired/literal.json
root	default	root	literal	rootCompareFalse	compare_uid_false_root	0	openldap	3	1000	76.60225299999995	root-paired/literal.json
root	default	root	literal	rootCompareFalse	compare_uid_false_root	0	before	4	1000	110.05027000000013	root-paired/literal.json
root	default	root	literal	rootCompareFalse	compare_uid_false_root	0	current	4	1000	110.3280350000001	root-paired/literal.json
root	default	root	literal	rootCompareFalse	compare_uid_false_root	0	openldap	4	1000	83.06163299999993	root-paired/literal.json
root	default	root	literal	rootCompareFalse	compare_uid_false_root	0	before	5	1000	110.78647200000007	root-paired/literal.json
root	default	root	literal	rootCompareFalse	compare_uid_false_root	0	current	5	1000	111.23545199999994	root-paired/literal.json
root	default	root	literal	rootCompareFalse	compare_uid_false_root	0	openldap	5	1000	82.63041199999994	root-paired/literal.json
root	default	root	literal	rootCompareFalse	compare_uid_false_root	0	before	6	1000	113.75089499999999	root-paired/literal.json
root	default	root	literal	rootCompareFalse	compare_uid_false_root	0	current	6	1000	113.2635810000001	root-paired/literal.json
root	default	root	literal	rootCompareFalse	compare_uid_false_root	0	openldap	6	1000	82.84817299999999	root-paired/literal.json
root	default	root	literal	rootCompareFalse	compare_uid_false_root	0	before	7	1000	106.82842599999992	root-paired/literal.json
root	default	root	literal	rootCompareFalse	compare_uid_false_root	0	current	7	1000	108.50208900000008	root-paired/literal.json
root	default	root	literal	rootCompareFalse	compare_uid_false_root	0	openldap	7	1000	81.39872499999998	root-paired/literal.json
root	default	root	normalized	rootBind	simple_bind_root	0	before	1	1000	78.96234100000004	root-paired/normalized.json
root	default	root	normalized	rootBind	simple_bind_root	0	current	1	1000	78.77637399999999	root-paired/normalized.json
root	default	root	normalized	rootBind	simple_bind_root	0	openldap	1	1000	76.46332799999989	root-paired/normalized.json
root	default	root	normalized	rootBind	simple_bind_root	0	before	2	1000	78.89289499999992	root-paired/normalized.json
root	default	root	normalized	rootBind	simple_bind_root	0	current	2	1000	78.32941499999997	root-paired/normalized.json
root	default	root	normalized	rootBind	simple_bind_root	0	openldap	2	1000	76.1688590000001	root-paired/normalized.json
root	default	root	normalized	rootBind	simple_bind_root	0	before	3	1000	73.32224900000006	root-paired/normalized.json
root	default	root	normalized	rootBind	simple_bind_root	0	current	3	1000	77.15364100000002	root-paired/normalized.json
root	default	root	normalized	rootBind	simple_bind_root	0	openldap	3	1000	74.25605099999999	root-paired/normalized.json
root	default	root	normalized	rootBind	simple_bind_root	0	before	4	1000	75.36906299999995	root-paired/normalized.json
root	default	root	normalized	rootBind	simple_bind_root	0	current	4	1000	75.01371999999996	root-paired/normalized.json
root	default	root	normalized	rootBind	simple_bind_root	0	openldap	4	1000	72.44904099999994	root-paired/normalized.json
root	default	root	normalized	rootBind	simple_bind_root	0	before	5	1000	75.56254600000003	root-paired/normalized.json
root	default	root	normalized	rootBind	simple_bind_root	0	current	5	1000	75.914745	root-paired/normalized.json
root	default	root	normalized	rootBind	simple_bind_root	0	openldap	5	1000	74.0257359999999	root-paired/normalized.json
root	default	root	normalized	rootBind	simple_bind_root	0	before	6	1000	76.10794199999994	root-paired/normalized.json
root	default	root	normalized	rootBind	simple_bind_root	0	current	6	1000	76.19334000000003	root-paired/normalized.json
root	default	root	normalized	rootBind	simple_bind_root	0	openldap	6	1000	74.90939699999996	root-paired/normalized.json
root	default	root	normalized	rootBind	simple_bind_root	0	before	7	1000	76.95925400000003	root-paired/normalized.json
root	default	root	normalized	rootBind	simple_bind_root	0	current	7	1000	75.96365099999993	root-paired/normalized.json
root	default	root	normalized	rootBind	simple_bind_root	0	openldap	7	1000	73.98797300000001	root-paired/normalized.json
root	default	root	normalized	rootBase	base_objectclass_root	0	before	1	1000	113.23675999999982	root-paired/normalized.json
root	default	root	normalized	rootBase	base_objectclass_root	0	current	1	1000	112.41225900000005	root-paired/normalized.json
root	default	root	normalized	rootBase	base_objectclass_root	0	openldap	1	1000	89.84024500000011	root-paired/normalized.json
root	default	root	normalized	rootBase	base_objectclass_root	0	before	2	1000	106.10542199999995	root-paired/normalized.json
root	default	root	normalized	rootBase	base_objectclass_root	0	current	2	1000	106.12919600000014	root-paired/normalized.json
root	default	root	normalized	rootBase	base_objectclass_root	0	openldap	2	1000	86.16941200000005	root-paired/normalized.json
root	default	root	normalized	rootBase	base_objectclass_root	0	before	3	1000	103.14555199999995	root-paired/normalized.json
root	default	root	normalized	rootBase	base_objectclass_root	0	current	3	1000	102.74013000000004	root-paired/normalized.json
root	default	root	normalized	rootBase	base_objectclass_root	0	openldap	3	1000	83.74610700000011	root-paired/normalized.json
root	default	root	normalized	rootBase	base_objectclass_root	0	before	4	1000	101.4277540000001	root-paired/normalized.json
root	default	root	normalized	rootBase	base_objectclass_root	0	current	4	1000	100.27246600000004	root-paired/normalized.json
root	default	root	normalized	rootBase	base_objectclass_root	0	openldap	4	1000	83.040295	root-paired/normalized.json
root	default	root	normalized	rootBase	base_objectclass_root	0	before	5	1000	97.60779600000002	root-paired/normalized.json
root	default	root	normalized	rootBase	base_objectclass_root	0	current	5	1000	97.17524000000003	root-paired/normalized.json
root	default	root	normalized	rootBase	base_objectclass_root	0	openldap	5	1000	78.67815600000004	root-paired/normalized.json
root	default	root	normalized	rootBase	base_objectclass_root	0	before	6	1000	101.21440200000005	root-paired/normalized.json
root	default	root	normalized	rootBase	base_objectclass_root	0	current	6	1000	102.5900409999999	root-paired/normalized.json
root	default	root	normalized	rootBase	base_objectclass_root	0	openldap	6	1000	81.59433499999996	root-paired/normalized.json
root	default	root	normalized	rootBase	base_objectclass_root	0	before	7	1000	97.62513000000003	root-paired/normalized.json
root	default	root	normalized	rootBase	base_objectclass_root	0	current	7	1000	96.32167200000002	root-paired/normalized.json
root	default	root	normalized	rootBase	base_objectclass_root	0	openldap	7	1000	78.57775799999997	root-paired/normalized.json
root	default	root	normalized	rootEquality	subtree_uid_equality_root	0	before	1	1000	108.55691399999995	root-paired/normalized.json
root	default	root	normalized	rootEquality	subtree_uid_equality_root	0	current	1	1000	110.76798800000009	root-paired/normalized.json
root	default	root	normalized	rootEquality	subtree_uid_equality_root	0	openldap	1	1000	86.98882399999992	root-paired/normalized.json
root	default	root	normalized	rootEquality	subtree_uid_equality_root	0	before	2	1000	121.20849700000011	root-paired/normalized.json
root	default	root	normalized	rootEquality	subtree_uid_equality_root	0	current	2	1000	121.56399500000008	root-paired/normalized.json
root	default	root	normalized	rootEquality	subtree_uid_equality_root	0	openldap	2	1000	102.65741899999989	root-paired/normalized.json
root	default	root	normalized	rootEquality	subtree_uid_equality_root	0	before	3	1000	127.49295200000002	root-paired/normalized.json
root	default	root	normalized	rootEquality	subtree_uid_equality_root	0	current	3	1000	127.6977039999999	root-paired/normalized.json
root	default	root	normalized	rootEquality	subtree_uid_equality_root	0	openldap	3	1000	102.5835450000001	root-paired/normalized.json
root	default	root	normalized	rootEquality	subtree_uid_equality_root	0	before	4	1000	122.99385399999998	root-paired/normalized.json
root	default	root	normalized	rootEquality	subtree_uid_equality_root	0	current	4	1000	114.56153800000013	root-paired/normalized.json
root	default	root	normalized	rootEquality	subtree_uid_equality_root	0	openldap	4	1000	94.004134	root-paired/normalized.json
root	default	root	normalized	rootEquality	subtree_uid_equality_root	0	before	5	1000	117.66495100000019	root-paired/normalized.json
root	default	root	normalized	rootEquality	subtree_uid_equality_root	0	current	5	1000	118.18540699999993	root-paired/normalized.json
root	default	root	normalized	rootEquality	subtree_uid_equality_root	0	openldap	5	1000	95.08642499999995	root-paired/normalized.json
root	default	root	normalized	rootEquality	subtree_uid_equality_root	0	before	6	1000	113.99767099999978	root-paired/normalized.json
root	default	root	normalized	rootEquality	subtree_uid_equality_root	0	current	6	1000	115.48866700000002	root-paired/normalized.json
root	default	root	normalized	rootEquality	subtree_uid_equality_root	0	openldap	6	1000	92.66317099999993	root-paired/normalized.json
root	default	root	normalized	rootEquality	subtree_uid_equality_root	0	before	7	1000	122.27725599999978	root-paired/normalized.json
root	default	root	normalized	rootEquality	subtree_uid_equality_root	0	current	7	1000	121.46833299999999	root-paired/normalized.json
root	default	root	normalized	rootEquality	subtree_uid_equality_root	0	openldap	7	1000	98.49783199999999	root-paired/normalized.json
root	default	root	normalized	rootCompareTrue	compare_uid_true_root	0	before	1	1000	117.29274799999988	root-paired/normalized.json
root	default	root	normalized	rootCompareTrue	compare_uid_true_root	0	current	1	1000	117.67438	root-paired/normalized.json
root	default	root	normalized	rootCompareTrue	compare_uid_true_root	0	openldap	1	1000	85.67125199999994	root-paired/normalized.json
root	default	root	normalized	rootCompareTrue	compare_uid_true_root	0	before	2	1000	113.30233899999993	root-paired/normalized.json
root	default	root	normalized	rootCompareTrue	compare_uid_true_root	0	current	2	1000	111.81483399999976	root-paired/normalized.json
root	default	root	normalized	rootCompareTrue	compare_uid_true_root	0	openldap	2	1000	80.52026899999993	root-paired/normalized.json
root	default	root	normalized	rootCompareTrue	compare_uid_true_root	0	before	3	1000	107.76391900000009	root-paired/normalized.json
root	default	root	normalized	rootCompareTrue	compare_uid_true_root	0	current	3	1000	107.20075299999999	root-paired/normalized.json
root	default	root	normalized	rootCompareTrue	compare_uid_true_root	0	openldap	3	1000	77.16382799999994	root-paired/normalized.json
root	default	root	normalized	rootCompareTrue	compare_uid_true_root	0	before	4	1000	109.5078510000001	root-paired/normalized.json
root	default	root	normalized	rootCompareTrue	compare_uid_true_root	0	current	4	1000	107.94778400000004	root-paired/normalized.json
root	default	root	normalized	rootCompareTrue	compare_uid_true_root	0	openldap	4	1000	79.10179199999995	root-paired/normalized.json
root	default	root	normalized	rootCompareTrue	compare_uid_true_root	0	before	5	1000	107.15230099999994	root-paired/normalized.json
root	default	root	normalized	rootCompareTrue	compare_uid_true_root	0	current	5	1000	107.69534200000011	root-paired/normalized.json
root	default	root	normalized	rootCompareTrue	compare_uid_true_root	0	openldap	5	1000	76.28280299999987	root-paired/normalized.json
root	default	root	normalized	rootCompareTrue	compare_uid_true_root	0	before	6	1000	99.47602399999998	root-paired/normalized.json
root	default	root	normalized	rootCompareTrue	compare_uid_true_root	0	current	6	1000	99.28942100000022	root-paired/normalized.json
root	default	root	normalized	rootCompareTrue	compare_uid_true_root	0	openldap	6	1000	71.96687399999993	root-paired/normalized.json
root	default	root	normalized	rootCompareTrue	compare_uid_true_root	0	before	7	1000	106.93599799999997	root-paired/normalized.json
root	default	root	normalized	rootCompareTrue	compare_uid_true_root	0	current	7	1000	107.63738800000004	root-paired/normalized.json
root	default	root	normalized	rootCompareTrue	compare_uid_true_root	0	openldap	7	1000	78.58253199999996	root-paired/normalized.json
root	default	root	normalized	rootCompareFalse	compare_uid_false_root	0	before	1	1000	117.84282700000004	root-paired/normalized.json
root	default	root	normalized	rootCompareFalse	compare_uid_false_root	0	current	1	1000	116.27004000000005	root-paired/normalized.json
root	default	root	normalized	rootCompareFalse	compare_uid_false_root	0	openldap	1	1000	83.81295599999993	root-paired/normalized.json
root	default	root	normalized	rootCompareFalse	compare_uid_false_root	0	before	2	1000	120.92320199999985	root-paired/normalized.json
root	default	root	normalized	rootCompareFalse	compare_uid_false_root	0	current	2	1000	115.56355799999999	root-paired/normalized.json
root	default	root	normalized	rootCompareFalse	compare_uid_false_root	0	openldap	2	1000	84.604722	root-paired/normalized.json
root	default	root	normalized	rootCompareFalse	compare_uid_false_root	0	before	3	1000	117.7750479999999	root-paired/normalized.json
root	default	root	normalized	rootCompareFalse	compare_uid_false_root	0	current	3	1000	119.06513299999995	root-paired/normalized.json
root	default	root	normalized	rootCompareFalse	compare_uid_false_root	0	openldap	3	1000	84.74884600000009	root-paired/normalized.json
root	default	root	normalized	rootCompareFalse	compare_uid_false_root	0	before	4	1000	115.30729099999985	root-paired/normalized.json
root	default	root	normalized	rootCompareFalse	compare_uid_false_root	0	current	4	1000	113.66525100000003	root-paired/normalized.json
root	default	root	normalized	rootCompareFalse	compare_uid_false_root	0	openldap	4	1000	84.69219900000002	root-paired/normalized.json
root	default	root	normalized	rootCompareFalse	compare_uid_false_root	0	before	5	1000	116.02462799999991	root-paired/normalized.json
root	default	root	normalized	rootCompareFalse	compare_uid_false_root	0	current	5	1000	118.95433499999996	root-paired/normalized.json
root	default	root	normalized	rootCompareFalse	compare_uid_false_root	0	openldap	5	1000	83.83179700000011	root-paired/normalized.json
root	default	root	normalized	rootCompareFalse	compare_uid_false_root	0	before	6	1000	110.22936000000017	root-paired/normalized.json
root	default	root	normalized	rootCompareFalse	compare_uid_false_root	0	current	6	1000	110.94554999999995	root-paired/normalized.json
root	default	root	normalized	rootCompareFalse	compare_uid_false_root	0	openldap	6	1000	80.22428899999994	root-paired/normalized.json
root	default	root	normalized	rootCompareFalse	compare_uid_false_root	0	before	7	1000	108.05686199999994	root-paired/normalized.json
root	default	root	normalized	rootCompareFalse	compare_uid_false_root	0	current	7	1000	109.54714000000003	root-paired/normalized.json
root	default	root	normalized	rootCompareFalse	compare_uid_false_root	0	openldap	7	1000	78.17543900000003	root-paired/normalized.json
group-compare	explicit	nonroot	groups	groupCompareTrueFirst	compare_member_true_first	10	before	1	1000	92.44186599999989	explicit-group-compare/groups.json
group-compare	explicit	nonroot	groups	groupCompareTrueFirst	compare_member_true_first	10	current	1	1000	91.74603099999982	explicit-group-compare/groups.json
group-compare	explicit	nonroot	groups	groupCompareTrueFirst	compare_member_true_first	10	openldap	1	1000	74.62972799999984	explicit-group-compare/groups.json
group-compare	explicit	nonroot	groups	groupCompareTrueFirst	compare_member_true_first	10	before	2	1000	91.32459999999998	explicit-group-compare/groups.json
group-compare	explicit	nonroot	groups	groupCompareTrueFirst	compare_member_true_first	10	current	2	1000	91.72724899999994	explicit-group-compare/groups.json
group-compare	explicit	nonroot	groups	groupCompareTrueFirst	compare_member_true_first	10	openldap	2	1000	75.42032899999998	explicit-group-compare/groups.json
group-compare	explicit	nonroot	groups	groupCompareTrueFirst	compare_member_true_first	10	before	3	1000	89.35512499999999	explicit-group-compare/groups.json
group-compare	explicit	nonroot	groups	groupCompareTrueFirst	compare_member_true_first	10	current	3	1000	92.75029799999994	explicit-group-compare/groups.json
group-compare	explicit	nonroot	groups	groupCompareTrueFirst	compare_member_true_first	10	openldap	3	1000	72.41467600000001	explicit-group-compare/groups.json
group-compare	explicit	nonroot	groups	groupCompareTrueFirst	compare_member_true_first	10	before	4	1000	98.68820500000015	explicit-group-compare/groups.json
group-compare	explicit	nonroot	groups	groupCompareTrueFirst	compare_member_true_first	10	current	4	1000	98.30566099999992	explicit-group-compare/groups.json
group-compare	explicit	nonroot	groups	groupCompareTrueFirst	compare_member_true_first	10	openldap	4	1000	80.09532500000002	explicit-group-compare/groups.json
group-compare	explicit	nonroot	groups	groupCompareTrueFirst	compare_member_true_first	10	before	5	1000	100.39081999999992	explicit-group-compare/groups.json
group-compare	explicit	nonroot	groups	groupCompareTrueFirst	compare_member_true_first	10	current	5	1000	101.99959499999999	explicit-group-compare/groups.json
group-compare	explicit	nonroot	groups	groupCompareTrueFirst	compare_member_true_first	10	openldap	5	1000	83.631452	explicit-group-compare/groups.json
group-compare	explicit	nonroot	groups	groupCompareTrueFirst	compare_member_true_first	10	before	6	1000	122.1236309999998	explicit-group-compare/groups.json
group-compare	explicit	nonroot	groups	groupCompareTrueFirst	compare_member_true_first	10	current	6	1000	118.92791299999998	explicit-group-compare/groups.json
group-compare	explicit	nonroot	groups	groupCompareTrueFirst	compare_member_true_first	10	openldap	6	1000	91.73417999999992	explicit-group-compare/groups.json
group-compare	explicit	nonroot	groups	groupCompareTrueFirst	compare_member_true_first	10	before	7	1000	102.38388199999989	explicit-group-compare/groups.json
group-compare	explicit	nonroot	groups	groupCompareTrueFirst	compare_member_true_first	10	current	7	1000	102.5520409999999	explicit-group-compare/groups.json
group-compare	explicit	nonroot	groups	groupCompareTrueFirst	compare_member_true_first	10	openldap	7	1000	83.87651600000001	explicit-group-compare/groups.json
group-compare	explicit	nonroot	groups	groupCompareTrueFirst	compare_member_true_first	1000	before	1	1000	116.30132899999994	explicit-group-compare/groups.json
group-compare	explicit	nonroot	groups	groupCompareTrueFirst	compare_member_true_first	1000	current	1	1000	120.64889599999992	explicit-group-compare/groups.json
group-compare	explicit	nonroot	groups	groupCompareTrueFirst	compare_member_true_first	1000	openldap	1	1000	91.53814900000002	explicit-group-compare/groups.json
group-compare	explicit	nonroot	groups	groupCompareTrueFirst	compare_member_true_first	1000	before	2	1000	114.84240100000004	explicit-group-compare/groups.json
group-compare	explicit	nonroot	groups	groupCompareTrueFirst	compare_member_true_first	1000	current	2	1000	113.16782800000007	explicit-group-compare/groups.json
group-compare	explicit	nonroot	groups	groupCompareTrueFirst	compare_member_true_first	1000	openldap	2	1000	87.92270600000008	explicit-group-compare/groups.json
group-compare	explicit	nonroot	groups	groupCompareTrueFirst	compare_member_true_first	1000	before	3	1000	109.06246599999982	explicit-group-compare/groups.json
group-compare	explicit	nonroot	groups	groupCompareTrueFirst	compare_member_true_first	1000	current	3	1000	112.16604200000022	explicit-group-compare/groups.json
group-compare	explicit	nonroot	groups	groupCompareTrueFirst	compare_member_true_first	1000	openldap	3	1000	85.63421799999993	explicit-group-compare/groups.json
group-compare	explicit	nonroot	groups	groupCompareTrueFirst	compare_member_true_first	1000	before	4	1000	109.37450599999995	explicit-group-compare/groups.json
group-compare	explicit	nonroot	groups	groupCompareTrueFirst	compare_member_true_first	1000	current	4	1000	112.02307899999997	explicit-group-compare/groups.json
group-compare	explicit	nonroot	groups	groupCompareTrueFirst	compare_member_true_first	1000	openldap	4	1000	85.87642499999997	explicit-group-compare/groups.json
group-compare	explicit	nonroot	groups	groupCompareTrueFirst	compare_member_true_first	1000	before	5	1000	109.80133199999993	explicit-group-compare/groups.json
group-compare	explicit	nonroot	groups	groupCompareTrueFirst	compare_member_true_first	1000	current	5	1000	111.28324800000003	explicit-group-compare/groups.json
group-compare	explicit	nonroot	groups	groupCompareTrueFirst	compare_member_true_first	1000	openldap	5	1000	85.542196	explicit-group-compare/groups.json
group-compare	explicit	nonroot	groups	groupCompareTrueFirst	compare_member_true_first	1000	before	6	1000	109.58358499999999	explicit-group-compare/groups.json
group-compare	explicit	nonroot	groups	groupCompareTrueFirst	compare_member_true_first	1000	current	6	1000	111.91848600000006	explicit-group-compare/groups.json
group-compare	explicit	nonroot	groups	groupCompareTrueFirst	compare_member_true_first	1000	openldap	6	1000	88.44668700000008	explicit-group-compare/groups.json
group-compare	explicit	nonroot	groups	groupCompareTrueFirst	compare_member_true_first	1000	before	7	1000	112.71313599999986	explicit-group-compare/groups.json
group-compare	explicit	nonroot	groups	groupCompareTrueFirst	compare_member_true_first	1000	current	7	1000	113.92699599999983	explicit-group-compare/groups.json
group-compare	explicit	nonroot	groups	groupCompareTrueFirst	compare_member_true_first	1000	openldap	7	1000	88.57267000000002	explicit-group-compare/groups.json
group-compare	explicit	nonroot	groups	groupCompareTrueLast	compare_member_true_last	10	before	1	1000	107.42414499999995	explicit-group-compare/groups.json
group-compare	explicit	nonroot	groups	groupCompareTrueLast	compare_member_true_last	10	current	1	1000	106.37912199999995	explicit-group-compare/groups.json
group-compare	explicit	nonroot	groups	groupCompareTrueLast	compare_member_true_last	10	openldap	1	1000	84.87258899999999	explicit-group-compare/groups.json
group-compare	explicit	nonroot	groups	groupCompareTrueLast	compare_member_true_last	10	before	2	1000	102.52239000000004	explicit-group-compare/groups.json
group-compare	explicit	nonroot	groups	groupCompareTrueLast	compare_member_true_last	10	current	2	1000	102.35355299999985	explicit-group-compare/groups.json
group-compare	explicit	nonroot	groups	groupCompareTrueLast	compare_member_true_last	10	openldap	2	1000	82.331696	explicit-group-compare/groups.json
group-compare	explicit	nonroot	groups	groupCompareTrueLast	compare_member_true_last	10	before	3	1000	103.30991700000004	explicit-group-compare/groups.json
group-compare	explicit	nonroot	groups	groupCompareTrueLast	compare_member_true_last	10	current	3	1000	104.87985099999989	explicit-group-compare/groups.json
group-compare	explicit	nonroot	groups	groupCompareTrueLast	compare_member_true_last	10	openldap	3	1000	85.03025	explicit-group-compare/groups.json
group-compare	explicit	nonroot	groups	groupCompareTrueLast	compare_member_true_last	10	before	4	1000	102.54398400000004	explicit-group-compare/groups.json
group-compare	explicit	nonroot	groups	groupCompareTrueLast	compare_member_true_last	10	current	4	1000	102.72468500000001	explicit-group-compare/groups.json
group-compare	explicit	nonroot	groups	groupCompareTrueLast	compare_member_true_last	10	openldap	4	1000	81.81799800000002	explicit-group-compare/groups.json
group-compare	explicit	nonroot	groups	groupCompareTrueLast	compare_member_true_last	10	before	5	1000	120.06812400000013	explicit-group-compare/groups.json
group-compare	explicit	nonroot	groups	groupCompareTrueLast	compare_member_true_last	10	current	5	1000	113.91115999999998	explicit-group-compare/groups.json
group-compare	explicit	nonroot	groups	groupCompareTrueLast	compare_member_true_last	10	openldap	5	1000	91.93908300000002	explicit-group-compare/groups.json
group-compare	explicit	nonroot	groups	groupCompareTrueLast	compare_member_true_last	10	before	6	1000	102.0553779999999	explicit-group-compare/groups.json
group-compare	explicit	nonroot	groups	groupCompareTrueLast	compare_member_true_last	10	current	6	1000	100.290016	explicit-group-compare/groups.json
group-compare	explicit	nonroot	groups	groupCompareTrueLast	compare_member_true_last	10	openldap	6	1000	78.75598800000004	explicit-group-compare/groups.json
group-compare	explicit	nonroot	groups	groupCompareTrueLast	compare_member_true_last	10	before	7	1000	104.77203799999988	explicit-group-compare/groups.json
group-compare	explicit	nonroot	groups	groupCompareTrueLast	compare_member_true_last	10	current	7	1000	102.8637130000001	explicit-group-compare/groups.json
group-compare	explicit	nonroot	groups	groupCompareTrueLast	compare_member_true_last	10	openldap	7	1000	82.19826100000003	explicit-group-compare/groups.json
group-compare	explicit	nonroot	groups	groupCompareTrueLast	compare_member_true_last	1000	before	1	1000	192.9267170000001	explicit-group-compare/groups.json
group-compare	explicit	nonroot	groups	groupCompareTrueLast	compare_member_true_last	1000	current	1	1000	193.97412699999998	explicit-group-compare/groups.json
group-compare	explicit	nonroot	groups	groupCompareTrueLast	compare_member_true_last	1000	openldap	1	1000	120.01209399999988	explicit-group-compare/groups.json
group-compare	explicit	nonroot	groups	groupCompareTrueLast	compare_member_true_last	1000	before	2	1000	159.71355	explicit-group-compare/groups.json
group-compare	explicit	nonroot	groups	groupCompareTrueLast	compare_member_true_last	1000	current	2	1000	163.92954400000016	explicit-group-compare/groups.json
group-compare	explicit	nonroot	groups	groupCompareTrueLast	compare_member_true_last	1000	openldap	2	1000	99.3151650000001	explicit-group-compare/groups.json
group-compare	explicit	nonroot	groups	groupCompareTrueLast	compare_member_true_last	1000	before	3	1000	157.9075830000002	explicit-group-compare/groups.json
group-compare	explicit	nonroot	groups	groupCompareTrueLast	compare_member_true_last	1000	current	3	1000	162.12446000000023	explicit-group-compare/groups.json
group-compare	explicit	nonroot	groups	groupCompareTrueLast	compare_member_true_last	1000	openldap	3	1000	96.59262299999999	explicit-group-compare/groups.json
group-compare	explicit	nonroot	groups	groupCompareTrueLast	compare_member_true_last	1000	before	4	1000	162.14947100000003	explicit-group-compare/groups.json
group-compare	explicit	nonroot	groups	groupCompareTrueLast	compare_member_true_last	1000	current	4	1000	159.131597	explicit-group-compare/groups.json
group-compare	explicit	nonroot	groups	groupCompareTrueLast	compare_member_true_last	1000	openldap	4	1000	96.14595299999998	explicit-group-compare/groups.json
group-compare	explicit	nonroot	groups	groupCompareTrueLast	compare_member_true_last	1000	before	5	1000	158.751766	explicit-group-compare/groups.json
group-compare	explicit	nonroot	groups	groupCompareTrueLast	compare_member_true_last	1000	current	5	1000	157.16689199999982	explicit-group-compare/groups.json
group-compare	explicit	nonroot	groups	groupCompareTrueLast	compare_member_true_last	1000	openldap	5	1000	98.1734959999999	explicit-group-compare/groups.json
group-compare	explicit	nonroot	groups	groupCompareTrueLast	compare_member_true_last	1000	before	6	1000	153.56849400000024	explicit-group-compare/groups.json
group-compare	explicit	nonroot	groups	groupCompareTrueLast	compare_member_true_last	1000	current	6	1000	155.11662399999992	explicit-group-compare/groups.json
group-compare	explicit	nonroot	groups	groupCompareTrueLast	compare_member_true_last	1000	openldap	6	1000	94.67462999999995	explicit-group-compare/groups.json
group-compare	explicit	nonroot	groups	groupCompareTrueLast	compare_member_true_last	1000	before	7	1000	150.25049100000004	explicit-group-compare/groups.json
group-compare	explicit	nonroot	groups	groupCompareTrueLast	compare_member_true_last	1000	current	7	1000	145.89641400000008	explicit-group-compare/groups.json
group-compare	explicit	nonroot	groups	groupCompareTrueLast	compare_member_true_last	1000	openldap	7	1000	89.47416800000002	explicit-group-compare/groups.json
group-compare	explicit	nonroot	groups	groupCompareFalse	compare_member_false_missing	10	before	1	1000	101.77537800000006	explicit-group-compare/groups.json
group-compare	explicit	nonroot	groups	groupCompareFalse	compare_member_false_missing	10	current	1	1000	105.33112599999994	explicit-group-compare/groups.json
group-compare	explicit	nonroot	groups	groupCompareFalse	compare_member_false_missing	10	openldap	1	1000	80.37812300000003	explicit-group-compare/groups.json
group-compare	explicit	nonroot	groups	groupCompareFalse	compare_member_false_missing	10	before	2	1000	103.33487400000008	explicit-group-compare/groups.json
group-compare	explicit	nonroot	groups	groupCompareFalse	compare_member_false_missing	10	current	2	1000	103.6863559999999	explicit-group-compare/groups.json
group-compare	explicit	nonroot	groups	groupCompareFalse	compare_member_false_missing	10	openldap	2	1000	84.28658599999986	explicit-group-compare/groups.json
group-compare	explicit	nonroot	groups	groupCompareFalse	compare_member_false_missing	10	before	3	1000	95.37237300000004	explicit-group-compare/groups.json
group-compare	explicit	nonroot	groups	groupCompareFalse	compare_member_false_missing	10	current	3	1000	95.59902800000008	explicit-group-compare/groups.json
group-compare	explicit	nonroot	groups	groupCompareFalse	compare_member_false_missing	10	openldap	3	1000	75.34634200000008	explicit-group-compare/groups.json
group-compare	explicit	nonroot	groups	groupCompareFalse	compare_member_false_missing	10	before	4	1000	96.51874899999994	explicit-group-compare/groups.json
group-compare	explicit	nonroot	groups	groupCompareFalse	compare_member_false_missing	10	current	4	1000	94.12195600000014	explicit-group-compare/groups.json
group-compare	explicit	nonroot	groups	groupCompareFalse	compare_member_false_missing	10	openldap	4	1000	75.58004600000001	explicit-group-compare/groups.json
group-compare	explicit	nonroot	groups	groupCompareFalse	compare_member_false_missing	10	before	5	1000	94.45279600000012	explicit-group-compare/groups.json
group-compare	explicit	nonroot	groups	groupCompareFalse	compare_member_false_missing	10	current	5	1000	94.02078399999998	explicit-group-compare/groups.json
group-compare	explicit	nonroot	groups	groupCompareFalse	compare_member_false_missing	10	openldap	5	1000	74.76470800000001	explicit-group-compare/groups.json
group-compare	explicit	nonroot	groups	groupCompareFalse	compare_member_false_missing	10	before	6	1000	101.87086899999991	explicit-group-compare/groups.json
group-compare	explicit	nonroot	groups	groupCompareFalse	compare_member_false_missing	10	current	6	1000	100.04349999999995	explicit-group-compare/groups.json
group-compare	explicit	nonroot	groups	groupCompareFalse	compare_member_false_missing	10	openldap	6	1000	80.74866099999993	explicit-group-compare/groups.json
group-compare	explicit	nonroot	groups	groupCompareFalse	compare_member_false_missing	10	before	7	1000	110.41035499999998	explicit-group-compare/groups.json
group-compare	explicit	nonroot	groups	groupCompareFalse	compare_member_false_missing	10	current	7	1000	118.78020599999994	explicit-group-compare/groups.json
group-compare	explicit	nonroot	groups	groupCompareFalse	compare_member_false_missing	10	openldap	7	1000	90.53316300000012	explicit-group-compare/groups.json
group-compare	explicit	nonroot	groups	groupCompareFalse	compare_member_false_missing	1000	before	1	1000	142.45441000000005	explicit-group-compare/groups.json
group-compare	explicit	nonroot	groups	groupCompareFalse	compare_member_false_missing	1000	current	1	1000	141.47495200000003	explicit-group-compare/groups.json
group-compare	explicit	nonroot	groups	groupCompareFalse	compare_member_false_missing	1000	openldap	1	1000	86.44427800000005	explicit-group-compare/groups.json
group-compare	explicit	nonroot	groups	groupCompareFalse	compare_member_false_missing	1000	before	2	1000	139.19451499999994	explicit-group-compare/groups.json
group-compare	explicit	nonroot	groups	groupCompareFalse	compare_member_false_missing	1000	current	2	1000	135.8659639999999	explicit-group-compare/groups.json
group-compare	explicit	nonroot	groups	groupCompareFalse	compare_member_false_missing	1000	openldap	2	1000	83.51723500000008	explicit-group-compare/groups.json
group-compare	explicit	nonroot	groups	groupCompareFalse	compare_member_false_missing	1000	before	3	1000	145.48996300000016	explicit-group-compare/groups.json
group-compare	explicit	nonroot	groups	groupCompareFalse	compare_member_false_missing	1000	current	3	1000	148.58400400000002	explicit-group-compare/groups.json
group-compare	explicit	nonroot	groups	groupCompareFalse	compare_member_false_missing	1000	openldap	3	1000	90.29813100000003	explicit-group-compare/groups.json
group-compare	explicit	nonroot	groups	groupCompareFalse	compare_member_false_missing	1000	before	4	1000	156.52111399999987	explicit-group-compare/groups.json
group-compare	explicit	nonroot	groups	groupCompareFalse	compare_member_false_missing	1000	current	4	1000	153.06704800000009	explicit-group-compare/groups.json
group-compare	explicit	nonroot	groups	groupCompareFalse	compare_member_false_missing	1000	openldap	4	1000	97.03418600000012	explicit-group-compare/groups.json
group-compare	explicit	nonroot	groups	groupCompareFalse	compare_member_false_missing	1000	before	5	1000	153.52529400000012	explicit-group-compare/groups.json
group-compare	explicit	nonroot	groups	groupCompareFalse	compare_member_false_missing	1000	current	5	1000	152.51658000000023	explicit-group-compare/groups.json
group-compare	explicit	nonroot	groups	groupCompareFalse	compare_member_false_missing	1000	openldap	5	1000	95.01721299999997	explicit-group-compare/groups.json
group-compare	explicit	nonroot	groups	groupCompareFalse	compare_member_false_missing	1000	before	6	1000	142.32741700000017	explicit-group-compare/groups.json
group-compare	explicit	nonroot	groups	groupCompareFalse	compare_member_false_missing	1000	current	6	1000	149.22416399999972	explicit-group-compare/groups.json
group-compare	explicit	nonroot	groups	groupCompareFalse	compare_member_false_missing	1000	openldap	6	1000	87.17068700000002	explicit-group-compare/groups.json
group-compare	explicit	nonroot	groups	groupCompareFalse	compare_member_false_missing	1000	before	7	1000	142.92538599999997	explicit-group-compare/groups.json
group-compare	explicit	nonroot	groups	groupCompareFalse	compare_member_false_missing	1000	current	7	1000	143.37788699999987	explicit-group-compare/groups.json
group-compare	explicit	nonroot	groups	groupCompareFalse	compare_member_false_missing	1000	openldap	7	1000	90.27651900000009	explicit-group-compare/groups.json
group-compare	default	nonroot	groups	groupCompareTrueFirst	compare_member_true_first	10	before	1	1000	98.00571899999998	default-group-compare/groups.json
group-compare	default	nonroot	groups	groupCompareTrueFirst	compare_member_true_first	10	current	1	1000	99.06389299999985	default-group-compare/groups.json
group-compare	default	nonroot	groups	groupCompareTrueFirst	compare_member_true_first	10	openldap	1	1000	81.48805399999995	default-group-compare/groups.json
group-compare	default	nonroot	groups	groupCompareTrueFirst	compare_member_true_first	10	before	2	1000	95.83841300000002	default-group-compare/groups.json
group-compare	default	nonroot	groups	groupCompareTrueFirst	compare_member_true_first	10	current	2	1000	97.92404200000001	default-group-compare/groups.json
group-compare	default	nonroot	groups	groupCompareTrueFirst	compare_member_true_first	10	openldap	2	1000	80.742331	default-group-compare/groups.json
group-compare	default	nonroot	groups	groupCompareTrueFirst	compare_member_true_first	10	before	3	1000	98.40730499999994	default-group-compare/groups.json
group-compare	default	nonroot	groups	groupCompareTrueFirst	compare_member_true_first	10	current	3	1000	98.65533299999997	default-group-compare/groups.json
group-compare	default	nonroot	groups	groupCompareTrueFirst	compare_member_true_first	10	openldap	3	1000	82.20203600000004	default-group-compare/groups.json
group-compare	default	nonroot	groups	groupCompareTrueFirst	compare_member_true_first	10	before	4	1000	98.79594299999995	default-group-compare/groups.json
group-compare	default	nonroot	groups	groupCompareTrueFirst	compare_member_true_first	10	current	4	1000	98.593441	default-group-compare/groups.json
group-compare	default	nonroot	groups	groupCompareTrueFirst	compare_member_true_first	10	openldap	4	1000	83.21246799999994	default-group-compare/groups.json
group-compare	default	nonroot	groups	groupCompareTrueFirst	compare_member_true_first	10	before	5	1000	97.50041999999998	default-group-compare/groups.json
group-compare	default	nonroot	groups	groupCompareTrueFirst	compare_member_true_first	10	current	5	1000	99.11462700000011	default-group-compare/groups.json
group-compare	default	nonroot	groups	groupCompareTrueFirst	compare_member_true_first	10	openldap	5	1000	83.26386899999997	default-group-compare/groups.json
group-compare	default	nonroot	groups	groupCompareTrueFirst	compare_member_true_first	10	before	6	1000	93.08500500000001	default-group-compare/groups.json
group-compare	default	nonroot	groups	groupCompareTrueFirst	compare_member_true_first	10	current	6	1000	92.894613	default-group-compare/groups.json
group-compare	default	nonroot	groups	groupCompareTrueFirst	compare_member_true_first	10	openldap	6	1000	77.42887299999987	default-group-compare/groups.json
group-compare	default	nonroot	groups	groupCompareTrueFirst	compare_member_true_first	10	before	7	1000	90.17259500000007	default-group-compare/groups.json
group-compare	default	nonroot	groups	groupCompareTrueFirst	compare_member_true_first	10	current	7	1000	91.05985799999998	default-group-compare/groups.json
group-compare	default	nonroot	groups	groupCompareTrueFirst	compare_member_true_first	10	openldap	7	1000	74.37127400000004	default-group-compare/groups.json
group-compare	default	nonroot	groups	groupCompareTrueFirst	compare_member_true_first	1000	before	1	1000	107.41441899999998	default-group-compare/groups.json
group-compare	default	nonroot	groups	groupCompareTrueFirst	compare_member_true_first	1000	current	1	1000	105.31201799999992	default-group-compare/groups.json
group-compare	default	nonroot	groups	groupCompareTrueFirst	compare_member_true_first	1000	openldap	1	1000	81.48724699999991	default-group-compare/groups.json
group-compare	default	nonroot	groups	groupCompareTrueFirst	compare_member_true_first	1000	before	2	1000	102.83938000000005	default-group-compare/groups.json
group-compare	default	nonroot	groups	groupCompareTrueFirst	compare_member_true_first	1000	current	2	1000	102.08834300000008	default-group-compare/groups.json
group-compare	default	nonroot	groups	groupCompareTrueFirst	compare_member_true_first	1000	openldap	2	1000	79.35824999999994	default-group-compare/groups.json
group-compare	default	nonroot	groups	groupCompareTrueFirst	compare_member_true_first	1000	before	3	1000	100.83794600000003	default-group-compare/groups.json
group-compare	default	nonroot	groups	groupCompareTrueFirst	compare_member_true_first	1000	current	3	1000	99.62967700000013	default-group-compare/groups.json
group-compare	default	nonroot	groups	groupCompareTrueFirst	compare_member_true_first	1000	openldap	3	1000	78.09400000000005	default-group-compare/groups.json
group-compare	default	nonroot	groups	groupCompareTrueFirst	compare_member_true_first	1000	before	4	1000	98.38457900000012	default-group-compare/groups.json
group-compare	default	nonroot	groups	groupCompareTrueFirst	compare_member_true_first	1000	current	4	1000	99.05060699999987	default-group-compare/groups.json
group-compare	default	nonroot	groups	groupCompareTrueFirst	compare_member_true_first	1000	openldap	4	1000	77.24643200000001	default-group-compare/groups.json
group-compare	default	nonroot	groups	groupCompareTrueFirst	compare_member_true_first	1000	before	5	1000	101.24449799999994	default-group-compare/groups.json
group-compare	default	nonroot	groups	groupCompareTrueFirst	compare_member_true_first	1000	current	5	1000	99.51371600000012	default-group-compare/groups.json
group-compare	default	nonroot	groups	groupCompareTrueFirst	compare_member_true_first	1000	openldap	5	1000	77.25859899999999	default-group-compare/groups.json
group-compare	default	nonroot	groups	groupCompareTrueFirst	compare_member_true_first	1000	before	6	1000	98.53266199999996	default-group-compare/groups.json
group-compare	default	nonroot	groups	groupCompareTrueFirst	compare_member_true_first	1000	current	6	1000	97.63309699999995	default-group-compare/groups.json
group-compare	default	nonroot	groups	groupCompareTrueFirst	compare_member_true_first	1000	openldap	6	1000	74.76687299999992	default-group-compare/groups.json
group-compare	default	nonroot	groups	groupCompareTrueFirst	compare_member_true_first	1000	before	7	1000	102.47445599999995	default-group-compare/groups.json
group-compare	default	nonroot	groups	groupCompareTrueFirst	compare_member_true_first	1000	current	7	1000	102.21839100000005	default-group-compare/groups.json
group-compare	default	nonroot	groups	groupCompareTrueFirst	compare_member_true_first	1000	openldap	7	1000	79.21810099999993	default-group-compare/groups.json
group-compare	default	nonroot	groups	groupCompareTrueLast	compare_member_true_last	10	before	1	1000	92.56121800000014	default-group-compare/groups.json
group-compare	default	nonroot	groups	groupCompareTrueLast	compare_member_true_last	10	current	1	1000	93.63167100000008	default-group-compare/groups.json
group-compare	default	nonroot	groups	groupCompareTrueLast	compare_member_true_last	10	openldap	1	1000	75.32414199999995	default-group-compare/groups.json
group-compare	default	nonroot	groups	groupCompareTrueLast	compare_member_true_last	10	before	2	1000	96.05240700000002	default-group-compare/groups.json
group-compare	default	nonroot	groups	groupCompareTrueLast	compare_member_true_last	10	current	2	1000	96.9035390000001	default-group-compare/groups.json
group-compare	default	nonroot	groups	groupCompareTrueLast	compare_member_true_last	10	openldap	2	1000	77.6894460000001	default-group-compare/groups.json
group-compare	default	nonroot	groups	groupCompareTrueLast	compare_member_true_last	10	before	3	1000	103.70429200000005	default-group-compare/groups.json
group-compare	default	nonroot	groups	groupCompareTrueLast	compare_member_true_last	10	current	3	1000	103.41307400000011	default-group-compare/groups.json
group-compare	default	nonroot	groups	groupCompareTrueLast	compare_member_true_last	10	openldap	3	1000	87.13072500000008	default-group-compare/groups.json
group-compare	default	nonroot	groups	groupCompareTrueLast	compare_member_true_last	10	before	4	1000	117.41109200000001	default-group-compare/groups.json
group-compare	default	nonroot	groups	groupCompareTrueLast	compare_member_true_last	10	current	4	1000	119.40001600000005	default-group-compare/groups.json
group-compare	default	nonroot	groups	groupCompareTrueLast	compare_member_true_last	10	openldap	4	1000	93.32561599999998	default-group-compare/groups.json
group-compare	default	nonroot	groups	groupCompareTrueLast	compare_member_true_last	10	before	5	1000	99.64822499999998	default-group-compare/groups.json
group-compare	default	nonroot	groups	groupCompareTrueLast	compare_member_true_last	10	current	5	1000	99.4476890000001	default-group-compare/groups.json
group-compare	default	nonroot	groups	groupCompareTrueLast	compare_member_true_last	10	openldap	5	1000	81.24376100000013	default-group-compare/groups.json
group-compare	default	nonroot	groups	groupCompareTrueLast	compare_member_true_last	10	before	6	1000	96.88420599999999	default-group-compare/groups.json
group-compare	default	nonroot	groups	groupCompareTrueLast	compare_member_true_last	10	current	6	1000	97.89167600000013	default-group-compare/groups.json
group-compare	default	nonroot	groups	groupCompareTrueLast	compare_member_true_last	10	openldap	6	1000	78.69546100000004	default-group-compare/groups.json
group-compare	default	nonroot	groups	groupCompareTrueLast	compare_member_true_last	10	before	7	1000	97.65912299999985	default-group-compare/groups.json
group-compare	default	nonroot	groups	groupCompareTrueLast	compare_member_true_last	10	current	7	1000	99.5941510000002	default-group-compare/groups.json
group-compare	default	nonroot	groups	groupCompareTrueLast	compare_member_true_last	10	openldap	7	1000	78.80973400000002	default-group-compare/groups.json
group-compare	default	nonroot	groups	groupCompareTrueLast	compare_member_true_last	1000	before	1	1000	156.83922000000018	default-group-compare/groups.json
group-compare	default	nonroot	groups	groupCompareTrueLast	compare_member_true_last	1000	current	1	1000	156.35417400000034	default-group-compare/groups.json
group-compare	default	nonroot	groups	groupCompareTrueLast	compare_member_true_last	1000	openldap	1	1000	92.93001800000005	default-group-compare/groups.json
group-compare	default	nonroot	groups	groupCompareTrueLast	compare_member_true_last	1000	before	2	1000	148.22270200000008	default-group-compare/groups.json
group-compare	default	nonroot	groups	groupCompareTrueLast	compare_member_true_last	1000	current	2	1000	152.21821300000002	default-group-compare/groups.json
group-compare	default	nonroot	groups	groupCompareTrueLast	compare_member_true_last	1000	openldap	2	1000	90.17728700000015	default-group-compare/groups.json
group-compare	default	nonroot	groups	groupCompareTrueLast	compare_member_true_last	1000	before	3	1000	143.5611190000001	default-group-compare/groups.json
group-compare	default	nonroot	groups	groupCompareTrueLast	compare_member_true_last	1000	current	3	1000	143.53867099999982	default-group-compare/groups.json
group-compare	default	nonroot	groups	groupCompareTrueLast	compare_member_true_last	1000	openldap	3	1000	92.12079899999993	default-group-compare/groups.json
group-compare	default	nonroot	groups	groupCompareTrueLast	compare_member_true_last	1000	before	4	1000	148.60970600000005	default-group-compare/groups.json
group-compare	default	nonroot	groups	groupCompareTrueLast	compare_member_true_last	1000	current	4	1000	148.1091740000001	default-group-compare/groups.json
group-compare	default	nonroot	groups	groupCompareTrueLast	compare_member_true_last	1000	openldap	4	1000	88.04853199999997	default-group-compare/groups.json
group-compare	default	nonroot	groups	groupCompareTrueLast	compare_member_true_last	1000	before	5	1000	147.13862600000007	default-group-compare/groups.json
group-compare	default	nonroot	groups	groupCompareTrueLast	compare_member_true_last	1000	current	5	1000	145.78474700000007	default-group-compare/groups.json
group-compare	default	nonroot	groups	groupCompareTrueLast	compare_member_true_last	1000	openldap	5	1000	88.82169100000004	default-group-compare/groups.json
group-compare	default	nonroot	groups	groupCompareTrueLast	compare_member_true_last	1000	before	6	1000	138.06671700000004	default-group-compare/groups.json
group-compare	default	nonroot	groups	groupCompareTrueLast	compare_member_true_last	1000	current	6	1000	141.1217480000001	default-group-compare/groups.json
group-compare	default	nonroot	groups	groupCompareTrueLast	compare_member_true_last	1000	openldap	6	1000	84.21657400000004	default-group-compare/groups.json
group-compare	default	nonroot	groups	groupCompareTrueLast	compare_member_true_last	1000	before	7	1000	141.68473999999995	default-group-compare/groups.json
group-compare	default	nonroot	groups	groupCompareTrueLast	compare_member_true_last	1000	current	7	1000	138.21998500000004	default-group-compare/groups.json
group-compare	default	nonroot	groups	groupCompareTrueLast	compare_member_true_last	1000	openldap	7	1000	84.00664199999996	default-group-compare/groups.json
group-compare	default	nonroot	groups	groupCompareFalse	compare_member_false_missing	10	before	1	1000	100.37999299999997	default-group-compare/groups.json
group-compare	default	nonroot	groups	groupCompareFalse	compare_member_false_missing	10	current	1	1000	101.03172900000008	default-group-compare/groups.json
group-compare	default	nonroot	groups	groupCompareFalse	compare_member_false_missing	10	openldap	1	1000	81.77085100000005	default-group-compare/groups.json
group-compare	default	nonroot	groups	groupCompareFalse	compare_member_false_missing	10	before	2	1000	97.819614	default-group-compare/groups.json
group-compare	default	nonroot	groups	groupCompareFalse	compare_member_false_missing	10	current	2	1000	96.7778549999999	default-group-compare/groups.json
group-compare	default	nonroot	groups	groupCompareFalse	compare_member_false_missing	10	openldap	2	1000	77.17802099999999	default-group-compare/groups.json
group-compare	default	nonroot	groups	groupCompareFalse	compare_member_false_missing	10	before	3	1000	97.73808099999998	default-group-compare/groups.json
group-compare	default	nonroot	groups	groupCompareFalse	compare_member_false_missing	10	current	3	1000	97.8357819999999	default-group-compare/groups.json
group-compare	default	nonroot	groups	groupCompareFalse	compare_member_false_missing	10	openldap	3	1000	78.68682099999998	default-group-compare/groups.json
group-compare	default	nonroot	groups	groupCompareFalse	compare_member_false_missing	10	before	4	1000	98.97454300000001	default-group-compare/groups.json
group-compare	default	nonroot	groups	groupCompareFalse	compare_member_false_missing	10	current	4	1000	99.69996599999997	default-group-compare/groups.json
group-compare	default	nonroot	groups	groupCompareFalse	compare_member_false_missing	10	openldap	4	1000	78.58255300000015	default-group-compare/groups.json
group-compare	default	nonroot	groups	groupCompareFalse	compare_member_false_missing	10	before	5	1000	103.85641499999996	default-group-compare/groups.json
group-compare	default	nonroot	groups	groupCompareFalse	compare_member_false_missing	10	current	5	1000	105.05026900000001	default-group-compare/groups.json
group-compare	default	nonroot	groups	groupCompareFalse	compare_member_false_missing	10	openldap	5	1000	83.14487299999999	default-group-compare/groups.json
group-compare	default	nonroot	groups	groupCompareFalse	compare_member_false_missing	10	before	6	1000	102.52329200000001	default-group-compare/groups.json
group-compare	default	nonroot	groups	groupCompareFalse	compare_member_false_missing	10	current	6	1000	102.00670700000006	default-group-compare/groups.json
group-compare	default	nonroot	groups	groupCompareFalse	compare_member_false_missing	10	openldap	6	1000	81.420586	default-group-compare/groups.json
group-compare	default	nonroot	groups	groupCompareFalse	compare_member_false_missing	10	before	7	1000	101.73254399999998	default-group-compare/groups.json
group-compare	default	nonroot	groups	groupCompareFalse	compare_member_false_missing	10	current	7	1000	103.0892739999999	default-group-compare/groups.json
group-compare	default	nonroot	groups	groupCompareFalse	compare_member_false_missing	10	openldap	7	1000	82.99117300000002	default-group-compare/groups.json
group-compare	default	nonroot	groups	groupCompareFalse	compare_member_false_missing	1000	before	1	1000	145.04870400000001	default-group-compare/groups.json
group-compare	default	nonroot	groups	groupCompareFalse	compare_member_false_missing	1000	current	1	1000	146.19054400000022	default-group-compare/groups.json
group-compare	default	nonroot	groups	groupCompareFalse	compare_member_false_missing	1000	openldap	1	1000	89.83333199999996	default-group-compare/groups.json
group-compare	default	nonroot	groups	groupCompareFalse	compare_member_false_missing	1000	before	2	1000	142.41108800000003	default-group-compare/groups.json
group-compare	default	nonroot	groups	groupCompareFalse	compare_member_false_missing	1000	current	2	1000	145.30381500000004	default-group-compare/groups.json
group-compare	default	nonroot	groups	groupCompareFalse	compare_member_false_missing	1000	openldap	2	1000	91.42636699999986	default-group-compare/groups.json
group-compare	default	nonroot	groups	groupCompareFalse	compare_member_false_missing	1000	before	3	1000	138.722546	default-group-compare/groups.json
group-compare	default	nonroot	groups	groupCompareFalse	compare_member_false_missing	1000	current	3	1000	140.2079199999999	default-group-compare/groups.json
group-compare	default	nonroot	groups	groupCompareFalse	compare_member_false_missing	1000	openldap	3	1000	88.3275279999999	default-group-compare/groups.json
group-compare	default	nonroot	groups	groupCompareFalse	compare_member_false_missing	1000	before	4	1000	147.4375419999999	default-group-compare/groups.json
group-compare	default	nonroot	groups	groupCompareFalse	compare_member_false_missing	1000	current	4	1000	145.97557299999986	default-group-compare/groups.json
group-compare	default	nonroot	groups	groupCompareFalse	compare_member_false_missing	1000	openldap	4	1000	92.28694700000011	default-group-compare/groups.json
group-compare	default	nonroot	groups	groupCompareFalse	compare_member_false_missing	1000	before	5	1000	141.31748300000007	default-group-compare/groups.json
group-compare	default	nonroot	groups	groupCompareFalse	compare_member_false_missing	1000	current	5	1000	144.55740900000006	default-group-compare/groups.json
group-compare	default	nonroot	groups	groupCompareFalse	compare_member_false_missing	1000	openldap	5	1000	87.24405700000017	default-group-compare/groups.json
group-compare	default	nonroot	groups	groupCompareFalse	compare_member_false_missing	1000	before	6	1000	134.15342400000003	default-group-compare/groups.json
group-compare	default	nonroot	groups	groupCompareFalse	compare_member_false_missing	1000	current	6	1000	132.39984900000005	default-group-compare/groups.json
group-compare	default	nonroot	groups	groupCompareFalse	compare_member_false_missing	1000	openldap	6	1000	81.20148400000001	default-group-compare/groups.json
group-compare	default	nonroot	groups	groupCompareFalse	compare_member_false_missing	1000	before	7	1000	143.64899600000007	default-group-compare/groups.json
group-compare	default	nonroot	groups	groupCompareFalse	compare_member_false_missing	1000	current	7	1000	139.84042100000013	default-group-compare/groups.json
group-compare	default	nonroot	groups	groupCompareFalse	compare_member_false_missing	1000	openldap	7	1000	86.537132	default-group-compare/groups.json
