path	sha256	bytes	reconstruction
cmd/ldap-go/backup_prune.go	9274456f557438e0896f7ea136784354ab51c2282c5f4573c386f5bbcbf434f6	17310	immutable baseline bf510d8f2becd4c023fe04a7df8b8dd1681e1d11
cmd/ldap-go/backup_prune_test.go	7dcc9add4222416b9df6204e47bc89bbe32018ff8bd7f8a08dd03c5b4c6e23ef	19399	immutable baseline bf510d8f2becd4c023fe04a7df8b8dd1681e1d11
cmd/ldap-go/backup_prune_unix.go	18542af1ec9b212a0f4d9981f4192e33efec413e3bfe716c1d3c05633c76d827	1401	immutable baseline bf510d8f2becd4c023fe04a7df8b8dd1681e1d11
cmd/ldap-go/backup_prune_windows.go	baa0e672a1539ed6980cca540767e7d1989cdf72cde27060600e30dd0d79cd44	234	immutable baseline bf510d8f2becd4c023fe04a7df8b8dd1681e1d11
cmd/ldap-go/client.go	aa8763ddf4c7c0fcb84c55cc3967147f6339767d67b9913b242a34d560b87743	127725	immutable baseline bf510d8f2becd4c023fe04a7df8b8dd1681e1d11
cmd/ldap-go/client_batch_test.go	a00db1427cc7d4e0b0565b5e4524d0d64c3d50a09f77fb1f7818c68130cd8105	11302	immutable baseline bf510d8f2becd4c023fe04a7df8b8dd1681e1d11
cmd/ldap-go/client_compare_controls_test.go	f53ba2b7a38d3c4c94faacc15ad2ff2a7b4792f82437706d22e9707573f259a0	7202	immutable baseline bf510d8f2becd4c023fe04a7df8b8dd1681e1d11
cmd/ldap-go/client_compare_extensions_test.go	d4de4f26ed0afb0f5367b8ad7f8ab80b973db6bc37f54cd508c3e6ce93def41f	10063	immutable baseline bf510d8f2becd4c023fe04a7df8b8dd1681e1d11
cmd/ldap-go/client_controls.go	063cffc70faeb144e4b9b98d0c7e7195b78f3ff74814eecc6e40891301f46ec4	14520	immutable baseline bf510d8f2becd4c023fe04a7df8b8dd1681e1d11
cmd/ldap-go/client_controls_referral_test.go	4799df05b1a5fa9ff1b8028c87b8279e441bacaed8401c01cb90c81919699e3c	23898	immutable baseline bf510d8f2becd4c023fe04a7df8b8dd1681e1d11
cmd/ldap-go/client_deref_response_test.go	33a3bf5c16a5b31dc26b0ad09890fca91cf451315040d2e03d274c58541504ee	3540	immutable baseline bf510d8f2becd4c023fe04a7df8b8dd1681e1d11
cmd/ldap-go/client_domain_scope_test.go	c4d32939b433d632dda0ae49f7101550fae83d3c5f405e8e636725bfa0611187	1397	immutable baseline bf510d8f2becd4c023fe04a7df8b8dd1681e1d11
cmd/ldap-go/client_extended.go	7815e59e2ac18b79d6ae5144f2ac4220c4a780a13003b99802bda04c2ec3b285	53193	immutable baseline bf510d8f2becd4c023fe04a7df8b8dd1681e1d11
cmd/ldap-go/client_extended_test.go	392b6d222d6b7d60dd2a638abb78890ef0cf3e5cc9a1b6143d5f7e0196b2ac76	43412	immutable baseline bf510d8f2becd4c023fe04a7df8b8dd1681e1d11
cmd/ldap-go/client_failover.go	f5458a62ea5b160fd290af02ead29333214c63d12c7fe6767dfb6b9240e6d21c	5729	immutable baseline bf510d8f2becd4c023fe04a7df8b8dd1681e1d11
cmd/ldap-go/client_failover_test.go	a96802b3407d41a3e3db83843dcc7ddadbcb7738796b10aaa0273207ed111eef	11146	immutable baseline bf510d8f2becd4c023fe04a7df8b8dd1681e1d11
cmd/ldap-go/client_gssapi.go	e134bc95e1e8283a75220cba2e95d3f2abd0b7a60448e348527168e4b46a4f31	9351	immutable baseline bf510d8f2becd4c023fe04a7df8b8dd1681e1d11
cmd/ldap-go/client_gssapi_test.go	cf33957482efcf86f6bccef3cf92724271ad496d5d25a5a45bd5723fa2a23fd5	1630	immutable baseline bf510d8f2becd4c023fe04a7df8b8dd1681e1d11
cmd/ldap-go/client_health.go	99e2223707ea2131f9394e5bdcf713c14ef941c117fc10111a99aab5e2957bf2	8786	immutable baseline bf510d8f2becd4c023fe04a7df8b8dd1681e1d11
cmd/ldap-go/client_health_test.go	85924cb9cbca24afdc033d551893ce822c8b491001dbcf20c29b274afa23a6cd	5928	immutable baseline bf510d8f2becd4c023fe04a7df8b8dd1681e1d11
cmd/ldap-go/client_host_port.go	7835b39db1526c90f676411398fe871f8148f2cb0e95d154616dd9c5347fbf1c	4818	immutable baseline bf510d8f2becd4c023fe04a7df8b8dd1681e1d11
cmd/ldap-go/client_host_port_external_test.go	9816735936c3f34487b3f159b65fcd5d2604819aa655d01b743ee638538a3ebe	6749	immutable baseline bf510d8f2becd4c023fe04a7df8b8dd1681e1d11
cmd/ldap-go/client_host_port_test.go	e4581a09b9c963279a432f7baa9a9bc09ef4fda6376e5631edede61b46461a68	17794	immutable baseline bf510d8f2becd4c023fe04a7df8b8dd1681e1d11
cmd/ldap-go/client_ldif_wrap.go	c6f77d55058ff132e2b8d8fb3b8b40edd4f3120a180430805ca3a6722804ef3d	2295	immutable baseline bf510d8f2becd4c023fe04a7df8b8dd1681e1d11
cmd/ldap-go/client_ldif_wrap_test.go	b7446e55922bec63f581a5ba2a3667c9c1a594c98220a681443c6cae4698c0ae	7419	immutable baseline bf510d8f2becd4c023fe04a7df8b8dd1681e1d11
cmd/ldap-go/client_matched_values_test.go	1b7e406db17c03a9e72cf46e86ffea54cb36e54383f6f3e2e9809b624c794c1f	2096	immutable baseline bf510d8f2becd4c023fe04a7df8b8dd1681e1d11
cmd/ldap-go/client_named_extensions_test.go	ba14bd2ccbb01f73ea0cf82bde1c8efeff997af668f56476b36e1d5d7ab2a3a4	4338	immutable baseline bf510d8f2becd4c023fe04a7df8b8dd1681e1d11
cmd/ldap-go/client_named_general_controls_test.go	085c33bef654a2d0bce2250ac053c00707aa907cc017e7210570861afda5b579	14456	immutable baseline bf510d8f2becd4c023fe04a7df8b8dd1681e1d11
cmd/ldap-go/client_password_pty_unix_test.go	ed6592478382e428bf82f07c119eefb585ecd571b7754b7bcfa91e89a02e69de	3117	immutable baseline bf510d8f2becd4c023fe04a7df8b8dd1681e1d11
cmd/ldap-go/client_referral.go	c306c859a0094c10753cd180963c913786601a5f6d25f90e62f169e21988b356	20717	immutable baseline bf510d8f2becd4c023fe04a7df8b8dd1681e1d11
cmd/ldap-go/client_referral_url_test.go	ab295175bd5feaf5f8c83f61aab9bbd9adc0cd0fc815785e3344d4fca3814a99	11343	immutable baseline bf510d8f2becd4c023fe04a7df8b8dd1681e1d11
cmd/ldap-go/client_response_controls.go	6717efb14925fedceba564ddf67fd03e655e5950de143a60095d04718b06fac2	17432	immutable baseline bf510d8f2becd4c023fe04a7df8b8dd1681e1d11
cmd/ldap-go/client_sasl.go	bf543a18631830a16fad8521ffe766db69cec7ef8f299f93e03855044fea6a67	73259	immutable baseline bf510d8f2becd4c023fe04a7df8b8dd1681e1d11
cmd/ldap-go/client_sasl_digest_des_test.go	265d48de1e6095ac4fd8c7b3b22dae9dbfede8275947049ca84e23aee2a35f33	9024	immutable baseline bf510d8f2becd4c023fe04a7df8b8dd1681e1d11
cmd/ldap-go/client_sasl_quiet_test.go	9bcb8e0bd642406ed40d0dd4a02ace9d19388970e0ff8777fdd8ceba0ec4116e	5846	immutable baseline bf510d8f2becd4c023fe04a7df8b8dd1681e1d11
cmd/ldap-go/client_sasl_scram_plus_test.go	159026fd0d038b13379b94184d77dfefe4cfc85399783d6d2a6aa6cb5081b2e1	3543	immutable baseline bf510d8f2becd4c023fe04a7df8b8dd1681e1d11
cmd/ldap-go/client_sasl_security_review_test.go	1b276cf55a2da5525d5b9b99adf87c5dfc9623719a63a61d7bae1ef3315afe6e	6742	immutable baseline bf510d8f2becd4c023fe04a7df8b8dd1681e1d11
cmd/ldap-go/client_sasl_test.go	ba5827b87c766bd8fe973db320f417da168a08a7bfb562ca052cbd68b467743a	35067	immutable baseline bf510d8f2becd4c023fe04a7df8b8dd1681e1d11
cmd/ldap-go/client_search_legacy_test.go	5a727fbd037f08b4755891f7ab966f4b2d85317b82c5cdce4a51ff0c74a0b1c7	9774	immutable baseline bf510d8f2becd4c023fe04a7df8b8dd1681e1d11
cmd/ldap-go/client_search_reference_output_test.go	04a720760839ed4601e5805d700c4ed16ec2172a3c93bff3667b2c1f96429e6f	5280	immutable baseline bf510d8f2becd4c023fe04a7df8b8dd1681e1d11
cmd/ldap-go/client_search_response_test.go	07f8b0c705fc5ec616d73de1035bf4dc4d3c82d5609b2ffc493c6457ca83d03f	14277	immutable baseline bf510d8f2becd4c023fe04a7df8b8dd1681e1d11
cmd/ldap-go/client_search_sort_test.go	5efe3da1cb8e66c4e505270be83ceaee048f893d72c487e97fc60d9d8a027d0b	16007	immutable baseline bf510d8f2becd4c023fe04a7df8b8dd1681e1d11
cmd/ldap-go/client_sync_persist_test.go	7e33a56e88c49f36c54562effb130031c6079a05eac91d8d7030f51d8ce7f247	38243	immutable baseline bf510d8f2becd4c023fe04a7df8b8dd1681e1d11
cmd/ldap-go/client_test.go	ee3ce21dd98417299fe439304d615e01e79857f469c2ed0bc1035a723d5389f2	23587	immutable baseline bf510d8f2becd4c023fe04a7df8b8dd1681e1d11
cmd/ldap-go/client_uri_list_review_test.go	a36f668c1656d859a1783a2bc6bb78a5eb7f29bea842a86e58f3f291b82ec750	14859	immutable baseline bf510d8f2becd4c023fe04a7df8b8dd1681e1d11
cmd/ldap-go/client_url_test.go	b9ec6d3cd68b0dfdec4c7016fe67ba4bb15ff60daffeef755ddbfd0f0c822269	25921	immutable baseline bf510d8f2becd4c023fe04a7df8b8dd1681e1d11
cmd/ldap-go/client_url_tool.go	889059384817e6d176e7f57963704a87d88a8f19aea46a5bc8865d510f187204	11387	immutable baseline bf510d8f2becd4c023fe04a7df8b8dd1681e1d11
cmd/ldap-go/client_url_tool_external_test.go	4d391f97d0d8b4c91a9f3ece300ed8c8e024cb88faf44b45684b752654a2931c	2753	immutable baseline bf510d8f2becd4c023fe04a7df8b8dd1681e1d11
cmd/ldap-go/client_url_tool_test.go	ab81514bb54887626f3ab70c407d10c85dd1d6a639044c2c6e4757abebc651ed	17223	immutable baseline bf510d8f2becd4c023fe04a7df8b8dd1681e1d11
cmd/ldap-go/client_verify_credentials.go	0483b5d96782c3082e08d59b1fe4b9ce48442e600e23ecd0f4e5452020acb616	24473	immutable baseline bf510d8f2becd4c023fe04a7df8b8dd1681e1d11
cmd/ldap-go/client_verify_credentials_external_test.go	adc1019daba97b4933d82e6ea57c10d57855247d850cb1a80b716286eb531361	9794	immutable baseline bf510d8f2becd4c023fe04a7df8b8dd1681e1d11
cmd/ldap-go/client_verify_credentials_server_test.go	7f0c8962cb4bc1585f94a0bb496918a5f5bc41bdb98cd79e9736bbebee7015a1	3790	immutable baseline bf510d8f2becd4c023fe04a7df8b8dd1681e1d11
cmd/ldap-go/client_verify_credentials_test.go	13ae9b61d6fffa9ff986d992002806650d873205dba0595317c7fecec1f75574	24812	immutable baseline bf510d8f2becd4c023fe04a7df8b8dd1681e1d11
cmd/ldap-go/client_write.go	4514fe1365321ce7841ee10abf776125487b899a611f4f4013e9f31a63ed0669	52125	immutable baseline bf510d8f2becd4c023fe04a7df8b8dd1681e1d11
cmd/ldap-go/client_write_historical_test.go	69747b9e67235ec4f70f419f90eddb952980226662cc5415e09708a0056173e1	21180	immutable baseline bf510d8f2becd4c023fe04a7df8b8dd1681e1d11
cmd/ldap-go/client_write_test.go	a76c691b57d2a437200a75b2dafda2f1cd8717c6c9531d9a9abb5cc98401bbd8	32531	immutable baseline bf510d8f2becd4c023fe04a7df8b8dd1681e1d11
cmd/ldap-go/ha_qualification_process_test.go	b2a381e0c7790ec67bf24ed5cf05d68fa11a70aba0061d466766f189a9cdb290	21448	immutable baseline bf510d8f2becd4c023fe04a7df8b8dd1681e1d11
cmd/ldap-go/lloadd.go	2ea31af04087295226198f09987f9b15fb3a3a51fab5845dd47621099e8296e0	33053	immutable baseline bf510d8f2becd4c023fe04a7df8b8dd1681e1d11
cmd/ldap-go/lloadd_proxy_protocol_test.go	df26231768cd7e053dd4e1d49d4ec5b2b7b898e127ae86e81e64aa56450b4666	48219	immutable baseline bf510d8f2becd4c023fe04a7df8b8dd1681e1d11
cmd/ldap-go/lloadd_reload_test.go	69c63ccbda18c59916d57dd9bbb336d3b87e5cb7351f2c3a70f17af1ddeced50	8843	immutable baseline bf510d8f2becd4c023fe04a7df8b8dd1681e1d11
cmd/ldap-go/lloadd_signals_unix.go	7f7949cb4d0e51666e244dc14940393cc95378c3a9274d341e2d125ec0da5247	438	immutable baseline bf510d8f2becd4c023fe04a7df8b8dd1681e1d11
cmd/ldap-go/lloadd_signals_windows.go	719336131c4312a94db960de0551942d3e8237e4c14ce5dceafa8993442701b6	306	immutable baseline bf510d8f2becd4c023fe04a7df8b8dd1681e1d11
cmd/ldap-go/lloadd_socket_test.go	ecdca8fd2d7dac36f6d406e3b359ebac7d5025b84df094ef01bd8bda0bc5b3e0	3037	immutable baseline bf510d8f2becd4c023fe04a7df8b8dd1681e1d11
cmd/ldap-go/lloadd_test.go	dc0604db36e975cf87019e3123663d9bc38634c4cb244a90b79dea23756cc143	13168	immutable baseline bf510d8f2becd4c023fe04a7df8b8dd1681e1d11
cmd/ldap-go/lloadd_tls_test.go	add76b4cfe87a616728635a5ff5b09c37ad2b73a796a9d01eea4ffd13630aa65	10978	immutable baseline bf510d8f2becd4c023fe04a7df8b8dd1681e1d11
cmd/ldap-go/main.go	74ca494b71301b249c2a29c6b9de6b2c5ffbab2ae0ad302feadfc51fd12e76cc	69098	immutable baseline bf510d8f2becd4c023fe04a7df8b8dd1681e1d11
cmd/ldap-go/main_sighup_unix_test.go	980642369932e710c1380f19b747275e172bb102b1fd94655a59c4e0b7075a28	9062	immutable baseline bf510d8f2becd4c023fe04a7df8b8dd1681e1d11
cmd/ldap-go/main_signals_unix.go	875dccbc8820154d3b20ac6c6b675fc5840d9a4f129b9c5922c6dad4ad9104e5	439	immutable baseline bf510d8f2becd4c023fe04a7df8b8dd1681e1d11
cmd/ldap-go/main_signals_windows.go	27d40f407b287492c4585cafe13f4075e66a7a46d87015316890d0c98b0ebe24	427	immutable baseline bf510d8f2becd4c023fe04a7df8b8dd1681e1d11
cmd/ldap-go/main_test.go	0551a6910c5512bf4848035aaaaca2e1d0efa42c3595c8154e2311490bfaf461	84518	immutable baseline bf510d8f2becd4c023fe04a7df8b8dd1681e1d11
cmd/ldap-go/maintenance_online_test.go	8a0cc71bc0d46b1c9df75f80936af1f88f88e42884454357192b6f74573e3764	3839	immutable baseline bf510d8f2becd4c023fe04a7df8b8dd1681e1d11
cmd/ldap-go/offline_tools.go	9f49d58650c60ec36903103676df578a0b3e797ebb4a622a204abfe245ba5126	20976	immutable baseline bf510d8f2becd4c023fe04a7df8b8dd1681e1d11
cmd/ldap-go/offline_tools_test.go	d4d967cb7a99b7610809cd7216654f7d416654fdaa7283568253386efb70bbe2	22280	immutable baseline bf510d8f2becd4c023fe04a7df8b8dd1681e1d11
cmd/ldap-go/production_check.go	56e56af605a35fd11e0ac179e2087a5ce693d36a78dcdf73db920da604492f47	43621	immutable baseline bf510d8f2becd4c023fe04a7df8b8dd1681e1d11
cmd/ldap-go/production_check_test.go	e063782fc3bfebd93026ff18c4a52c9a781bd22f1b66c516a315ef96f0a69875	21636	immutable baseline bf510d8f2becd4c023fe04a7df8b8dd1681e1d11
cmd/ldap-go/production_permissions.go	85e60c79e917d7dffdb645fb661e876e3cc02cc6db6d8d7dbf99221e1970f0ba	1686	immutable baseline bf510d8f2becd4c023fe04a7df8b8dd1681e1d11
cmd/ldap-go/production_permissions_unix.go	4235b1a1d9dbd2d4b6bfc52f8745d704eba1a9f2e796493a95d6fef0788be51e	5975	immutable baseline bf510d8f2becd4c023fe04a7df8b8dd1681e1d11
cmd/ldap-go/production_permissions_windows.go	cfcb58dd4ba0566e90ce3895275fbc40bce80ba89a8f6996884f19388a79bd13	1654	immutable baseline bf510d8f2becd4c023fe04a7df8b8dd1681e1d11
cmd/ldap-go/restore_validation.go	be11b1c9dfe906b1dcbf141888ebd07fd0c7e26d3039377a1eda140f1ccab6c4	20660	immutable baseline bf510d8f2becd4c023fe04a7df8b8dd1681e1d11
cmd/ldap-go/restore_validation_test.go	bc72232898e653900e8b1bddf0b73dba078cd2bfb718af8e3e211f81b5a573f0	14297	immutable baseline bf510d8f2becd4c023fe04a7df8b8dd1681e1d11
cmd/ldap-go/serve_activation_unix.go	f14caf3680f0d18b9555a098e48bb05b90883ece9c40ae2da5ff792f872dadc0	3591	immutable baseline bf510d8f2becd4c023fe04a7df8b8dd1681e1d11
cmd/ldap-go/serve_activation_unix_test.go	424dfa491010365fd349cf90755d98579fddb231f9c4ee237e1b78fca2ca901b	7031	immutable baseline bf510d8f2becd4c023fe04a7df8b8dd1681e1d11
cmd/ldap-go/serve_activation_windows.go	02e8aad972963734c1ca71057b337b0a487401c20169a064f4a3bffbb4d59242	253	immutable baseline bf510d8f2becd4c023fe04a7df8b8dd1681e1d11
cmd/ldap-go/serve_ldapi_unix.go	d533c68f0969562227dd78610d3942a3eac878290fbcde535a0727491610a1be	1493	immutable baseline bf510d8f2becd4c023fe04a7df8b8dd1681e1d11
cmd/ldap-go/serve_ldapi_unix_test.go	74a30abceef34c015711a944602ecbac2d079fdc8338c993de57a473a44db929	14018	immutable baseline bf510d8f2becd4c023fe04a7df8b8dd1681e1d11
cmd/ldap-go/serve_ldapi_windows.go	8cd96eb573148dc591c5be1a64f09a2d3a2d1c64b3d5afe7584d4aa597ca55ed	278	immutable baseline bf510d8f2becd4c023fe04a7df8b8dd1681e1d11
cmd/ldap-go/serve_listener.go	6d2b8bd4bb7aec8ef33986502722e6fd775a526178fac2f38104d35e7848c50d	4382	immutable baseline bf510d8f2becd4c023fe04a7df8b8dd1681e1d11
cmd/ldap-go/serve_listener_test.go	77182631192bd41e0a882f169302e94e1d3a3e7cec90d12d097a90006a55019c	3615	immutable baseline bf510d8f2becd4c023fe04a7df8b8dd1681e1d11
cmd/ldap-go/serve_notify_unix.go	3e94f3481237f5bfb9f7f4da682f6a57625d2c514cd20dfc4133287735d2d870	1628	immutable baseline bf510d8f2becd4c023fe04a7df8b8dd1681e1d11
cmd/ldap-go/serve_notify_unix_test.go	e7f1ba69f2b225055fcbb409cb82a4335c75a9bcf5ddc0d993baca4df1ae2b1a	3727	immutable baseline bf510d8f2becd4c023fe04a7df8b8dd1681e1d11
cmd/ldap-go/serve_notify_windows.go	9583a3147052a07699fce95b09fd8c1c4eaf12992794d1eb9261b52bc9f3e6dc	378	immutable baseline bf510d8f2becd4c023fe04a7df8b8dd1681e1d11
cmd/ldap-go/serve_online_backup.go	e003980e87126fed51910001d49652d56ff41d2e92798a7b8bbc860a543667da	1164	immutable baseline bf510d8f2becd4c023fe04a7df8b8dd1681e1d11
cmd/ldap-go/serve_online_backup_test.go	6b14186d558de8fdb8c7a2577d84f7e36a7488c37dd677159feb9c2e28f03102	3434	immutable baseline bf510d8f2becd4c023fe04a7df8b8dd1681e1d11
cmd/ldap-go/serve_pidfile.go	f3d9b163732922bd342ae7e0268feeac38443771141002d05bfed78fba568f53	4186	immutable baseline bf510d8f2becd4c023fe04a7df8b8dd1681e1d11
cmd/ldap-go/serve_pidfile_integration_test.go	fbd2ab0caaa517af609fc39d295853e11fb11d58a602282e8c3d5d17bc0bfd3a	2326	immutable baseline bf510d8f2becd4c023fe04a7df8b8dd1681e1d11
cmd/ldap-go/serve_pidfile_test.go	b80558d9b604534f57390bfd30e7cebd3c0bf2955b2650a55de412d03b336694	6416	immutable baseline bf510d8f2becd4c023fe04a7df8b8dd1681e1d11
cmd/ldap-go/serve_privilege_bsd.go	dd8b176524317036b27077ef2353474af82b68f28d7488dcaf69cf5a1205b9a9	281	immutable baseline bf510d8f2becd4c023fe04a7df8b8dd1681e1d11
cmd/ldap-go/serve_privilege_linux.go	b57d44cdd96e9b6457e6f6c8cf6830504c7e5c1526d77ef9de7ffba33885c956	2208	immutable baseline bf510d8f2becd4c023fe04a7df8b8dd1681e1d11
cmd/ldap-go/serve_privilege_linux_test.go	d9aa1b4857980eb9491b758205354857882c39aed9e2ee76fae678b70eaf83e7	6886	immutable baseline bf510d8f2becd4c023fe04a7df8b8dd1681e1d11
cmd/ldap-go/serve_privilege_unix.go	eca208009b6cbed6312fd9997ef68fe255dc55f32d57c25b1e7f290fc394c803	5838	immutable baseline bf510d8f2becd4c023fe04a7df8b8dd1681e1d11
cmd/ldap-go/serve_privilege_unix_test.go	e3dc5cd69478c0e6e04b40ce91c160083dff9174b559ad086c2714306fc3b2da	7638	immutable baseline bf510d8f2becd4c023fe04a7df8b8dd1681e1d11
cmd/ldap-go/serve_privilege_windows.go	4d28b71a3073593125fe07936c3a1ef842dcc21a6dda24c6e7a1b59e3642c24b	480	immutable baseline bf510d8f2becd4c023fe04a7df8b8dd1681e1d11
cmd/ldap-go/serve_transport_listener_unix_test.go	4076c1dade0d631ae60a726a790826aa476c5c45201e9b37ce0f11d206c2705e	3343	immutable baseline bf510d8f2becd4c023fe04a7df8b8dd1681e1d11
cmd/ldap-go/shutdown_signals_test.go	a2370f14ae155b80084e897f24724556bfac5e7f5494d6e03c83c30c4b38a81c	895	immutable baseline bf510d8f2becd4c023fe04a7df8b8dd1681e1d11
cmd/ldap-go/web_admin.go	cff036b1c96f7ca04867c57f25a0a6878f89f344bd63d0c257ea2c520a85de4e	8322	immutable baseline bf510d8f2becd4c023fe04a7df8b8dd1681e1d11
cmd/ldap-go/web_admin_integration_test.go	f0d60e06e55b356d9aa86a631c58de5ac1ddb7ea3abd722f913db2d0e3f361c3	4965	immutable baseline bf510d8f2becd4c023fe04a7df8b8dd1681e1d11
cmd/ldap-go/web_admin_security.go	8371cd1439c3926640de2c4e0512d0880af51bc67c6b15b10223449decab49f4	1779	immutable baseline bf510d8f2becd4c023fe04a7df8b8dd1681e1d11
cmd/ldap-go/web_admin_security_test.go	4d17e845eb4f989b60c72f0fea32831001b824d1766c914c68ea24716f4ce733	5995	immutable baseline bf510d8f2becd4c023fe04a7df8b8dd1681e1d11
cmd/slapdconf-convert/main.go	6b61319de00ad38b85bd4b37df6ceb689498349b8f738ae7133ea183b3dd44d7	2981	immutable baseline bf510d8f2becd4c023fe04a7df8b8dd1681e1d11
cmd/slapdconf-convert/main_test.go	758c594d7202991948150cc11f1a03eba0901b06f654350d798feb058ac70b8c	4975	immutable baseline bf510d8f2becd4c023fe04a7df8b8dd1681e1d11
cmd/slapdconf-convert/sasl_cbinding_test.go	7f6a2d2f7c2a7ec3ead0ab5fa853e033aee136715c7ffb2ff3e482fb56a50563	9695	immutable baseline bf510d8f2becd4c023fe04a7df8b8dd1681e1d11
go.mod	a0b7373aa7434c0eb85b0dbb2ce6f4e59c4816e74dd0af62967951bbbbe54af7	1850	immutable baseline bf510d8f2becd4c023fe04a7df8b8dd1681e1d11
go.sum	d40834c26d437bf3381aeae5b92d6857de04ae4c907855042c01207037adadb9	15454	immutable baseline bf510d8f2becd4c023fe04a7df8b8dd1681e1d11
internal/aci/aci.go	3ec854554438c6e7497b77fb5a2140399347e7f695866718d6f62e8f394304b1	10971	immutable baseline bf510d8f2becd4c023fe04a7df8b8dd1681e1d11
internal/aci/aci_test.go	34f6f89ae55a89ed1a5a74235dbf56edb32ff44dca1b85a5e8563ade7b40c17f	2083	immutable baseline bf510d8f2becd4c023fe04a7df8b8dd1681e1d11
internal/aci/doc.go	37e958820d2e85ea62f7a9eeb7dcba18ab8d21087fd6e89836af7a88f126c3bd	87	immutable baseline bf510d8f2becd4c023fe04a7df8b8dd1681e1d11
internal/acl/aci.go	6e6fb9197aa896c087bc57ccac7ab1e17b880301ba4ff2358ba7181733b048ee	7132	immutable baseline bf510d8f2becd4c023fe04a7df8b8dd1681e1d11
internal/acl/aci_test.go	9e79034b314ebb015bb218d0a8c53c5db0aba61de78053a3be2cd7a9a89ce8c0	11117	immutable baseline bf510d8f2becd4c023fe04a7df8b8dd1681e1d11
internal/acl/acl_test.go	0c786ef18f8800aaf47dbb8b831f26d563219d40e71148c2f513f94a024c90d0	30833	immutable baseline bf510d8f2becd4c023fe04a7df8b8dd1681e1d11
internal/acl/connection.go	d2073506550e99d429f87e3f88f81cf2ac5aaa7e5ba036ee90674233f538f352	6413	immutable baseline bf510d8f2becd4c023fe04a7df8b8dd1681e1d11
internal/acl/dn_identity_test.go	7c0626a4e44bb2ed0db30766954916805eec704a50716086fed104040ae2760d	2282	immutable baseline bf510d8f2becd4c023fe04a7df8b8dd1681e1d11
internal/acl/dn_parser_bench_test.go	e12fc5ea7e93c0a38e4af6cab29c073403d02f3598bd9d9f38003ebc01061a00	3494	immutable baseline bf510d8f2becd4c023fe04a7df8b8dd1681e1d11
internal/acl/dn_parser_test.go	8d284760dfed680d3093909ebaf81fc84648cf59986f48a7bab1c7b2ee2a814d	23243	immutable baseline bf510d8f2becd4c023fe04a7df8b8dd1681e1d11
internal/acl/doc.go	9740b8d2abcbd4b052114ac5f06346eb0ab0296b7a3180c25505da67f7ac0f92	85	immutable baseline bf510d8f2becd4c023fe04a7df8b8dd1681e1d11
internal/acl/expansion.go	b7fe66431b4e4d9685486e0f9e68d91a4d5e8f74da46361f1c4eb8f25975a8fa	2964	immutable baseline bf510d8f2becd4c023fe04a7df8b8dd1681e1d11
internal/acl/group.go	1ed193a5407fa9b7e3bacd490bca1a5a15d66d50b3b7b6a80854b3b52d11d4c8	4062	immutable baseline bf510d8f2becd4c023fe04a7df8b8dd1681e1d11
internal/acl/openldap.go	4180aea89d55499decdbaffb1324d436ed42387c90d3e99332b0d9316cf705c2	3222	immutable baseline bf510d8f2becd4c023fe04a7df8b8dd1681e1d11
internal/acl/parser.go	3fed5c665b69d6276c2ec7c2514a3ac1d8ac9e291934eab00e9e27dcc25207b4	20441	immutable baseline bf510d8f2becd4c023fe04a7df8b8dd1681e1d11
internal/acl/policy.go	da00642c1a84de49d13eaf07e9bc63828d579c84ceb0e8cf68369726fc92e064	33080	immutable baseline bf510d8f2becd4c023fe04a7df8b8dd1681e1d11
internal/acl/rules_selection_test.go	b461c5a84910c72918f44eebdc93b38885bfc0b430938450966bc7d0ab3281f4	7198	immutable baseline bf510d8f2becd4c023fe04a7df8b8dd1681e1d11
internal/acl/set.go	b700af2c0b25dc59869a8f2b1986d27c64933bb641362795db4333c1685a7818	13152	immutable baseline bf510d8f2becd4c023fe04a7df8b8dd1681e1d11
internal/acl/types.go	78f678cef50099b5a1732e709a4f6c91672cf1ef9d818a69cee78d628d13a179	4478	immutable baseline bf510d8f2becd4c023fe04a7df8b8dd1681e1d11
internal/acl/value_batch.go	d3f6837740e0a0428303789b030326155e6a288d9fe2f24cbe68a1c993f7225b	1395	immutable baseline bf510d8f2becd4c023fe04a7df8b8dd1681e1d11
internal/acl/value_batch_test.go	a808ad307cc1a7f1d87060bc7adf055d12aed15c030d8c3c7879bc62e185b7b8	12226	immutable baseline bf510d8f2becd4c023fe04a7df8b8dd1681e1d11
internal/audit/audit.go	ea23c3558d8d222ed659e5ec52ed009cd46f90cbf749c07737ea09e90b3d6398	10793	immutable baseline bf510d8f2becd4c023fe04a7df8b8dd1681e1d11
internal/audit/audit_test.go	5c8a465f1758f25cc3dd56b4f91828eaf00bbf45eddd209e613f849546bf5999	5713	immutable baseline bf510d8f2becd4c023fe04a7df8b8dd1681e1d11
internal/audit/doc.go	36e197935febce47d89de72e292fc25db7db5f7555ecdeb237fd31a37cb75184	81	immutable baseline bf510d8f2becd4c023fe04a7df8b8dd1681e1d11
internal/auth/doc.go	09c63afb5d810e73aa44611dd3cf334bcddb1ad00a01bea1be371366e51c1f6d	88	immutable baseline bf510d8f2becd4c023fe04a7df8b8dd1681e1d11
internal/auth/openldap_apr1_password.go	9880b98dfc5fb6e7b279ee0b72dd2d7483cfe99b56f5aaf18ed5260117f4f1f1	4256	immutable baseline bf510d8f2becd4c023fe04a7df8b8dd1681e1d11
internal/auth/openldap_apr1_password_test.go	34e92c6be26ad1fef8b252f5c8d9d98e775e0b4d1b879f7947f2dadc301c3dfc	5388	immutable baseline bf510d8f2becd4c023fe04a7df8b8dd1681e1d11
internal/auth/openldap_argon2_password.go	08608ef58f7ab62d41b38d36698eb527ae0e74014515d2482e980c9d22a8101a	2402	immutable baseline bf510d8f2becd4c023fe04a7df8b8dd1681e1d11
internal/auth/openldap_argon2_password_test.go	f3f0755b45d8acc339cbf38ba2f8f9203a3cac91fdadbe5f687441152884d175	2043	immutable baseline bf510d8f2becd4c023fe04a7df8b8dd1681e1d11
internal/auth/openldap_crypt_extended.go	02364844cb47ee363f07eb42b8afd20b287006f2b1adf59c5d6a8b251cc037ac	15541	immutable baseline bf510d8f2becd4c023fe04a7df8b8dd1681e1d11
internal/auth/openldap_crypt_national.go	371def44ef78f2c2b1f41cbcab6960dc65f8bade1d0258ab4625062d21843aa0	9626	immutable baseline bf510d8f2becd4c023fe04a7df8b8dd1681e1d11
internal/auth/openldap_crypt_national_test.go	0fe8b17685c0f0221880abecb23f5ec1a6c4814811bcb8591e78c1bca5e93d65	2654	immutable baseline bf510d8f2becd4c023fe04a7df8b8dd1681e1d11
internal/auth/openldap_crypt_password.go	a2f9654965a7214fdeba69d2a25e560ddc21d88dae2f02af5d80473d9a195771	17482	immutable baseline bf510d8f2becd4c023fe04a7df8b8dd1681e1d11
internal/auth/openldap_crypt_password_test.go	ad143da70118325111bebfb86bd86827719ef7b9360e8e7a60fff52eda9e8092	11769	immutable baseline bf510d8f2becd4c023fe04a7df8b8dd1681e1d11
internal/auth/openldap_crypt_resource.go	01fa9d296846e8fd429ee6cfab53d865673ffe7b82b9c769a5ba1eaec92392ba	5663	immutable baseline bf510d8f2becd4c023fe04a7df8b8dd1681e1d11
internal/auth/openldap_netscape_password.go	dc175ebc3092192228fb49fc38417f3baf0d3ba45620d8313670689ea209d691	909	immutable baseline bf510d8f2becd4c023fe04a7df8b8dd1681e1d11
internal/auth/openldap_netscape_password_test.go	8b66f0464e20fa727a6953f79a82f1984b3d45eb81492e2114584de6e4f27924	3985	immutable baseline bf510d8f2becd4c023fe04a7df8b8dd1681e1d11
internal/auth/openldap_pbkdf2_password.go	6ffcbcfc47df23010e01c07a92369b7ed6a12a9e03392a92c87f0267a6d1f73a	4494	immutable baseline bf510d8f2becd4c023fe04a7df8b8dd1681e1d11
internal/auth/openldap_pbkdf2_password_test.go	2b50152015a262c2a1fdd299c2218299bb6b15798941ea517c8799ee8f4fff48	10373	immutable baseline bf510d8f2becd4c023fe04a7df8b8dd1681e1d11
internal/auth/openldap_radius_password.go	3ff04119a6286e2a78e47599c6ecc4995159a0526751f412546dea2d97d8fa2d	14389	immutable baseline bf510d8f2becd4c023fe04a7df8b8dd1681e1d11
internal/auth/openldap_radius_password_test.go	13563f4ff547a69250e16499fa4032c18e22b729c22670d4b0c0d5cbfd447756	25069	immutable baseline bf510d8f2becd4c023fe04a7df8b8dd1681e1d11
internal/auth/password.go	fb48387b2c6f647789635a2c9203c3dc73adc498fc5819fc823bde9d9a1183d9	14650	immutable baseline bf510d8f2becd4c023fe04a7df8b8dd1681e1d11
internal/auth/password_ssha.go	09e1648d77bb161bea64f36902713b12f549ed83a1e3f5c4bb22e9df7988601b	890	immutable baseline bf510d8f2becd4c023fe04a7df8b8dd1681e1d11
internal/auth/password_ssha_test.go	5a56dd4018f7be0f951df6f1fb8f605a9c7701798d3a372704e64f1eb7612a70	6609	immutable baseline bf510d8f2becd4c023fe04a7df8b8dd1681e1d11
internal/auth/password_test.go	08dd353c8c0175d80f6670a226ae1f78f447fdffba204a80f76ee0228b9eb7e9	11845	immutable baseline bf510d8f2becd4c023fe04a7df8b8dd1681e1d11
internal/auth/totp_password.go	b71988a97dd417007a9db35991523f40c1835ddde80154340cffb85b80962b7e	5048	immutable baseline bf510d8f2becd4c023fe04a7df8b8dd1681e1d11
internal/auth/totp_password_test.go	168affd55a88da3831303f0c3ee0e62e733068dd32c286d0be9ef8a6f402b617	11497	immutable baseline bf510d8f2becd4c023fe04a7df8b8dd1681e1d11
internal/buildcontract/purego_test.go	7e5de82b93cdc0487d9c6e9cc7eaa946f79f533ad0fa1aa02b1342e600ee5686	3594	immutable baseline bf510d8f2becd4c023fe04a7df8b8dd1681e1d11
internal/cmd/ldapbench/main.go	251497d4a5ae99da1da5d461120d087c29aac504759b0aaa4609e194fbf2854f	19052	immutable baseline bf510d8f2becd4c023fe04a7df8b8dd1681e1d11
internal/cmd/ldapbench/main_test.go	029d693ad2b50f4dbde058585ef8f93ca15b95299cfc6e7c4187b8542e4bbbe6	5147	immutable baseline bf510d8f2becd4c023fe04a7df8b8dd1681e1d11
internal/cmd/ldapcommonbench/group_compare_test.go	6396779e5772eb8dfd68abd0bfba1815c66597e1768b4dfc0f814eca6268cec8	9130	immutable baseline bf510d8f2becd4c023fe04a7df8b8dd1681e1d11
internal/cmd/ldapcommonbench/main.go	620df9d47ca7ce263e9dbe8190dd4943b25e77d6543c35035aea25eb3de920ad	29149	immutable baseline bf510d8f2becd4c023fe04a7df8b8dd1681e1d11
internal/cmd/ldapcommonbench/main_test.go	0a9be94c9c36848c0f65fe8f1615ca62545ff3b6d03fcec5b0a6e269b1b5a6e4	29459	immutable baseline bf510d8f2becd4c023fe04a7df8b8dd1681e1d11
internal/cmd/ldifcanonical/main.go	b764e320448fc8484c9427439ea2bb5871c79756d0241ff72d64211baee4261f	3201	immutable baseline bf510d8f2becd4c023fe04a7df8b8dd1681e1d11
internal/cmd/ldifcanonical/main_test.go	24e73d5f1ee5ee6e0d5c7f6a589c1d2241d0db8bf589e7a699c0ea3fd7a5eaff	1670	immutable baseline bf510d8f2becd4c023fe04a7df8b8dd1681e1d11
internal/directory/directory_test.go	3043d0108c012d91fc03698c1907a9ee0bec826cb9a37c346950338726354cb1	9610	immutable baseline bf510d8f2becd4c023fe04a7df8b8dd1681e1d11
internal/directory/dn.go	6dac00d84ca695fa5631714465b4a91910067da9bfed4e1ccfed2b9afb38d97a	31298	immutable baseline bf510d8f2becd4c023fe04a7df8b8dd1681e1d11
internal/directory/dn_ascii_attribute_letter_test.go	950167d927107053140980f0b4221edab0bcdd9ac01b453f72bb1203317c6f04	349	immutable baseline bf510d8f2becd4c023fe04a7df8b8dd1681e1d11
internal/directory/dn_display_compare.go	02094e52a8748b8ea9b74593e9e04369b16f26616e2284a630a85945c3c8ff6d	1181	immutable baseline bf510d8f2becd4c023fe04a7df8b8dd1681e1d11
internal/directory/dn_display_compare_test.go	758feb467538ba2120bdba7dd3f4b7d66c11e09dce0e9eb677dbfb1a09ce2eda	8656	immutable baseline bf510d8f2becd4c023fe04a7df8b8dd1681e1d11
internal/directory/dn_display_relation.go	d8f15392e17e122a1377de741cd35b671f260aef97bd2d863d9006295493b78c	1139	immutable baseline bf510d8f2becd4c023fe04a7df8b8dd1681e1d11
internal/directory/dn_display_relation_test.go	6ef54349ab976afdeee603dcf208a4f5123acbb06c2e0076fa42755d67951681	3665	immutable baseline bf510d8f2becd4c023fe04a7df8b8dd1681e1d11
internal/directory/dn_fuzz_test.go	4b836c6cd018100f475a0d1352c74d2c7fbe7fa9e3f94c581b5f769bc4a64a2a	1194	immutable baseline bf510d8f2becd4c023fe04a7df8b8dd1681e1d11
internal/directory/dn_hierarchy.go	a1cde3eb57b0b7a490f74fc6a9101851e3c8cc856601219e02bc3084edd91f8b	1883	immutable baseline bf510d8f2becd4c023fe04a7df8b8dd1681e1d11
internal/directory/dn_hierarchy_test.go	892671c8223f5f483f3670840238d346cc16eee845dfce768a9eb00bccd5f5a2	2205	immutable baseline bf510d8f2becd4c023fe04a7df8b8dd1681e1d11
internal/directory/dn_identity_encode_bench_test.go	c3e569728bcdc524739e7c9bb5dbe783549592c945b9e1085911d08719bd944a	2350	immutable baseline bf510d8f2becd4c023fe04a7df8b8dd1681e1d11
internal/directory/dn_identity_encoding_test.go	b7748f65a76b55575778cc0606afaafed94e8d51b087c579822fdb49189e5ff0	9561	immutable baseline bf510d8f2becd4c023fe04a7df8b8dd1681e1d11
internal/directory/dn_identity_hotpath_test.go	4eb1ac5e39a6ed62c8a34c5d04ff84f131ce093839d0f0106a83564721f12be8	11996	immutable baseline bf510d8f2becd4c023fe04a7df8b8dd1681e1d11
internal/directory/dn_identity_rdn_short_test.go	0ebbb4442a81c51f25fae8b80111cefad656bde412d77a21c8fb22b92c30adb9	1820	immutable baseline bf510d8f2becd4c023fe04a7df8b8dd1681e1d11
internal/directory/dn_identity_reference_test.go	40e46d128a0f9c726dbb4a8c8d902ccb1451e46036adfa12b4d2991bb1bd58dd	7179	immutable baseline bf510d8f2becd4c023fe04a7df8b8dd1681e1d11
internal/directory/dn_identity_scope.go	cff9de05554b6d71f4faa263272ad63a001a5892d4678099bac194dc227dad6b	1182	immutable baseline bf510d8f2becd4c023fe04a7df8b8dd1681e1d11
internal/directory/dn_identity_scope_bytes.go	ac8d51edcccf9b3c9da8b4411cc0d84d87d8410d5bb1cde8df7d705f5cb0a300	5511	immutable baseline bf510d8f2becd4c023fe04a7df8b8dd1681e1d11
internal/directory/dn_identity_scope_bytes_fuzz_test.go	13f6140c78ec935184d80214a45298519bebf64daf341e25851408927e5e9d17	2618	immutable baseline bf510d8f2becd4c023fe04a7df8b8dd1681e1d11
internal/directory/dn_identity_scope_bytes_test.go	3938ef17393cba7ab18f04751754d1282beb74d0e39588d7fe12697076d6d6cd	9899	immutable baseline bf510d8f2becd4c023fe04a7df8b8dd1681e1d11
internal/directory/dn_identity_scope_fuzz_test.go	5610d16a36b3c70408c33c6174d00628f186336abb98131937c9be71aa0ca95d	2025	immutable baseline bf510d8f2becd4c023fe04a7df8b8dd1681e1d11
internal/directory/dn_identity_scope_reference_test.go	69efb4041a6cd44d8b9f03e910b854cca4b3e55b9e37203a9cfd01581c2df1cb	2352	immutable baseline bf510d8f2becd4c023fe04a7df8b8dd1681e1d11
internal/directory/dn_identity_scope_single_ava_test.go	31dfb245f908aa9c7d19638c580ce4bc14281e809829d02eaedb3440916d3d1b	8733	immutable baseline bf510d8f2becd4c023fe04a7df8b8dd1681e1d11
internal/directory/dn_identity_scope_test.go	388912193cf05eb3aa74543aba0d0667e05d01c3d8fe068520900ac08e1f6d04	9960	immutable baseline bf510d8f2becd4c023fe04a7df8b8dd1681e1d11
internal/directory/dn_identity_validate_test.go	33d2b6ce6078ea2c540fd9dfd190205774752b8d4c460211ecf87ee7aeef52db	9583	immutable baseline bf510d8f2becd4c023fe04a7df8b8dd1681e1d11
internal/directory/dn_key_ascii.go	1057305809fb9f6c2dac50b0f2647b21c01af8c4e24cc8b51cd425394f02db77	327	immutable baseline bf510d8f2becd4c023fe04a7df8b8dd1681e1d11
internal/directory/dn_normalize_reference_test.go	d1d7f3380fd38fa03995b449cb36f4405dabef4f886fc88fb96515629e51fc16	3515	immutable baseline bf510d8f2becd4c023fe04a7df8b8dd1681e1d11
internal/directory/dn_normalize_single_ava_test.go	ce0b465f480d10d22426544c7e2cea256ba814e0070d17aca50af747c201baa9	5970	immutable baseline bf510d8f2becd4c023fe04a7df8b8dd1681e1d11
internal/directory/dn_normalize_with_test.go	c7b0a056079e8fabb913e08042555716f1e7aa1f9f9bda4c4033df0cb9efef58	4739	immutable baseline bf510d8f2becd4c023fe04a7df8b8dd1681e1d11
internal/directory/dn_parent_key.go	fc8c06203fc69babc5ee8a75dc769aa2735ab22597dc3a3b82f1237d1a5e7373	523	immutable baseline bf510d8f2becd4c023fe04a7df8b8dd1681e1d11
internal/directory/dn_parent_key_test.go	1b32ca1db1e6b531fbcf9a43795ef540830e9d19b290abe251dec8656975eca5	1818	immutable baseline bf510d8f2becd4c023fe04a7df8b8dd1681e1d11
internal/directory/dn_simple_rdn_byteclass_test.go	ae7653f0f6f602953cd0b86410b99bdc0808bbfcd7b9e49dda48afd05dbc7ac7	761	immutable baseline bf510d8f2becd4c023fe04a7df8b8dd1681e1d11
internal/directory/dn_simple_rdn_bytes.go	e07bee2a656d71a4caedd8ac6fca01befbe4a28b3b20031b1bcc5cd110e8a5f0	2133	immutable baseline bf510d8f2becd4c023fe04a7df8b8dd1681e1d11
internal/directory/dn_simple_rdn_bytes_test.go	60364f3035eb3b31367530d32bd8951f6ceaf3ce58a550a0651e9cf4e656cb94	3189	immutable baseline bf510d8f2becd4c023fe04a7df8b8dd1681e1d11
internal/directory/dn_simple_rdn_match_test.go	830daf43f0db7ee1732c4c71abb7165070bb8c19e9d6b009223dbeaa1c459d33	2338	immutable baseline bf510d8f2becd4c023fe04a7df8b8dd1681e1d11
internal/directory/dn_validate.go	08366b3d31d2a7d5afab551624234339c76e38846da4cd6d2450546a72e362fd	647	immutable baseline bf510d8f2becd4c023fe04a7df8b8dd1681e1d11
internal/directory/dn_validate_test.go	8256173a48fd60b8280230f8a3265cd76efb74a308b61c14ba075bd1f825b27d	2415	immutable baseline bf510d8f2becd4c023fe04a7df8b8dd1681e1d11
internal/directory/doc.go	19f6354f418192ea72749abd5682c2841aba478ddb65740ef8a01eb870e61811	97	immutable baseline bf510d8f2becd4c023fe04a7df8b8dd1681e1d11
internal/directory/entry.go	bdbe62d2610b138263266f57fd0a18d8c3faa9dfffa2821da85aabe541a71b68	9537	immutable baseline bf510d8f2becd4c023fe04a7df8b8dd1681e1d11
internal/directory/entry_normalization.go	fdef785c84d689e750ea2c8d7cf24893d5084a62e138659c6f09c456a5ed5376	402	immutable baseline bf510d8f2becd4c023fe04a7df8b8dd1681e1d11
internal/directory/equality_evaluation_test.go	afc22f393844b1afd432e5eaefddc09015a602ec8e6c039229ada8d3dcc4c31e	1889	immutable baseline bf510d8f2becd4c023fe04a7df8b8dd1681e1d11
internal/directory/filter.go	3a23bddfc20577a6f999359d6bf57c4c14dc319ad82b4f6834663336e555c911	11370	immutable baseline bf510d8f2becd4c023fe04a7df8b8dd1681e1d11
internal/directory/mutation_test.go	26779b776a6246d427ff1c83d40a0a570c2d068ce2cf61fb7616b06226e66b50	1949	immutable baseline bf510d8f2becd4c023fe04a7df8b8dd1681e1d11
internal/gmtransport/doc.go	d9e8af3bb6b95ab1936d3e207d4312fd0bf4c86e7c3045d2ff51296c29cba67e	102	immutable baseline bf510d8f2becd4c023fe04a7df8b8dd1681e1d11
internal/gmtransport/ldap_integration_test.go	103df47b650c43455dd2ea27f1ee8f7825bbb0af085b4528fec2e995db34ac3d	7049	immutable baseline bf510d8f2becd4c023fe04a7df8b8dd1681e1d11
internal/gmtransport/syncrepl_integration_test.go	f4971a27ff61f1cd39b7e919ca16d5e459da47cffaa8cdfc8eefc9768b09c65a	10222	immutable baseline bf510d8f2becd4c023fe04a7df8b8dd1681e1d11
internal/gmtransport/tlcp.go	65d2fd93febdb8386abae2c6d5cf5d2af3d6820c9337e7f29be78b8c2455277e	3283	immutable baseline bf510d8f2becd4c023fe04a7df8b8dd1681e1d11
internal/gmtransport/tlcp_test.go	0e0c003836b30207cab6111d1dcbf2a4ef9931f30e276d5a0bd9c4214b9bacc3	7570	immutable baseline bf510d8f2becd4c023fe04a7df8b8dd1681e1d11
internal/ldapwire/cancel.go	7c617375641075f793ab60528e60fb07cf7083c094218afcbb1b8ef1e86b1445	2125	immutable baseline bf510d8f2becd4c023fe04a7df8b8dd1681e1d11
internal/ldapwire/cancel_test.go	46046b900070bf3806cadb71a5abb8c28fcd6977bec7966b02cd363cb40c84ed	2414	immutable baseline bf510d8f2becd4c023fe04a7df8b8dd1681e1d11
internal/ldapwire/compare_result_encode_test.go	34b317bf062ace66907039821e9a67ae0b08ad5894161641492b071b2031c603	5448	immutable baseline bf510d8f2becd4c023fe04a7df8b8dd1681e1d11
internal/ldapwire/decode.go	530dcb9d534dfd8e472443e3cf2770a32ec366af1c4c00c291cd9435b204672e	21000	immutable baseline bf510d8f2becd4c023fe04a7df8b8dd1681e1d11
internal/ldapwire/decode_bench_test.go	dd9cc96c425bc901cd7d3666f0453dff81b6630541d46280fd841130558bcfb6	4319	immutable baseline bf510d8f2becd4c023fe04a7df8b8dd1681e1d11
internal/ldapwire/decode_bind_compare.go	3f4003dc99676698554ba88d41b0cb33b1944598e6ddbc6a8a6034e001875465	3605	immutable baseline bf510d8f2becd4c023fe04a7df8b8dd1681e1d11
internal/ldapwire/decode_bind_compare_bench_test.go	f47968f907ed669ee2eea1d185be8d8e42ccd13fb595d3364f99e829fce7a91b	1700	immutable baseline bf510d8f2becd4c023fe04a7df8b8dd1681e1d11
internal/ldapwire/decode_bind_compare_long_test.go	60f52017a2afa94dc5b7089fd79c5f439494a763c13959b2cce5f35ef728a84b	5263	immutable baseline bf510d8f2becd4c023fe04a7df8b8dd1681e1d11
internal/ldapwire/decode_bind_compare_test.go	c8c2c4a8c68e1d23e758d0633d13907f16d07911adc75d0c306c16d7248a5191	16052	immutable baseline bf510d8f2becd4c023fe04a7df8b8dd1681e1d11
internal/ldapwire/decode_search.go	a2b28c73cef6f9ded78f7b1912f5e6d8aece184e31d16779e549b7c41215fa0c	3372	immutable baseline bf510d8f2becd4c023fe04a7df8b8dd1681e1d11
internal/ldapwire/decode_search_long_test.go	3e5e726bc7aa1ce5937ef3a84b8f79eef872d0df68f15d5047b6ec859b890e71	11628	immutable baseline bf510d8f2becd4c023fe04a7df8b8dd1681e1d11
internal/ldapwire/decode_search_test.go	b9b1c520d6a67c1361301cbb73593247a6bd5f4807b7aa5308c4da937935cf6a	12217	immutable baseline bf510d8f2becd4c023fe04a7df8b8dd1681e1d11
internal/ldapwire/decode_size_test.go	44a1f7692ce6d796c89c4caf8668597c7c9224847639880ed01f4643b0510e84	1619	immutable baseline bf510d8f2becd4c023fe04a7df8b8dd1681e1d11
internal/ldapwire/deref.go	cec7706e1c35002ec29a8d68ceb82949825203fa874a015bfa2d7d684211e9f2	24681	immutable baseline bf510d8f2becd4c023fe04a7df8b8dd1681e1d11
internal/ldapwire/deref_test.go	c56e780e59db27455d82ce95a89491525b49aa7b8178136aaa6efae3831bdf43	18791	immutable baseline bf510d8f2becd4c023fe04a7df8b8dd1681e1d11
internal/ldapwire/doc.go	882e3bb5efee2427b1b34da7dd400818883273ba3f9aed958acacd2d9d55d17d	94	immutable baseline bf510d8f2becd4c023fe04a7df8b8dd1681e1d11
internal/ldapwire/dynamic_refresh.go	12be4cc1f88b45e8ed2e708f6ae86aff56d569c8143fd6b54196179f8bc183d2	3542	immutable baseline bf510d8f2becd4c023fe04a7df8b8dd1681e1d11
internal/ldapwire/dynamic_refresh_test.go	a88a4d7bb816877d4cf77088e94b20241dc21e628b51eb377c23a721faabe316	2093	immutable baseline bf510d8f2becd4c023fe04a7df8b8dd1681e1d11
internal/ldapwire/encode.go	84ff46989b34c67068e75fe221d6d12c036f1a014475c7c67415c768d7b53fb6	15110	immutable baseline bf510d8f2becd4c023fe04a7df8b8dd1681e1d11
internal/ldapwire/filter.go	2a6568a195d8ae230ea85ce2e22e7fced5a9283d2f86bd13f09a89a772b9e0b6	6148	immutable baseline bf510d8f2becd4c023fe04a7df8b8dd1681e1d11
internal/ldapwire/fuzz_test.go	a1c72a8ef1d0e2ad15fd0126e4d8381946be6882ca328c000142e3c939f53238	3607	immutable baseline bf510d8f2becd4c023fe04a7df8b8dd1681e1d11
internal/ldapwire/matched_values.go	6cb3cd355d9ca6c417518f3bc6fbc0055783ebf3d3d7bf7d6f36a36b2f442745	1502	immutable baseline bf510d8f2becd4c023fe04a7df8b8dd1681e1d11
internal/ldapwire/matched_values_test.go	a68705a21abe4585a8f8a79bc613faff0176c6b65694e1e0ca0eafe88d0f503a	2533	immutable baseline bf510d8f2becd4c023fe04a7df8b8dd1681e1d11
internal/ldapwire/octet_string_test.go	22e49a5fc5af530582a333dd1fe73ea18add1fc334e6656adbd82fc9a19e5ecf	4065	immutable baseline bf510d8f2becd4c023fe04a7df8b8dd1681e1d11
internal/ldapwire/paging.go	64c8e1c220a44fd76b3e2dad86642a4de405dbb9d0bc00d9e33ef56b62f03f61	1558	immutable baseline bf510d8f2becd4c023fe04a7df8b8dd1681e1d11
internal/ldapwire/paging_test.go	86a9e3b7dcb3a416b7da94e10adf297c5843ace177f964e360a16e687e355afd	1421	immutable baseline bf510d8f2becd4c023fe04a7df8b8dd1681e1d11
internal/ldapwire/password_modify.go	23669fb8895b4704a5670445c889cb11eadd742de785495b89104d0428febdb8	3228	immutable baseline bf510d8f2becd4c023fe04a7df8b8dd1681e1d11
internal/ldapwire/password_modify_test.go	5c397d0c849439a88c4548b1a0502a13563cd52cc8c5c074a8cc540a191c5ef8	4419	immutable baseline bf510d8f2becd4c023fe04a7df8b8dd1681e1d11
internal/ldapwire/ppolicy.go	e9c49808035ff44fd681912a58caf78c61c523caeba7c41e0758563896b8a07a	2078	immutable baseline bf510d8f2becd4c023fe04a7df8b8dd1681e1d11
internal/ldapwire/ppolicy_test.go	abef2002c108cf6be62f054b19258223692b29151ea2f0458805729d784a5df8	1621	immutable baseline bf510d8f2becd4c023fe04a7df8b8dd1681e1d11
internal/ldapwire/read_control.go	9660da8228cf225e9ca90715bc28ec86dd6f9160c5eed201aa913796c7d7090e	944	immutable baseline bf510d8f2becd4c023fe04a7df8b8dd1681e1d11
internal/ldapwire/read_control_test.go	e4c609f032d2dab00e42aac92f088f434f86b76018aeca0889af2386ef1113ab	2178	immutable baseline bf510d8f2becd4c023fe04a7df8b8dd1681e1d11
internal/ldapwire/request_encode.go	878d65c79d7c1b39dfe69591437834d16358b170156061f8a5132591e44d48fc	9932	immutable baseline bf510d8f2becd4c023fe04a7df8b8dd1681e1d11
internal/ldapwire/request_encode_test.go	f6072818c11253c26951e0dbfd7779dcf4732ea906ea1fc7390ff680b6b6f167	5864	immutable baseline bf510d8f2becd4c023fe04a7df8b8dd1681e1d11
internal/ldapwire/result_encode_test.go	a69aaec55ad1f9082bd8d56380d1f0f34c2dbc5877a8552bec31fec51ccfdb05	11780	immutable baseline bf510d8f2becd4c023fe04a7df8b8dd1681e1d11
internal/ldapwire/search_entry_encode_test.go	217b7725b6322b232cd7250dc50d3f5c40804a1ed34f62e573918680435f6ad1	5288	immutable baseline bf510d8f2becd4c023fe04a7df8b8dd1681e1d11
internal/ldapwire/search_options.go	0cd978ee332a24359d2ee998f18a4d6230918df08f69642a2751a30cabbc2b13	3221	immutable baseline bf510d8f2becd4c023fe04a7df8b8dd1681e1d11
internal/ldapwire/search_options_test.go	d7d0cc38276fa3df50781612085af95606829a4343bc619ec999068ee249a77d	3532	immutable baseline bf510d8f2becd4c023fe04a7df8b8dd1681e1d11
internal/ldapwire/session_tracking.go	3d4f98fb7881a15cd1f425d226c50493b530ca60e048845e419cabd6f5bdf14f	3992	immutable baseline bf510d8f2becd4c023fe04a7df8b8dd1681e1d11
internal/ldapwire/session_tracking_test.go	fef7d238336c0f291a62209b039e697dca4c3679c3a502f5097e14b81dac5abe	9290	immutable baseline bf510d8f2becd4c023fe04a7df8b8dd1681e1d11
internal/ldapwire/sort.go	48374256d104b6ebddff71ce25a13d65a354053c3027b04dba8c79d40f2ca112	4755	immutable baseline bf510d8f2becd4c023fe04a7df8b8dd1681e1d11
internal/ldapwire/sort_test.go	b738db8fab65a737146d8cc6751bdf86b5c7fab32bedc35aee843bf711b368df	3272	immutable baseline bf510d8f2becd4c023fe04a7df8b8dd1681e1d11
internal/ldapwire/sync.go	f3ba3a4847ef4807392c68e3dd20586a5b84dd86020970f05b10aa1cac63748f	12297	immutable baseline bf510d8f2becd4c023fe04a7df8b8dd1681e1d11
internal/ldapwire/sync_test.go	b48bf81ccf05ed5771d9ce4e0fd0fcc074ba589c97a3a196b0ffe25afbd950db	8176	immutable baseline bf510d8f2becd4c023fe04a7df8b8dd1681e1d11
internal/ldapwire/transaction.go	40ca8f38cf6ace9431d0ed72102fb49c556b1f2852952b11c6800bf9336a9ab3	6085	immutable baseline bf510d8f2becd4c023fe04a7df8b8dd1681e1d11
internal/ldapwire/transaction_test.go	fd66eb0e9fbce564871dfba1b030d06671d3356f1d43154ebc8c3145c7c7f6f0	5633	immutable baseline bf510d8f2becd4c023fe04a7df8b8dd1681e1d11
internal/ldapwire/types.go	e7df8113828af1709aec885987752f61ab862800c2b7db3358364bfee7c7dba7	6301	immutable baseline bf510d8f2becd4c023fe04a7df8b8dd1681e1d11
internal/ldapwire/value_sort.go	7593f2a8b17522b1bc10d51705164172f55155b868a3d409148b6ceb5860f4ef	1079	immutable baseline bf510d8f2becd4c023fe04a7df8b8dd1681e1d11
internal/ldapwire/value_sort_test.go	1ecc5a83d541f705c8f13b876baaff9d18217341bb41c51a2a78e1ebfed58187	1551	immutable baseline bf510d8f2becd4c023fe04a7df8b8dd1681e1d11
internal/ldapwire/verify_credentials.go	867619b5523a334abd3fa5bb84472bedfb45f13fb6879b8841ae9fb61e4b32eb	9564	immutable baseline bf510d8f2becd4c023fe04a7df8b8dd1681e1d11
internal/ldapwire/verify_credentials_test.go	f41c882e19b3ca4938cfe767cf2f48fc175704c521e90ce680097863a9a20fbd	26193	immutable baseline bf510d8f2becd4c023fe04a7df8b8dd1681e1d11
internal/ldapwire/vlv.go	6e1515ea211a10a90a49fd59fd1560122ed3a595dcea4ba397436e83f68c8ff0	7139	immutable baseline bf510d8f2becd4c023fe04a7df8b8dd1681e1d11
internal/ldapwire/vlv_test.go	bda73b37012129926ce258dc90143b6eafc23729cf4ef2eff15dcf61d4249b51	4122	immutable baseline bf510d8f2becd4c023fe04a7df8b8dd1681e1d11
internal/ldapwire/wire_test.go	90543648160c67c9db46c8d09afaccda77be155195cbaba31ea4a1b3d03011fb	16929	immutable baseline bf510d8f2becd4c023fe04a7df8b8dd1681e1d11
internal/lloadd/config.go	0e5d83ac2d487f1872ed29638ea2e1036f957110f86ac344257d41e494845c7b	40259	immutable baseline bf510d8f2becd4c023fe04a7df8b8dd1681e1d11
internal/lloadd/config_test.go	9d8e2f4349709e8c52ff961da02022d0803ca7556d25f5913af883e6d8d96f6c	16024	immutable baseline bf510d8f2becd4c023fe04a7df8b8dd1681e1d11
internal/lloadd/connection_metadata.go	f9e48124af29ebb74d86328ac8c0e184a05dc31c3d1ea018c3c562d542ab34d1	5487	immutable baseline bf510d8f2becd4c023fe04a7df8b8dd1681e1d11
internal/lloadd/daemon.go	b308486bff374320d1c7d6e476956238fa9aa9d836fcc2c41895fe91c7cff14f	13448	immutable baseline bf510d8f2becd4c023fe04a7df8b8dd1681e1d11
internal/lloadd/daemon_test.go	513865583eb14f726188b2a92621c02ebfaf62397e1cb87dca5900521b56be1c	14418	immutable baseline bf510d8f2becd4c023fe04a7df8b8dd1681e1d11
internal/lloadd/doc.go	bd4c4638b1647a43fb16f5aef511bd75656591119efd39e7c98a19b061d7c99b	76	immutable baseline bf510d8f2becd4c023fe04a7df8b8dd1681e1d11
internal/lloadd/hardening_test.go	a971299a532f39d40fe8ef08ededd4a708e34897e90a583de80944ebc24b4b0f	9585	immutable baseline bf510d8f2becd4c023fe04a7df8b8dd1681e1d11
internal/lloadd/monitor.go	e487df12330e04de84661de5cb5fe51a386d8d92b32e7536f237acdf4c14b0d4	58256	immutable baseline bf510d8f2becd4c023fe04a7df8b8dd1681e1d11
internal/lloadd/monitor_extended_test.go	a909cb1cb35afc56fdedec2835bfdc63dded770db7fd0399ca71b5c73a24ef1f	12161	immutable baseline bf510d8f2becd4c023fe04a7df8b8dd1681e1d11
internal/lloadd/monitor_observability_test.go	1ed4f50b7175d5607f24fbed75504221d136b3ebe7b741652ed343b547057b78	11986	immutable baseline bf510d8f2becd4c023fe04a7df8b8dd1681e1d11
internal/lloadd/monitor_remaining_test.go	dac1d28498a49120a75098f0d96237f92ef00cb5c469bed4b67fe6a714e3b4cf	12543	immutable baseline bf510d8f2becd4c023fe04a7df8b8dd1681e1d11
internal/lloadd/openldap_runtime_test.go	da0e69330f4decd53ae993875e3259b6c9aad441bb2966e1cf93f5c3e7acef29	13738	immutable baseline bf510d8f2becd4c023fe04a7df8b8dd1681e1d11
internal/lloadd/openldap_service_external_test.go	e157051e0487a8ce60ab39f7801a99ba07e5c7ce5f3c9aa2c64ad3ecc5caa027	9741	immutable baseline bf510d8f2becd4c023fe04a7df8b8dd1681e1d11
internal/lloadd/openldap_source_test.go	fe9299e351a298ff154a79bcf29a878ec40d30eea4ac7a7798ae33d9055824e7	8667	immutable baseline bf510d8f2becd4c023fe04a7df8b8dd1681e1d11
internal/lloadd/proxy.go	eb066604b4c51e7660fc5bbd318d467b6efafc9ad0489f6b0bc46b6f39c9ce5a	52065	immutable baseline bf510d8f2becd4c023fe04a7df8b8dd1681e1d11
internal/lloadd/proxy_backend_tls_test.go	45ca63844df692eb442137be568605470c9e34242eeaf05694ce039459a043f6	16890	immutable baseline bf510d8f2becd4c023fe04a7df8b8dd1681e1d11
internal/lloadd/proxy_cancel_test.go	eb452dcddfe22ce9cdee48a7db77329a9542fcd5753140b182c5d9be056519b7	30669	immutable baseline bf510d8f2becd4c023fe04a7df8b8dd1681e1d11
internal/lloadd/proxy_client.go	ba70a376cc4cd01394fa5e797187599e279e2279ee4f0ae01d7d103360aa7b9e	36361	immutable baseline bf510d8f2becd4c023fe04a7df8b8dd1681e1d11
internal/lloadd/proxy_client_tls_test.go	4c0c7fff1c9c2340ee9b087b1eb7734dc3c80b6647306ceb1b5e66db42d5f99d	12566	immutable baseline bf510d8f2becd4c023fe04a7df8b8dd1681e1d11
internal/lloadd/proxy_features_test.go	ce3ca1866d47f5b59c6cb27ba2350e5c8d1beab59b615cd84cdf8f97c66cdf20	14075	immutable baseline bf510d8f2becd4c023fe04a7df8b8dd1681e1d11
internal/lloadd/proxy_maintainer_test.go	074fe756f2b3ccc397ecfcb9f1c6a96b477d8fbdad29541ef5cbd76a2939babb	11697	immutable baseline bf510d8f2becd4c023fe04a7df8b8dd1681e1d11
internal/lloadd/proxy_protocol_test.go	52b09249b67179333ea87def80f63a42f701dd9026effb33f5ab1b0fbebac65c	13774	immutable baseline bf510d8f2becd4c023fe04a7df8b8dd1681e1d11
internal/lloadd/proxy_service_external.go	6ea7216cd6016a6cec9b089ce75eba405ed306181cffb5fccfd6734fd94cd0ca	1812	immutable baseline bf510d8f2becd4c023fe04a7df8b8dd1681e1d11
internal/lloadd/proxy_service_external_integration_test.go	eb0a6de535228db94e7c04f966048f8c32bd911ef491832e7d88151a68708637	8698	immutable baseline bf510d8f2becd4c023fe04a7df8b8dd1681e1d11
internal/lloadd/proxy_service_external_lifecycle_test.go	10bb3aa93d57fa6f16b32c54f53d1e5b123efc4bb44cf7f1d0dd7fd26666020c	20626	immutable baseline bf510d8f2becd4c023fe04a7df8b8dd1681e1d11
internal/lloadd/proxy_service_external_test.go	8baeb51d720d0c762714b1c3a50d85e3f81c8b33d798f1f525dc9d0b6c93d50e	8921	immutable baseline bf510d8f2becd4c023fe04a7df8b8dd1681e1d11
internal/lloadd/proxy_service_gssapi_test.go	809fd3329e0d27fa4e70109093c2fd913d7db199e86ce8002130d300d6204460	24439	immutable baseline bf510d8f2becd4c023fe04a7df8b8dd1681e1d11
internal/lloadd/proxy_service_sasl.go	15233787067ad3e85d909c1379ba1b2133f30c63fdc5563657eba4b975b13f9e	52831	immutable baseline bf510d8f2becd4c023fe04a7df8b8dd1681e1d11
internal/lloadd/proxy_service_sasl_scram_plus.go	e357275fc70127822877142e28a2d5921f087fbf43d0a3cf89f99578738b4f2e	5778	immutable baseline bf510d8f2becd4c023fe04a7df8b8dd1681e1d11
internal/lloadd/proxy_service_sasl_scram_plus_lifecycle_test.go	b0fdfe2f8e8666fff2c0b0eeecfe0c87a4dacca71814a2467e95e32ca647480e	10153	immutable baseline bf510d8f2becd4c023fe04a7df8b8dd1681e1d11
internal/lloadd/proxy_service_sasl_scram_plus_native_provider_test.go	ddc695fb7233b231b2cff6766db5994d6a2c3a6bea593cc36611574da9f41e03	6991	immutable baseline bf510d8f2becd4c023fe04a7df8b8dd1681e1d11
internal/lloadd/proxy_service_sasl_scram_plus_openldap_test.go	8cb14a7c22127670fe86edc4482b5f0758e3fe722238242bdc8f48c0461e0149	4729	immutable baseline bf510d8f2becd4c023fe04a7df8b8dd1681e1d11
internal/lloadd/proxy_service_sasl_scram_plus_test.go	b3075abb2826821686833075fbaf68b4bff6c4ae88033f57b219bd3f938b64c4	18121	immutable baseline bf510d8f2becd4c023fe04a7df8b8dd1681e1d11
internal/lloadd/proxy_service_sasl_scram_plus_validation_test.go	dddb77e2822d021f050de550ac992a1afb17268380c10f699499c16d8910c868	9779	immutable baseline bf510d8f2becd4c023fe04a7df8b8dd1681e1d11
internal/lloadd/proxy_service_sasl_test.go	ee6447de54345fc08f7f6088e4743d3f8586ecbd0da7ec096fbcf8dc7c996b93	17235	immutable baseline bf510d8f2becd4c023fe04a7df8b8dd1681e1d11
internal/lloadd/proxy_socket_options_test.go	52f8a896754d53c14215276b06b5b3e8e5648b32593a681360c6bf10e26ea347	12670	immutable baseline bf510d8f2becd4c023fe04a7df8b8dd1681e1d11
internal/lloadd/proxy_test.go	38dd7efc2a5371fc63a829d2fbd5dbe8598fc60171ae26cb677d4e9e6771a9c3	76487	immutable baseline bf510d8f2becd4c023fe04a7df8b8dd1681e1d11
internal/lloadd/proxy_upstream.go	ee4780fe8131102421ef9ac2f61470293c17a69a94a74e5bfadd4590a5729171	8575	immutable baseline bf510d8f2becd4c023fe04a7df8b8dd1681e1d11
internal/lloadd/proxy_vc_project_test.go	fb9f562f16de3d0d51e21a5ce47eaa1209dbfa1c82b165a08db3fbb9da920746	16050	immutable baseline bf510d8f2becd4c023fe04a7df8b8dd1681e1d11
internal/lloadd/runtime_config.go	899f226d79d9ba76aa7879f154b735f719e437e8697e8736a74c38aa04631022	19594	immutable baseline bf510d8f2becd4c023fe04a7df8b8dd1681e1d11
internal/lloadd/scheduler.go	96589dea6eeb9038c931b783c4ccaf74d20eb04e51dcaddd99c5c845e3da29bf	26335	immutable baseline bf510d8f2becd4c023fe04a7df8b8dd1681e1d11
internal/lloadd/scheduler_test.go	4d95b8d09eea52898d16b22362ff0f9bd506912e29786fbabf58d9132893df4e	27530	immutable baseline bf510d8f2becd4c023fe04a7df8b8dd1681e1d11
internal/lloadd/wire.go	a7cf56606f449906df144a9bebf7a6bd600da7324415d2761e2860a09b530a20	33689	immutable baseline bf510d8f2becd4c023fe04a7df8b8dd1681e1d11
internal/lloadd/wire_test.go	2475d58dbcb9e1660928fd5d28996f860cde853f883197bfabe09cd01c9dcf9f	29422	immutable baseline bf510d8f2becd4c023fe04a7df8b8dd1681e1d11
internal/mdbentry/limit.go	c88fc845faf4bc55822e23eadf359ec1253791a6d963aa37161b7e981035aad5	4461	immutable baseline bf510d8f2becd4c023fe04a7df8b8dd1681e1d11
internal/mdbentry/limit_test.go	0c9ca8182316c101be81b3c58c1d101c2170f5d97c1277c28d8cdddc4d37f686	2944	immutable baseline bf510d8f2becd4c023fe04a7df8b8dd1681e1d11
internal/migration/database.go	70aa23923496779cf0bc02efa6fe1cdc52d66163cf87ecae21575a23da3d4f88	15398	immutable baseline bf510d8f2becd4c023fe04a7df8b8dd1681e1d11
internal/migration/dn_identity_partition_test.go	cbc62242e50c5c31f74be2c21d544e8115662fb95d59b3a8fa7519e190f65f9e	4685	immutable baseline bf510d8f2becd4c023fe04a7df8b8dd1681e1d11
internal/migration/doc.go	69de572341eb47ed159685dbc00f9b7bd5233070aaef2930d958cf74bbff0e61	92	immutable baseline bf510d8f2becd4c023fe04a7df8b8dd1681e1d11
internal/migration/export.go	3fc70e49c6f8bb853974a03bad50adaef90ab4f2d619f23e81a557adbb12d4ed	5082	immutable baseline bf510d8f2becd4c023fe04a7df8b8dd1681e1d11
internal/migration/export_test.go	a4d5324bd263e2fced3bd224ce69f7836b3ffc37daaa0143d24221a3667fa85b	11957	immutable baseline bf510d8f2becd4c023fe04a7df8b8dd1681e1d11
internal/migration/ldif.go	4f42ea1f251bb39d7a6655d6e646fecfeac1d3d6f1f2ecf319bc23ff37ac4fa8	30947	immutable baseline bf510d8f2becd4c023fe04a7df8b8dd1681e1d11
internal/migration/ldif_fuzz_test.go	807de6cc83ceae97b7a75783046bbf50f51dcb0f4ec454bd8a8be0277a4f866c	1749	immutable baseline bf510d8f2becd4c023fe04a7df8b8dd1681e1d11
internal/migration/ldif_test.go	604ad914c02e98ee6fa6bb61cd9b5618dd9c9c466b1b24061032a4fb7eb45ccc	56516	immutable baseline bf510d8f2becd4c023fe04a7df8b8dd1681e1d11
internal/migration/max_entry_size.go	571f2a258ad05310c5ff66dda7adca10f4ecbfe13e938ccce756647769b86e12	989	immutable baseline bf510d8f2becd4c023fe04a7df8b8dd1681e1d11
internal/migration/max_entry_size_test.go	d9f2b0ba79548533e9c1b71a732c5f95080923420261cb79dac4f7c423edb83c	2119	immutable baseline bf510d8f2becd4c023fe04a7df8b8dd1681e1d11
internal/migration/openldap_dn_identity_test.go	7f8143fc5906fe691db3d19ff6bbddb8a194d5ac4b96698ad795fd7fe1a40502	10272	immutable baseline bf510d8f2becd4c023fe04a7df8b8dd1681e1d11
internal/migration/slapadd_cli.go	ad9582f7c14ec8bd9990ae8c44dff0ccce232c12919129c4a27de858917a5905	8671	immutable baseline bf510d8f2becd4c023fe04a7df8b8dd1681e1d11
internal/migration/slapadd_cli_test.go	8c328d77cf1d845913c83d157f311317c3ed70336cf44f01bbf5ac77b8645f31	14233	immutable baseline bf510d8f2becd4c023fe04a7df8b8dd1681e1d11
internal/migration/slapdconf/allowed_test.go	b7c6f4dda29aaafc821163a9cc1a96abc2e01b84c36f9f125c20df10eb480015	1089	immutable baseline bf510d8f2becd4c023fe04a7df8b8dd1681e1d11
internal/migration/slapdconf/backends.go	c58a35c4d13ef49d1d50eafcb0d6d11d554476763110a0117d1d7b46414e05f6	3151	immutable baseline bf510d8f2becd4c023fe04a7df8b8dd1681e1d11
internal/migration/slapdconf/convert.go	f6a5f4792eea2b561870f18079c537e79a3f5074fe9db4880ee5e48438f72fa0	34350	immutable baseline bf510d8f2becd4c023fe04a7df8b8dd1681e1d11
internal/migration/slapdconf/convert_test.go	7c53033075dd43e49f4cd794dbc32e163e690f7e72352c1af2646039bb334e67	4379	immutable baseline bf510d8f2becd4c023fe04a7df8b8dd1681e1d11
internal/migration/slapdconf/document.go	96a0b4044bd0b9916c16cd8bf87b175ec081a2d40046768dc0f73cd24cd9baf3	4257	immutable baseline bf510d8f2becd4c023fe04a7df8b8dd1681e1d11
internal/migration/slapdconf/log_monitoring_test.go	08f0b4363c97c62ae3be993ee7c1aa3b3db72301187c974d9459d2803527408a	2218	immutable baseline bf510d8f2becd4c023fe04a7df8b8dd1681e1d11
internal/migration/slapdconf/oracle_test.go	c520366995b09eda85c4c200dcca3180c556c6118d3d0007f4caeb802b4b68fb	4223	immutable baseline bf510d8f2becd4c023fe04a7df8b8dd1681e1d11
internal/migration/slapdconf/overlays_test.go	4a197712fbafc49fc632b2d87755ca369f1a4176b7536aad23f9d01a35be10fa	4885	immutable baseline bf510d8f2becd4c023fe04a7df8b8dd1681e1d11
internal/migration/slapdconf/parser.go	2a1018780a9494276cbdb6ac7d519874db75d427dae8e54f76bb3e40cf481c48	11820	immutable baseline bf510d8f2becd4c023fe04a7df8b8dd1681e1d11
internal/migration/slapdconf/parser_open_other.go	36d8ade05b8868425db33ee8a3939fac2068896ca461359efaaaf79b171c7a3d	320	immutable baseline bf510d8f2becd4c023fe04a7df8b8dd1681e1d11
internal/migration/slapdconf/parser_open_unix.go	dda426a8702d6cc5d0177ff2b18d857deda336a86cf9ca576e90fc622a8260d5	798	immutable baseline bf510d8f2becd4c023fe04a7df8b8dd1681e1d11
internal/migration/slapdconf/parser_open_unix_test.go	cd0040eeb6fe59c0685624d3c08530eb8b3f73aafbbb4093f5332c30573d3139	1616	immutable baseline bf510d8f2becd4c023fe04a7df8b8dd1681e1d11
internal/migration/slapdconf/parser_open_windows.go	745ca5dd39f4efc846b81e639368d8e368b5edc0c0c57cb9c4e88cfbebb4a9cd	1439	immutable baseline bf510d8f2becd4c023fe04a7df8b8dd1681e1d11
internal/migration/slapdconf/parser_test.go	3790c230568b80bdbaf8a15f56700749d4f7e5dca7873618a2058bed5668ac22	5206	immutable baseline bf510d8f2becd4c023fe04a7df8b8dd1681e1d11
internal/migration/slapdconf/sasl_cbinding_test.go	08edbca8ff4cf78d72272a8c6c081730839ce3af8310b11502e3b1204fe94bb8	8476	immutable baseline bf510d8f2becd4c023fe04a7df8b8dd1681e1d11
internal/migration/slapdconf/tls_schema_test.go	1e53e4205de68218b2763fd294eaa99fc63384e5b641aa62cb5f1421bcd58baa	3585	immutable baseline bf510d8f2becd4c023fe04a7df8b8dd1681e1d11
internal/migration/slapdconf/validate.go	22a6f960d82c2dc25b044f1ab77926094d75f516793b199c27d2b919891eaa8c	4010	immutable baseline bf510d8f2becd4c023fe04a7df8b8dd1681e1d11
internal/migration/slapdconf/verify_credentials_test.go	d1562a9b8fcf5897b783dc665e532137e697a0e197549a669bf9b3fb49dc29a5	740	immutable baseline bf510d8f2becd4c023fe04a7df8b8dd1681e1d11
internal/saslkrb5/channel_binding.go	efebedf8f06465a20ad8b9aafd4877e87425539cee9d95d534071f9da7ae6189	2616	immutable baseline bf510d8f2becd4c023fe04a7df8b8dd1681e1d11
internal/saslkrb5/channel_binding_test.go	43ab96cbe8bc281bc1091992b4d03bf7e3a0b805c3e754f99195dd50681eb609	2839	immutable baseline bf510d8f2becd4c023fe04a7df8b8dd1681e1d11
internal/saslkrb5/context.go	fc2afe8bebb423f599bff37f26062838f900b2e2d86918c4b52a8eecb7707985	13424	immutable baseline bf510d8f2becd4c023fe04a7df8b8dd1681e1d11
internal/saslkrb5/context_test.go	9d4c5ae47ebff1bea4e1c693c59c82e673497523bb12f5230e2f737b4c1310f8	4530	immutable baseline bf510d8f2becd4c023fe04a7df8b8dd1681e1d11
internal/saslkrb5/doc.go	f7d0b2c8247a94eb54dbbd53dc469a1077b2659ca9414f202b89648eafd441c1	88	immutable baseline bf510d8f2becd4c023fe04a7df8b8dd1681e1d11
internal/saslkrb5/security.go	108c611c5d11a7bc5bde4c659612ebbdeb0891a5de6925ddf1c96ee485889980	17386	immutable baseline bf510d8f2becd4c023fe04a7df8b8dd1681e1d11
internal/saslkrb5/security_test.go	ce2439051cadf0441032badbf8e55e7130710ff383dbf791deec5a1741d699fc	11986	immutable baseline bf510d8f2becd4c023fe04a7df8b8dd1681e1d11
internal/schema/allowed.go	b8a9b9ddd49df5b49a4649f4363757368fd44bb143b4acd48b98d7988dc33ae3	3566	immutable baseline bf510d8f2becd4c023fe04a7df8b8dd1681e1d11
internal/schema/allowed_test.go	941f7726dea9a9bd4efae842aae6396090b6ac04cab61c61a81dcc10d28c19be	8065	immutable baseline bf510d8f2becd4c023fe04a7df8b8dd1681e1d11
internal/schema/approx.go	f52b6011a098a18e67f28d0dcac81843cf454c7cd8008b8e9bdcb1e13edeab76	10116	immutable baseline bf510d8f2becd4c023fe04a7df8b8dd1681e1d11
internal/schema/approx_test.go	1b7fb29f45b3f6e519b4be0f64a256aebcee480b27ee78aa892aee31d4abd3c6	3566	immutable baseline bf510d8f2becd4c023fe04a7df8b8dd1681e1d11
internal/schema/asyncmeta.go	6e006e96deece81ee111c05023f4ae2c4c7a8c5885e2a57ae6c1437c591d6164	3586	immutable baseline bf510d8f2becd4c023fe04a7df8b8dd1681e1d11
internal/schema/attribute_description.go	9ccca39aeb13f3037981929d6a1ccd3cca74c4ee9863154e3a195771faea8ea6	758	immutable baseline bf510d8f2becd4c023fe04a7df8b8dd1681e1d11
internal/schema/attribute_description_performance_test.go	bc574a6a9692ef98cd607c9e7f82fdc6737e575ed8353b4d2edd4de8f63a2a07	1775	immutable baseline bf510d8f2becd4c023fe04a7df8b8dd1681e1d11
internal/schema/authz.go	7077dc0a0d78d5c194ea5a1aee9e70867401c188bfbdecefa6e9cf34df735a48	4734	immutable baseline bf510d8f2becd4c023fe04a7df8b8dd1681e1d11
internal/schema/autoca.go	8b661e6427be1a35848c54725c8aaf5a1389a914f47100cb84c7eff4302b217f	10537	immutable baseline bf510d8f2becd4c023fe04a7df8b8dd1681e1d11
internal/schema/autoca_test.go	b38c787bb719d292a95d495048c1757b19791d85aeadacf0494969f9f8a8b8d6	11338	immutable baseline bf510d8f2becd4c023fe04a7df8b8dd1681e1d11
internal/schema/binary_syntax.go	9de1a8195ae2a6b6299aba5955782f3cb7dc3ad59b90f67ce98e7399cc4a5402	13590	immutable baseline bf510d8f2becd4c023fe04a7df8b8dd1681e1d11
internal/schema/binary_syntax_test.go	6c735a75a6df01b323ba82ab76435fb7673d8b944b7b96fc6544b16d7fc434a2	6765	immutable baseline bf510d8f2becd4c023fe04a7df8b8dd1681e1d11
internal/schema/bit_string_test.go	0ad7cdaf7fad1df751cd9426547c80c968251a00bc2b5565beaa6b28088f25ea	1997	immutable baseline bf510d8f2becd4c023fe04a7df8b8dd1681e1d11
internal/schema/builtin.go	d602977ca1cfef40260eeb36975f5d38985d5133449a37e5513e62200da85d55	44863	immutable baseline bf510d8f2becd4c023fe04a7df8b8dd1681e1d11
internal/schema/builtin_references_test.go	db1cbe64716e736078c0fcf88059bcbb1ba93fb1e145e00aff4c67a2208ff63b	1707	immutable baseline bf510d8f2becd4c023fe04a7df8b8dd1681e1d11
internal/schema/collective_presence_test.go	f820938ba63114c7443429b4017dc37ed2ca3c8ac8ef7c63bc9ffa1bbcf723a6	1752	immutable baseline bf510d8f2becd4c023fe04a7df8b8dd1681e1d11
internal/schema/collective_test.go	c07490cd28b76ac9f10140b1ef7c3b863eb518f7daeb4152a7af0c5e5bb4e9b8	11005	immutable baseline bf510d8f2becd4c023fe04a7df8b8dd1681e1d11
internal/schema/compare_entry.go	e7dea26cd586954198168522d78172e4fd71b9929f559bc74803158cb8e14d8b	3576	immutable baseline bf510d8f2becd4c023fe04a7df8b8dd1681e1d11
internal/schema/compare_entry_cache_test.go	93305c9d554a6c7190e48f455b4415d3d9af6e4f5e125de38adaeb8dfa1de1e5	10371	immutable baseline bf510d8f2becd4c023fe04a7df8b8dd1681e1d11
internal/schema/compare_entry_test.go	e7df5f4a2902f37b483fb54579e63a71bd234506b152620c0727cafc6bee88d3	13252	immutable baseline bf510d8f2becd4c023fe04a7df8b8dd1681e1d11
internal/schema/compare_simple_dn.go	3f861529ec080bd9ba8f0d7eb3fe7f33d6c6844aa0558c5e59d1c244a556adff	3953	immutable baseline bf510d8f2becd4c023fe04a7df8b8dd1681e1d11
internal/schema/compare_simple_dn_leaf_bench_test.go	dcc5124fced926af41edcae359931795b597613fca9b90856da23b91d7d093f3	2228	immutable baseline bf510d8f2becd4c023fe04a7df8b8dd1681e1d11
internal/schema/compare_simple_dn_leaf_test.go	5c29904fbbe0b796d27ab8b3a2c4fa00ac44514abf5f3b9f36c0deadc4ede7e7	5583	immutable baseline bf510d8f2becd4c023fe04a7df8b8dd1681e1d11
internal/schema/compare_simple_dn_tail_test.go	60e7e969705d7c02fc2ff36e6b8f51ca9a0e9e6d309fa14fa00b9c659729a25b	7915	immutable baseline bf510d8f2becd4c023fe04a7df8b8dd1681e1d11
internal/schema/compare_simple_dn_test.go	a7c2c1eab787baed90c96c99d796f6313b600fa44c89c1a5d8a2310bb7db11b9	9091	immutable baseline bf510d8f2becd4c023fe04a7df8b8dd1681e1d11
internal/schema/configuration.go	9c5565601f28f800a671b5ba896487d28f03e5d7258221e8142c56c193cf22fc	7299	immutable baseline bf510d8f2becd4c023fe04a7df8b8dd1681e1d11
internal/schema/configuration_data.go	a142db19667929102f02719553757ec26bd18ad4e8855f85bab0617b3a12258b	19465	immutable baseline bf510d8f2becd4c023fe04a7df8b8dd1681e1d11
internal/schema/configuration_test.go	763fd26165ffac2f49e3952ac3abfd06d77671fa5dc39de13b7823808b960be8	25886	immutable baseline bf510d8f2becd4c023fe04a7df8b8dd1681e1d11
internal/schema/content_rule_test.go	ae7f3e3993869e0c951002d07feb27954a34be91083f477f170195b2393f3016	11376	immutable baseline bf510d8f2becd4c023fe04a7df8b8dd1681e1d11
internal/schema/dn_cache.go	ab399bc86613c66e7036e64e68cd40577e74b06f176ad7320cf8015724aba02b	4740	immutable baseline bf510d8f2becd4c023fe04a7df8b8dd1681e1d11
internal/schema/dn_cache_bytes_bench_test.go	298c9feda1e6d8480b33768a263888c6089bf4e4b8ae0e083a9c027474d11eda	1788	immutable baseline bf510d8f2becd4c023fe04a7df8b8dd1681e1d11
internal/schema/dn_cache_bytes_test.go	9d7ee1ba4cc948df51380c30722192c1248744a04b5e14eccd135a0ffe7e934c	3468	immutable baseline bf510d8f2becd4c023fe04a7df8b8dd1681e1d11
internal/schema/dn_cache_test.go	9990c7f281745257944f8c6eedc30651a6e38885120009c763de305d8746aab0	14422	immutable baseline bf510d8f2becd4c023fe04a7df8b8dd1681e1d11
internal/schema/dn_cache_text_bench_test.go	bbd488744b3551fff8f30f858bc9a8259a3b24e68f7a6efa954e8c96c9e99a45	3478	immutable baseline bf510d8f2becd4c023fe04a7df8b8dd1681e1d11
internal/schema/dn_cache_text_test.go	f6a0386bab7d2b00377f86f8727587baa2b913e658b26029af3cd81fe58cb821	8432	immutable baseline bf510d8f2becd4c023fe04a7df8b8dd1681e1d11
internal/schema/dn_equality_registry_test.go	904a0392012a4f71e6dca26423b713225b5fbc753b1dff94db39e7864b04a3f6	5486	immutable baseline bf510d8f2becd4c023fe04a7df8b8dd1681e1d11
internal/schema/dn_filter.go	38d9b4a07e26d43ead44ddfd97ee49f4188b4f6151955e0c92c1db5c065c3fd3	849	immutable baseline bf510d8f2becd4c023fe04a7df8b8dd1681e1d11
internal/schema/dn_identity_fingerprint_test.go	2044a2540b0a4c3056a051addeb87cc163aecdbf68e85a22e1d89687e1b7120d	1117	immutable baseline bf510d8f2becd4c023fe04a7df8b8dd1681e1d11
internal/schema/dn_identity_test.go	899e102af69e8a46be7e55359b6a9a33172016031556a9de9edb33d565e439f2	3482	immutable baseline bf510d8f2becd4c023fe04a7df8b8dd1681e1d11
internal/schema/doc.go	dd44fc21897a9d885c1daa1d0435a88822c4e5a53f979cf93772e7ca3fbf9fcc	97	immutable baseline bf510d8f2becd4c023fe04a7df8b8dd1681e1d11
internal/schema/equality_assertion_cache.go	03610bcd32b006b7e2463be556bf2ec35ba14192d3e94196e1ebb08567f48277	2099	immutable baseline bf510d8f2becd4c023fe04a7df8b8dd1681e1d11
internal/schema/equality_assertion_cache_test.go	750768c2361be1540524d3becbf6dc2c55e62b23b9177aeba72487d08b1793f4	9994	immutable baseline bf510d8f2becd4c023fe04a7df8b8dd1681e1d11
internal/schema/equality_cached_dn.go	77fce4b11b87e6787ef14987b4636df70f2d9344f40438fe0b70753bb163efbe	2218	immutable baseline bf510d8f2becd4c023fe04a7df8b8dd1681e1d11
internal/schema/equality_cached_dn_bench_test.go	79447fe3aabe5b3240a384d2dd99f6cfc5adba46b5919efd86969cd9273758a6	2827	immutable baseline bf510d8f2becd4c023fe04a7df8b8dd1681e1d11
internal/schema/equality_cached_dn_test.go	b13a7e74860eb9e5d8dc727bbf9d093c6f0bbb584b66c931167aece11cfac2b2	26911	immutable baseline bf510d8f2becd4c023fe04a7df8b8dd1681e1d11
internal/schema/equality_evaluation_test.go	0869ac4c3e6d3be8f24436809d6958b76844a6f6a7d49bdf21f243a5e39d2511	18549	immutable baseline bf510d8f2becd4c023fe04a7df8b8dd1681e1d11
internal/schema/extra_syntax.go	513f21ce6ee5d782ce5ed1a67e7c8350c56fcce43e0797cd85d71b63e84c3a4a	10035	immutable baseline bf510d8f2becd4c023fe04a7df8b8dd1681e1d11
internal/schema/extra_syntax_test.go	18b9ceaf1ada72ec7d1e36f25be90f0b3535f5d6a0fba09e81660ccc62acdbf1	14782	immutable baseline bf510d8f2becd4c023fe04a7df8b8dd1681e1d11
internal/schema/filter_assertion.go	576ca1d6927b41c8b4a725ebc4413d8fd5f912f97bf89b8fb71d0b2c8f999bf3	2527	immutable baseline bf510d8f2becd4c023fe04a7df8b8dd1681e1d11
internal/schema/filter_assertion_test.go	01dfcc9f8fa498119abb7d501f616829948f7d811146bfe3e4732e2f7a733386	1904	immutable baseline bf510d8f2becd4c023fe04a7df8b8dd1681e1d11
internal/schema/format.go	2e0658a2b33d050fa213cb2796aad62394d7324f4fc8c9b0e39ebdd3f5b5a4ab	6424	immutable baseline bf510d8f2becd4c023fe04a7df8b8dd1681e1d11
internal/schema/generalized_time.go	fde34152b037ad03aaee0529f32f333d5c5dfbab55f4c61de86214eb73923f23	3877	immutable baseline bf510d8f2becd4c023fe04a7df8b8dd1681e1d11
internal/schema/integer.go	ff0cb063bc11311991b233eae193bb9169c079189446c22d2b30e302d4e25e50	1088	immutable baseline bf510d8f2becd4c023fe04a7df8b8dd1681e1d11
internal/schema/lastbind.go	ee77b7e6c35119babb2d06cfe01313b5173e9b1670a41ae13fcea0ff6c571fd2	969	immutable baseline bf510d8f2becd4c023fe04a7df8b8dd1681e1d11
internal/schema/lastbind_test.go	133495d44ace0724c7dd452d35ef0fa5dbe90ce442696dfdcdba8c39b7ecf2d4	630	immutable baseline bf510d8f2becd4c023fe04a7df8b8dd1681e1d11
internal/schema/matching_rule_assertion.go	f58371cfcffd9553b22b6646441adadc3612f86f3ea3012a44f4580bc76017d8	1677	immutable baseline bf510d8f2becd4c023fe04a7df8b8dd1681e1d11
internal/schema/matching_rule_description.go	9bc5d8daffa1091ece456a507b36139f4495d7501f437fef61ab7e9697864010	8763	immutable baseline bf510d8f2becd4c023fe04a7df8b8dd1681e1d11
internal/schema/matching_rule_description_test.go	9c87fea4ac9bd67df317c792b6231d3d19de42e0bd36dfe8077631bf45c216e6	11700	immutable baseline bf510d8f2becd4c023fe04a7df8b8dd1681e1d11
internal/schema/matching_rule_oid_test.go	5d0b1b5dde68457371fb226ad91fc1615553684fc2cf4e5e4ac32e7a89f3dddc	3969	immutable baseline bf510d8f2becd4c023fe04a7df8b8dd1681e1d11
internal/schema/matching_rules.go	c1974cea01709a42f88a771b2ec4c92198c2129fd231dddf572dde0409c81d4a	11836	immutable baseline bf510d8f2becd4c023fe04a7df8b8dd1681e1d11
internal/schema/matching_rules_test.go	2cf2d0be1de74e897db9d0e8ffac2eb634a6b5e0b11190302b5aff16391e3c72	18529	immutable baseline bf510d8f2becd4c023fe04a7df8b8dd1681e1d11
internal/schema/mdb_entry_size.go	8df34154ff7fdc0e32d9023449106139091734d69c70623186687d1b8206ad0e	4595	immutable baseline bf510d8f2becd4c023fe04a7df8b8dd1681e1d11
internal/schema/meta.go	3c682cfe37e7c1c1d01c6ff5e0bdbc29ef049ba5657633ec482ec8711966c034	13140	immutable baseline bf510d8f2becd4c023fe04a7df8b8dd1681e1d11
internal/schema/meta_test.go	e1395c310759e61b00287b93a1b03d47907778119ebedf9bd808c106ca286ec9	10390	immutable baseline bf510d8f2becd4c023fe04a7df8b8dd1681e1d11
internal/schema/module_test.go	74a1529dae83a94707bbe1e3c809e3098b7acbec1a3ce4cb6286a74e61f1b50e	2054	immutable baseline bf510d8f2becd4c023fe04a7df8b8dd1681e1d11
internal/schema/object_class_readonly_test.go	642be15f421448fc5e90f384062b78beac013e12790f35f382d7dbd7b45dd66f	13366	immutable baseline bf510d8f2becd4c023fe04a7df8b8dd1681e1d11
internal/schema/openldap.go	a7013943f7f3bf9b9e54c5913f49db6889b32329818f07e8426d3607753efa2a	12800	immutable baseline bf510d8f2becd4c023fe04a7df8b8dd1681e1d11
internal/schema/openldap_syntax_test.go	c2201e5846627672d0adde92b8163baf9f69b996f3ef73c9c940a114ce546e12	10558	immutable baseline bf510d8f2becd4c023fe04a7df8b8dd1681e1d11
internal/schema/openldap_test.go	4bf4626c9bbf94afd958b520ee6fba63cc5b3cc2219b9bed4d29afbc35b82ed4	25014	immutable baseline bf510d8f2becd4c023fe04a7df8b8dd1681e1d11
internal/schema/ordered_values.go	31e028e18a456152cef86f2d6b7692f2a858a75a386237362c5f6311008ee33a	4443	immutable baseline bf510d8f2becd4c023fe04a7df8b8dd1681e1d11
internal/schema/ordered_values_test.go	0ac5f7eb90c6c0d1bc2ebabc6fafe57bb1ba7a6b07af5432af2057477a75b4d0	2537	immutable baseline bf510d8f2becd4c023fe04a7df8b8dd1681e1d11
internal/schema/otp.go	6e822d16e86847fe268cf8908e911657b8caf9373c3578deb8106ee01e110bc8	10618	immutable baseline bf510d8f2becd4c023fe04a7df8b8dd1681e1d11
internal/schema/otp_test.go	1da139f6729e58393ba03fcbf4a5dd96b03c540bdb34322502c81257ac79058d	13557	immutable baseline bf510d8f2becd4c023fe04a7df8b8dd1681e1d11
internal/schema/parser.go	197ecb0701e0c9a07859000366a0f1587af34547e1719db4ac305d0f4aac888d	17059	immutable baseline bf510d8f2becd4c023fe04a7df8b8dd1681e1d11
internal/schema/parser_fuzz_test.go	770b9bfd74e96f9810b67ce760225bdaed6c3ad2ef0efc731f68bc8b7a3f1076	2101	immutable baseline bf510d8f2becd4c023fe04a7df8b8dd1681e1d11
internal/schema/passwd_dnssrv.go	3ad803ff5534a4ec72acd5707ac79e85550653c83802063170c9d436d9dd1c86	3850	immutable baseline bf510d8f2becd4c023fe04a7df8b8dd1681e1d11
internal/schema/passwd_dnssrv_test.go	5568df534f3f3fd3410afa5a13cf73b4bb67b8722de29effd097f9732a86f858	1406	immutable baseline bf510d8f2becd4c023fe04a7df8b8dd1681e1d11
internal/schema/ppolicy.go	1f9309f8316c61bd5b6cfbc274524fbbd27020996253b10c9596aa6a394f7e68	6764	immutable baseline bf510d8f2becd4c023fe04a7df8b8dd1681e1d11
internal/schema/ppolicy_test.go	f30ddeeecedbd9e6cd62aa1e4a86883203218cf8f0f63ac6b8dcb30cc6c7896c	1635	immutable baseline bf510d8f2becd4c023fe04a7df8b8dd1681e1d11
internal/schema/prepared_equality.go	7f3ad222995cca60564b8c35367b4105e57965715b3d40ee1d1551e6271afd40	3698	immutable baseline bf510d8f2becd4c023fe04a7df8b8dd1681e1d11
internal/schema/prepared_equality_bench_test.go	2e3ac265051e6dba75ae435b59161f5c8512b47c392696bcecaa7179e27a0e3b	2341	immutable baseline bf510d8f2becd4c023fe04a7df8b8dd1681e1d11
internal/schema/prepared_equality_test.go	2dd2f2b1b8fb9642751b7c4f1e463671eb4c7a9a7bfbf13b446b2ba33d6ae310	12628	immutable baseline bf510d8f2becd4c023fe04a7df8b8dd1681e1d11
internal/schema/prepared_names.go	dabea71847cf9f20cdde0c0541d6d339b9691199dea539ddb6914070ed2fa1da	2985	immutable baseline bf510d8f2becd4c023fe04a7df8b8dd1681e1d11
internal/schema/prepared_names_cache_test.go	2ce0538ac13f0139868a980ec6c5ea6667c7633a6a3b8206dba4dd5f62391689	4554	immutable baseline bf510d8f2becd4c023fe04a7df8b8dd1681e1d11
internal/schema/prepared_names_test.go	f9517c78c234390d6f257e776a769c5866407dc2261e14f9f0ffe2c4a3b6bc3b	5489	immutable baseline bf510d8f2becd4c023fe04a7df8b8dd1681e1d11
internal/schema/prepared_response_selection.go	751bdd565fa5498c3b2521863d934d05dc69ba95e54efb5db2456b5400ca1dac	2211	immutable baseline bf510d8f2becd4c023fe04a7df8b8dd1681e1d11
internal/schema/prepared_response_selection_bench_test.go	e4e22514dbe44c903d1dc37576f69e58463a4ce13ca852d2f9eb80d33a175a37	2007	immutable baseline bf510d8f2becd4c023fe04a7df8b8dd1681e1d11
internal/schema/prepared_response_selection_test.go	baa0e9f957372ecfe3618314038a48843ef19dbeaec4107088e7910d902ec8cc	8650	immutable baseline bf510d8f2becd4c023fe04a7df8b8dd1681e1d11
internal/schema/prepared_substring_bench_test.go	cdacbdcb46583de62f3fea4161652ff4d7d877b6f9759f3bebf665c7d6a72dd9	3833	immutable baseline bf510d8f2becd4c023fe04a7df8b8dd1681e1d11
internal/schema/prepared_substring_cursor.go	cbebb7b5f0f06b881a2fdb8f4b1a02a446c2bad8294b2afae0cd52ae2a37b9fe	2728	immutable baseline bf510d8f2becd4c023fe04a7df8b8dd1681e1d11
internal/schema/prepared_substring_cursor_bench_test.go	b66f318c1bc37ed0b227110491000889e901aac3bf90bb08f358ae44708aa131	2406	immutable baseline bf510d8f2becd4c023fe04a7df8b8dd1681e1d11
internal/schema/prepared_substring_cursor_test.go	7735c8cdb1b8d157cdbe6dc5d75b1d9f63dc82ff31f4aa0eb953856f1a5c6537	16609	immutable baseline bf510d8f2becd4c023fe04a7df8b8dd1681e1d11
internal/schema/prepared_substring_query.go	2f5ae8dbc5686ff5ec15cd6075384d143da28e37ae3316baef8d935689dbbfc0	2418	immutable baseline bf510d8f2becd4c023fe04a7df8b8dd1681e1d11
internal/schema/prepared_substring_query_bench_test.go	3068bafa8874389190cb24e3283791267075e301ace3d892771fe0c4d2923ddc	2195	immutable baseline bf510d8f2becd4c023fe04a7df8b8dd1681e1d11
internal/schema/prepared_substring_query_test.go	94a0c84a0b1c44b2ae55e4c9c038f247638b300697b868a87a6fcd41622efbce	11853	immutable baseline bf510d8f2becd4c023fe04a7df8b8dd1681e1d11
internal/schema/prepared_substring_test.go	b234e91e4e5dee4d6674cd057bc4c95af97e606e29ce72639567a1674d5748a7	20338	immutable baseline bf510d8f2becd4c023fe04a7df8b8dd1681e1d11
internal/schema/rdn_attributes.go	428b95e3834bfd1a33f56cf069fb476f5a47042a9fc0680b4bfd637336405ad8	948	immutable baseline bf510d8f2becd4c023fe04a7df8b8dd1681e1d11
internal/schema/rdn_attributes_test.go	48a18eeff71ffa343153e840c6470d36af3394b3488dcb39c8cacaab0af6bf8a	1846	immutable baseline bf510d8f2becd4c023fe04a7df8b8dd1681e1d11
internal/schema/registry.go	63eec900d4bf17392895c6659f50c2c1cfd441ae6351f746d8d72ac2ff2b1bed	120644	immutable baseline bf510d8f2becd4c023fe04a7df8b8dd1681e1d11
internal/schema/retcode_test.go	9cb95ff61a1f3e6df3de47f0f98b201677ef628beae60f2ed0800f6870b84a23	1200	immutable baseline bf510d8f2becd4c023fe04a7df8b8dd1681e1d11
internal/schema/rootdse_test.go	3bc5d94110d2ea348b019bc4096ae2d399bda74e41cab851b65ea10546b07934	1496	immutable baseline bf510d8f2becd4c023fe04a7df8b8dd1681e1d11
internal/schema/schema_assertion_test.go	82a2c6ab8383af87e1eb0b3c05fcd44c3b6029d9a15b17ffb67b6ecb18eaf2e3	2254	immutable baseline bf510d8f2becd4c023fe04a7df8b8dd1681e1d11
internal/schema/schema_test.go	4ac70e0aca5c2e56089cdc171c7719666157144d5aa3b7097664d9b818162b43	34169	immutable baseline bf510d8f2becd4c023fe04a7df8b8dd1681e1d11
internal/schema/sock.go	e619a9d00a93ea95501074526b5a40795169c201a4f2c2fa8d0aef97857751b2	9899	immutable baseline bf510d8f2becd4c023fe04a7df8b8dd1681e1d11
internal/schema/sock_test.go	4b49113e4adcd08bc4b2f9f91931ca069dc281bfb8b2b32b26102d0b719f6249	9836	immutable baseline bf510d8f2becd4c023fe04a7df8b8dd1681e1d11
internal/schema/sql.go	4b2d892462361688e007d442c42ec574ab519604e3ddd42052f0a687d215284a	12171	immutable baseline bf510d8f2becd4c023fe04a7df8b8dd1681e1d11
internal/schema/sql_test.go	02f5617a5e0feaecb712058235a12177165ddb239598bb5465fe6d7aa6184d56	11496	immutable baseline bf510d8f2becd4c023fe04a7df8b8dd1681e1d11
internal/schema/structure_rule_test.go	e83c1d3dd0aaeec9c04f07429118b3f55cd4e864eb9da32e80ed2fc12f49dacc	15970	immutable baseline bf510d8f2becd4c023fe04a7df8b8dd1681e1d11
internal/schema/substring_ascii.go	9dfaaad5c7ebafd91d9b1741a34c81eecfd7527938f11dfb87d3ffe5bcc18415	1229	immutable baseline bf510d8f2becd4c023fe04a7df8b8dd1681e1d11
internal/schema/substring_ascii_test.go	063d89fa22be99d209bb57459439e630028d91f889a698989aa9d5b6a312ab11	7843	immutable baseline bf510d8f2becd4c023fe04a7df8b8dd1681e1d11
internal/schema/subtree.go	f3c595f15a86e12531dfc92e589cee99a50f063d848eb63001141555f35f6d73	13250	immutable baseline bf510d8f2becd4c023fe04a7df8b8dd1681e1d11
internal/schema/subtree_test.go	77e7d45b85c7f77e0f339e2a325c8fba0271ba119cdea1209bc0eb9f9a7946f9	9387	immutable baseline bf510d8f2becd4c023fe04a7df8b8dd1681e1d11
internal/schema/syntax.go	1d50fd320e88a56468b22bd7fb3f2969944577368b53990c42e3e8506d43e8ce	7128	immutable baseline bf510d8f2becd4c023fe04a7df8b8dd1681e1d11
internal/schema/syntax_compat_test.go	c9b7ccfed2adf0bf276b67efe9e4840ea943bc049f2bf38f10125e01b2ec9996	5564	immutable baseline bf510d8f2becd4c023fe04a7df8b8dd1681e1d11
internal/schema/syntax_publication.go	6b9f5d73028f9963fd3fdb7462f69b84925c4d675ea871097ddc902ba821ea12	7428	immutable baseline bf510d8f2becd4c023fe04a7df8b8dd1681e1d11
internal/schema/syntax_publication_test.go	cf7b13d52a110ed6915b66aa3a3e36e94846bf0e2059863980da472171926522	16048	immutable baseline bf510d8f2becd4c023fe04a7df8b8dd1681e1d11
internal/schema/totp_password_test.go	7a1c1e691123007b97f161f4bceee70ae9b873892de3f750a202465285d4175c	855	immutable baseline bf510d8f2becd4c023fe04a7df8b8dd1681e1d11
internal/schema/types.go	4157da90cc762e0b6798fb2086047d4a84809e516b1ef9ce31de60f4e8133251	3599	immutable baseline bf510d8f2becd4c023fe04a7df8b8dd1681e1d11
internal/server/access.go	634d5bed7b26bd7b62aa75c7bb5a20ac25f0c1b1eed3d7d7647bf92615cc6fe5	14400	immutable baseline bf510d8f2becd4c023fe04a7df8b8dd1681e1d11
internal/server/access_borrowed_projection_bench_test.go	b76f1b0b54bb8b59328272a92635b105c0df396d6d5a0b752317b72b6be3633e	1501	immutable baseline bf510d8f2becd4c023fe04a7df8b8dd1681e1d11
internal/server/access_borrowed_projection_test.go	6c334921e1d54d4f4a81fa65bbdb4c6fcd3e5c8b3930c0388fab1376a1a48e5d	9325	immutable baseline bf510d8f2becd4c023fe04a7df8b8dd1681e1d11
internal/server/access_context.go	5f13f497621a9f582de26ba89328e74c5bd1badc455d55f011e638114162427f	5578	immutable baseline bf510d8f2becd4c023fe04a7df8b8dd1681e1d11
internal/server/access_context_subject_test.go	73602a078f4a4da9b94659e05bc2efff1794842d1ca831e14aeafcde12d05abe	3054	immutable baseline bf510d8f2becd4c023fe04a7df8b8dd1681e1d11
internal/server/access_context_test.go	da95ce3ba9801b5e79743fde05f2085520763d3c08dc05404b265959f8354b2f	8440	immutable baseline bf510d8f2becd4c023fe04a7df8b8dd1681e1d11
internal/server/access_default_projection_bench_test.go	95576c308c231179c8d21eb2b51f8d5cbb48eaf58e8f89877e07b23c53a00015	3694	immutable baseline bf510d8f2becd4c023fe04a7df8b8dd1681e1d11
internal/server/access_default_projection_test.go	1170b7c902d0740bc5c16a55eaa1bca3858554cb5ef723ac1ebe4f1b6d1b0215	26797	immutable baseline bf510d8f2becd4c023fe04a7df8b8dd1681e1d11
internal/server/access_selected_projection_test.go	1be75d81048c4aad074542aac095717c6fe5f66994d86f993852be76e3a94e67	11822	immutable baseline bf510d8f2becd4c023fe04a7df8b8dd1681e1d11
internal/server/access_value_batch_test.go	c1440ac0aab15636a8da5dc3396ad08b3148c51b88b17c354d6f6974e3ee32f4	5289	immutable baseline bf510d8f2becd4c023fe04a7df8b8dd1681e1d11
internal/server/accesslog.go	d59c0ddb73cbe73203e8d3cfd0d44e0f00616212b5b31850ca89de9164c58252	55248	immutable baseline bf510d8f2becd4c023fe04a7df8b8dd1681e1d11
internal/server/accesslog_test.go	0a0edfc5a89b187afdff93228f20047be47840c9a4214f962fb83214bc23f0dc	41439	immutable baseline bf510d8f2becd4c023fe04a7df8b8dd1681e1d11
internal/server/alias.go	57604a90057f999a35500ad48a3330440ec39becb1749216448d750019c55570	15104	immutable baseline bf510d8f2becd4c023fe04a7df8b8dd1681e1d11
internal/server/alias_test.go	dd8b48426dd13cd4cbd69b83cf2ab47a1115560bf4def5ef298af0f1ed7d594c	18822	immutable baseline bf510d8f2becd4c023fe04a7df8b8dd1681e1d11
internal/server/allop.go	cc89f267f0d278e4e121973371184fba18bc25ceb69d76402e9f1021c3a085f7	1370	immutable baseline bf510d8f2becd4c023fe04a7df8b8dd1681e1d11
internal/server/allop_test.go	462184c7f6772e616731f9c5d5a89c1cd15d581a0b8885245f7d94205aa89afa	2339	immutable baseline bf510d8f2becd4c023fe04a7df8b8dd1681e1d11
internal/server/allowed.go	5bdde2f9263a9fa73ff279284fe140d468f61abed98bc20467fa848d389ff56d	8693	immutable baseline bf510d8f2becd4c023fe04a7df8b8dd1681e1d11
internal/server/allowed_configuration_test.go	46483aa2dbd705edd45ab9c5f81e87a2649afcd4dbc18aebdef4e720c052548b	3346	immutable baseline bf510d8f2becd4c023fe04a7df8b8dd1681e1d11
internal/server/allowed_reference_test.go	6112e3b063fdc1e794f14cf3064d5a72850376fe67178bf4d71ad21562f7f7b9	27148	immutable baseline bf510d8f2becd4c023fe04a7df8b8dd1681e1d11
internal/server/allowed_test.go	ddf737a584b07aec9ab416b7ab7c9852850ea7f703953deb6e0af1683a0163fd	13080	immutable baseline bf510d8f2becd4c023fe04a7df8b8dd1681e1d11
internal/server/assertion_control_test.go	c9324a0963e001f9b5b6055ed9c4c1a873f394209029eb48207a2aa940416777	11912	immutable baseline bf510d8f2becd4c023fe04a7df8b8dd1681e1d11
internal/server/asyncmeta_backend.go	41927722bf44d1cc83881638cd134316151cfa80d666e56591868ab644e24407	7599	immutable baseline bf510d8f2becd4c023fe04a7df8b8dd1681e1d11
internal/server/asyncmeta_backend_test.go	bea4308fcf33a4c27c0be920145e5363c3a0b192dc0363ac315a0d3ef2e80f20	10234	immutable baseline bf510d8f2becd4c023fe04a7df8b8dd1681e1d11
internal/server/asyncmeta_search.go	1f1e45a79c976ce8204e1d1177b95f0a331c613a2e122684cc9f596e339eb8bd	743	immutable baseline bf510d8f2becd4c023fe04a7df8b8dd1681e1d11
internal/server/attribute_options_test.go	1c52208378aa3ed78ce786b93951bffe22412f2f83ba1da6b79a62280df2c57f	13438	immutable baseline bf510d8f2becd4c023fe04a7df8b8dd1681e1d11
internal/server/audit.go	3105d9d3ba38abc5c5ddbfba72b29e7ec94838f659046667b6f8c66cb367097a	11824	immutable baseline bf510d8f2becd4c023fe04a7df8b8dd1681e1d11
internal/server/audit_identity_bench_test.go	f7d7d0961fc991bc0eb5584222bed343b832fb08610bd3e4229d70b8d5761a2d	4314	source/new/internal/server/audit_identity_bench_test.go.raw
internal/server/audit_identity_test.go	1e01538577c078a9d8e3b255a93284d73038c9f3a734f93436f87fc42858d324	9001	source/new/internal/server/audit_identity_test.go.raw
internal/server/audit_result_fast.go	f2fa38e097c0dedf8b9ad6b6482d57b2ee9c40ce2ceccdee8d8c05d7b8c7c779	914	immutable baseline bf510d8f2becd4c023fe04a7df8b8dd1681e1d11
internal/server/audit_result_fast_bench_test.go	e19b06cd1bc918b61eaa5649932c6a105b949a981b3855e671796fb655b0300a	2447	immutable baseline bf510d8f2becd4c023fe04a7df8b8dd1681e1d11
internal/server/audit_result_fast_test.go	ddcd98e145a621ca096b3758aefd6c0a83d00b60de2d7301e7d98a927bf80ed1	14407	immutable baseline bf510d8f2becd4c023fe04a7df8b8dd1681e1d11
internal/server/audit_test.go	4ccd0e5b9974332379779b355aea52033e0ba06288932a12b85440d9ab3a9788	10048	immutable baseline bf510d8f2becd4c023fe04a7df8b8dd1681e1d11
internal/server/auditlog.go	7f8b0e96caeb7fb3440d2449a839cfe71ea3d78a3c77e1be2aece527221532bc	14208	immutable baseline bf510d8f2becd4c023fe04a7df8b8dd1681e1d11
internal/server/auditlog_test.go	cbbc352f31643d8d59860f2a9bf5d03a9de15fb658e536c9db8852b96be290cf	20178	immutable baseline bf510d8f2becd4c023fe04a7df8b8dd1681e1d11
internal/server/authzid.go	3735e4b26f14a17a806aec210a7614e2e426722f8639d9c697bd414c88c0765b	6533	immutable baseline bf510d8f2becd4c023fe04a7df8b8dd1681e1d11
internal/server/authzid_test.go	d0ab1b85d35b7a59ee0208d51b134576d0be1ac38dfb0572e3906fd16f63959b	20367	immutable baseline bf510d8f2becd4c023fe04a7df8b8dd1681e1d11
internal/server/autoca.go	689978139561628b324ee116ed20669c56725e16056217a521bab82cde98b0a3	19476	immutable baseline bf510d8f2becd4c023fe04a7df8b8dd1681e1d11
internal/server/autoca_crypto.go	6ee21cead4de8cf42b2ee82b98162df91977df524f4d12e6c710e9407a84f5b4	19011	immutable baseline bf510d8f2becd4c023fe04a7df8b8dd1681e1d11
internal/server/autoca_crypto_test.go	162281957b8a8b70877fa977d6165e7db79e5d9e4754b675f0ec6ebf6d4a46b2	22475	immutable baseline bf510d8f2becd4c023fe04a7df8b8dd1681e1d11
internal/server/autoca_local_tls.go	d96ef67900be86e04fe1d3c55d52363dcd4910dbbd15002e31c736b70578c345	18744	immutable baseline bf510d8f2becd4c023fe04a7df8b8dd1681e1d11
internal/server/autoca_local_tls_test.go	622709aafdf40e8fa675d7c8f4750eb6175b39c27691423d4a2d73b3533ab3cc	16527	immutable baseline bf510d8f2becd4c023fe04a7df8b8dd1681e1d11
internal/server/autoca_sm2.go	14bacde96a9de1c99f9b33f8b90c58e8c1fa0a4d3d96aa116a667b2e3f3acc4c	9845	immutable baseline bf510d8f2becd4c023fe04a7df8b8dd1681e1d11
internal/server/autoca_sm2_test.go	a052cd30c5ab94d0b12ad884e459db92ffb547a5aa956db82e38e2871f5af444	21836	immutable baseline bf510d8f2becd4c023fe04a7df8b8dd1681e1d11
internal/server/autoca_test.go	1b568ed5b2a08fed45f6f45235206db10724bff1b12433cb73d9df18b3106f35	31564	immutable baseline bf510d8f2becd4c023fe04a7df8b8dd1681e1d11
internal/server/bind_handler_bench_test.go	d71ec932c9982ac53619773b5a48ac7a40ed7c1228fb87939c85800adcbc1d18	3965	immutable baseline bf510d8f2becd4c023fe04a7df8b8dd1681e1d11
internal/server/bind_route_reuse.go	c6efff44bb382e12138b9d5ac455a50e6c7c339fa0b61dd00880f2d3e9841909	4575	immutable baseline bf510d8f2becd4c023fe04a7df8b8dd1681e1d11
internal/server/bind_route_reuse_bench_test.go	755375e63290fa17190b04b9785ed90a06ebd8d77963bf4577586a01f5d87a6f	3359	immutable baseline bf510d8f2becd4c023fe04a7df8b8dd1681e1d11
internal/server/bind_route_reuse_fixture_test.go	9f75d89029aec12fe25852f306c754b602ebf084c85cdd36cf6b47f883b2475b	11971	immutable baseline bf510d8f2becd4c023fe04a7df8b8dd1681e1d11
internal/server/bind_route_reuse_test.go	b546a6d82b3bae1145bc174a961498660d3cbe644997d96ea6bc87ced6a92a27	24761	immutable baseline bf510d8f2becd4c023fe04a7df8b8dd1681e1d11
internal/server/bind_routing_test.go	678a3db5524abc880623e80275150d669f0c8394875f23815bc9854d181ae580	5145	immutable baseline bf510d8f2becd4c023fe04a7df8b8dd1681e1d11
internal/server/bit_string_test.go	93899706fd68f853298f8071fcb147289dcfcd8b7254ece0f29dd3d7b40c9ab6	3144	immutable baseline bf510d8f2becd4c023fe04a7df8b8dd1681e1d11
internal/server/cancel_test.go	61841409d0b86fee28849bba3fe59155fffbcd4aea90126176e57c3fabe27727	21280	immutable baseline bf510d8f2becd4c023fe04a7df8b8dd1681e1d11
internal/server/chain.go	ccd3af11e714aa27f1e4b28a55c11107be89de0e441631d18503a9c42e0307a0	61660	immutable baseline bf510d8f2becd4c023fe04a7df8b8dd1681e1d11
internal/server/chain_config.go	3cf0db5bd0b34806bbefa32813989ac56cfd71bc31a4958b9ef61cb68acf6edb	27832	immutable baseline bf510d8f2becd4c023fe04a7df8b8dd1681e1d11
internal/server/chain_config_test.go	f471c9dfc39cc99754136be3878a9e04ed9c013f171c88da0d634b81672b5ff1	10840	immutable baseline bf510d8f2becd4c023fe04a7df8b8dd1681e1d11
internal/server/chain_meta_pool_safety_test.go	6c84ff0004662d8a0ec1680b2e9851c253e8615eb364c1ff5f75e089b7aac8a8	11228	immutable baseline bf510d8f2becd4c023fe04a7df8b8dd1681e1d11
internal/server/chain_native_sasl_test.go	01b7ac713577b643b78d1840f26b3b1422e95fbb6b026b381b1c262a2f11a209	9889	immutable baseline bf510d8f2becd4c023fe04a7df8b8dd1681e1d11
internal/server/chain_protocol_test.go	58796f4d5f1b52792e4b4ebf02c903989368495679fa9b73f6442c6bb0c91003	6085	immutable baseline bf510d8f2becd4c023fe04a7df8b8dd1681e1d11
internal/server/chain_test.go	cb3905cb768a293ab0df4f7dcf5aa4b56398a143fa6e842312920140d9ca7c6b	27059	immutable baseline bf510d8f2becd4c023fe04a7df8b8dd1681e1d11
internal/server/chain_write_cancel_test.go	438dd4607a7b51bdd4c1bfffbf163e389169db6e496cae724f1d13e21cba3ef0	7582	immutable baseline bf510d8f2becd4c023fe04a7df8b8dd1681e1d11
internal/server/children_scope_test.go	fb7fe9c04b5077339f2e15891d8870cb72fe2343ca3648d6836b5b0da7616843	8149	immutable baseline bf510d8f2becd4c023fe04a7df8b8dd1681e1d11
internal/server/collect.go	d1eb5cc4ab279a9af963e734a580dd0da033b312826b25caffe826c40e74c2e8	13083	immutable baseline bf510d8f2becd4c023fe04a7df8b8dd1681e1d11
internal/server/collect_test.go	60da2cb6baff4aa7967619bf22cec8572508c0febec5082ea21afc39fb678a39	36374	immutable baseline bf510d8f2becd4c023fe04a7df8b8dd1681e1d11
internal/server/collective.go	e63d5e397c27b946ef54bc415df2c5ae6d86b53a994a218b8a3d0e44cd0141a9	16824	immutable baseline bf510d8f2becd4c023fe04a7df8b8dd1681e1d11
internal/server/collective_administrative_openldap_test.go	616feaf73d3effc8e8c1c84451119ebc611270ff140851de4dd085d18f46ede8	4625	immutable baseline bf510d8f2becd4c023fe04a7df8b8dd1681e1d11
internal/server/collective_administrative_test.go	9c787418e68ba089a0472ef3b60da47eabd136308d0effe2cf899a55dfe0db40	5550	immutable baseline bf510d8f2becd4c023fe04a7df8b8dd1681e1d11
internal/server/collective_test.go	02b83461483dee146930f5410440d2999ba4fb7cfa8adb0142271d3ce2223519	26814	immutable baseline bf510d8f2becd4c023fe04a7df8b8dd1681e1d11
internal/server/collective_writer_boundary_test.go	df7c8ab946395d286660f3b2683272a6acceb618ded56bb8fcaec4b3ebd21fad	2464	immutable baseline bf510d8f2becd4c023fe04a7df8b8dd1681e1d11
internal/server/collective_writer_index_test.go	33ea9830ee40ac115092fb8a2a5a83bc7e92869a14a90f943eb1f15ca3252d95	4157	immutable baseline bf510d8f2becd4c023fe04a7df8b8dd1681e1d11
internal/server/compare_assertion_cache_test.go	0e63ea15cd3fe5cf14b84ba1812bf3462c36e37466f8da64e714c368939cac6d	1636	immutable baseline bf510d8f2becd4c023fe04a7df8b8dd1681e1d11
internal/server/compare_bench_test.go	25c83034ffd9cf808d16f8cece259b1dc73aac93a6528944114ea8bfc57260fe	1570	immutable baseline bf510d8f2becd4c023fe04a7df8b8dd1681e1d11
internal/server/compare_group_bench_test.go	0750499b126ec8713c9594b26807a0af5a43a59175d792732d704df4961a6c1d	2790	immutable baseline bf510d8f2becd4c023fe04a7df8b8dd1681e1d11
internal/server/compare_legacy_dn_cache_test.go	1c07b9d69c1bb6a8fcbc46f7f202cfc6f397da8b05b98fd09c2cec213ba6ccff	9456	immutable baseline bf510d8f2becd4c023fe04a7df8b8dd1681e1d11
internal/server/configuration_attributes.go	a41cfd958fc22b0b2fd483cc226b63d860f5b7d6bd72c4a147a94959c4678eb3	4342	immutable baseline bf510d8f2becd4c023fe04a7df8b8dd1681e1d11
internal/server/configuration_attributes_test.go	1a9ea0979ee13719174bf522943bf6f37bf63fc95811972736e4039797c78e27	4332	immutable baseline bf510d8f2becd4c023fe04a7df8b8dd1681e1d11
internal/server/configuration_capabilities.go	e45bfd81d9bbd729193efc20a3893bfe48c624b10f0b56b9de1760c572a4da30	3074	immutable baseline bf510d8f2becd4c023fe04a7df8b8dd1681e1d11
internal/server/configuration_capabilities_test.go	7fbcdc26a9049071d4f414cbe7e24466937a8204cf5b751877f9188722974e7d	4771	immutable baseline bf510d8f2becd4c023fe04a7df8b8dd1681e1d11
internal/server/configuration_schema_persistence_test.go	f77aeb44b77249f75f16dccf61a0a84ab68ce5292b46f915cc6c6bbffcdad58f	16465	immutable baseline bf510d8f2becd4c023fe04a7df8b8dd1681e1d11
internal/server/configuration_schema_reference_test.go	de5af66e0952ff553eccff4c4c9c16ebfc9c32b59ab3a21b634a386abde7d85d	30751	immutable baseline bf510d8f2becd4c023fe04a7df8b8dd1681e1d11
internal/server/configuration_validation.go	d6f6fad80b82d7d18c7e54e5a782ca452a47be445dec866528745f8e98e47ce9	5945	immutable baseline bf510d8f2becd4c023fe04a7df8b8dd1681e1d11
internal/server/configuration_validation_test.go	b7b50513d4d87f713a6a16d479bbf8f4139e18fcc75eb11eeac95a020ece2357	6736	immutable baseline bf510d8f2becd4c023fe04a7df8b8dd1681e1d11
internal/server/connection_pending_config_test.go	002e5b79ef567b109df943603f8574ec22f63393991d994ba739aea83df55b29	8615	immutable baseline bf510d8f2becd4c023fe04a7df8b8dd1681e1d11
internal/server/connection_pending_limit_test.go	2141b41ac7d9e016290b39deb03fcd1498a655de34713f6dc94221ce06349e84	8260	immutable baseline bf510d8f2becd4c023fe04a7df8b8dd1681e1d11
internal/server/connection_timeout.go	a182f92c9fd185b766ea6de69f16dd49e14591f6bb0932e2af32da8e505ccd02	2840	immutable baseline bf510d8f2becd4c023fe04a7df8b8dd1681e1d11
internal/server/connection_timeout_config.go	bf45b1598caa84eb17adfebd0d8b67628676114936a53ce3479dd4369af35a4f	6380	immutable baseline bf510d8f2becd4c023fe04a7df8b8dd1681e1d11
internal/server/connection_timeout_config_test.go	3b07fbe9b9b4648c3b5da80b33fbffd49b7770f7feb1ae03d53fffcf684c57fb	12604	immutable baseline bf510d8f2becd4c023fe04a7df8b8dd1681e1d11
internal/server/connection_timeout_test.go	d019abe560006b9dd7f97f7d892acc3d3e11e16609245ab8bbaaa21de463b6ef	12152	immutable baseline bf510d8f2becd4c023fe04a7df8b8dd1681e1d11
internal/server/constraint.go	4dae3ca8ee079c0fe6d46b7a25535b3316ee253379ad8727bb092ff54055d089	23199	immutable baseline bf510d8f2becd4c023fe04a7df8b8dd1681e1d11
internal/server/constraint_integration_test.go	599cf9813cb2b52f58e851892370be2441ea517369a5eab297e592146a0746e4	8846	immutable baseline bf510d8f2becd4c023fe04a7df8b8dd1681e1d11
internal/server/constraint_set.go	a94d86e67dda5f319d74c8a7adaa53bd14e7760412eaeb68f8517f794ce69113	15021	immutable baseline bf510d8f2becd4c023fe04a7df8b8dd1681e1d11
internal/server/constraint_test.go	a2f40a1fba0d3de973e1140181630d0dfe8a7ebb3045f0cf3c7dd77c025ae02c	14639	immutable baseline bf510d8f2becd4c023fe04a7df8b8dd1681e1d11
internal/server/content_rule_test.go	f9d92c595e042cf6d3af05275749095c5615bf1b10db94e55ab6592cc245f466	9213	immutable baseline bf510d8f2becd4c023fe04a7df8b8dd1681e1d11
internal/server/controls.go	6be7d61c7d1478193a5b609b93fe2eb2fc3f491c4a6f9f1742f1f6abb9eca01e	27247	immutable baseline bf510d8f2becd4c023fe04a7df8b8dd1681e1d11
internal/server/database.go	1a3ea3ae14fd6c83b2fd8f334cc3efc3eb61b9f4d342e067aa6aeb84dfb4da59	113110	immutable baseline bf510d8f2becd4c023fe04a7df8b8dd1681e1d11
internal/server/database_capability_test.go	7ad4ab5cc63d7175f853706d1d11547e4f0a4aca27c108043a5bec1bebbacd23	9807	immutable baseline bf510d8f2becd4c023fe04a7df8b8dd1681e1d11
internal/server/database_config_modifydn_test.go	1a84017171fd19acf8b3a772ec1e71646c972608d200dd60b8c6644c9f406bcb	6379	immutable baseline bf510d8f2becd4c023fe04a7df8b8dd1681e1d11
internal/server/database_dn_routing.go	8d8ebe02bafef0a2d9b054400f5456ce00b8c381b3745fa63459104e8639024c	1785	immutable baseline bf510d8f2becd4c023fe04a7df8b8dd1681e1d11
internal/server/database_dn_routing_bench_test.go	738914de09da7a519fdedb63791905f45dbc3cb930ccd0de83521e0b388e28df	6126	immutable baseline bf510d8f2becd4c023fe04a7df8b8dd1681e1d11
internal/server/database_dn_routing_reference_test.go	d952bbe1805dfcddc2239369b6df4aaf2279b6eac940542a27d30d1fc44c46f0	2080	immutable baseline bf510d8f2becd4c023fe04a7df8b8dd1681e1d11
internal/server/database_dn_routing_test.go	0c25387de2993a3f04b3d32c877bf86709f0c2b057aca50a12e39221f7bbe74d	6752	immutable baseline bf510d8f2becd4c023fe04a7df8b8dd1681e1d11
internal/server/database_group_this_limits_test.go	143b9f363a8f85f52a84c385a01e1efbff6b0c12b4f32e53d3f3ae93c33aebc2	15712	immutable baseline bf510d8f2becd4c023fe04a7df8b8dd1681e1d11
internal/server/database_size_auxiliary_limits_test.go	d410b06615b5a03adb34bd94b1fd70820204c4d5292b5f590ba3ba46b2b6bb82	38067	immutable baseline bf510d8f2becd4c023fe04a7df8b8dd1681e1d11
internal/server/database_test.go	4a19404a04e76e54aa8a5c7e113b490d313fc696e760071de6fcabdbad4a534b	27263	immutable baseline bf510d8f2becd4c023fe04a7df8b8dd1681e1d11
internal/server/database_time_limits_test.go	2aa57b367e3b35d15b78cbb23cc7c24c36b2d461f93fc6a3005fe864c151308c	14644	immutable baseline bf510d8f2becd4c023fe04a7df8b8dd1681e1d11
internal/server/dds.go	0ac703f2c10d66d991cf0d2778c29fa3e27cf303ff3c7cdec9713fb9429eac57	24038	immutable baseline bf510d8f2becd4c023fe04a7df8b8dd1681e1d11
internal/server/dds_test.go	43359e2a0c68c2f1f83d61a2703a3c7dbadc962f234ea2e0171660f6d143dbaf	33127	immutable baseline bf510d8f2becd4c023fe04a7df8b8dd1681e1d11
internal/server/default_referral_config.go	bfc7e0ac7f6df57a36d625942132b27e9f1dfcca5fe14f7b40ab42504d6f9438	7055	immutable baseline bf510d8f2becd4c023fe04a7df8b8dd1681e1d11
internal/server/default_referral_config_test.go	57e017a183b7ae1416c0aa0ac39e16a7d9bb8883994918822567ea9ec2482b88	7728	immutable baseline bf510d8f2becd4c023fe04a7df8b8dd1681e1d11
internal/server/default_referral_test.go	74f09b6e4aaf1fe49c77bf8fddd920d6a9886d7db408d163a64eab9d3cb51d2d	16505	immutable baseline bf510d8f2becd4c023fe04a7df8b8dd1681e1d11
internal/server/default_search_base.go	33ee80a12be8c67b677fddd637cb8ce94515a783844b626f878d3d729059261c	7478	immutable baseline bf510d8f2becd4c023fe04a7df8b8dd1681e1d11
internal/server/default_search_base_test.go	dbad64eb6f8a929ea0cbea8ada180629ef9d922c13850467de04559303f6bda6	8918	immutable baseline bf510d8f2becd4c023fe04a7df8b8dd1681e1d11
internal/server/delete_preflight_test.go	95ee5fe43634e7d24746c51af4793d44b5e618173fa0f4f3efa1deca72914235	9401	immutable baseline bf510d8f2becd4c023fe04a7df8b8dd1681e1d11
internal/server/deref.go	47ca0df2eb3424523ce35e2003a5b49a30c0cde2afa0b1ec0bdcdc5f37dfce7b	13667	immutable baseline bf510d8f2becd4c023fe04a7df8b8dd1681e1d11
internal/server/deref_test.go	9963e0e148f4633872500568d7e90b1a54ae826ee83188a3717ca06884c8d983	35795	immutable baseline bf510d8f2becd4c023fe04a7df8b8dd1681e1d11
internal/server/disallows_test.go	4a8dd7261e130674ef36fe83e6e510ebe4679e27b5a6fbd62d4e5d19bde2246e	21279	immutable baseline bf510d8f2becd4c023fe04a7df8b8dd1681e1d11
internal/server/dispatch_context_test.go	ef3234b37c1dc72ee24a659d077f3846e8db4fb0a869b8f627fcc0d9b689719c	3078	immutable baseline bf510d8f2becd4c023fe04a7df8b8dd1681e1d11
internal/server/dn_display_routing_test.go	468b7cf912372e9f134c6e6bd4d29f04dc3439d9431f1cf7422427ae8d19066f	2238	immutable baseline bf510d8f2becd4c023fe04a7df8b8dd1681e1d11
internal/server/dn_identity_alias_graph_test.go	3b881e9f65500e3eabc025de87f4718eb89da10a24b72a56d8b9c37a74d82c40	7465	immutable baseline bf510d8f2becd4c023fe04a7df8b8dd1681e1d11
internal/server/dn_identity_authorization_test.go	080255675e9e09c850211a6a8f28c413305263e7478dd40cc5f35913f8e308d9	6996	immutable baseline bf510d8f2becd4c023fe04a7df8b8dd1681e1d11
internal/server/dn_identity_bind_entry_test.go	cbcd50e052620869f8164523c6a0a25ea17010920664c91c4a690f317721e990	10876	immutable baseline bf510d8f2becd4c023fe04a7df8b8dd1681e1d11
internal/server/dn_identity_cache_collective_test.go	a0082acbd0c186a306aa6747feb0f62a233a3f222c077b356f2d2cf6a324c81f	5036	immutable baseline bf510d8f2becd4c023fe04a7df8b8dd1681e1d11
internal/server/dn_identity_collect_valsort_test.go	e79862afca7f4acafbc10015cc2f18496507e83c5b0a555ce66fe346ad3bba72	4094	immutable baseline bf510d8f2becd4c023fe04a7df8b8dd1681e1d11
internal/server/dn_identity_compare_core_test.go	f441f9c51b8af2d1c16ace93ae9d958a3db900a151685a82fe422ec7c10ef1ac	12511	immutable baseline bf510d8f2becd4c023fe04a7df8b8dd1681e1d11
internal/server/dn_identity_constraint_set_test.go	441522a576977e78a588cd6ef88006925eebee315c3431dd10af99e1c64ce0db	2133	immutable baseline bf510d8f2becd4c023fe04a7df8b8dd1681e1d11
internal/server/dn_identity_database_limits_test.go	92034e42fb48b1950b7c6a8207ec5954318a92ba381a38096e811d6328a5ac69	10077	immutable baseline bf510d8f2becd4c023fe04a7df8b8dd1681e1d11
internal/server/dn_identity_default_search_base_test.go	2fc82f2e45ce2a36ec1f55c2d255f332192142f2006c35bef226a85430f683a1	2040	immutable baseline bf510d8f2becd4c023fe04a7df8b8dd1681e1d11
internal/server/dn_identity_deref_test.go	88cac928670c7dd99b7f593f6a9b80f06dc86d1a3b6c622db9e83a826b93cef8	7663	immutable baseline bf510d8f2becd4c023fe04a7df8b8dd1681e1d11
internal/server/dn_identity_dynlist_sasl_test.go	99b3eba82f8f540199e9a29082b2c9194dd0d4d160c51d059f3cc36b6f3a139c	18482	immutable baseline bf510d8f2becd4c023fe04a7df8b8dd1681e1d11
internal/server/dn_identity_external_password_test.go	31298c12e245b6535895965d3f5dde897b1324cda15183331ccc78b0aff0b472	18553	immutable baseline bf510d8f2becd4c023fe04a7df8b8dd1681e1d11
internal/server/dn_identity_homedir_dds_autoca_test.go	a5c613e5b8a6f52c5172143010ceceb1a2f9940a818cb7f4bd52d593d6b33681	16030	immutable baseline bf510d8f2becd4c023fe04a7df8b8dd1681e1d11
internal/server/dn_identity_ldap_proxy_test.go	d6bf1cd40f7a8aed55c0165c7731033b3b32190eb0042177c03ccc8b928a3a29	11130	immutable baseline bf510d8f2becd4c023fe04a7df8b8dd1681e1d11
internal/server/dn_identity_memberof_refint_test.go	aa41373a771146aa6402961dbec836d15b9cdfc141eca10541ad34c86f505f29	13914	immutable baseline bf510d8f2becd4c023fe04a7df8b8dd1681e1d11
internal/server/dn_identity_meta_test.go	32f7af092d5f2564b3b745da44a18a96da77fcd64e8bf99b383369be64439628	5710	immutable baseline bf510d8f2becd4c023fe04a7df8b8dd1681e1d11
internal/server/dn_identity_migration.go	0c2f9e01e316371e34d19419f0f92f56a70bf5cc102efb583c211b4d42cb88f1	3841	immutable baseline bf510d8f2becd4c023fe04a7df8b8dd1681e1d11
internal/server/dn_identity_migration_fingerprint_test.go	b0d0e12d7d3456c76101ebcd083d88fe1dc2bb0f48295397abc80d79df01f24f	2663	immutable baseline bf510d8f2becd4c023fe04a7df8b8dd1681e1d11
internal/server/dn_identity_nestgroup_test.go	71c874a6823c8b6f065a3c5d7dec38a12bc0a6211504b965310ea183e77d1e86	2301	immutable baseline bf510d8f2becd4c023fe04a7df8b8dd1681e1d11
internal/server/dn_identity_online_migration_test.go	9c8871877108199c252b87a437656dc3f970baf6f73022cc9b65d8c542d2be2f	6223	immutable baseline bf510d8f2becd4c023fe04a7df8b8dd1681e1d11
internal/server/dn_identity_otp_overlay_test.go	98527f9779fe281fe05133c29312675e6e871f427f68e810440f474a5cb7ee7a	11654	immutable baseline bf510d8f2becd4c023fe04a7df8b8dd1681e1d11
internal/server/dn_identity_overlay_runtime_test.go	48aebb1f2f98faffccfa41b82f3f8418b6489b9d7eff039e9161c8d3fbd5f6e4	18185	immutable baseline bf510d8f2becd4c023fe04a7df8b8dd1681e1d11
internal/server/dn_identity_overlay_scope_test.go	5a627dd04e19ec31de8755f46c278854367645bab9e13f27e0cc8049ce967509	5636	immutable baseline bf510d8f2becd4c023fe04a7df8b8dd1681e1d11
internal/server/dn_identity_password_modify_test.go	68d529b4164487a36aded88cc21aa9455559f7ed83cc8be1db882701249b5173	9947	immutable baseline bf510d8f2becd4c023fe04a7df8b8dd1681e1d11
internal/server/dn_identity_pbind_test.go	594ce4be239c7224d74299dd11c1fc7c3aa13685f2cf0b0c51e26c9a546d5677	6560	immutable baseline bf510d8f2becd4c023fe04a7df8b8dd1681e1d11
internal/server/dn_identity_ppolicy_state_test.go	ec971ba31c2bb4a27ee801c31f7db1d16af7b10a2b5b1a3bb89956792b95fa48	15593	immutable baseline bf510d8f2becd4c023fe04a7df8b8dd1681e1d11
internal/server/dn_identity_ppolicy_test.go	c2c1b13060b0d2e87639c38dfe0baa3906f2013b7f74fcff8b2e4a42b5c7eee1	4822	immutable baseline bf510d8f2becd4c023fe04a7df8b8dd1681e1d11
internal/server/dn_identity_proxy_credentials_test.go	90070f7bea439ef9731cc7f5bcf120b3169255fea3d32b8d3ec78a523544b737	9010	immutable baseline bf510d8f2becd4c023fe04a7df8b8dd1681e1d11
internal/server/dn_identity_referral_auditlog_test.go	e8b9c7fee45a55e955e340771d880a20e1fbd4442a8d09ba18b09a07759aacb6	6471	immutable baseline bf510d8f2becd4c023fe04a7df8b8dd1681e1d11
internal/server/dn_identity_referral_url_test.go	728c02f5fc5da76a82a608377d0ff35c0b75af0be4ae56f7987cd588f222d068	11684	immutable baseline bf510d8f2becd4c023fe04a7df8b8dd1681e1d11
internal/server/dn_identity_remoteauth_test.go	f01b6934ffbae4f0f64a0244a98380f67bc7c20b5d4fca7a6933e478529be4a0	13063	immutable baseline bf510d8f2becd4c023fe04a7df8b8dd1681e1d11
internal/server/dn_identity_retcode_test.go	45ba4ce0d9a778f6731ad40dc8c82fc55f29ad44eb066f52bb4a6b54727532f6	1647	immutable baseline bf510d8f2becd4c023fe04a7df8b8dd1681e1d11
internal/server/dn_identity_routing_test.go	32f319682f69908d61c40a8ab9d3519723f720d1e635e2f629cf289145c44c34	14071	immutable baseline bf510d8f2becd4c023fe04a7df8b8dd1681e1d11
internal/server/dn_identity_runtime_test.go	7f5d83e09606bca347a8a0de3f521c82fa36497e4370c4fa46b7ff6a5fc8fe93	8599	immutable baseline bf510d8f2becd4c023fe04a7df8b8dd1681e1d11
internal/server/dn_identity_sasl_identity_test.go	27044b52cc510ac398930e325dd92bb20ed5d520a911b44516f966a9b88c5c38	6430	immutable baseline bf510d8f2becd4c023fe04a7df8b8dd1681e1d11
internal/server/dn_identity_search_core_test.go	ebd246b947206862fc872aca57b86066615b0488073e0887cf94c31f5d4e91ba	10973	immutable baseline bf510d8f2becd4c023fe04a7df8b8dd1681e1d11
internal/server/dn_identity_sock_frontend_test.go	5e4f8f0225d3a41413b5edbf1dd09659e7e9bd23a80b6d281a4f22c1eab5d79c	16128	immutable baseline bf510d8f2becd4c023fe04a7df8b8dd1681e1d11
internal/server/dn_identity_sort_vlv_test.go	0c1709314a142f02609c467ff0422821cd4c27bcffe31c783d4fbde006a306b8	17955	immutable baseline bf510d8f2becd4c023fe04a7df8b8dd1681e1d11
internal/server/dn_identity_sync_search_test.go	16e901b0e0e5e1031c9b9eece954c65abb53b14008afedb8bba9b711454b22b4	14050	immutable baseline bf510d8f2becd4c023fe04a7df8b8dd1681e1d11
internal/server/dn_identity_sync_state_test.go	3198b669892c59fe747842e7aa86a13d87e6f6a5eb51c9a2acc9a63b7f53c202	12693	immutable baseline bf510d8f2becd4c023fe04a7df8b8dd1681e1d11
internal/server/dn_identity_syncrepl_test.go	64cb47b6ce541d583e6429acf4f09d06615f786dd9da18b28e9b0e413546f64b	17496	immutable baseline bf510d8f2becd4c023fe04a7df8b8dd1681e1d11
internal/server/dn_identity_totp_password_overlay_test.go	e76404ca330e1d29dfb8dc11344d394d0ad8de4c6f4efb243a084a35e29d25fd	14626	immutable baseline bf510d8f2becd4c023fe04a7df8b8dd1681e1d11
internal/server/dn_identity_transaction_seqmod_test.go	917d94c8284d052184aa25c6f411566ca002161039a0246f1b67056342f37163	11066	immutable baseline bf510d8f2becd4c023fe04a7df8b8dd1681e1d11
internal/server/dn_identity_translucent_filter_test.go	3b17e30102fcfa395e2f047c1545196e9e21f14ae6978cc484832662955e98a7	7716	immutable baseline bf510d8f2becd4c023fe04a7df8b8dd1681e1d11
internal/server/dn_identity_translucent_runtime_test.go	e8b953da4e7dac4bd98a30f0c616287bb75c6d9a3b2f1acfacf99fb5222d7107	9708	immutable baseline bf510d8f2becd4c023fe04a7df8b8dd1681e1d11
internal/server/dn_identity_translucent_write_test.go	09dad50211bbcc086fffb0c73bc7802bd82411a4b2eea24e11602c0d95156d10	5406	immutable baseline bf510d8f2becd4c023fe04a7df8b8dd1681e1d11
internal/server/dn_identity_unique_test.go	be883bbed056c25e7369b30527272fc38e92099ae9e160edc2ce810746cca217	11653	immutable baseline bf510d8f2becd4c023fe04a7df8b8dd1681e1d11
internal/server/dn_identity_write_core_test.go	33c981995ed3bd5c2ba58a75111bfec49265e377634f810deaeb870e2c1f8e1e	9421	immutable baseline bf510d8f2becd4c023fe04a7df8b8dd1681e1d11
internal/server/dn_identity_write_runtime_test.go	ff862ed3703cee0c9996bf7082868503266ee220ebda2732faef233184af8583	6680	immutable baseline bf510d8f2becd4c023fe04a7df8b8dd1681e1d11
internal/server/dn_parser.go	77b45e7be0bcb9ae7c00c9613a175c7484059fecbfdcfe225c322984cee39148	778	immutable baseline bf510d8f2becd4c023fe04a7df8b8dd1681e1d11
internal/server/dn_parser_test.go	988f3b295f697efd9c14d44daf7cc34b79ababb3201b42e2330682040d15987e	6221	immutable baseline bf510d8f2becd4c023fe04a7df8b8dd1681e1d11
internal/server/dnssrv_backend.go	d3c9a6fc5f8eaeca83734d4489fe2c1ed79ac719315ac481b22b83b27d6a13ee	12238	immutable baseline bf510d8f2becd4c023fe04a7df8b8dd1681e1d11
internal/server/dnssrv_backend_test.go	94bd40557871444ff90a0136673469e34032121b9ab96bbdefc2699a2d99831d	8874	immutable baseline bf510d8f2becd4c023fe04a7df8b8dd1681e1d11
internal/server/doc.go	a78adc251037cc0d3d48d0e47b2dfd4c75671fbb4b796f02cd9fdd562725373a	93	immutable baseline bf510d8f2becd4c023fe04a7df8b8dd1681e1d11
internal/server/domain_scope.go	5312862edb7620e1ae001076be14c336b4f7af2728d5a4486d7eb4af78e45854	2395	immutable baseline bf510d8f2becd4c023fe04a7df8b8dd1681e1d11
internal/server/domain_scope_test.go	a1c80632ded44b07368a32ec2b1119655f2b614fa05f834e9ba2077344215cc4	11036	immutable baseline bf510d8f2becd4c023fe04a7df8b8dd1681e1d11
internal/server/dont_use_copy_test.go	968a17bafd58572615977f888f0eec86655a7a819d25f62e280864471ed4f750	14680	immutable baseline bf510d8f2becd4c023fe04a7df8b8dd1681e1d11
internal/server/dynlist.go	665feb2575a3fa9dc7b080edc1fcb8ccc18983a22cce8f45dbf5fafecb17f5d9	43029	immutable baseline bf510d8f2becd4c023fe04a7df8b8dd1681e1d11
internal/server/dynlist_test.go	97c3b58cf643e875e6796105751d5711e1057b6ae769d94bd32881c6ad0d20a9	30843	immutable baseline bf510d8f2becd4c023fe04a7df8b8dd1681e1d11
internal/server/equality_assertion_cache_test.go	a423ae585ac8dad2f2daf6fdaae9e3998e9aa623ee02956ad83c50c2f69307e9	3224	immutable baseline bf510d8f2becd4c023fe04a7df8b8dd1681e1d11
internal/server/equality_evaluation_acl_test.go	35f6181c607a426d5e04bc0368d4f71a1eada93c5208e5be285bc7cdfe499bb4	2343	immutable baseline bf510d8f2becd4c023fe04a7df8b8dd1681e1d11
internal/server/extended.go	11a5a0fa5522814d645faad96d35a180e464f2b1d3754982695887b806467c97	10823	immutable baseline bf510d8f2becd4c023fe04a7df8b8dd1681e1d11
internal/server/extended_test.go	996eb68fc5163c2f5645dc691502423c3d14c3f7cd53f79a42e83edce2949713	963	immutable baseline bf510d8f2becd4c023fe04a7df8b8dd1681e1d11
internal/server/external_password.go	7dd2e27786606d08da6c242c89d9d69a3ac2e74a862f499d3acd33ffe3323769	21941	immutable baseline bf510d8f2becd4c023fe04a7df8b8dd1681e1d11
internal/server/external_password_bind_test.go	3c05ad17f785d2d03c8d4271ccee92ecdfc6205422bb57e3a9e4b30517a36b77	12049	immutable baseline bf510d8f2becd4c023fe04a7df8b8dd1681e1d11
internal/server/filter_undefined_test.go	2f2c9d956a8da6a001e23f7ec36fcbbd1a65e1f5feb945d9babc97f4e4b4757a	2446	immutable baseline bf510d8f2becd4c023fe04a7df8b8dd1681e1d11
internal/server/final_response_boundary_test.go	3dd1a9d79d93c23c7c57f664e5031d790339a023ab59a2caef4a10ee95c76169	7517	immutable baseline bf510d8f2becd4c023fe04a7df8b8dd1681e1d11
internal/server/gentle_hup.go	75baa03919149d306fc7db73f7c1d5d9590bb711d4f94d6202b327049c3ba05a	3305	immutable baseline bf510d8f2becd4c023fe04a7df8b8dd1681e1d11
internal/server/gentle_hup_test.go	56f896fbc31ed11ffea74ad47e8af8b15944fec9d1ec5dc9ca45c015405e7950	16992	immutable baseline bf510d8f2becd4c023fe04a7df8b8dd1681e1d11
internal/server/global_restrictions_test.go	2c0db1b9e2d0f4bafa42585d9786563e19ab02bbe7f675a72c6523ebd8ff74dd	4165	immutable baseline bf510d8f2becd4c023fe04a7df8b8dd1681e1d11
internal/server/hierarchy.go	046b8f1d40da2ebe8c5d00cf836c58ae7b61fe9db5c5c73725b03575513b9d32	2139	immutable baseline bf510d8f2becd4c023fe04a7df8b8dd1681e1d11
internal/server/hierarchy_reindex_test.go	004235e8c6dce4a05b5dcf9a540c3b6780acc7e7d16449352acd3ad683e81fe6	7043	immutable baseline bf510d8f2becd4c023fe04a7df8b8dd1681e1d11
internal/server/hierarchy_test.go	668abc4d9829d64751be2d656b2cf157c0b42532acec1164cd5b2952d8d99199	5050	immutable baseline bf510d8f2becd4c023fe04a7df8b8dd1681e1d11
internal/server/homedir.go	f79191236224ddc100036a5457ae952b54dfdc333e0cf0c9b0d9568c1e55d56b	37888	immutable baseline bf510d8f2becd4c023fe04a7df8b8dd1681e1d11
internal/server/homedir_platform_other.go	fec4d6d862706e18e9fe3f95923f15bbbe4877115d471e511ef5e0aa10a27a18	348	immutable baseline bf510d8f2becd4c023fe04a7df8b8dd1681e1d11
internal/server/homedir_platform_unix.go	d8844e9eaeae1db8a6fa0c1dee45981b31dfbddf1c392ce636c87a6ea47c52f4	480	immutable baseline bf510d8f2becd4c023fe04a7df8b8dd1681e1d11
internal/server/homedir_test.go	aeb4f8a8ef9969465ef96d5dd1fab491375974dac0c5dbdc563891e4c3299cd0	21398	immutable baseline bf510d8f2becd4c023fe04a7df8b8dd1681e1d11
internal/server/incoming_limit_config.go	9f1385e1c3255259f13be729e1f48907f0d2bca95bc19d25d617bd53282ea68f	7758	immutable baseline bf510d8f2becd4c023fe04a7df8b8dd1681e1d11
internal/server/incoming_limit_config_test.go	7525bee89914e6aef9fe4735fde66572c8bc7fed8764bdeea338160fef90ff0f	14896	immutable baseline bf510d8f2becd4c023fe04a7df8b8dd1681e1d11
internal/server/incoming_limit_test.go	76fbe117ea811e1358698a2a92dcb1b46872343f1efc008709c212603846e16d	5772	immutable baseline bf510d8f2becd4c023fe04a7df8b8dd1681e1d11
internal/server/index_modify_reuse_test.go	9d1c88136cec1cb41f8f220e1886b8153a6a9dc373b808481f68a5f4c56c6d76	881	immutable baseline bf510d8f2becd4c023fe04a7df8b8dd1681e1d11
internal/server/index_planner_test.go	61d43eb48b45645df7f2ac36dd04b514ac92763ffcff788c37f31faae417e95a	40996	immutable baseline bf510d8f2becd4c023fe04a7df8b8dd1681e1d11
internal/server/inline_bind_test.go	1b0f0ba3d265dcd1e58afc4cf52a7a0de9aefa95309498414aac07b4f830e3e0	13255	immutable baseline bf510d8f2becd4c023fe04a7df8b8dd1681e1d11
internal/server/lastbind.go	023db383a7616d7d613d0d20d34d83fff4336b5d253ebde26572c5b19cfef032	3449	immutable baseline bf510d8f2becd4c023fe04a7df8b8dd1681e1d11
internal/server/lastbind_test.go	229aa0eb2373e3f17f4c19b7c6a5a0ba5f5cf94eeb70a92b5a23d9d032ffc915	6277	immutable baseline bf510d8f2becd4c023fe04a7df8b8dd1681e1d11
internal/server/lazy_commit.go	845dd243574cf1bb8a060d3446a914f3b41df78e41825a2f6c87e9febb5ec4ae	1518	immutable baseline bf510d8f2becd4c023fe04a7df8b8dd1681e1d11
internal/server/lazy_commit_test.go	b88d271e473fdc4cd8322a357d20042c7ea244a456ebc201d316e9cf3530fad7	7260	immutable baseline bf510d8f2becd4c023fe04a7df8b8dd1681e1d11
internal/server/ldap_backend.go	7408a703e6f922e3386c39530ecfda44765769d4c323dc85ac3536f28edef426	22430	immutable baseline bf510d8f2becd4c023fe04a7df8b8dd1681e1d11
internal/server/ldap_backend_acl.go	f303e3e22eee2c02672add52b2be831b5c907813ada78212d00ae443b91edd4e	20050	immutable baseline bf510d8f2becd4c023fe04a7df8b8dd1681e1d11
internal/server/ldap_backend_acl_test.go	3426fecf13d0b15b010523d0e983d749f80c2558a3a7c58131eee18392d97b5c	21259	immutable baseline bf510d8f2becd4c023fe04a7df8b8dd1681e1d11
internal/server/ldap_backend_gssapi.go	4c68e8fc159908540607cffc2c8e754291ab76d418f6c8fd52650c4a919efb38	10203	immutable baseline bf510d8f2becd4c023fe04a7df8b8dd1681e1d11
internal/server/ldap_backend_gssapi_test.go	e517adcec9c82be53da558d424f9c09e566484241ff8586c31fc09ab065d8dc1	14401	immutable baseline bf510d8f2becd4c023fe04a7df8b8dd1681e1d11
internal/server/ldap_backend_referral_test.go	7b71aa9da8542123d0d2012834fc2d79401363d833a8dd8dcbdf7ec0717260f8	11052	immutable baseline bf510d8f2becd4c023fe04a7df8b8dd1681e1d11
internal/server/ldap_backend_retry_test.go	aaa838b3044eb1929857867dffa9b74d995925f78facb7a376b962216f295a84	4871	immutable baseline bf510d8f2becd4c023fe04a7df8b8dd1681e1d11
internal/server/ldap_backend_rwm_test.go	2c455ab98a2ace179c1fcf74e00ba8b9b6537da87129b67c259fcb72a22abaf6	21778	immutable baseline bf510d8f2becd4c023fe04a7df8b8dd1681e1d11
internal/server/ldap_backend_test.go	82692344e2e743954c44956cb5e9f4436ea442d3834ea1e899b6ef009b071bbf	38509	immutable baseline bf510d8f2becd4c023fe04a7df8b8dd1681e1d11
internal/server/ldap_backend_uri_order_test.go	0ad39f212957787689931aeecd45884d365df0b5207ae1ed806a93a898f70e70	6282	immutable baseline bf510d8f2becd4c023fe04a7df8b8dd1681e1d11
internal/server/ldapv2_controls_test.go	9fc00ec331b924ce9b2ce094659dc3979ca1ce757d96b9f78ea4f2e5201b254d	12186	immutable baseline bf510d8f2becd4c023fe04a7df8b8dd1681e1d11
internal/server/local_ssf.go	0a0044258e9639f9a90b95257e91696f4c5f724b08c93425402c46c8e8bd24b7	1942	immutable baseline bf510d8f2becd4c023fe04a7df8b8dd1681e1d11
internal/server/local_ssf_test.go	174b9a6c934b98a24c6364258da94bf162f37eafb5f9e33fd49e660cf5671188	5287	immutable baseline bf510d8f2becd4c023fe04a7df8b8dd1681e1d11
internal/server/log_configuration.go	abe3c78db2b6c2a6d75e05f568a70e169676ac3d3e8c26a8e552cf7f8e607d15	7004	immutable baseline bf510d8f2becd4c023fe04a7df8b8dd1681e1d11
internal/server/log_configuration_ctime_unix.go	6b3dcc0e14bb2acce3ca66fc705126d7bc94c3da8f1d5e2c49d6a370cc686f38	316	immutable baseline bf510d8f2becd4c023fe04a7df8b8dd1681e1d11
internal/server/log_configuration_file.go	a33a6d9684b39aa3310d99cac1746a6d116d7fcf25799f3294da702b6a627e35	9358	immutable baseline bf510d8f2becd4c023fe04a7df8b8dd1681e1d11
internal/server/log_configuration_file_test.go	6fde69d329437020e6506de78daaf1ac497e3da3549581e57c4730cf42d4ee7b	20150	immutable baseline bf510d8f2becd4c023fe04a7df8b8dd1681e1d11
internal/server/log_configuration_file_unix.go	4fbdc7c59612b9bed4de3c18021ecbd7ab8db650afa8dcfe93b1dd2c9b94e5b3	498	immutable baseline bf510d8f2becd4c023fe04a7df8b8dd1681e1d11
internal/server/log_configuration_file_unix_test.go	0e5b2271c30b4d510d0f9f23f149cf40d56d4d5640d3f1a7a3bc55ed5fd94117	713	immutable baseline bf510d8f2becd4c023fe04a7df8b8dd1681e1d11
internal/server/log_configuration_file_windows.go	038c743807f8e369633ea4d72416190d33aae848d0e87ca118058a114d3739d7	697	immutable baseline bf510d8f2becd4c023fe04a7df8b8dd1681e1d11
internal/server/log_configuration_lifecycle.go	d5d9c262c6ca52e5e97e72703d6eea1dd801295a0fe0f11f1db1b86414bf05b6	2060	immutable baseline bf510d8f2becd4c023fe04a7df8b8dd1681e1d11
internal/server/log_configuration_lifecycle_test.go	8efe0626d2fe309d65b0503ede8bf22c9106d2b5313d190283e326613e41b519	11353	immutable baseline bf510d8f2becd4c023fe04a7df8b8dd1681e1d11
internal/server/log_configuration_openldap_test.go	c92d05db762e8b3a54c3cb9ac212c70d749bd51714e6a19dd7f4775c414e5442	4330	immutable baseline bf510d8f2becd4c023fe04a7df8b8dd1681e1d11
internal/server/log_configuration_security_test.go	67751802f34acb0b48fa6625b6f478fd71be982d52e16f31f367ffb16a7f72e6	6322	immutable baseline bf510d8f2becd4c023fe04a7df8b8dd1681e1d11
internal/server/log_configuration_source_test.go	3e4769dbd2f49066e3067fabfeed15ed6a2ac4cb6db064a22733014634b0a49a	1237	immutable baseline bf510d8f2becd4c023fe04a7df8b8dd1681e1d11
internal/server/log_configuration_test.go	6a649160224fcd93fb48c47142717e3628a3af7ee85f56b946bf813d2cece1c2	6872	immutable baseline bf510d8f2becd4c023fe04a7df8b8dd1681e1d11
internal/server/matched_values.go	767d9628d32738d9a3096205855f08d9602714f7fe414a1ee35b96c00ea9704d	4566	immutable baseline bf510d8f2becd4c023fe04a7df8b8dd1681e1d11
internal/server/matched_values_test.go	cb2211224420b0612db3c8b865fe4083d3b207aabdf892972d389a0e251b0201	13602	immutable baseline bf510d8f2becd4c023fe04a7df8b8dd1681e1d11
internal/server/matching_rule_oid_wire_test.go	6333143eb4e3648769c0f6c9f1a0d3386a15de483f9e903de081f3ff67f7070c	9904	immutable baseline bf510d8f2becd4c023fe04a7df8b8dd1681e1d11
internal/server/matching_rules_reference_test.go	4cc1deaced6e5ddc40a470c30bbfd6cdfaeb4051553bbe8cb389a39006f464c6	26413	immutable baseline bf510d8f2becd4c023fe04a7df8b8dd1681e1d11
internal/server/matching_rules_test.go	364a6e5b04ff85c0923665bcbe94b2bd78cef1e239c00f7287e1b72aed7378dc	5984	immutable baseline bf510d8f2becd4c023fe04a7df8b8dd1681e1d11
internal/server/max_entry_size.go	5e5252044ad22ccc28d912693080a67a9c78f5e96ac25b94421305c912067930	5018	immutable baseline bf510d8f2becd4c023fe04a7df8b8dd1681e1d11
internal/server/max_entry_size_test.go	31c72c9e46d22062b8bb7b75441b5336d5aa56fe27da7e1c989093c55615f5f8	9490	immutable baseline bf510d8f2becd4c023fe04a7df8b8dd1681e1d11
internal/server/max_filter_depth.go	7275cd95405eea4544de402ba28cd582edfdee03bc1c9cf86e6d79630d46be4f	1924	immutable baseline bf510d8f2becd4c023fe04a7df8b8dd1681e1d11
internal/server/max_filter_depth_test.go	96f4a2e401eeb62cf3f41028733053c65ecd9acfcdeff4d5123be3cf561dd5fb	7043	immutable baseline bf510d8f2becd4c023fe04a7df8b8dd1681e1d11
internal/server/memberof.go	ac6a5d3666a2e5854ed374f22b9dec9d5a1bc2b13922f4e49c8df328d2c7ba6e	22678	immutable baseline bf510d8f2becd4c023fe04a7df8b8dd1681e1d11
internal/server/memberof_refint_integration_test.go	b6215ab72f74c5ce85a37ec27ba381536a432083ece0507481bdae6ff4af6115	18984	immutable baseline bf510d8f2becd4c023fe04a7df8b8dd1681e1d11
internal/server/memberof_test.go	9739b3c77b564c5b32aa22f1bb14d2a94d0ee5577d9e499ee774e82adcfe6f30	8839	immutable baseline bf510d8f2becd4c023fe04a7df8b8dd1681e1d11
internal/server/meta_acl.go	4d023facf727fa8b7dee938916b5e490d0e1c3ab458c6a9b11d0c16a25fdc164	16955	immutable baseline bf510d8f2becd4c023fe04a7df8b8dd1681e1d11
internal/server/meta_acl_dependency_test.go	977e559660c00bcd78255b90de329943da67fb4262465f8aa5f68e80a7ba0693	19577	immutable baseline bf510d8f2becd4c023fe04a7df8b8dd1681e1d11
internal/server/meta_backend.go	972b5f509b6e93b5cce778ed6bf4225cf2abd4acba5b1c86502779ae07ec3f93	40943	immutable baseline bf510d8f2becd4c023fe04a7df8b8dd1681e1d11
internal/server/meta_backend_test.go	1a6eccd22c24b7d05a6cd12616aa99c49cb8bcfbd90171c35b20d7a802d9cea8	29465	immutable baseline bf510d8f2becd4c023fe04a7df8b8dd1681e1d11
internal/server/meta_cache.go	4cb380e059f75f128de3ff0724419822c6a9a907a283026f1b2eac223d04ab11	4692	immutable baseline bf510d8f2becd4c023fe04a7df8b8dd1681e1d11
internal/server/meta_cache_test.go	360cf1492cb47a59c7c44ce2a1a214548a3daaf677525f6a79e71a41761561f8	2179	immutable baseline bf510d8f2becd4c023fe04a7df8b8dd1681e1d11
internal/server/meta_multiplex.go	58de8f34254af68fd1d5f7fd7a07d217219006cf90a1aada5e5426458420bcf1	7175	immutable baseline bf510d8f2becd4c023fe04a7df8b8dd1681e1d11
internal/server/meta_multiplex_test.go	9da3a3c2cb349c29e7676d7fd20173ab261864b63079f0023e594ce301bea23e	14301	immutable baseline bf510d8f2becd4c023fe04a7df8b8dd1681e1d11
internal/server/meta_operation.go	e961596facf773537860094e991c73ad4314553faf44fe8ae8247e609f604bb4	17857	immutable baseline bf510d8f2becd4c023fe04a7df8b8dd1681e1d11
internal/server/meta_operation_test.go	e9ad4c3a962e014041b400f7d1ecfb2c48cefedc49f7a350c191874489f50297	9413	immutable baseline bf510d8f2becd4c023fe04a7df8b8dd1681e1d11
internal/server/meta_proxy.go	e4ba2374dbb98f2cb52a80e6f3f49301d9c01b5e657f68fe026ce0008b22be0c	14557	immutable baseline bf510d8f2becd4c023fe04a7df8b8dd1681e1d11
internal/server/meta_proxy_test.go	21422545c1bd0f06c35a861ecf647023ecd08362ae357731baa3e0a19304c209	27920	immutable baseline bf510d8f2becd4c023fe04a7df8b8dd1681e1d11
internal/server/meta_search.go	7a6a4ac6ac3fcb91060e10b02b0c6757efee7fa1ff7ed5bf5a1fffa23121b6c4	5520	immutable baseline bf510d8f2becd4c023fe04a7df8b8dd1681e1d11
internal/server/meta_search_runtime.go	1d71bb36c67b391df06ccc4690e8c9c64f6553d17cdcf9b13415b9bcb39b0a8d	12240	immutable baseline bf510d8f2becd4c023fe04a7df8b8dd1681e1d11
internal/server/meta_search_test.go	215fb1becb9b5d87c4a1f6bf66322cb4ed36efd4fa00bdf661ee2f8ab59d66b7	4442	immutable baseline bf510d8f2becd4c023fe04a7df8b8dd1681e1d11
internal/server/meta_select.go	fe1677dcf8f7d136c30c359e83640e9ffe9e964e6be8eb09a3ca2af06ba99061	3418	immutable baseline bf510d8f2becd4c023fe04a7df8b8dd1681e1d11
internal/server/meta_transport.go	10ed273338249a2d706cc08b53d86356426e4d84f22a03a4180cdcd975c1b626	8501	immutable baseline bf510d8f2becd4c023fe04a7df8b8dd1681e1d11
internal/server/meta_transport_lifecycle.go	f5e31fe2d12f3ce8e629c173cf0c42eb08bbe401bac1e56e8dd91f9c2ecaa6cb	4329	immutable baseline bf510d8f2becd4c023fe04a7df8b8dd1681e1d11
internal/server/meta_transport_lifecycle_test.go	6370de252fdd663f306cc082d22879ecdb1dc56a6eeecab0c810ebe40a0d94cf	18802	immutable baseline bf510d8f2becd4c023fe04a7df8b8dd1681e1d11
internal/server/meta_transport_pool.go	72ceda26c291754f3c5986eebb25e97330b6414dfd43cceed6c29f28483b41cb	13672	immutable baseline bf510d8f2becd4c023fe04a7df8b8dd1681e1d11
internal/server/meta_transport_pool_test.go	cbaf34d5f40d9a83534bd6a8a084da1595a7f5233d360083572b8d199da85b1c	18188	immutable baseline bf510d8f2becd4c023fe04a7df8b8dd1681e1d11
internal/server/meta_transport_test.go	40f4ce0b7f07a5c9c9db909c6f239bfc65ef4f2f09b7acca84493ead6cf4fa62	11195	immutable baseline bf510d8f2becd4c023fe04a7df8b8dd1681e1d11
internal/server/meta_uri_order_test.go	4df0bd5e75ea7aa40088ddd0ad95a92f38bd8cb67343a0665786febf583bb7df	9146	immutable baseline bf510d8f2becd4c023fe04a7df8b8dd1681e1d11
internal/server/module_configuration.go	41ead6e9a02cc09c29b87a596260ac255d8e7aad1c2ff75e61d3cace6bbd647d	2514	immutable baseline bf510d8f2becd4c023fe04a7df8b8dd1681e1d11
internal/server/module_configuration_test.go	1acc46d5ba5193e4db172b3d75188a09fdcf0bb3166040b69ed8f0facf2d044a	10314	immutable baseline bf510d8f2becd4c023fe04a7df8b8dd1681e1d11
internal/server/monitor.go	c578a0825379e8cbc35e856015351da7dc4ef547a227cf9937993e35ab8eae2a	57744	immutable baseline bf510d8f2becd4c023fe04a7df8b8dd1681e1d11
internal/server/monitor_logger.go	226095c85739c0b16f0c427d8133033d1defeebd4a6a2e13ed2f66be68c81c78	6630	immutable baseline bf510d8f2becd4c023fe04a7df8b8dd1681e1d11
internal/server/monitor_logger_test.go	2f74c63b3efecf269b1537e97a60a03139182beac9658a6f2fc20e0815a3c2fa	12432	immutable baseline bf510d8f2becd4c023fe04a7df8b8dd1681e1d11
internal/server/monitor_test.go	dc10c12792eafca05b3779c39cfe1b8b4ceca2076005fb6ca9084d5b4f1dd62d	18553	immutable baseline bf510d8f2becd4c023fe04a7df8b8dd1681e1d11
internal/server/multiprovider_test.go	c163b1a65383f6b41ae311c7fdf5138ee60b75aaf3cf0b4ac4f514899c629979	11726	immutable baseline bf510d8f2becd4c023fe04a7df8b8dd1681e1d11
internal/server/naming_context_cache.go	d412bc24329ea55bd4bb6c599b43dc3aaf1682b1a749a8bf84a57b2b8446e862	562	immutable baseline bf510d8f2becd4c023fe04a7df8b8dd1681e1d11
internal/server/nestgroup.go	bba143f9981f4352b87799415f1081d804494e8303f812131646e8adc46c8893	33044	immutable baseline bf510d8f2becd4c023fe04a7df8b8dd1681e1d11
internal/server/nestgroup_test.go	97609f60211d459fc694013b71a3206734499c7ac1661d6c1debf9e26fc54266	18482	immutable baseline bf510d8f2becd4c023fe04a7df8b8dd1681e1d11
internal/server/network_common_bench_test.go	28017fe1a4cb1215da62ff74daeebe92529bba1f0e6c67d3c1a603e54d5a8d28	5572	source/new/internal/server/network_common_bench_test.go.raw
internal/server/noopsrch.go	2d1cc88466fb03f5bfce515516477b347aedb0a178db2700bc144d6a05c0a5e4	5079	immutable baseline bf510d8f2becd4c023fe04a7df8b8dd1681e1d11
internal/server/noopsrch_test.go	673bb1c787ce11c5fe3719d20a681a8975e1854f854ee2b126496cf8ab358bea	8667	immutable baseline bf510d8f2becd4c023fe04a7df8b8dd1681e1d11
internal/server/nops.go	1507cb0e37222d97b9ec22ccc7bc1ec0f98283158d53356997c6c4bf141a532e	1702	immutable baseline bf510d8f2becd4c023fe04a7df8b8dd1681e1d11
internal/server/nops_test.go	d6fd2badf338299c808281ab3ecc6454f09e59a414ea68ae02b68ba4f14027e0	2346	immutable baseline bf510d8f2becd4c023fe04a7df8b8dd1681e1d11
internal/server/null.go	71624d29a7d96504628b51cd0f6dfc4c8d416c8058ac439f2561fbab54978f24	4192	immutable baseline bf510d8f2becd4c023fe04a7df8b8dd1681e1d11
internal/server/null_test.go	b6dc55851ad85426958e5c3f3e72e7ebfaa92088f68c848f81404785caa849f5	2862	immutable baseline bf510d8f2becd4c023fe04a7df8b8dd1681e1d11
internal/server/objectclass_attribute_selection_test.go	799af9bba044c7b2d5bd5ad1c4f7075d408c7b76313dc72ad849ffa6e58bc03a	7356	immutable baseline bf510d8f2becd4c023fe04a7df8b8dd1681e1d11
internal/server/offline_acl.go	4d771eb4e68d98370538498553eebff8afc539672b78fb31abec24a589c2d293	10469	immutable baseline bf510d8f2becd4c023fe04a7df8b8dd1681e1d11
internal/server/offline_acl_test.go	80cf49c98fee6c06be53a2934f34cc55c18688da824872d1c00208d45cba7256	3146	immutable baseline bf510d8f2becd4c023fe04a7df8b8dd1681e1d11
internal/server/offline_tools.go	c05fed30bddf39b963e0a323be85d3f4d26654fb6124f3d0fa135ba9ab8ac163	52669	immutable baseline bf510d8f2becd4c023fe04a7df8b8dd1681e1d11
internal/server/offline_tools_security_test.go	3443df1f1cc8d93540c116847fd5024ec2e5b9d7d186fce89c8db38494e5285a	13663	immutable baseline bf510d8f2becd4c023fe04a7df8b8dd1681e1d11
internal/server/offline_tools_test.go	198ba2ac0c04478e5c9134cfe073114f625da042dd63037da824fea005cc5f56	15633	immutable baseline bf510d8f2becd4c023fe04a7df8b8dd1681e1d11
internal/server/offline_tools_validation_options_test.go	a157ed4e2f07b3be9d7fd5c870de69c9510876b4f88b48a152ddd4a78dd52548	8668	immutable baseline bf510d8f2becd4c023fe04a7df8b8dd1681e1d11
internal/server/olc_monitoring.go	cfd5e812f60c597701f4821fe47e0c588f9d5b5a604f2047112d9dbf4fea4b9a	6706	immutable baseline bf510d8f2becd4c023fe04a7df8b8dd1681e1d11
internal/server/olc_monitoring_test.go	eb69cb8321c663b4a523fdd898d7fde955ce1427b3b6f47404d5ae76a9673ac1	20340	immutable baseline bf510d8f2becd4c023fe04a7df8b8dd1681e1d11
internal/server/online_backup.go	c64ccde24c7d80a1ea2cc09a3152752ca431fc191fa563860e798451c0508455	3142	immutable baseline bf510d8f2becd4c023fe04a7df8b8dd1681e1d11
internal/server/online_backup_test.go	3c42cadbd7f6208f519f204e2d8edf98d9097f3a05b5283c051066dcf2f92b31	8913	immutable baseline bf510d8f2becd4c023fe04a7df8b8dd1681e1d11
internal/server/openldap_accesslog_test.go	c21b4c7e0237875c894eddac6ef689d8237cacef44cdc7063948d69c7aff64a4	16916	immutable baseline bf510d8f2becd4c023fe04a7df8b8dd1681e1d11
internal/server/openldap_acl_test.go	38037adf71511a47ddb1634a2bd358aaf2505c2b1314f7286f2a20561db3ab56	22106	immutable baseline bf510d8f2becd4c023fe04a7df8b8dd1681e1d11
internal/server/openldap_acl_value_batch_test.go	898559eb842f388372d1ae4569180546c53398aa60f569e06fec62db552c5c88	7669	immutable baseline bf510d8f2becd4c023fe04a7df8b8dd1681e1d11
internal/server/openldap_alias_depth_test.go	695ae73be3d4d28fbd6f55e4dc57909f5569667099ec886bbe832e855a0879c5	3654	immutable baseline bf510d8f2becd4c023fe04a7df8b8dd1681e1d11
internal/server/openldap_allop_test.go	5c122af857dc37fb09314d86bc1a34165ae79851e213b09aa3e8eef71a00189c	3914	immutable baseline bf510d8f2becd4c023fe04a7df8b8dd1681e1d11
internal/server/openldap_apr1_password_test.go	71c1d14afb85b7e6edcc9ed9a6e19ec69316925006c7d7cef8748e79ee8dfbc9	7429	immutable baseline bf510d8f2becd4c023fe04a7df8b8dd1681e1d11
internal/server/openldap_argon2_password_test.go	01ad38be85f04c026a936f8ac9e2929950e82b2f7b790e2e4f2723771f3397f2	1997	immutable baseline bf510d8f2becd4c023fe04a7df8b8dd1681e1d11
internal/server/openldap_auditlog_test.go	53869b211118eeb024502a6556f458ae6cc283f83a87c0b1378658c6bb01f35f	21262	immutable baseline bf510d8f2becd4c023fe04a7df8b8dd1681e1d11
internal/server/openldap_autoca_differential_test.go	4c40c43115420fe15d27fbaf1b61c0d59728eb30fdfbb216f9f23f2e3b57b147	14880	immutable baseline bf510d8f2becd4c023fe04a7df8b8dd1681e1d11
internal/server/openldap_autoca_local_tls_test.go	d41c760c19ea444e3c46c33d0c3590e77c9990d668b575ecefe7e214c52eeb05	1183	immutable baseline bf510d8f2becd4c023fe04a7df8b8dd1681e1d11
internal/server/openldap_autoca_test.go	0e68320195b23baee78c3fecf79bfeb83cc9c13f8e97065b54f29e13d8211279	16861	immutable baseline bf510d8f2becd4c023fe04a7df8b8dd1681e1d11
internal/server/openldap_cancel_boundaries_test.go	fafc02ec33ebca47ffc76d13b470e9ab4b1149bf3e3d3c424c43f19b386a9bb5	4700	immutable baseline bf510d8f2becd4c023fe04a7df8b8dd1681e1d11
internal/server/openldap_children_scope_test.go	cd4ee32873a74af9c7b01daca8f1274eb0f9630df6d80dc65fdb32d571d1b3aa	27180	immutable baseline bf510d8f2becd4c023fe04a7df8b8dd1681e1d11
internal/server/openldap_collect_test.go	e86a9d1312b02d8c0666adc7e3de58307c376962a35d0cf2ad3aafcde7b8faa4	23671	immutable baseline bf510d8f2becd4c023fe04a7df8b8dd1681e1d11
internal/server/openldap_common_protocol_test.go	662430aa5dd781d54b2aca13b7562c988b923994274b673e3ac77f9eeea89446	6808	immutable baseline bf510d8f2becd4c023fe04a7df8b8dd1681e1d11
internal/server/openldap_connection_timeout_test.go	0c938840d25af2e7f603e2f282af5722e9c51308a2faa4df93868730451a8a5b	10950	immutable baseline bf510d8f2becd4c023fe04a7df8b8dd1681e1d11
internal/server/openldap_constraint_test.go	819666a67eef28148269aea8dd239f58212302a90a16b969dad24cdad3e2f38f	7065	immutable baseline bf510d8f2becd4c023fe04a7df8b8dd1681e1d11
internal/server/openldap_content_rule_test.go	0d357f76f8d11a434d58b1fb57d5f67870fefb6fdbd296da1c70ac7894b8c91f	11094	immutable baseline bf510d8f2becd4c023fe04a7df8b8dd1681e1d11
internal/server/openldap_core_differential_test.go	d06f9e5c6a87f28791f75d16ec50dd7fd5f724123e7c46050a5d3b85c5179dd8	17914	immutable baseline bf510d8f2becd4c023fe04a7df8b8dd1681e1d11
internal/server/openldap_crypt_password_test.go	d47c16d5d4bdf426cf6989f9f501df9abec23ef233afb34e3e5430b38c101315	3253	immutable baseline bf510d8f2becd4c023fe04a7df8b8dd1681e1d11
internal/server/openldap_dds_test.go	b0c7c82bc8a78645712fbf24670aaf3abaa29e0fa9fcfb805d824d6a95812395	10483	immutable baseline bf510d8f2becd4c023fe04a7df8b8dd1681e1d11
internal/server/openldap_default_referral_test.go	072df32cf39a3ce1c29bd368cd641c8dd1f965760ab5e59522bc43c308e72474	15736	immutable baseline bf510d8f2becd4c023fe04a7df8b8dd1681e1d11
internal/server/openldap_default_search_base_test.go	7daa36713adcf8b16060175f1d690ed4e5963a330f49bfca85ead240d60e101e	17725	immutable baseline bf510d8f2becd4c023fe04a7df8b8dd1681e1d11
internal/server/openldap_delta_multiprovider_test.go	04461bda36fedfeb74daed0602c528b51df9cf2a2a6bfd6186ad6e2a55c10b53	3090	immutable baseline bf510d8f2becd4c023fe04a7df8b8dd1681e1d11
internal/server/openldap_deref_test.go	2456186691d404cfbe3c9d57300a213c260b4a7ba2b2a07a8838d4f5e3bfd2de	23722	immutable baseline bf510d8f2becd4c023fe04a7df8b8dd1681e1d11
internal/server/openldap_dn_identity_modifydn_test.go	176dec89877ba53e62cfa9fa567e2b1cfefa08df0d26b06b04861336f57ccac5	2785	immutable baseline bf510d8f2becd4c023fe04a7df8b8dd1681e1d11
internal/server/openldap_dn_multiava_test.go	647d0de4a4ede7592202e2c7b2abe5963ed04cdb7425b074b41807470358b71d	20575	immutable baseline bf510d8f2becd4c023fe04a7df8b8dd1681e1d11
internal/server/openldap_domain_scope_test.go	97c105dcf85c0610f4a83b6cd2727a3a791ad37af4c42333f0e86235dd26df08	7248	immutable baseline bf510d8f2becd4c023fe04a7df8b8dd1681e1d11
internal/server/openldap_dynlist_test.go	48a6181d4a8b2cc37cfff0153224b8da63449757f485892165a41fbe5e21b01c	61618	immutable baseline bf510d8f2becd4c023fe04a7df8b8dd1681e1d11
internal/server/openldap_filter_absent_attribute_test.go	7463f9bcdda50f26670122a36b91d8ca0fe1d302a03b5964a9cd4755fbb3aea7	2176	immutable baseline bf510d8f2becd4c023fe04a7df8b8dd1681e1d11
internal/server/openldap_gssapi_kdc_test.go	f40a7d366f58669e5abe325ab5a74897031fe4f19ee1196a8f920cf15d062117	12449	immutable baseline bf510d8f2becd4c023fe04a7df8b8dd1681e1d11
internal/server/openldap_hidden_controls_test.go	8b9b24203236392ff21d019d12ba428da60ee6dbbdf2c9a52cbec86f7c0d147f	1647	immutable baseline bf510d8f2becd4c023fe04a7df8b8dd1681e1d11
internal/server/openldap_homedir_test.go	a1189214cea36b629a76d5a166222fe9f6f47a02d08b42ef39c0fc5cff55b329	13174	immutable baseline bf510d8f2becd4c023fe04a7df8b8dd1681e1d11
internal/server/openldap_incoming_limit_test.go	3adfbd7310917acdb12935ea32be29efc5931ac81d3bf3695472e1a1482edaf9	9170	immutable baseline bf510d8f2becd4c023fe04a7df8b8dd1681e1d11
internal/server/openldap_lastbind_test.go	75e3473381d20a222b1aa9f8d4baf39551f0aa7a00e3e1f6a007f318af99f91c	2910	immutable baseline bf510d8f2becd4c023fe04a7df8b8dd1681e1d11
internal/server/openldap_lazy_commit_test.go	8d930644c71007956be14a00d9c15f15cbfd68cc7375f97fe378c63bcfd13db6	9232	immutable baseline bf510d8f2becd4c023fe04a7df8b8dd1681e1d11
internal/server/openldap_ldap_backend_acl_test.go	8fa22c21d14ec816bce032d0888b54970dea84940627c6f3d412883dd1392581	11209	immutable baseline bf510d8f2becd4c023fe04a7df8b8dd1681e1d11
internal/server/openldap_ldap_backend_rwm_test.go	b95861a567d609d82cca7d5e427cb4ddcdca8d568ce4cdb7b819f98236acd7a2	1679	immutable baseline bf510d8f2becd4c023fe04a7df8b8dd1681e1d11
internal/server/openldap_matched_values_test.go	6384246dc29e78584b8d6155b7c0e7abb7fff3e3454b232f5d7822c5e344b2e1	5185	immutable baseline bf510d8f2becd4c023fe04a7df8b8dd1681e1d11
internal/server/openldap_max_entry_size_test.go	12118e32dcca0114127f347c4b2ccd0ce4cac085d72417fd2f4c5d30816ea90e	10502	immutable baseline bf510d8f2becd4c023fe04a7df8b8dd1681e1d11
internal/server/openldap_max_filter_depth_test.go	7b61e2b3e567f0603b8d62d2cd108654f0472c5c15f5d726f4b1f51ef37d5e20	3389	immutable baseline bf510d8f2becd4c023fe04a7df8b8dd1681e1d11
internal/server/openldap_memberof_refint_test.go	b3b4d6f99505fdff805e2513b546108f590135edf0bc7551aec5273e98442c32	23998	immutable baseline bf510d8f2becd4c023fe04a7df8b8dd1681e1d11
internal/server/openldap_meta_acl_dependency_test.go	e270ba2d37dfa994157b2da24902ebdf82c4b0607f957e67fee1a07a063eb846	3401	immutable baseline bf510d8f2becd4c023fe04a7df8b8dd1681e1d11
internal/server/openldap_meta_acl_test.go	d33ca6e8a3c2776dbe4db1eee66f80244135dd1bd1926455bb7a638bb0b64c45	11620	immutable baseline bf510d8f2becd4c023fe04a7df8b8dd1681e1d11
internal/server/openldap_meta_backend_test.go	430923dd63c2e1f83e0bc6d942cbc926d12d4a8cd8a98f3803aff07417e8e025	19816	immutable baseline bf510d8f2becd4c023fe04a7df8b8dd1681e1d11
internal/server/openldap_meta_bindpoll_test.go	54c695f8e7a820451c9cd4c8ba99a219fc1b4ac16f5b64eb0bfd1c20b7a240ec	18524	immutable baseline bf510d8f2becd4c023fe04a7df8b8dd1681e1d11
internal/server/openldap_meta_cancel_test.go	79857f7c668d30bd58abf263eaea4989a1585c21dbfd8330b9918906a514ea2e	27586	immutable baseline bf510d8f2becd4c023fe04a7df8b8dd1681e1d11
internal/server/openldap_meta_candidate_test.go	388c99292fc86bfa3676b69f0e0b1a166d32c813a7954410689a412d8c853e50	7542	immutable baseline bf510d8f2becd4c023fe04a7df8b8dd1681e1d11
internal/server/openldap_meta_clientpr_test.go	992b2970869485227656352870ed181f7839a761cd545e1316708cb61774d74a	17285	immutable baseline bf510d8f2becd4c023fe04a7df8b8dd1681e1d11
internal/server/openldap_meta_connection_test.go	80b17b7419f75945ae471183c8d9c82389ae356108bf84da5f16fb9726fba228	13338	immutable baseline bf510d8f2becd4c023fe04a7df8b8dd1681e1d11
internal/server/openldap_meta_controls_test.go	d6f391a3e9065888afb1dbf1b99148f36375d343313bffc67abdd50b5adf224c	4832	immutable baseline bf510d8f2becd4c023fe04a7df8b8dd1681e1d11
internal/server/openldap_meta_dncache_test.go	8590a956c86293558ed78fc22abd3dffdfe2e7edeca0529cd116ef6049e02b6f	11821	immutable baseline bf510d8f2becd4c023fe04a7df8b8dd1681e1d11
internal/server/openldap_meta_dynamic_test.go	08c0b897666e832d6497bfda77aa7367f227ffaa39953aa9053576696c7b1747	17104	immutable baseline bf510d8f2becd4c023fe04a7df8b8dd1681e1d11
internal/server/openldap_meta_map_wildcard_test.go	c2f8304046dc83cdb0b073bf8ea8460132a936b9c78899e791fa4f26f95a4d93	14249	immutable baseline bf510d8f2becd4c023fe04a7df8b8dd1681e1d11
internal/server/openldap_meta_onerr_test.go	0e58dbee07b8f02bb0e71347fffe1c8a793a0071a56a144ad5588c93c480c6f0	9192	immutable baseline bf510d8f2becd4c023fe04a7df8b8dd1681e1d11
internal/server/openldap_meta_pool_test.go	7e79773f8e0edfe1067de8e80b22563c892915f29cee542833bf1e64dd42c786	18211	immutable baseline bf510d8f2becd4c023fe04a7df8b8dd1681e1d11
internal/server/openldap_meta_protocol_test.go	391a69d4f168ab4c78cc4b0786d013bf9032a7f13f6bc28653b5ed477a589e9b	25213	immutable baseline bf510d8f2becd4c023fe04a7df8b8dd1681e1d11
internal/server/openldap_meta_pseudoroot_test.go	91031dc26924e17116a7db387e011c5ba9c2e0c2e4121f461741be7fdfea97f4	15224	immutable baseline bf510d8f2becd4c023fe04a7df8b8dd1681e1d11
internal/server/openldap_meta_quarantine_test.go	c6a82fe7f409d1c9017f668ccf5895f2778e4d7fc9eab7f373834815b2f1bb33	12595	immutable baseline bf510d8f2becd4c023fe04a7df8b8dd1681e1d11
internal/server/openldap_meta_result_test.go	2411e0966b0df82c2411fb9d44cbff73d61880c702bc5dc0220cb457cabc3469	2833	immutable baseline bf510d8f2becd4c023fe04a7df8b8dd1681e1d11
internal/server/openldap_meta_rules_test.go	e58aaa19656071edb31bcf9b60e622b040a9938404e1cf5bb0402ab18401aede	10689	immutable baseline bf510d8f2becd4c023fe04a7df8b8dd1681e1d11
internal/server/openldap_meta_search_test.go	b54f9555974544ec3ad778bd6c7299a6aab0ee3525aca124e0888bb61d4faf67	3910	immutable baseline bf510d8f2becd4c023fe04a7df8b8dd1681e1d11
internal/server/openldap_module_inventory_test.go	c44229226f9829d1eef3f8bea5eb338c11bc6dc204f5e347518b7135f2083155	2878	immutable baseline bf510d8f2becd4c023fe04a7df8b8dd1681e1d11
internal/server/openldap_monitor_logger_test.go	2cb7f5623e4c4e029fb7d24a2c42395fae5454d09692124f24c6f2bfae2cf259	2224	immutable baseline bf510d8f2becd4c023fe04a7df8b8dd1681e1d11
internal/server/openldap_monitor_test.go	9b198b892e3deb613dbf781cfb90d7a03ea90879079dc0fb14cec624ca4ff3c2	19417	immutable baseline bf510d8f2becd4c023fe04a7df8b8dd1681e1d11
internal/server/openldap_nestgroup_test.go	2160280e5ada32d48fd65c4e879164dd945f6c4ba268a905b178a7a480eb5a53	67224	immutable baseline bf510d8f2becd4c023fe04a7df8b8dd1681e1d11
internal/server/openldap_netscape_password_test.go	6016d47e88cda1958b5ade6ac69af4f65b7f93114691ddd1abee77b212b4247c	8114	immutable baseline bf510d8f2becd4c023fe04a7df8b8dd1681e1d11
internal/server/openldap_new_backend_differential_test.go	cb023183d3f6fb5fe8d5efad7af8b1e025aec115cd13521e11c1013d03e36041	12052	immutable baseline bf510d8f2becd4c023fe04a7df8b8dd1681e1d11
internal/server/openldap_noopsrch_test.go	6d704de3a77fbd5efcd63442cfb435df4677c10e230b28cc447d93a449c1df37	2822	immutable baseline bf510d8f2becd4c023fe04a7df8b8dd1681e1d11
internal/server/openldap_nops_test.go	e7ac6adbaf76e3858f13ae747931c2d3976ba6ac159308e0951fa3f2ce9f0f87	1634	immutable baseline bf510d8f2becd4c023fe04a7df8b8dd1681e1d11
internal/server/openldap_null_test.go	b46246ff8ff62121bc255c0d2322d339090282b7c9ea2b0f154e0d411ce49bc0	11077	immutable baseline bf510d8f2becd4c023fe04a7df8b8dd1681e1d11
internal/server/openldap_objectclass_attribute_selection_test.go	05e252a0f27e9a2e8886e05d270a9b2e3136abc0aa28229567242ab69d3de97f	12312	immutable baseline bf510d8f2becd4c023fe04a7df8b8dd1681e1d11
internal/server/openldap_olc_monitoring_test.go	6cd0cc7288f786b4de5b706e4a015e1af502f20e1632f25c40bf58acb0468cab	8170	immutable baseline bf510d8f2becd4c023fe04a7df8b8dd1681e1d11
internal/server/openldap_otp_test.go	0ece226762d70cec32fa53b44bf4d74859c768d9328c21f2d76ffb8de656a2a8	21885	immutable baseline bf510d8f2becd4c023fe04a7df8b8dd1681e1d11
internal/server/openldap_pbind_test.go	972a8c4a52117e6c4c3dfe5d6c145707495246090e540d12ea706b6351803037	4124	immutable baseline bf510d8f2becd4c023fe04a7df8b8dd1681e1d11
internal/server/openldap_pbkdf2_password_test.go	3e81c7b1b676f6546e7d0eebb6e8c4510354e07edae6227ea7b7677ae3bfef03	12305	immutable baseline bf510d8f2becd4c023fe04a7df8b8dd1681e1d11
internal/server/openldap_pcache_phase2_test.go	5b85c252b2276a87f73222bdf583d9901d9c4aa48731e7c07217ec18e803c3ef	26214	immutable baseline bf510d8f2becd4c023fe04a7df8b8dd1681e1d11
internal/server/openldap_pcache_test.go	da921f1933df1a24535c3bb2548d17e6a74d71835b4fa26f369d74026929d535	26081	immutable baseline bf510d8f2becd4c023fe04a7df8b8dd1681e1d11
internal/server/openldap_ppolicy_test.go	fac85fe6001e5eb7fd6d3f3d7c7a4e3608a139772ffa96f89ea6f11d277c01c0	25364	immutable baseline bf510d8f2becd4c023fe04a7df8b8dd1681e1d11
internal/server/openldap_radius_password_test.go	9ff2d6f0a8481cadb66228cac242834d5d2b49578b3df4b28cb37ef77c5da7a3	7902	immutable baseline bf510d8f2becd4c023fe04a7df8b8dd1681e1d11
internal/server/openldap_read_control_lifetime_test.go	6489219bb895433e50dbee3c7a2bb6ee9ad708e527e42a47e701c654ba777eb2	1364	immutable baseline bf510d8f2becd4c023fe04a7df8b8dd1681e1d11
internal/server/openldap_reference_test.go	d51f308f5b169ca2403e46c2f29c1162e83a06eaa913df1936d5454876a28baa	20408	immutable baseline bf510d8f2becd4c023fe04a7df8b8dd1681e1d11
internal/server/openldap_relay_test.go	de96e27ca3a62a4dd092f3685c179d9c8ee8e8a55e41f257c0c7190234d16583	6129	immutable baseline bf510d8f2becd4c023fe04a7df8b8dd1681e1d11
internal/server/openldap_remoteauth_test.go	0c5297722571fe0246845f0819f15d93e839fa75b083c691adf725ab78fa5e34	8796	immutable baseline bf510d8f2becd4c023fe04a7df8b8dd1681e1d11
internal/server/openldap_retcode_test.go	a14eebe382ddfce10483fd2868334079d9d857063e2cc8af9131eddc7042c1b1	26306	immutable baseline bf510d8f2becd4c023fe04a7df8b8dd1681e1d11
internal/server/openldap_root_dse_modify_test.go	07659c5aaaedc8a57b328fb3f4ed5df776efe7c59d29f0b02d979dff18b7c723	3852	immutable baseline bf510d8f2becd4c023fe04a7df8b8dd1681e1d11
internal/server/openldap_root_dse_operations_test.go	b9e5c699e2f230e276c5389268bffbe23a63bf13c6324c2defb1bef7c2e2a464	2425	immutable baseline bf510d8f2becd4c023fe04a7df8b8dd1681e1d11
internal/server/openldap_rwm_rewrite_review_test.go	30c2eb156afb983cce50d6934b0b6c863ae58e279d1b9db43d78982239c7a5ec	4359	immutable baseline bf510d8f2becd4c023fe04a7df8b8dd1681e1d11
internal/server/openldap_sdk_state_machine_test.go	65d119da84c685d90395fd936ea943b7eacf530b7150fca942acd7591c1f18ee	12789	immutable baseline bf510d8f2becd4c023fe04a7df8b8dd1681e1d11
internal/server/openldap_search_parameter_test.go	16b4646017b9ad137d6b1a76975ea6cf632fbf13928ff3557e5fc64ca736ef40	6150	immutable baseline bf510d8f2becd4c023fe04a7df8b8dd1681e1d11
internal/server/openldap_security_requirements_test.go	78eff2e3bbad9304ed94f482d3d21ee202bf4de5c2bf56a267fbb601738a22d1	8551	immutable baseline bf510d8f2becd4c023fe04a7df8b8dd1681e1d11
internal/server/openldap_seqmod_test.go	305dd8531dd039210f3f2b7bc926435c47f07a94b09fc0d4443c4c89191a5c58	25051	immutable baseline bf510d8f2becd4c023fe04a7df8b8dd1681e1d11
internal/server/openldap_session_tracking_test.go	26218311c57c1d33ec2b9a940d6afd04b6f35790c20e262667594ce388ea72f7	8860	immutable baseline bf510d8f2becd4c023fe04a7df8b8dd1681e1d11
internal/server/openldap_sha2_password_test.go	5ce416e060269e99833126989409857f3071fbb3cfed6751d9a1f37a4f3bde3f	10857	immutable baseline bf510d8f2becd4c023fe04a7df8b8dd1681e1d11
internal/server/openldap_slapadd_database_selection_test.go	03a434cbdbc61c2d27eb263357daafc74aba103d477416b65a79189fa1b63dd7	23784	immutable baseline bf510d8f2becd4c023fe04a7df8b8dd1681e1d11
internal/server/openldap_slapadd_schema_validation_test.go	18df70e0f80841492810730461ce0af53486d26931468f2acffe6827e3b3abee	31256	immutable baseline bf510d8f2becd4c023fe04a7df8b8dd1681e1d11
internal/server/openldap_sock_backend_test.go	d0c11d9fecada2e2d943ccb54a0e5efa11bfd96396b2c8a9f59b7f861d39d104	18081	immutable baseline bf510d8f2becd4c023fe04a7df8b8dd1681e1d11
internal/server/openldap_sock_validation_test.go	9f2519168a81c5872de0d8cdd73f97ede6248949b35fd3e5c0be65666f5063ff	13776	immutable baseline bf510d8f2becd4c023fe04a7df8b8dd1681e1d11
internal/server/openldap_sql_backend_test.go	d0522fb39c94caa94a7bb47fcba1cd131b013f8cafb1d7d9dbab4fb2a28ef869	39297	immutable baseline bf510d8f2becd4c023fe04a7df8b8dd1681e1d11
internal/server/openldap_syncrepl_test.go	baa67269b22b980ee7631022497ab1bb676d8522d8a5f1a485f18c5b3f9959d3	21657	immutable baseline bf510d8f2becd4c023fe04a7df8b8dd1681e1d11
internal/server/openldap_totp_password_test.go	f807fcba4b6da685bc76b6fc08cbb042b6a00f647bba5202c3535f3222c9ee19	19326	immutable baseline bf510d8f2becd4c023fe04a7df8b8dd1681e1d11
internal/server/openldap_translucent_phase2_test.go	a0476a08dfdcc44b74f1533e528cbf55765ce723381ad28ae30c2829b3c63663	14725	immutable baseline bf510d8f2becd4c023fe04a7df8b8dd1681e1d11
internal/server/openldap_translucent_test.go	89dafc569620fc80ed88ca9fa3e0f0f2c0bd61777040126fb755ee8fa7810c2e	12172	immutable baseline bf510d8f2becd4c023fe04a7df8b8dd1681e1d11
internal/server/openldap_tree_delete_test.go	d77667294028b0796e25f39505bdec54f1951118039cf4baacb8ffdae46fe63f	24439	immutable baseline bf510d8f2becd4c023fe04a7df8b8dd1681e1d11
internal/server/openldap_unique_test.go	2ba8490e6fc34470b1f076ec255cc75ea5c55df0e431ecbea06e9cb0c8a6e63d	10912	immutable baseline bf510d8f2becd4c023fe04a7df8b8dd1681e1d11
internal/server/openldap_unknown_operation_test.go	93e62cb712fe3016ff5cb9e6b0619f62640d30eed2c401603689a413bed724d6	3355	immutable baseline bf510d8f2becd4c023fe04a7df8b8dd1681e1d11
internal/server/openldap_valsort_test.go	efe30951d2a92d386ff88b0d2419f3ec8d508a2c98e81fc5b77a7c9bbd71cdb1	10462	immutable baseline bf510d8f2becd4c023fe04a7df8b8dd1681e1d11
internal/server/openldap_whoami_restriction_test.go	97cecbd8e92828e8406dc3a6864e1b60eec6c98db3792db8155b388704e08717	4051	immutable baseline bf510d8f2becd4c023fe04a7df8b8dd1681e1d11
internal/server/openldap_write_controls_test.go	56da81ef02cbf601cb013f05723349f03e3e61ea755a07725ff1ec479a089b15	5514	immutable baseline bf510d8f2becd4c023fe04a7df8b8dd1681e1d11
internal/server/operation.go	98a53daf54ef5316c8cd2b71c8a8158db8fe8ff9f8b0930805d4d666ad875886	24308	baseline + source/tracked.patch.txt
internal/server/operation_inline_bind_test.go	15596f932c484884766890c86da917545cac241fac4b0a7eb39750f80faf06c7	6278	immutable baseline bf510d8f2becd4c023fe04a7df8b8dd1681e1d11
internal/server/operation_queue_admission_bench_test.go	c1c14bc3eed122e97a2d2dd968c1fc5a4e27eddea5872c8d4f8ec77f4d92efb4	2196	immutable baseline bf510d8f2becd4c023fe04a7df8b8dd1681e1d11
internal/server/operation_queue_admission_test.go	867e2e76aa3efc4aee733263b5da55c0d28b21fdd31f9c8e53b2fcff23e2b61f	7069	immutable baseline bf510d8f2becd4c023fe04a7df8b8dd1681e1d11
internal/server/operation_queue_buffer_bench_test.go	1096830573cada8480c0d79bcb55ad327fde87b7f944522a73c9287f0d8414f6	2767	source/new/internal/server/operation_queue_buffer_bench_test.go.raw
internal/server/operation_queue_buffer_test.go	c1c135078d83299756278f42ab8ddb7e0362b640ed7932d7cfaba0f42eaa65c2	13727	source/new/internal/server/operation_queue_buffer_test.go.raw
internal/server/operation_queue_limit_test.go	77497ea17ffe7a35a4f7ccaa31fd0f2a8af9cabbeda3c1e78122731729d2ac7f	7182	immutable baseline bf510d8f2becd4c023fe04a7df8b8dd1681e1d11
internal/server/operation_queue_wakeup_test.go	58ca3a9da11311c1f374e18238f303908dcc654ac5c11d0b69eb4630450bfff1	6831	immutable baseline bf510d8f2becd4c023fe04a7df8b8dd1681e1d11
internal/server/ordered_siblings.go	8227f644d57b9c95817ee9a2fdbfbe21a893f57f8ed0c25279ca609f8e4e6d30	16225	immutable baseline bf510d8f2becd4c023fe04a7df8b8dd1681e1d11
internal/server/ordered_values_test.go	444681934687a45cba75746023ce5fcd0b46995494fe55a6843d9cb3613d068f	16329	immutable baseline bf510d8f2becd4c023fe04a7df8b8dd1681e1d11
internal/server/otp_core.go	a43bc7393ee120686d88c279a09a3dd44a948719676c632546c8d5723cd3842d	5430	immutable baseline bf510d8f2becd4c023fe04a7df8b8dd1681e1d11
internal/server/otp_core_test.go	c460f84279dc8f769e3641cf61bd00dc44cf3b5a39113c0086cdbe94299002eb	7909	immutable baseline bf510d8f2becd4c023fe04a7df8b8dd1681e1d11
internal/server/otp_overlay.go	d0c0bf764bafbe8148f251ce673a99882cf51bb216e15bacda98b4d4d8e3c1a6	11112	immutable baseline bf510d8f2becd4c023fe04a7df8b8dd1681e1d11
internal/server/otp_overlay_test.go	4cd7059f7e82e8466f5882afe6461cf7c1722866ae47169b2f484afc72b59a6c	19175	immutable baseline bf510d8f2becd4c023fe04a7df8b8dd1681e1d11
internal/server/overlay_capability_test.go	8b6a4a880af99c0f394230f1e2e6a5422188fd9d4f1bc59f1f59e0572f28f331	6720	immutable baseline bf510d8f2becd4c023fe04a7df8b8dd1681e1d11
internal/server/paging.go	9fbf000e7746418ac0ca95f5e8aa3f006b3015fbf11b82ae9768ab15008b385a	13703	immutable baseline bf510d8f2becd4c023fe04a7df8b8dd1681e1d11
internal/server/paging_builder.go	5755379f7e67093403b05ee3b65c5425e4c7e748295c48a2d4d1eab61eb07b89	1145	immutable baseline bf510d8f2becd4c023fe04a7df8b8dd1681e1d11
internal/server/paging_builder_test.go	999435943b68e9d56ed6a4c2ce18c323175d0b9d7b079d1b975d5b22b5b17b1e	3358	immutable baseline bf510d8f2becd4c023fe04a7df8b8dd1681e1d11
internal/server/paging_performance_test.go	d55e7ee7dd2dbcb9da38bbe0ad90cbf6824a763ce56da20985117a425a73297f	6236	immutable baseline bf510d8f2becd4c023fe04a7df8b8dd1681e1d11
internal/server/paging_shared_test.go	461c1f10b999f5d1c47db2ab8367c50e5b9ef4b94fdd5f5fcd61060e39f2eda3	7736	immutable baseline bf510d8f2becd4c023fe04a7df8b8dd1681e1d11
internal/server/paging_test.go	fa7f7adb199a718cfc8b0f0b85f4c844883868c0f4511fe53d5c16c07c8e4044	21734	immutable baseline bf510d8f2becd4c023fe04a7df8b8dd1681e1d11
internal/server/partition.go	d13b8608d381e8d9b45888290eed8eef0ca2a46398ee28b03aae824da786ca14	4729	immutable baseline bf510d8f2becd4c023fe04a7df8b8dd1681e1d11
internal/server/passwd_backend.go	5a5aae1e35437adbe74860f8a3302472549256a5aee61a16f5bd520c9ae569fb	13920	immutable baseline bf510d8f2becd4c023fe04a7df8b8dd1681e1d11
internal/server/passwd_backend_test.go	86d9dc9961dd9eb96461ef06eb3b0e7e420425a58a922a085aed8bca2deb9f53	8726	immutable baseline bf510d8f2becd4c023fe04a7df8b8dd1681e1d11
internal/server/passwd_dnssrv_reload_test.go	151e95571f77417eca74c19b961b64344dcc163f0ca156477fd79b2635829efb	4465	immutable baseline bf510d8f2becd4c023fe04a7df8b8dd1681e1d11
internal/server/password_modify.go	fdcebb5c4dced2b5b91e9fed4d843b3a64e78c26eb4b410f21c91dae094a0f2c	16506	immutable baseline bf510d8f2becd4c023fe04a7df8b8dd1681e1d11
internal/server/password_modify_test.go	b1a539cf944cd5c76c20008bf9a15fdaa8ab884e0ae0a1d01533aa96d22b90d7	14489	immutable baseline bf510d8f2becd4c023fe04a7df8b8dd1681e1d11
internal/server/pbind.go	cb8af3155309c7a777222778da401c290f4b6d2822b04cc69db67a58a43ad6da	20187	immutable baseline bf510d8f2becd4c023fe04a7df8b8dd1681e1d11
internal/server/pbind_test.go	8e2f2581d089460f7337701f7e01d9b5da39b921f8ba1af08ecf61d76b416538	35971	immutable baseline bf510d8f2becd4c023fe04a7df8b8dd1681e1d11
internal/server/pcache.go	8b1748606787a403b35728b28714101799b17a6ec8da3e2d4d7f9c9ad80a33b6	67342	immutable baseline bf510d8f2becd4c023fe04a7df8b8dd1681e1d11
internal/server/pcache_bind_test.go	e7a4ac7c46cfa1d891c66de6e6c604adcd4ccc80392c481664ae2b694c2093e7	27127	immutable baseline bf510d8f2becd4c023fe04a7df8b8dd1681e1d11
internal/server/pcache_containment_test.go	04a8927606ed2c19c12a2014ace02bf8c1fe6715f045beb15284151896a47311	6737	immutable baseline bf510d8f2becd4c023fe04a7df8b8dd1681e1d11
internal/server/pcache_persistence.go	522a7b2475c985ae660cc422dd59a11165332801d902de16e23a8592fd8f80f7	38432	immutable baseline bf510d8f2becd4c023fe04a7df8b8dd1681e1d11
internal/server/pcache_private.go	5ee04333c607ebad7297382eee2efef2c36f39a3f50707a893231dbc82d143ac	53193	immutable baseline bf510d8f2becd4c023fe04a7df8b8dd1681e1d11
internal/server/pcache_private_persistence_test.go	09bbe0cdd50bdddbf17a4711803172b2de8ecd999f6e175ede1002512c5c03da	62842	immutable baseline bf510d8f2becd4c023fe04a7df8b8dd1681e1d11
internal/server/pcache_private_write_test.go	0da99100938faf9b8b13cdcbe93ad9f8e6b27e5b952fe79fbd88a641bc1f8ace	22891	immutable baseline bf510d8f2becd4c023fe04a7df8b8dd1681e1d11
internal/server/pcache_test.go	1f22bdb08b59614e5890a6c09b9d08203f8b18f08a40457bb66979b337fb0b3a	20665	immutable baseline bf510d8f2becd4c023fe04a7df8b8dd1681e1d11
internal/server/pcache_validate_test.go	dd152f1a1185421d1d29925881d15134336b1f3a313d893174f35f4ee569629e	21505	immutable baseline bf510d8f2becd4c023fe04a7df8b8dd1681e1d11
internal/server/peercred.go	798a37f9a503517ed48457c64b48ce619672721082ca5442c81993d6d11dd1cd	479	immutable baseline bf510d8f2becd4c023fe04a7df8b8dd1681e1d11
internal/server/peercred_bsd.go	e163f4bab3007744b0db537ff7c833b9fb25029da7505c8a5df2c2008e1ffd59	1195	immutable baseline bf510d8f2becd4c023fe04a7df8b8dd1681e1d11
internal/server/peercred_linux.go	69d54fa2e0fe1db37c0e1012e6968d627ff5ab6ccf2d908d23a2598b1a744560	1053	immutable baseline bf510d8f2becd4c023fe04a7df8b8dd1681e1d11
internal/server/peercred_test.go	4e6f5f5291bcf96dafb99f322f30f26aeb020ceba3a1db8db664126afcfd93c0	7074	immutable baseline bf510d8f2becd4c023fe04a7df8b8dd1681e1d11
internal/server/peercred_unsupported.go	96aeeb6c4e450d0f249f83bcda5ac80cd16dc8714a6750f0450623d2b73ba812	166	immutable baseline bf510d8f2becd4c023fe04a7df8b8dd1681e1d11
internal/server/persistent_search_memory_test.go	46a454dc59d5168263b9add6a2937d9cb3d6c0ae78e92edd8b8222983b82400e	3272	immutable baseline bf510d8f2becd4c023fe04a7df8b8dd1681e1d11
internal/server/ppolicy.go	2b6011ae6a4e7a1ddc0092a48b02f384f74c991763882f12518610e78611d6dc	61319	immutable baseline bf510d8f2becd4c023fe04a7df8b8dd1681e1d11
internal/server/ppolicy_admin_modify_reference_test.go	614a28df633715bb1efb7c032229c99ec9e7c109a853c840087503f773cf0a81	4395	immutable baseline bf510d8f2becd4c023fe04a7df8b8dd1681e1d11
internal/server/ppolicy_database_snapshot_bench_test.go	24dd8f876bfdc5ece55b8a77c5a36d7fe6f1a4e2bb9b678800ee608f75b52ef5	2090	immutable baseline bf510d8f2becd4c023fe04a7df8b8dd1681e1d11
internal/server/ppolicy_database_snapshot_test.go	42ca6dbd36414bfb65aa873caca8ad9a867205f0ee3d70c3b88eaf4da2c7fd9d	11943	immutable baseline bf510d8f2becd4c023fe04a7df8b8dd1681e1d11
internal/server/ppolicy_dn_cache_test.go	a7f8d1801077268917560e18bbe4fa9622189d8cc823ce81db04b5f2ca5e2761	7600	immutable baseline bf510d8f2becd4c023fe04a7df8b8dd1681e1d11
internal/server/ppolicy_readonly_test.go	a63f10131577cb09efe46a82cf4253d071e9e2706e29491eeece75acb828cf2a	20138	immutable baseline bf510d8f2becd4c023fe04a7df8b8dd1681e1d11
internal/server/ppolicy_test.go	2db28cccdc7cb093c2f2b7d5644cc5fbcab6bb60c037acbc7311c57716e9ba0c	57680	immutable baseline bf510d8f2becd4c023fe04a7df8b8dd1681e1d11
internal/server/proxy_authorization.go	9c443f696a766bc9ea8306d91ca3ce66485ad204036f42cdaae3dd25f42dc77c	5515	immutable baseline bf510d8f2becd4c023fe04a7df8b8dd1681e1d11
internal/server/proxy_authorization_test.go	f9bfc4b1d77b5aa3654dff622a06b7418e9cf587a0a33b876f980997e465f20a	39208	immutable baseline bf510d8f2becd4c023fe04a7df8b8dd1681e1d11
internal/server/radius_password_test.go	08ddcae6a1aa39cbb3e923669584c634a0a1a88e640c4cfca205d6fca362dca9	48352	immutable baseline bf510d8f2becd4c023fe04a7df8b8dd1681e1d11
internal/server/rdn_values.go	98cd2e504778dbd0c018e7d159bcb379171f1a08d53865bda8d8facc55ffed4c	2272	immutable baseline bf510d8f2becd4c023fe04a7df8b8dd1681e1d11
internal/server/rdn_values_test.go	6ecdb9e313fbec0d338dfc0d150bfc24568ce8d110c6fafc609f696f4b0ff976	1807	immutable baseline bf510d8f2becd4c023fe04a7df8b8dd1681e1d11
internal/server/read_control_test.go	076f04c998eb0029f90032102c7c9113a76e2cf31e28ec93ea2fb240daed8a9a	14772	immutable baseline bf510d8f2becd4c023fe04a7df8b8dd1681e1d11
internal/server/referral.go	d12a853de0c80a0501072c307498c996d15712d68d3127c392e505122628bb3e	15409	immutable baseline bf510d8f2becd4c023fe04a7df8b8dd1681e1d11
internal/server/referral_test.go	8609c791a2398c7a797e3d92b703192151a1b9f206b02cda5eb24f0fdf68b6ab	16784	immutable baseline bf510d8f2becd4c023fe04a7df8b8dd1681e1d11
internal/server/refint.go	a9bc1e2d3b730ca292857703f178aa4ce375f01dc3871785332340413b3522cb	7798	immutable baseline bf510d8f2becd4c023fe04a7df8b8dd1681e1d11
internal/server/refint_test.go	441fdaa408c4eedd88a3fced2ca30f441755f9f70399900e678f789bb0162f3a	3980	immutable baseline bf510d8f2becd4c023fe04a7df8b8dd1681e1d11
internal/server/relay.go	6cf4ca6727f38099933d0930ce9b0a06432e1877eff6c58f424e57773ec9248d	35633	immutable baseline bf510d8f2becd4c023fe04a7df8b8dd1681e1d11
internal/server/relay_test.go	afb020697f01c9b34f576ef993564a92eef17890fefbbd974f239efaebf2a3e2	24507	immutable baseline bf510d8f2becd4c023fe04a7df8b8dd1681e1d11
internal/server/remoteauth.go	c42382bd1723026beffb5b3bab00341af9c06d7a9035314f3e3d8bd1ecbc0524	24104	immutable baseline bf510d8f2becd4c023fe04a7df8b8dd1681e1d11
internal/server/remoteauth_connection_test.go	e419173c0b4d3ca6215a786ef555b7302cb584ad9f7034fa7767476d98c9a2e9	18178	immutable baseline bf510d8f2becd4c023fe04a7df8b8dd1681e1d11
internal/server/remoteauth_test.go	ed701f84138e2b324c5658b4a710a4844e10443442aa0f762f4337905d548e87	17878	immutable baseline bf510d8f2becd4c023fe04a7df8b8dd1681e1d11
internal/server/resource_limit.go	e899e93c6f1c26ef552654002405203f1f7bb91af7f374fea5a55cb391822a61	3646	immutable baseline bf510d8f2becd4c023fe04a7df8b8dd1681e1d11
internal/server/resource_limit_test.go	33d6192e4353f52c60f7f06cd342b59851ea1bdf3a426966bb9173a11a788c6d	22352	immutable baseline bf510d8f2becd4c023fe04a7df8b8dd1681e1d11
internal/server/response_batch.go	5a24e0b64216f5d33fec3699f58f15f8e982d9e89680c9c683c9a1cd024e0a4b	1844	immutable baseline bf510d8f2becd4c023fe04a7df8b8dd1681e1d11
internal/server/response_batch_test.go	e2b9725e8add3d7d7864181f2b5759c02008679837b057e3bbafd44603e06920	3269	immutable baseline bf510d8f2becd4c023fe04a7df8b8dd1681e1d11
internal/server/response_budget_resource_test.go	ea47ec6d19c8e9bebc3a15bdb76512e5b3e0763ca401d1cee7900ccff336097f	9685	immutable baseline bf510d8f2becd4c023fe04a7df8b8dd1681e1d11
internal/server/retcode.go	f65c8236b66ee5dd3f6e58504b4d94f475f9a5b3cd52141cf1250e0db909b6f5	27736	immutable baseline bf510d8f2becd4c023fe04a7df8b8dd1681e1d11
internal/server/retcode_integration_test.go	de205bb17eb34fd8b79a87efe4544089b3cf74355215cfdbfb5ee9f5ab7aa480	30850	immutable baseline bf510d8f2becd4c023fe04a7df8b8dd1681e1d11
internal/server/retcode_password_modify_reference_test.go	34e5577239017dcb1e236c98ae0cfa6f8c19ce066e9b045f357695ff6707c6ff	9520	immutable baseline bf510d8f2becd4c023fe04a7df8b8dd1681e1d11
internal/server/retcode_password_modify_test.go	eeb110f38b64717c7d99e62a8bd0d3b74bdc79192da87757ab7ece95db4f87a0	4619	immutable baseline bf510d8f2becd4c023fe04a7df8b8dd1681e1d11
internal/server/retcode_test.go	0556a832570a506c710a2d711cd81573c18c13b40140b806e3a8aa6ab646e9cf	10711	immutable baseline bf510d8f2becd4c023fe04a7df8b8dd1681e1d11
internal/server/reverse_lookup.go	bb4912632a92fed906c9b6f2315eda75fc4a440bc5e231674e88e38142c1c873	1152	immutable baseline bf510d8f2becd4c023fe04a7df8b8dd1681e1d11
internal/server/reverse_lookup_test.go	2ec9b2f115db46e6108e920c7ee6408ae25557482298379ee19c2a4ba83cb6a9	4844	immutable baseline bf510d8f2becd4c023fe04a7df8b8dd1681e1d11
internal/server/root_dse_configuration.go	4f354a7723f120543913b1791521b0f0ab07cb2a8d608761db38d324f827688c	6320	immutable baseline bf510d8f2becd4c023fe04a7df8b8dd1681e1d11
internal/server/root_dse_configuration_test.go	28074265441eeda5f19880f2cf3ff64f44d8f40266f11fba7db99cf149f68b93	5807	immutable baseline bf510d8f2becd4c023fe04a7df8b8dd1681e1d11
internal/server/root_dse_operations_test.go	b19150ebec03872ea9ae3838b2152ad58e8284a74e9aea0b60be2096c562e1c6	5600	immutable baseline bf510d8f2becd4c023fe04a7df8b8dd1681e1d11
internal/server/rootpredicate_test.go	89fb179594573db1b34a080d6925a75ab8f9d4d41b3d6217829c9737a15bad47	23622	immutable baseline bf510d8f2becd4c023fe04a7df8b8dd1681e1d11
internal/server/runtime.go	33674060ea952381b2d85d8118d5e9639d697d2d66bc7f019439705bf64a0ee4	30827	immutable baseline bf510d8f2becd4c023fe04a7df8b8dd1681e1d11
internal/server/runtime_activation_test.go	77536ac6353f5c6b5b4f9fd2edfc1ae3e2f5e095a05674c61ad35c4278c7b24e	2669	immutable baseline bf510d8f2becd4c023fe04a7df8b8dd1681e1d11
internal/server/runtime_capabilities.go	0e4fc9b3c0027810f5e2e3eebffd2c4460c8976f3dacc6cd70184896409faca7	2408	immutable baseline bf510d8f2becd4c023fe04a7df8b8dd1681e1d11
internal/server/runtime_legacy_dn_cache.go	1a9adfb904cf898c5d27d11481d5ab98893d720cfe348e0ca89c4f5bb2814792	1847	immutable baseline bf510d8f2becd4c023fe04a7df8b8dd1681e1d11
internal/server/runtime_legacy_dn_cache_test.go	ad56ca1b90fdb396bd085191a439da5697d9c094adbb3ef4273572bc6e4a1255	24061	immutable baseline bf510d8f2becd4c023fe04a7df8b8dd1681e1d11
internal/server/runtime_test.go	0f3077f6da7c0e41b634ed1cd67500623ffd9dad1a60fcad20db970c15fad82a	5176	immutable baseline bf510d8f2becd4c023fe04a7df8b8dd1681e1d11
internal/server/rwm_configuration_test.go	b245b687b7e5b4ebb07e15c1bc6052b5c9e0b058273e0b3a2a2f1bf8e9f528cb	11177	immutable baseline bf510d8f2becd4c023fe04a7df8b8dd1681e1d11
internal/server/rwm_dispatch_test.go	adc1fb2947179c8fa9472bde5dbd80ff39d3169ca4d8133b03863a7dd95fbace	6024	immutable baseline bf510d8f2becd4c023fe04a7df8b8dd1681e1d11
internal/server/rwm_rewrite.go	008428e4a52e4808e2fc7a12b0bc0abb9428b998b674099b33a523f391a36f36	27320	immutable baseline bf510d8f2becd4c023fe04a7df8b8dd1681e1d11
internal/server/rwm_rewrite_backend_test.go	a82a7ee68d0601f3bcbbb0cfa52a222102312cfa9cd85032fecfa17b039c6673	5541	immutable baseline bf510d8f2becd4c023fe04a7df8b8dd1681e1d11
internal/server/rwm_rewrite_capture_reference_test.go	f1e57a601c60de031068149456b3fcb192835d5929fa61b03480823e23065ada	5525	immutable baseline bf510d8f2becd4c023fe04a7df8b8dd1681e1d11
internal/server/rwm_rewrite_capture_test.go	f172ae86461f14633c87cb38c5ce489cf36bdef06fee2720799ad44218c6daa7	2244	immutable baseline bf510d8f2becd4c023fe04a7df8b8dd1681e1d11
internal/server/rwm_rewrite_compat_test.go	c1906a85f2825ad6cd0fc12bac403258a4c7e0133c3c3af2fb1e707ca98bcbdc	10150	immutable baseline bf510d8f2becd4c023fe04a7df8b8dd1681e1d11
internal/server/rwm_rewrite_map.go	25cdaec10dd139e1619dd0e22af9cf94258caeefde389c136c34f0b08fcaf647	9866	immutable baseline bf510d8f2becd4c023fe04a7df8b8dd1681e1d11
internal/server/rwm_rewrite_map_reference_test.go	a5bb83d89100d7ebb454746881076a0fce85f4ab20bccc9801168e97b5025fc5	5359	immutable baseline bf510d8f2becd4c023fe04a7df8b8dd1681e1d11
internal/server/rwm_rewrite_map_test.go	0eb773f865d59420c45c8e738781a341a58d40d4fd9087317a88ebbf98823975	18831	immutable baseline bf510d8f2becd4c023fe04a7df8b8dd1681e1d11
internal/server/rwm_rewrite_operations_test.go	719420446f46951e3ba7ac01f3ed4e1f524f6711730483ede4bd0bb6a03af879	10046	immutable baseline bf510d8f2becd4c023fe04a7df8b8dd1681e1d11
internal/server/rwm_rewrite_regex.go	032af39568921110d8203fd5d8af4aa99028a879c7671f77428e1fe1a7b516b7	11038	immutable baseline bf510d8f2becd4c023fe04a7df8b8dd1681e1d11
internal/server/rwm_rewrite_relay.go	1e1542ef9d909942278f275be0f7799f3a5e3109cf62081016d72911e332827c	10845	immutable baseline bf510d8f2becd4c023fe04a7df8b8dd1681e1d11
internal/server/rwm_rewrite_review_test.go	4f3d5d4dd748f454a5d5643c0642076fa18a952fb60aba335349fa4d27d7b654	10375	immutable baseline bf510d8f2becd4c023fe04a7df8b8dd1681e1d11
internal/server/rwm_rewrite_test.go	c52d9ce8b593bc4d0f70770cee0ba66d2501ee572a7b7d7d7b737732d9835505	14193	immutable baseline bf510d8f2becd4c023fe04a7df8b8dd1681e1d11
internal/server/sasl.go	6bbce4ef9526bf8ff8da3e520d7664599a3cf5f9f7b9e0066cb401d01bfe633c	14599	immutable baseline bf510d8f2becd4c023fe04a7df8b8dd1681e1d11
internal/server/sasl_3des_reference_test.go	799b6242338426d201c7318a9b34bbbfd13b4184d49e057f842de05a18403676	3517	immutable baseline bf510d8f2becd4c023fe04a7df8b8dd1681e1d11
internal/server/sasl_authorization.go	c2b7de5b082604e55909d7991f3c66af9a1fca157eb39cdf5957659671a3259d	15809	immutable baseline bf510d8f2becd4c023fe04a7df8b8dd1681e1d11
internal/server/sasl_authorization_backend.go	471e1002da92e360ae43701b28d7e488c19ce952c43e2b75ae433768acc42504	7485	immutable baseline bf510d8f2becd4c023fe04a7df8b8dd1681e1d11
internal/server/sasl_authorization_backend_test.go	ba129041851438b7db6955dabef747e80ed5d67a7a8b2ee1dff5967cec8a9723	15335	immutable baseline bf510d8f2becd4c023fe04a7df8b8dd1681e1d11
internal/server/sasl_authz_url.go	f6257f4727e395b96ec1a86f7d01f0d4d4a62b655d0ad237f2af942ddad87e0a	8188	immutable baseline bf510d8f2becd4c023fe04a7df8b8dd1681e1d11
internal/server/sasl_backend_credentials.go	305c396dcbc2bd33bef96b2bd47c7bc74eb3d480b9789cd5c51d68b48ff9dc38	13507	immutable baseline bf510d8f2becd4c023fe04a7df8b8dd1681e1d11
internal/server/sasl_backend_credentials_test.go	470a9793962818bbc2f7137b98199c4f5ef3a33dc5f8ce12bc8cec95363c6e5c	11584	immutable baseline bf510d8f2becd4c023fe04a7df8b8dd1681e1d11
internal/server/sasl_backend_digest_scram_test.go	a6df365ae4834a09fdce900ec72b1cd0cb2e9c924c0d121b6e9ff09ad225fbfe	4158	immutable baseline bf510d8f2becd4c023fe04a7df8b8dd1681e1d11
internal/server/sasl_backend_error_test.go	57edc80bd4591b537687ac76c3ead1d74dc26da71ecf817241c91b7dcedfd9e5	14464	immutable baseline bf510d8f2becd4c023fe04a7df8b8dd1681e1d11
internal/server/sasl_cbinding.go	08cc23fb45e7cad47c1f1254dfa547fdc77425a9b0ddf370820459fe30838549	5432	immutable baseline bf510d8f2becd4c023fe04a7df8b8dd1681e1d11
internal/server/sasl_cbinding_gssapi_test.go	f4737a215a17e2256c06aa8c0e033ba589b5c2ae5df7e9bdc189aa128bd58a6b	5412	immutable baseline bf510d8f2becd4c023fe04a7df8b8dd1681e1d11
internal/server/sasl_cbinding_openldap_test.go	545ad071885b91b6b169ac2d479aecd7cde7bb73cd1bd0f0a9c3c3b84b2edffd	8820	immutable baseline bf510d8f2becd4c023fe04a7df8b8dd1681e1d11
internal/server/sasl_cbinding_test.go	f58266f5e8bc3bd336a3d2a787fdb68126aa5986e68b6887134a5552b686b170	10390	immutable baseline bf510d8f2becd4c023fe04a7df8b8dd1681e1d11
internal/server/sasl_cbinding_wire_test.go	b1400606c9d4af5d32cc72c03bb1eba83aa13c07f00d30e9ce6631eb901bbdf9	11948	immutable baseline bf510d8f2becd4c023fe04a7df8b8dd1681e1d11
internal/server/sasl_config.go	a6a7c964175fa6fdbb25b141e5432436e1079dc78f8a4f98d7391b7dcb421203	5999	immutable baseline bf510d8f2becd4c023fe04a7df8b8dd1681e1d11
internal/server/sasl_cram.go	c4d5d91461bf96d5e335923eb6c3a9acc8e813e15d42ccf984244fc75edd790e	3183	immutable baseline bf510d8f2becd4c023fe04a7df8b8dd1681e1d11
internal/server/sasl_cram_test.go	cf8eec53f906e1790b1ffc5d4d95bdb0d474664c13d42db74d3b9decbe889aff	9605	immutable baseline bf510d8f2becd4c023fe04a7df8b8dd1681e1d11
internal/server/sasl_credentials.go	e8976357cfffc704c755c7c587793c42f52911548ff17c93aca6bc89213fe4cc	2301	immutable baseline bf510d8f2becd4c023fe04a7df8b8dd1681e1d11
internal/server/sasl_digest.go	5bc5566e8deefb78d5fa055cf6f11a4d811a3084e718b38ceaa6c4f3d7334ea8	23180	immutable baseline bf510d8f2becd4c023fe04a7df8b8dd1681e1d11
internal/server/sasl_digest_security.go	f01454908d801fafaf5e677389c0e75dec7f5dd95f75bd26ff3448a7843f001d	23776	immutable baseline bf510d8f2becd4c023fe04a7df8b8dd1681e1d11
internal/server/sasl_digest_security_test.go	c93d161d65b8195f16e689bb83bd337cef2f58fd17a42bd499191f2f2aee9f4f	19352	immutable baseline bf510d8f2becd4c023fe04a7df8b8dd1681e1d11
internal/server/sasl_digest_test.go	085502a68e6ce00d3c202d23b8eaff406f79614a8682d590f9853da0148f09cd	20805	immutable baseline bf510d8f2becd4c023fe04a7df8b8dd1681e1d11
internal/server/sasl_external_test.go	41914d8ff63251f3bc667d435b54182e7e62ee72315b38a860441bddde0e127a	10255	immutable baseline bf510d8f2becd4c023fe04a7df8b8dd1681e1d11
internal/server/sasl_gssapi.go	f2ca1c6fdc1f73f37f7143bfa1f26dc4b68338502374bb66caa0b2526860012a	8772	immutable baseline bf510d8f2becd4c023fe04a7df8b8dd1681e1d11
internal/server/sasl_identity.go	b5af31aa1a0245d54262fc38418cf9c85ceae97bb925a4878481c8d6ce92752e	6095	immutable baseline bf510d8f2becd4c023fe04a7df8b8dd1681e1d11
internal/server/sasl_plain_ppolicy_reference_test.go	7296a38bbc28ba99d10065b93542007f8e23eac7de0327d797a17dc3aab1fc03	8619	immutable baseline bf510d8f2becd4c023fe04a7df8b8dd1681e1d11
internal/server/sasl_plain_test.go	d4b834d71ef8dcda76554c4c9b993a84417ecfef1769984145bf238669dd4934	16213	immutable baseline bf510d8f2becd4c023fe04a7df8b8dd1681e1d11
internal/server/sasl_protocol_version_test.go	3cfd7da81cea9f3f48c9519d9e3d382fdfc3807855c4f8a9d3531a384116f03b	2587	immutable baseline bf510d8f2becd4c023fe04a7df8b8dd1681e1d11
internal/server/sasl_scram.go	a0e0c277d40353c7ea0fba4ceef529a30fd83cfa6296d90ed549e5e91ea487aa	10418	immutable baseline bf510d8f2becd4c023fe04a7df8b8dd1681e1d11
internal/server/sasl_scram_plus_test.go	391112b961578fd9cf084dbee22483b396dba20bc27074bfae53d9474818b228	17677	immutable baseline bf510d8f2becd4c023fe04a7df8b8dd1681e1d11
internal/server/sasl_scram_test.go	69f78a59f262652a229c9e1ed03f29b145dbd46a46bdbd690836bf575b0d3b34	13112	immutable baseline bf510d8f2becd4c023fe04a7df8b8dd1681e1d11
internal/server/sasl_security_review_test.go	bf270a427cada679df648c0856fccde9983da60fa7c93de4c9f155b98c7f2a97	5333	immutable baseline bf510d8f2becd4c023fe04a7df8b8dd1681e1d11
internal/server/sasl_session.go	60be197732cbffbc5cd3f25d64581e67d8bd500816ff44156979c2057fd33cbf	973	immutable baseline bf510d8f2becd4c023fe04a7df8b8dd1681e1d11
internal/server/schema_attribute_auth_test.go	6d861bf4f3a64ef6e522d40882c20943f72cca75c9255eeef634ef7eaf97ad61	3313	immutable baseline bf510d8f2becd4c023fe04a7df8b8dd1681e1d11
internal/server/search.go	3070f2e60dc7c82189f7d3819cb486c26269a7fd127e15b41b1bc6e157d816cb	106702	immutable baseline bf510d8f2becd4c023fe04a7df8b8dd1681e1d11
internal/server/search_base_candidate_test.go	7a5ed41591f2f702fbdae5f877707cc721662052da8ed51a30ebf2326f1d31f9	2226	immutable baseline bf510d8f2becd4c023fe04a7df8b8dd1681e1d11
internal/server/search_cache_dispatch.go	42f582f2263f68888989946f522a0af0f135a5327c00dffff355142600c10921	2417	immutable baseline bf510d8f2becd4c023fe04a7df8b8dd1681e1d11
internal/server/search_metadata_test.go	819e6a38ddd45e161101110ee014334174d1eff04811de136a2977e3711e532c	2708	immutable baseline bf510d8f2becd4c023fe04a7df8b8dd1681e1d11
internal/server/search_optimization_test.go	9ad38528d1738b32b8f4b01f2c1b454d244ac246b5605e7e1c1562b76d404abf	3441	immutable baseline bf510d8f2becd4c023fe04a7df8b8dd1681e1d11
internal/server/search_projection_guard_test.go	53f9e2a7df4261c485329171edbb6a2df407f7c48935f701b276c5d4d0def5dd	2710	immutable baseline bf510d8f2becd4c023fe04a7df8b8dd1681e1d11
internal/server/search_readonly_nonroot_test.go	4a8698bac5d0b72f28ebd5bd961b7cf8844b7f770eebd3b9a9a9c806baf4867e	22598	immutable baseline bf510d8f2becd4c023fe04a7df8b8dd1681e1d11
internal/server/search_response_selection_test.go	0339e41bf853c9ee575bb12fdcde03a415ee6f30617125c2497e8dbf4994180f	2056	immutable baseline bf510d8f2becd4c023fe04a7df8b8dd1681e1d11
internal/server/search_result_cache.go	ceec9464dd07cb721fdba8fe841fa7a9aef428b618996548035da88da5070bb1	7516	immutable baseline bf510d8f2becd4c023fe04a7df8b8dd1681e1d11
internal/server/search_result_cache_test.go	32eec908edcbe49bd58bdaf0e15a887d99d9cfa13c4982101ddb98ffb7fcfc9a	13049	immutable baseline bf510d8f2becd4c023fe04a7df8b8dd1681e1d11
internal/server/search_small_indexed.go	2d9627162eddcaa9fef6925534fbad746215577b07ca3b9ff924d0a0f0fc844d	8162	immutable baseline bf510d8f2becd4c023fe04a7df8b8dd1681e1d11
internal/server/search_small_indexed_test.go	3483996ab59635ef41e1591d5a6f0df71b387cc8f02dd5ef2d3315e5b70d0fd7	38406	immutable baseline bf510d8f2becd4c023fe04a7df8b8dd1681e1d11
internal/server/search_small_nonroot.go	bcc6c29ec0b13d1ef3aa4d03f8a2c17d5a7e36a7563ca7454a19a92a056d5d67	8253	immutable baseline bf510d8f2becd4c023fe04a7df8b8dd1681e1d11
internal/server/search_small_nonroot_test.go	c0da11377fab2145b4b3931670aff9c3e73362da27ab79b9b52d1c5cc5a0ade0	56369	immutable baseline bf510d8f2becd4c023fe04a7df8b8dd1681e1d11
internal/server/search_substring_scan_test.go	fbf9f84835e26d18dc46962c7d76cc0f8d6c099044bcabac839ddeba66947494	2264	immutable baseline bf510d8f2becd4c023fe04a7df8b8dd1681e1d11
internal/server/security_requirements.go	1b46d3758c604b602955cd1119dde6b26ed7e1f5bd55577713c9aed33afdad2f	23776	immutable baseline bf510d8f2becd4c023fe04a7df8b8dd1681e1d11
internal/server/security_requirements_test.go	ff2952d9774defeb4c4d51f02d57d16ec7e0e91a854b2e8cf721de7673f287cd	21223	immutable baseline bf510d8f2becd4c023fe04a7df8b8dd1681e1d11
internal/server/seqmod.go	6f295145f0b8ba27d6311952ba446b14510fbef47e182b6bcadc7dabbbeda8c8	9373	immutable baseline bf510d8f2becd4c023fe04a7df8b8dd1681e1d11
internal/server/seqmod_integration_test.go	ae850ecc15d4d7d9b5ea3d9494af200590d032d5b3332887f60322d5841ada69	27849	immutable baseline bf510d8f2becd4c023fe04a7df8b8dd1681e1d11
internal/server/seqmod_test.go	e92495f1056c6f25edafdc64aad7b19950ac8f30e5c6ab35fc6f74de08d28e25	3836	immutable baseline bf510d8f2becd4c023fe04a7df8b8dd1681e1d11
internal/server/server.go	4d7f31a5b2bcb441a71ae12b20ace5a8e48c9b18c8c1ec15e65f9324b51f6c04	84532	baseline + source/tracked.patch.txt
internal/server/server_id.go	0b82b2e9f81e9e4591f2d8f3ea27769274b2ccf5fe4efca8a87ff5dd44749639	5332	immutable baseline bf510d8f2becd4c023fe04a7df8b8dd1681e1d11
internal/server/server_id_test.go	3b3d332776c8ad90ef8fca297d8fa8d1ba63b87585944682934e221f9f25059f	8412	immutable baseline bf510d8f2becd4c023fe04a7df8b8dd1681e1d11
internal/server/server_test.go	cbb8c98891ef380fe4755a4c3b9a3a790d1a424e2b4badaa899d51ba0d49707c	80319	immutable baseline bf510d8f2becd4c023fe04a7df8b8dd1681e1d11
internal/server/session_tracking.go	12932fc91e6c0c74188b9a8977ae691f2c5fc13dbfe0426a77fb0e6864a6d37d	5115	immutable baseline bf510d8f2becd4c023fe04a7df8b8dd1681e1d11
internal/server/session_tracking_test.go	da4c1d6b88dc0b40b1592d32c0a4a479d1ac3f841d86c2bf70fae98287d54e20	12049	immutable baseline bf510d8f2becd4c023fe04a7df8b8dd1681e1d11
internal/server/shadow.go	9a0b24e3e935b3e497100022221226e16d3e68d502050ad308f9c30484e4a295	5061	immutable baseline bf510d8f2becd4c023fe04a7df8b8dd1681e1d11
internal/server/shadow_test.go	7109d94cde9b5513032ff746958cf00206e6aa15d0797cc24dff8b9d532b698d	9267	immutable baseline bf510d8f2becd4c023fe04a7df8b8dd1681e1d11
internal/server/shutdown_test.go	ded8985848289dd82834838f236c9563ecc9bc11c5cf73ba2c77768cb07844b2	6404	immutable baseline bf510d8f2becd4c023fe04a7df8b8dd1681e1d11
internal/server/sock_backend.go	774238b4c803e0e9528689f2e68d6ad779eebaf3adb672e09c84d14a49dd5345	21714	immutable baseline bf510d8f2becd4c023fe04a7df8b8dd1681e1d11
internal/server/sock_backend_frontend.go	f13c025b6e099aa9cda78764b6c51b34a11a26d9ce81cdbc8a0a2c38f1419433	16585	immutable baseline bf510d8f2becd4c023fe04a7df8b8dd1681e1d11
internal/server/sock_backend_frontend_test.go	2eabac401c5b994bbeafd3b5e5b5b49ae1f48cbb25a3b12747b87071a7445ec2	10532	immutable baseline bf510d8f2becd4c023fe04a7df8b8dd1681e1d11
internal/server/sock_backend_runtime_test.go	755ca2205f2d09397536c507d8521a3b829370a131912b8f782220bbb9354e4f	20545	immutable baseline bf510d8f2becd4c023fe04a7df8b8dd1681e1d11
internal/server/sock_backend_test.go	e0cbf119448b535ab8705ac7e57b41c1bc3bbd95cc80ea8692a8cb1d23a9d06d	10528	immutable baseline bf510d8f2becd4c023fe04a7df8b8dd1681e1d11
internal/server/sock_overlay.go	c11eb62c8f31b19ac77fd4ded9bcae340aa78b50825e81782fc89ee6fc4805e8	23385	immutable baseline bf510d8f2becd4c023fe04a7df8b8dd1681e1d11
internal/server/sock_overlay_runtime_test.go	425e9c6bd3b01a4b5b3bc2a93a1e0a0015c8b5a3299081be5744b0914b640291	17587	immutable baseline bf510d8f2becd4c023fe04a7df8b8dd1681e1d11
internal/server/sock_protocol.go	022ad923c58e4adc209929f19084f09d304a80f1f1dd0852b76d1e1d7ac807f8	44372	immutable baseline bf510d8f2becd4c023fe04a7df8b8dd1681e1d11
internal/server/sock_protocol_test.go	a583b33e10d3861e0d978f6d99e68995a81f81646a94d398a2100a2e4065afad	27668	immutable baseline bf510d8f2becd4c023fe04a7df8b8dd1681e1d11
internal/server/sock_streaming_test.go	eb62728c5dbb86472a8a7894af8624ad29432ef850147eff78912f2148d499a8	14037	immutable baseline bf510d8f2becd4c023fe04a7df8b8dd1681e1d11
internal/server/sock_transaction_control_test.go	eb8782f530e61f9a5d6e8a3cf8715245db49dfb5822640688604c6fd65327887	8434	immutable baseline bf510d8f2becd4c023fe04a7df8b8dd1681e1d11
internal/server/sort.go	6392c7c04d3e82ef16ae1d3c64434f1959689a9a47a285b0d4f387c485ce9c00	10060	immutable baseline bf510d8f2becd4c023fe04a7df8b8dd1681e1d11
internal/server/sort_test.go	0cc2974789f4642fa1b6b965c8b905b9f4acfa99e214cb335abdc3e34628b8e4	29574	immutable baseline bf510d8f2becd4c023fe04a7df8b8dd1681e1d11
internal/server/sql_backend.go	464eba9fd3492eebd2a85eaa85c5a9b59be14d6f4f4c17c054aa7bdac926deb2	53591	immutable baseline bf510d8f2becd4c023fe04a7df8b8dd1681e1d11
internal/server/sql_backend_collective_test.go	0193d5e6360988cd4fbd77387b0be9e32474e57920d8630774acffec345991e2	7942	immutable baseline bf510d8f2becd4c023fe04a7df8b8dd1681e1d11
internal/server/sql_backend_directives.go	92fcf663e9876346a6c126ef3ade149d15096e565312192a6476538c386163ba	8287	immutable baseline bf510d8f2becd4c023fe04a7df8b8dd1681e1d11
internal/server/sql_backend_directives_test.go	cf86839e8f9a25fff0fa7781689d069cd29c8ab76701d17dc69373de8691321d	19708	immutable baseline bf510d8f2becd4c023fe04a7df8b8dd1681e1d11
internal/server/sql_backend_dn_match_source_test.go	b2a4b263bb6042e0028ed426012cee259ccfc8071243af07e344e9e79c2f342a	14927	immutable baseline bf510d8f2becd4c023fe04a7df8b8dd1681e1d11
internal/server/sql_backend_dn_match_test.go	1c46730b6bf52a25dd33a281afcff15924372816eeaee833d175350c9d553a0c	6143	immutable baseline bf510d8f2becd4c023fe04a7df8b8dd1681e1d11
internal/server/sql_backend_has_subordinates_test.go	786df32d315b83cd8dd703da3aa45f5096f60a7fe035b667d5814fc43e2d9bd9	8703	immutable baseline bf510d8f2becd4c023fe04a7df8b8dd1681e1d11
internal/server/sql_backend_modifydn_failure_test.go	f9a5df7d0af042f6affa9e1753ccadc63904216cb785a40dd0e4caac81a8e081	25241	immutable baseline bf510d8f2becd4c023fe04a7df8b8dd1681e1d11
internal/server/sql_backend_odbc.go	74af8f7414f1bebd50d08427c9c39a4c4151069fedb2d2d2d5c769f0f06797de	8050	immutable baseline bf510d8f2becd4c023fe04a7df8b8dd1681e1d11
internal/server/sql_backend_odbc_errors.go	f5b789540477ec8830a1ede5748a26dc35012ff6b73d3885573e384ad3ff1984	1195	immutable baseline bf510d8f2becd4c023fe04a7df8b8dd1681e1d11
internal/server/sql_backend_odbc_errors_freebsd.go	dab31d3bc03d246db5ce7d8a771653dd7922bb5909198fdf8a1e778495fbe81c	193	immutable baseline bf510d8f2becd4c023fe04a7df8b8dd1681e1d11
internal/server/sql_backend_odbc_freebsd.go	ab4d5153c2a56ac1ebd7e41273cf506ef1f0a1bdd31972706a7531d869efe8ce	234	immutable baseline bf510d8f2becd4c023fe04a7df8b8dd1681e1d11
internal/server/sql_backend_odbc_test.go	d10f291bbc76d0f21dc203a04fe48165b5764f6b78c7fec8c713695d0b8afe58	3852	immutable baseline bf510d8f2becd4c023fe04a7df8b8dd1681e1d11
internal/server/sql_backend_query_planner.go	265fb0885286708c721de6f569d01cafe2cacab53da0f3d2917935a73fcaa62a	16280	immutable baseline bf510d8f2becd4c023fe04a7df8b8dd1681e1d11
internal/server/sql_backend_query_planner_test.go	507a47f16ee9f4a218cdcb0ff368776476b2a547b68f01e73c355ea836e0a55e	14497	immutable baseline bf510d8f2becd4c023fe04a7df8b8dd1681e1d11
internal/server/sql_backend_schema_dn_test.go	e6b57d34378a092e8c13c53f05359e5639aab2d745030ee7b18e1d1b7f38c65a	13505	immutable baseline bf510d8f2becd4c023fe04a7df8b8dd1681e1d11
internal/server/sql_backend_test.go	68a82ad7b8bfed9ac17712c42d37c1ef7c2e50e7365bcaa61e8871c172faa118	41470	immutable baseline bf510d8f2becd4c023fe04a7df8b8dd1681e1d11
internal/server/sql_backend_transaction.go	918476786010320de4fa8fc09aaf0d9e046f86d63ba6ee342b7c507d8c4517e8	43669	immutable baseline bf510d8f2becd4c023fe04a7df8b8dd1681e1d11
internal/server/sql_backend_write_schema_dn_test.go	2ceefd38b943fdb1b3c54f20c1098702e2989730aff3c18e014b7fbc458ef1be	19362	immutable baseline bf510d8f2becd4c023fe04a7df8b8dd1681e1d11
internal/server/sql_backend_write_test.go	b74cff7f84a086d2d83c25d71ccca620fa3e7c7b3bf28232a3fd4580ddc15e9b	43362	immutable baseline bf510d8f2becd4c023fe04a7df8b8dd1681e1d11
internal/server/ssha_bind_test.go	34711c785aa8d7637b42723bcc1f8e6371b0c90de4f041abd9ba58a3c6d93cb2	2278	immutable baseline bf510d8f2becd4c023fe04a7df8b8dd1681e1d11
internal/server/sssvlv_limits_test.go	eb5cdff49cc129a288b12b99c721947332e8041fc5b84de5d1c20bec4c796831	8140	immutable baseline bf510d8f2becd4c023fe04a7df8b8dd1681e1d11
internal/server/starttls_outstanding_test.go	74b45ce9a59cb02375f07780d549a1e7619c610d3b9f310129f56237165250ec	1698	immutable baseline bf510d8f2becd4c023fe04a7df8b8dd1681e1d11
internal/server/structure_rule_test.go	c7d6fb9a2f05703fe8bb02263f736914e1830d7739c5866852f48d81b4a7dfe5	6671	immutable baseline bf510d8f2becd4c023fe04a7df8b8dd1681e1d11
internal/server/subentries_test.go	3737f68ba3f4819dc9abb8620659a03071eab169982e6a3fc7e5c51849ea2850	11854	immutable baseline bf510d8f2becd4c023fe04a7df8b8dd1681e1d11
internal/server/sync_checkpoint_test.go	297e8e3bed18eb237891e42b6fa083b33f4160d757e37b513a15e383941cc500	4570	immutable baseline bf510d8f2becd4c023fe04a7df8b8dd1681e1d11
internal/server/sync_glue_test.go	aa3cc0a4ed8c4049b25544ba3bd80207db166381bbc6bbf1e1c0cf2b64d7d11c	14196	immutable baseline bf510d8f2becd4c023fe04a7df8b8dd1681e1d11
internal/server/sync_search.go	811574bd13ff71951958222200019a1d0a1c554e6ebb5dfef4b25b60a1790376	28056	immutable baseline bf510d8f2becd4c023fe04a7df8b8dd1681e1d11
internal/server/sync_sessionlog_test.go	10f7aa1f6388be1a52afc1c7b908735b8bace6df29d5b3f819cede13da587f78	13677	immutable baseline bf510d8f2becd4c023fe04a7df8b8dd1681e1d11
internal/server/sync_sort_vlv_test.go	9082371e315742e71f213c3887b665b48a933d4b9ecc5474845c3b8ae83ad784	11722	immutable baseline bf510d8f2becd4c023fe04a7df8b8dd1681e1d11
internal/server/sync_state.go	f3285962063228d70ac6d29c1ce0dafaa62f60fe8c9740ae8b140d5157ee569d	30615	immutable baseline bf510d8f2becd4c023fe04a7df8b8dd1681e1d11
internal/server/sync_test.go	39911014d4ef61abe66ec5033b44610a49b70a38fc461d83be7c8a8ccc653493	35473	immutable baseline bf510d8f2becd4c023fe04a7df8b8dd1681e1d11
internal/server/syncrepl_accesslog.go	69581216ad1a31335bcdc92372255845cda8078ed4dc3b7751ff69460dd0a779	60192	immutable baseline bf510d8f2becd4c023fe04a7df8b8dd1681e1d11
internal/server/syncrepl_accesslog_cascade_test.go	7d97aa3755176160a7a1e2b1865cf5cbb0e9b3b72210d6cf579b2fd869238933	32698	immutable baseline bf510d8f2becd4c023fe04a7df8b8dd1681e1d11
internal/server/syncrepl_accesslog_increment_openldap_test.go	a04abe60c5a7a640afc840092f684a6a298256773b693653c35fc8afb7580231	17178	immutable baseline bf510d8f2becd4c023fe04a7df8b8dd1681e1d11
internal/server/syncrepl_accesslog_increment_test.go	4ff7bd35d8845fa4aaea7b02e993e6328280b2723391a12e1c93d7fc90d1cbe1	11462	immutable baseline bf510d8f2becd4c023fe04a7df8b8dd1681e1d11
internal/server/syncrepl_accesslog_test.go	a4b8c8b124f10bdf8f3c9ed4f3087ea4a55fb6ae0265462221aa16bd99898ce8	17734	immutable baseline bf510d8f2becd4c023fe04a7df8b8dd1681e1d11
internal/server/syncrepl_changelog.go	5ee8868bb363ed478b4a2bc0ca9b611d8a90eb1bcb1bbb0acb4f12b10852053d	23436	immutable baseline bf510d8f2becd4c023fe04a7df8b8dd1681e1d11
internal/server/syncrepl_changelog_test.go	ecddd4e7b49d6bcdff07ac6d40bfa9475ea87592d373a62cc3a01400d059619a	26927	immutable baseline bf510d8f2becd4c023fe04a7df8b8dd1681e1d11
internal/server/syncrepl_config.go	3f82dabe8af1cb0849a978a7226b3a99beaaafef0dab57f5e4e4c007ea85fc33	26263	immutable baseline bf510d8f2becd4c023fe04a7df8b8dd1681e1d11
internal/server/syncrepl_config_test.go	62bbd526be70f2bee982ccd463809327a1328a3e927e4b7010a549ad58f6b787	13073	immutable baseline bf510d8f2becd4c023fe04a7df8b8dd1681e1d11
internal/server/syncrepl_consumer.go	96cb6e52b32ccf222e7d5615cb16eafac6805f4dc1f748d212105d6b868a6f8a	40824	immutable baseline bf510d8f2becd4c023fe04a7df8b8dd1681e1d11
internal/server/syncrepl_consumer_test.go	b0f68f12b960bde24c083a93322c316cd90b8f16b058314dbf5289eb93a8f82c	48540	immutable baseline bf510d8f2becd4c023fe04a7df8b8dd1681e1d11
internal/server/syncrepl_delta_bootstrap_test.go	f952af97419297689bfa2b5b4c1e75baecd07692062e252792ad8d4fd22f1f74	15850	immutable baseline bf510d8f2becd4c023fe04a7df8b8dd1681e1d11
internal/server/syncrepl_delta_multiprovider_guard_test.go	9608595983ea0bc0a43dd8bd5db80b58ab3dce310226656277e35831bd3a5675	15277	immutable baseline bf510d8f2becd4c023fe04a7df8b8dd1681e1d11
internal/server/syncrepl_delta_multiprovider_test.go	e8933c2ccacb7240a95ed47f9c07324ae3feb3e47816648b5957419181ffc491	22558	immutable baseline bf510d8f2becd4c023fe04a7df8b8dd1681e1d11
internal/server/syncrepl_delta_topology_test.go	1133df39d2850762ce549754d341b4eea94ad050536222584488f7d38f3196b7	3985	immutable baseline bf510d8f2becd4c023fe04a7df8b8dd1681e1d11
internal/server/syncrepl_gssapi.go	935de269d36e9064fb278e9710748a55a440e7916aeb2be28d7acd0a83b978d3	8306	immutable baseline bf510d8f2becd4c023fe04a7df8b8dd1681e1d11
internal/server/syncrepl_gssapi_test.go	e3c5e7fbc7e7d8c61b89d7476e6f9957c70162c6652aa06052418249cf6716fe	7072	immutable baseline bf510d8f2becd4c023fe04a7df8b8dd1681e1d11
internal/server/syncrepl_ha_extended_test.go	8867b81c90f89a5c49e0da851b63c191443cfd22a9a491881d4bfb75d5c51617	10430	immutable baseline bf510d8f2becd4c023fe04a7df8b8dd1681e1d11
internal/server/syncrepl_ha_test.go	18904d7282e93be2c49232acc2675687e620c942489700b7bb17703d8cc8e1ca	13755	immutable baseline bf510d8f2becd4c023fe04a7df8b8dd1681e1d11
internal/server/syncrepl_health.go	b66c561e592cba9abe56f8a3b70c9a9556ff6560342808273e55bf077d885912	4695	immutable baseline bf510d8f2becd4c023fe04a7df8b8dd1681e1d11
internal/server/syncrepl_health_test.go	96b7af265b1be74a9c4968bde06ec163cc3d3682b696f120c5a026ee719d4b29	6072	immutable baseline bf510d8f2becd4c023fe04a7df8b8dd1681e1d11
internal/server/syncrepl_manager.go	2d02105db86d121f2d9a5d55f0e99cec25cdc5e40edb882fd13bb2a653a2707b	6021	immutable baseline bf510d8f2becd4c023fe04a7df8b8dd1681e1d11
internal/server/syncrepl_max_entry_size_test.go	0159e274defa42034e7f5de36249b5f9e582f6113e2d01b5899d8f3daf6c4511	15870	immutable baseline bf510d8f2becd4c023fe04a7df8b8dd1681e1d11
internal/server/syncrepl_response_conn.go	05ecd900c60092337e39e98b0c3b92db62f99d4a7258f8563ec79b06b60c5bfb	4659	immutable baseline bf510d8f2becd4c023fe04a7df8b8dd1681e1d11
internal/server/syncrepl_response_conn_test.go	aaff5d03ea6066ad5b7c7e8a1799aacdfa5b032d82e3f5efff858dcaf3df53a3	3122	immutable baseline bf510d8f2becd4c023fe04a7df8b8dd1681e1d11
internal/server/syncrepl_sasl.go	3f485478a5544544278816eaadd20a1f0f2dd822ad1f6899d4aee48a64200e3e	25370	immutable baseline bf510d8f2becd4c023fe04a7df8b8dd1681e1d11
internal/server/syncrepl_sasl_gssapi.go	06b1d0048e650757e16a8dd763a77ff24063586d6d081ae08faf63d014bfee84	1158	immutable baseline bf510d8f2becd4c023fe04a7df8b8dd1681e1d11
internal/server/syncrepl_sasl_gssapi_test.go	f4496ec10c119eab00b15d863c2fe93d005c20a79373b178a337578aea5f7be7	4305	immutable baseline bf510d8f2becd4c023fe04a7df8b8dd1681e1d11
internal/server/syncrepl_sasl_openldap_test.go	426c0472bea971bb75d272a95a174b42417884b1abbc73620b74f4613b280932	2880	immutable baseline bf510d8f2becd4c023fe04a7df8b8dd1681e1d11
internal/server/syncrepl_sasl_persistence_test.go	4828f844e9097f7df340f0a62d5eaeecbb169ece5fe17a540b4db98c8c31286d	3851	immutable baseline bf510d8f2becd4c023fe04a7df8b8dd1681e1d11
internal/server/syncrepl_sasl_scram.go	27da348e649ae9200bc78a3f5526b1912eafeab0afb6a4ec133af91df852c53d	5593	immutable baseline bf510d8f2becd4c023fe04a7df8b8dd1681e1d11
internal/server/syncrepl_sasl_scram_openldap_test.go	3216aaec9ed7b1427820d9011f9b16404451a2a7d0c2f1642e2f3573f9524628	3104	immutable baseline bf510d8f2becd4c023fe04a7df8b8dd1681e1d11
internal/server/syncrepl_sasl_scram_persistence_test.go	74480e01cf4213c67f92b28c4f9662cfff84549c4f5d0ca8aacd826c44a0fdd4	3327	immutable baseline bf510d8f2becd4c023fe04a7df8b8dd1681e1d11
internal/server/syncrepl_sasl_scram_test.go	1f402c08ede10667b4aacaaa0c156cfb909228128c2de5cfb70f1487efac5e46	17078	immutable baseline bf510d8f2becd4c023fe04a7df8b8dd1681e1d11
internal/server/syncrepl_sasl_security.go	4de0f2c839a4eca62dabe01be2d812bd84e1852ae790971c03d89b2d4bcf34bc	3576	immutable baseline bf510d8f2becd4c023fe04a7df8b8dd1681e1d11
internal/server/syncrepl_sasl_security_test.go	936f8a07b73996bed3cd3cfe0d6e731061306968a2e4370730113c5d9fb14e75	13491	immutable baseline bf510d8f2becd4c023fe04a7df8b8dd1681e1d11
internal/server/syncrepl_sasl_test.go	fe0a271262fa3ca4ab957014a4235f8123bf69027b3f2755d2cc8d0eb384c0cf	18335	immutable baseline bf510d8f2becd4c023fe04a7df8b8dd1681e1d11
internal/server/syncrepl_scram_validation_test.go	a23b22b063aaf5d63692e5b2fda2ddb986f6b2cd8a6ab5a06fcce48ad9045184	5928	immutable baseline bf510d8f2becd4c023fe04a7df8b8dd1681e1d11
internal/server/syncrepl_socket.go	f32a04ee63c18b2d64b57bffd1de422588030f262dd91acb745cda11a1d3d630	1145	immutable baseline bf510d8f2becd4c023fe04a7df8b8dd1681e1d11
internal/server/syncrepl_socket_linux.go	6230aae2502b69f3f830fd134909bf787c72cee9cb2e67c0d82324e9ec65d85c	479	immutable baseline bf510d8f2becd4c023fe04a7df8b8dd1681e1d11
internal/server/syncrepl_socket_other.go	6f60ce7ec8ce981c018f844e28455fd2583cc442a8eb635f211d05e7513d3f85	140	immutable baseline bf510d8f2becd4c023fe04a7df8b8dd1681e1d11
internal/server/syncrepl_subtree.go	b79e3a15e07f22f208d2b4c8335ceb258d44fa4fbc1a42d756a874355cb3f3ef	1504	immutable baseline bf510d8f2becd4c023fe04a7df8b8dd1681e1d11
internal/server/syncrepl_subtree_rename_openldap_test.go	a31876a954a65ab95a0590c80f2836cfc168e7990fe6585694cd1a764852b601	3006	immutable baseline bf510d8f2becd4c023fe04a7df8b8dd1681e1d11
internal/server/syncrepl_subtree_test.go	5294dda457f02b48a39e0c801b59d5879729514c8b4aebcd5b51449619635e9f	2190	immutable baseline bf510d8f2becd4c023fe04a7df8b8dd1681e1d11
internal/server/syncrepl_tlcp.go	351ee85f7e3625df049aed499a06dfcf3b4cf3e27298a393133395b5cd98ad06	15208	immutable baseline bf510d8f2becd4c023fe04a7df8b8dd1681e1d11
internal/server/syncrepl_tls.go	1875d435abac4dd60fc7fc1f2db1f174abfc0ea5a3d4bafb2eea0a0aa39f7cba	13002	immutable baseline bf510d8f2becd4c023fe04a7df8b8dd1681e1d11
internal/server/syncrepl_tls_test.go	4dbc91701ee343365c7874a954e096581ce170d5891e5713fea8999b555e5145	13693	immutable baseline bf510d8f2becd4c023fe04a7df8b8dd1681e1d11
internal/server/syncrepl_transport.go	3423426699049d1ab7a91c6e1473749b56585d2be5269d2b2f98905e281b86b1	17962	immutable baseline bf510d8f2becd4c023fe04a7df8b8dd1681e1d11
internal/server/syntax_publication_reference_test.go	10e7d34610110647a91827dcaa551c2813688dc3bbcd864806076f3351d38746	33194	immutable baseline bf510d8f2becd4c023fe04a7df8b8dd1681e1d11
internal/server/syntax_publication_test.go	801f443b5392fc69685cf006f45bd9b9205e599dc71b3d932b281f22ccfd03c2	3110	immutable baseline bf510d8f2becd4c023fe04a7df8b8dd1681e1d11
internal/server/tls_configuration.go	c7f2c3e1be4a4f73241465c8e85faa92a714b4505034dd213d9f0e81f40a4146	55158	immutable baseline bf510d8f2becd4c023fe04a7df8b8dd1681e1d11
internal/server/tls_configuration_extended_test.go	946d05518c041af3e56b0eac997aa1f15f9760def4d6dc69aa2ffe214d88d734	40681	immutable baseline bf510d8f2becd4c023fe04a7df8b8dd1681e1d11
internal/server/tls_configuration_legacy_directives_test.go	ffed6e0fe0465d237227a872054db25a63ce4c1fdc90501a06cd2e576baa72e1	14637	immutable baseline bf510d8f2becd4c023fe04a7df8b8dd1681e1d11
internal/server/tls_configuration_test.go	23e966c042e88a8771205c2c64e0ad245974ca76f6ee96db1f95a93e4667cc85	25681	immutable baseline bf510d8f2becd4c023fe04a7df8b8dd1681e1d11
internal/server/tls_reload_test.go	8d6b1b1c5f3c33198fdd27d9a777bdc168176bb59925c61b5148667485889dfe	16996	immutable baseline bf510d8f2becd4c023fe04a7df8b8dd1681e1d11
internal/server/tls_test.go	cf3add7645fd7bff262d2bad05a8094697a336f439a8094aea24b64cd8b71a9f	7001	immutable baseline bf510d8f2becd4c023fe04a7df8b8dd1681e1d11
internal/server/totp_password_overlay.go	4f5b02006a39452db4f845537bae51bd51044c41a38fdf0592b3c276107d3b01	4456	immutable baseline bf510d8f2becd4c023fe04a7df8b8dd1681e1d11
internal/server/totp_password_overlay_test.go	e05bb12d8dfcad4d701c8a0e88307bfaf7031745281ebaf9bd8848dc5bd8236d	26043	immutable baseline bf510d8f2becd4c023fe04a7df8b8dd1681e1d11
internal/server/transaction.go	b17d9ae0e3f62f97e5e31039be5376543d6560f6b5de08209ca2c76b68393b06	45407	immutable baseline bf510d8f2becd4c023fe04a7df8b8dd1681e1d11
internal/server/transaction_control_compat_test.go	a2775a5b4ff07e059f771a491c2a3e8ac3ba824679386c260e70c9e8f439d112	3673	immutable baseline bf510d8f2becd4c023fe04a7df8b8dd1681e1d11
internal/server/transaction_limits_test.go	d963e85aa8ac7efc313fb871d56c5c12a4a5ff9b24ab56687d05c34f510337d2	10145	immutable baseline bf510d8f2becd4c023fe04a7df8b8dd1681e1d11
internal/server/transaction_openldap_test.go	1534e333a8c9ff97c90ba2b1a77b800e05869fb7115d49064924dfddf57c2620	6038	immutable baseline bf510d8f2becd4c023fe04a7df8b8dd1681e1d11
internal/server/transaction_password_test.go	36b0c99f6c516a3f7b1e9c405cd96b2fe3c3980dd892b8b48983ab4a0581f036	5508	immutable baseline bf510d8f2becd4c023fe04a7df8b8dd1681e1d11
internal/server/transaction_test.go	cb42ce58a874fe75dcb6defc62898dec35c13730b749a3bb4b360088fd889010	29351	immutable baseline bf510d8f2becd4c023fe04a7df8b8dd1681e1d11
internal/server/translucent.go	de153d1ae38ac1f4936412e17af877f4c800631051127c2f02d4300d797debd8	13878	immutable baseline bf510d8f2becd4c023fe04a7df8b8dd1681e1d11
internal/server/translucent_filter.go	8431705dda7d4e866f8f36b4ff48cee325eb1c29367626bd1fd8ea1ea8ad3cdb	10278	immutable baseline bf510d8f2becd4c023fe04a7df8b8dd1681e1d11
internal/server/translucent_phase2_test.go	286e7f33721d9c0c4f1bfac06bd77d34c9d0e01d1699f8bc490a852517ea5d35	20410	immutable baseline bf510d8f2becd4c023fe04a7df8b8dd1681e1d11
internal/server/translucent_test.go	e4220040d3dda0c5fcede2fcc98304a5769ec8ee006b93a4ab775aa48d708162	15951	immutable baseline bf510d8f2becd4c023fe04a7df8b8dd1681e1d11
internal/server/translucent_write.go	ba0600d98f0c6ac5ef6bf5c2cb0234739f4c001fc1294b4952d8f2310b118609	22975	immutable baseline bf510d8f2becd4c023fe04a7df8b8dd1681e1d11
internal/server/transport.go	17829b539715fa397290b3480d266006d5a8cb21d41252e7d44d6ea72e670816	5980	immutable baseline bf510d8f2becd4c023fe04a7df8b8dd1681e1d11
internal/server/tree_delete.go	2dd5a61575083e27d209bd27d3954ca4bf7f53522d4c089ca977959b7b10b59b	2229	immutable baseline bf510d8f2becd4c023fe04a7df8b8dd1681e1d11
internal/server/tree_delete_test.go	413ce4809037abf2f4f40f1e7dfe89bd9c886866aba0b85f7f10da090e084424	10939	immutable baseline bf510d8f2becd4c023fe04a7df8b8dd1681e1d11
internal/server/unindexed_cache.go	3136ac8969dc24ef6e04ba3e40ceca48d1343fe31b929611b796b31a051a5c87	4294	immutable baseline bf510d8f2becd4c023fe04a7df8b8dd1681e1d11
internal/server/unindexed_cache_test.go	9c7bf9d7aa705df3bd26a4b38652e21f96aef67a26cb1293d88699151b51a4a4	3218	immutable baseline bf510d8f2becd4c023fe04a7df8b8dd1681e1d11
internal/server/unique.go	ecc08bd288f01f28e24dd07a39196957be65cf4ad6478b91dad1ba6dd32f6754	16691	immutable baseline bf510d8f2becd4c023fe04a7df8b8dd1681e1d11
internal/server/unique_integration_test.go	a0ea62ea119c5de306e8ed0b5c98981896d22ebbbe4eef8bc11ba1a483589cd9	11691	immutable baseline bf510d8f2becd4c023fe04a7df8b8dd1681e1d11
internal/server/unique_test.go	2646e0c730bc4f20473747d3976740a89274ea8a0b5a206c94f226bd3ca090af	9757	immutable baseline bf510d8f2becd4c023fe04a7df8b8dd1681e1d11
internal/server/update_response_cancel_test.go	0bf33e8d49c8800225f75f0b5545fbaba104278465f258cf4257c33a18c01ef1	3016	immutable baseline bf510d8f2becd4c023fe04a7df8b8dd1681e1d11
internal/server/valsort.go	a4808df72b2a0a896a44358df5c35ae0ec6f4e4e54e700356422871327a34fb4	12975	immutable baseline bf510d8f2becd4c023fe04a7df8b8dd1681e1d11
internal/server/valsort_integration_test.go	d5ada3386a70693d1d54491374ffc93cd92b89bd7eaf42139b413a20d7b4b553	10807	immutable baseline bf510d8f2becd4c023fe04a7df8b8dd1681e1d11
internal/server/valsort_test.go	1d031a72465e0f0481fed86beb7520a216099b8ba366229c588dc94bc28ec6cb	14473	immutable baseline bf510d8f2becd4c023fe04a7df8b8dd1681e1d11
internal/server/verify_credentials.go	ed9ef667455fbf562da8f471d4d016754fa48d7a4dba00757a71e16c61d2d2b6	6312	immutable baseline bf510d8f2becd4c023fe04a7df8b8dd1681e1d11
internal/server/verify_credentials_reference_test.go	d13e8d96111d568d113cc17b97130713cba995be08a7cf709de8df538100b920	27331	immutable baseline bf510d8f2becd4c023fe04a7df8b8dd1681e1d11
internal/server/verify_credentials_test.go	8d8fa5150daf63367a2056adbf6b3fef0c35f77f70cbde56fa709a93c3ce2586	10236	immutable baseline bf510d8f2becd4c023fe04a7df8b8dd1681e1d11
internal/server/vlv.go	b7df228a3686099c31c1fdb872a6847c452922e125a73d09e29ad49018e47d7c	14833	immutable baseline bf510d8f2becd4c023fe04a7df8b8dd1681e1d11
internal/server/vlv_test.go	c9ac8380321adfccb623af0df9952fc5b8f2b76d007be6278a926fc4010f9b39	26761	immutable baseline bf510d8f2becd4c023fe04a7df8b8dd1681e1d11
internal/server/whoami_test.go	38170d5ff706f500d14da76560f403414b8873b931eb5b93c271f562e2acfee9	2221	immutable baseline bf510d8f2becd4c023fe04a7df8b8dd1681e1d11
internal/server/write.go	30d9bccd0777bfa3477e4743da71531f123dcfaba87bdbff13be3d9a0d9e67ec	116148	immutable baseline bf510d8f2becd4c023fe04a7df8b8dd1681e1d11
internal/server/write_control_compat_test.go	2ba0fe50cc455e0a4963f54e664fa7794c3a867cea0a60c0038339f5ef74097e	7964	immutable baseline bf510d8f2becd4c023fe04a7df8b8dd1681e1d11
internal/server/write_modify_snapshot_test.go	c099178a8e359225b86761fe2b43251fcaa35052d8026fe0ea7fcc27e0956b9d	8626	immutable baseline bf510d8f2becd4c023fe04a7df8b8dd1681e1d11
internal/server/write_runtime_metadata_test.go	8174afac5b3f0c7ff007d8204578676e4602062439694bd9902f7c985636e0e6	2810	immutable baseline bf510d8f2becd4c023fe04a7df8b8dd1681e1d11
internal/storage/bolt.go	aab3c05ee610bbfddd0c2459d6fe1271e5ef7909ff9dd29e73c8b04841e21581	37578	immutable baseline bf510d8f2becd4c023fe04a7df8b8dd1681e1d11
internal/storage/bolt_durable_meta_other.go	286fddfa91bb0f1bd3f2ed2c9e894313710e9c477e3406c49498a963215e7ddc	146	immutable baseline bf510d8f2becd4c023fe04a7df8b8dd1681e1d11
internal/storage/bolt_durable_meta_unix.go	6b776850c4dee7d6fa079ec41aadc5d0b21e1c94c0705f1c13eacd178230cc60	319	immutable baseline bf510d8f2becd4c023fe04a7df8b8dd1681e1d11
internal/storage/bolt_legacy_scan_test.go	e55b9a23e7f4fb9309f1bbebe0edc4f9af8ebc9030758c76b8125755838e8fa3	4265	immutable baseline bf510d8f2becd4c023fe04a7df8b8dd1681e1d11
internal/storage/bolt_metadata_key_test.go	6692eb544ce203594de78d9fe3ba557921e1896680b4c1633c45d356ca3c3da5	3417	immutable baseline bf510d8f2becd4c023fe04a7df8b8dd1681e1d11
internal/storage/bolt_path_lock.go	d30ea2cd270f3099f619d6bae20400aea5f8bd0a79976526a748141f6440a767	2763	immutable baseline bf510d8f2becd4c023fe04a7df8b8dd1681e1d11
internal/storage/bolt_path_lock_fcntl.go	bb368ce17069322e5a17d439f08ba08715bc429c10e11ac8435eebc2caf9cfd6	670	immutable baseline bf510d8f2becd4c023fe04a7df8b8dd1681e1d11
internal/storage/bolt_path_lock_flock.go	2fa10072e0df08196eefef15ad14443897820aa7590d63cf23bbdc2b99060170	676	immutable baseline bf510d8f2becd4c023fe04a7df8b8dd1681e1d11
internal/storage/bolt_path_lock_windows.go	76d829efadb5eb15c31e91aa16d0f3d091ecef46f31dfc3628b5c882be2e9a3e	704	immutable baseline bf510d8f2becd4c023fe04a7df8b8dd1681e1d11
internal/storage/bolt_server_test.go	1ffe4fc9485cf78b7a47d4737f161e9eda699772e24977e45f46850b7482c496	5876	immutable baseline bf510d8f2becd4c023fe04a7df8b8dd1681e1d11
internal/storage/decoder_name_reuse_test.go	bedd7e37f8ce808e25c69ffa02096c8b67381d3ee41fe0af0d67b5e212593ad4	3119	immutable baseline bf510d8f2becd4c023fe04a7df8b8dd1681e1d11
internal/storage/delete_preflight.go	d797df138a423752fd9e4727e1acd7a11ce9b7aa83360a5c590dbde5e051a802	3606	immutable baseline bf510d8f2becd4c023fe04a7df8b8dd1681e1d11
internal/storage/delete_preflight_bench_test.go	c90906d95fa1f392d19d34e979384ff42d437c6e318d4d6b952cceb90f2f2b48	2901	immutable baseline bf510d8f2becd4c023fe04a7df8b8dd1681e1d11
internal/storage/delete_preflight_test.go	2602f4bcbe52b292ee0bc56d525ecdce6f9e47a35377c394a2d7c9a5bb05bd67	10887	immutable baseline bf510d8f2becd4c023fe04a7df8b8dd1681e1d11
internal/storage/dn_identity_direct_test.go	155bab016407a6c0016d28c6fb16cbb5616e7d22183182e73175b79c571de0b0	14580	immutable baseline bf510d8f2becd4c023fe04a7df8b8dd1681e1d11
internal/storage/dn_identity_legacy_upgrade_test.go	97e8ba3baef343b6dba8f7ddd70683647363b688ef704476522076f1be0bf6f0	22593	immutable baseline bf510d8f2becd4c023fe04a7df8b8dd1681e1d11
internal/storage/dn_identity_test.go	0ff0467af8bd9272cf137275bfb941983934d0d550274cc5465dd12cc35804bd	14269	immutable baseline bf510d8f2becd4c023fe04a7df8b8dd1681e1d11
internal/storage/doc.go	50770240216a537382bacaab4c04be8d87755c601a2a4163a00c37b6c874fbcd	93	immutable baseline bf510d8f2becd4c023fe04a7df8b8dd1681e1d11
internal/storage/entry_codec.go	543caa7d1b741354545ca67df43adcd2cf33bbc19665d45c572659a6345fd432	7005	immutable baseline bf510d8f2becd4c023fe04a7df8b8dd1681e1d11
internal/storage/entry_codec_descriptor_test.go	d3009ecf497566a41f20214e6c5a3ae02778d894bf2cca3dbae9dd3c551740a8	9871	immutable baseline bf510d8f2becd4c023fe04a7df8b8dd1681e1d11
internal/storage/entry_codec_short_bench_test.go	b4fd7ab237e07166f4d7e52a5753f7c4a90ad57cb18820fb6ce436f883c01b57	2561	immutable baseline bf510d8f2becd4c023fe04a7df8b8dd1681e1d11
internal/storage/entry_codec_short_test.go	d33f45a243112c1a63f342d174bb6d66fc3f8b9b799ef3737b41d4611820f575	8592	immutable baseline bf510d8f2becd4c023fe04a7df8b8dd1681e1d11
internal/storage/entry_codec_test.go	fbfb4047c89c39d5aac7b0f98c13ad7ec1c71943c4d849689872fff2a5922030	13630	immutable baseline bf510d8f2becd4c023fe04a7df8b8dd1681e1d11
internal/storage/entry_count.go	bb84748fd4d5a62465a65a3b736dfbe09dd08cfb8146fba5dab48fc885c44cc6	2393	immutable baseline bf510d8f2becd4c023fe04a7df8b8dd1681e1d11
internal/storage/entry_count_maintenance_test.go	0fe62b5f348d2b8f0325969c27a64825864cd183350606ed89a78f4586e5c2b4	5478	immutable baseline bf510d8f2becd4c023fe04a7df8b8dd1681e1d11
internal/storage/entry_count_test.go	fff35130c1c5e08085ddb9c64ee42d754010b3de7d587ba5da93baf324f61205	4404	immutable baseline bf510d8f2becd4c023fe04a7df8b8dd1681e1d11
internal/storage/entry_normalization.go	414cd1e7dbf9905d1fbd4830fbcffe57cff1bfbce1fb989c8d6824c439caa9be	1673	immutable baseline bf510d8f2becd4c023fe04a7df8b8dd1681e1d11
internal/storage/entry_normalization_test.go	e8e43ecb7e00094d214ff17f995a9624c4574a19d7e4ef7dba88c736eb9a4e04	1118	immutable baseline bf510d8f2becd4c023fe04a7df8b8dd1681e1d11
internal/storage/entry_validation.go	e42e3c6f4537c4c4c41e3377462f38625b90a878f5b8fa6c32a1601254816070	723	immutable baseline bf510d8f2becd4c023fe04a7df8b8dd1681e1d11
internal/storage/hierarchy.go	ed13cbf9dd7529570f5b340fd0c20cdd466db4f82be0688f2a1951831a2bc0e6	9443	immutable baseline bf510d8f2becd4c023fe04a7df8b8dd1681e1d11
internal/storage/hierarchy_bolt.go	1b4a8fd69778450071a29f21d08301224d9c47ce905dc8e80283dd8938ef5111	13150	immutable baseline bf510d8f2becd4c023fe04a7df8b8dd1681e1d11
internal/storage/hierarchy_repair_test.go	5771c81b64de3c6501921a46c009aa7399941134ea396149cb2ba15a0942da63	9686	immutable baseline bf510d8f2becd4c023fe04a7df8b8dd1681e1d11
internal/storage/hierarchy_test.go	8ca8f823f7079f0f84d6060b8065475ded45901cb51682b19f172d949ce4d3bf	14582	immutable baseline bf510d8f2becd4c023fe04a7df8b8dd1681e1d11
internal/storage/index.go	b946f1a360aac53228137dc405d36d5523fb95716c98a8d025ea6ad85336538f	43673	immutable baseline bf510d8f2becd4c023fe04a7df8b8dd1681e1d11
internal/storage/index_bolt.go	05fb2fbc93f00022775e2c2bcd79dded13910e85d633ac25fe51e02284c70b1e	20322	immutable baseline bf510d8f2becd4c023fe04a7df8b8dd1681e1d11
internal/storage/index_bolt_candidates.go	987260e5622ae9a10f23d0de96a3ffb553abb03343473f8073d17e07043075cc	5362	immutable baseline bf510d8f2becd4c023fe04a7df8b8dd1681e1d11
internal/storage/index_bolt_candidates_codec_test.go	2820f2b0a197552b2294c3b86c67bcc177656969312ae6758dbee2463202ea56	4497	immutable baseline bf510d8f2becd4c023fe04a7df8b8dd1681e1d11
internal/storage/index_bolt_candidates_cursor_test.go	4a449e774840c7dc027e008300ffd9189ec444e3c6dce513042204dd3aade7a3	6537	immutable baseline bf510d8f2becd4c023fe04a7df8b8dd1681e1d11
internal/storage/index_bolt_candidates_test.go	1fc2b0ec2ec77b595faa6f7c93032a6b17328aad286d95a9144a2a47cb50be90	23288	immutable baseline bf510d8f2becd4c023fe04a7df8b8dd1681e1d11
internal/storage/index_bolt_modify_reuse_test.go	36fe8325fa04985711d10ac2cc2bc933dda4094821add4241e1b3c02ad9bb1f5	11226	immutable baseline bf510d8f2becd4c023fe04a7df8b8dd1681e1d11
internal/storage/index_memory.go	9793b71fc57519a8b325732ee12b5d341f35169aa1282880154e29dee7e6edbc	11258	immutable baseline bf510d8f2becd4c023fe04a7df8b8dd1681e1d11
internal/storage/index_readonly_bounded.go	9704c5c73df5c61eedb1545226fb4ffb23e5f75d93484ecf1165728959776921	3751	immutable baseline bf510d8f2becd4c023fe04a7df8b8dd1681e1d11
internal/storage/index_readonly_bounded_borrow_test.go	8292e9503b8885d0f1d17bab0ba434d98b974045790cd364725f463427b53706	17249	immutable baseline bf510d8f2becd4c023fe04a7df8b8dd1681e1d11
internal/storage/index_readonly_bounded_test.go	29c50bdaab21ba502b332d25df1f515e92495ea8109191718da298263e8a5f5d	7477	immutable baseline bf510d8f2becd4c023fe04a7df8b8dd1681e1d11
internal/storage/index_readonly_candidates.go	02701923726a3632aa92abce297bd572644087e92ffc246cf4ce5ea5991e9346	6679	immutable baseline bf510d8f2becd4c023fe04a7df8b8dd1681e1d11
internal/storage/index_readonly_candidates_codec_test.go	604c13d358954c76f7ffee784ced2273f93ca446269294b43c7d460b45d5bbb6	7938	immutable baseline bf510d8f2becd4c023fe04a7df8b8dd1681e1d11
internal/storage/index_readonly_candidates_test.go	6cd7f4439bd7b004152879c70b790d81a4248cf81d35dc4e0cafcc9d86509dc8	11997	immutable baseline bf510d8f2becd4c023fe04a7df8b8dd1681e1d11
internal/storage/index_readonly_overflow_test.go	413916f9f04681206ec7f88eb3b6ebb97d88c35a009797014d8e927b409afbcd	10010	immutable baseline bf510d8f2becd4c023fe04a7df8b8dd1681e1d11
internal/storage/index_readonly_pool_test.go	7e81fc2218fae4a4ed41c0d3153427ad6dbf66505f5b84d73321e7d988b2a349	16991	immutable baseline bf510d8f2becd4c023fe04a7df8b8dd1681e1d11
internal/storage/index_readonly_small_bench_test.go	9d3f318972b46e555a9e70be0132b29b93fb09f02a0aaf94b43ec40041b70229	2167	immutable baseline bf510d8f2becd4c023fe04a7df8b8dd1681e1d11
internal/storage/index_readonly_small_fallback_test.go	f22d5ff79f0f0215776ce7faaa31c86bd619ce9f66d2b3f26c7f2e013f00b2ee	8304	immutable baseline bf510d8f2becd4c023fe04a7df8b8dd1681e1d11
internal/storage/index_readonly_small_test.go	8d389179dde61277170fc82de3a71a5fe39d4e1b3b6d18d55ebe45d1c231c899	12650	immutable baseline bf510d8f2becd4c023fe04a7df8b8dd1681e1d11
internal/storage/index_readonly_tiny_bench_test.go	9ac2c799e225b57eb9a2ff51cc44d402571c78592a4827cfef96e18ccbdb43ea	1241	immutable baseline bf510d8f2becd4c023fe04a7df8b8dd1681e1d11
internal/storage/index_test.go	be2237cd059815dc23d3486885f296af4130cbd26eb605c0e32d0dd7b8451ed5	26969	immutable baseline bf510d8f2becd4c023fe04a7df8b8dd1681e1d11
internal/storage/index_writer.go	5e4ab76e4a2e007d89b8300e05b9e21980fa3dc3cc386f7e2845c823c40b02ba	909	immutable baseline bf510d8f2becd4c023fe04a7df8b8dd1681e1d11
internal/storage/index_writer_test.go	84c8a320bf390a92422855151367fcd05446cc35412f8646f3d80dfe3d6ca5c4	11330	immutable baseline bf510d8f2becd4c023fe04a7df8b8dd1681e1d11
internal/storage/maintenance.go	186d7e92a9c0523d8a1179e638f15616f8b1117718fa87bc1b7d2c4e80982c19	30603	immutable baseline bf510d8f2becd4c023fe04a7df8b8dd1681e1d11
internal/storage/maintenance_online_test.go	597ebf34ae6befcc60028db4b803ca63b355b1c6523bd21e3059b79f0ea1ea1b	23759	immutable baseline bf510d8f2becd4c023fe04a7df8b8dd1681e1d11
internal/storage/maintenance_test.go	01636ba55b9357b920b487eefa0b4271c8ab7f95bffd9beb6c13894b91baadf7	15560	immutable baseline bf510d8f2becd4c023fe04a7df8b8dd1681e1d11
internal/storage/memory.go	4f29db54063ea003da25d26b407ef0e170cd72c6a86df5dd63af0224fb2d0c38	22657	immutable baseline bf510d8f2becd4c023fe04a7df8b8dd1681e1d11
internal/storage/naming_context_incremental.go	fd5ffef5ffb20541aaacad6a3a49e919a746ef6dff45203428b3ce75da0b2170	9801	immutable baseline bf510d8f2becd4c023fe04a7df8b8dd1681e1d11
internal/storage/naming_context_incremental_bench_test.go	c8a6e82e34cd396f4127d82bd9da8e2435f01eea60cc5037d207bc6229a83dd3	2492	immutable baseline bf510d8f2becd4c023fe04a7df8b8dd1681e1d11
internal/storage/naming_context_incremental_memory_test.go	6612d85867449a98f3495805a12b512e43e2b56a50894c811dd780d17abbecc5	6597	immutable baseline bf510d8f2becd4c023fe04a7df8b8dd1681e1d11
internal/storage/naming_context_incremental_test.go	a72951468b90a1eebbab59f3ad6bbdf36fe385b4a7da2f1fc640c8ba959d23a1	46279	immutable baseline bf510d8f2becd4c023fe04a7df8b8dd1681e1d11
internal/storage/naming_context_keys_test.go	8d6f78fc93db36b971c61417f17b11c2d14e0d3bdbd1a4e4b0b80a9bdac0ee5e	3921	immutable baseline bf510d8f2becd4c023fe04a7df8b8dd1681e1d11
internal/storage/naming_context_metadata.go	c915195d0c9bea2df55422865532b55a34781f28eb4b5c6c297d507710aa5d7c	4118	immutable baseline bf510d8f2becd4c023fe04a7df8b8dd1681e1d11
internal/storage/naming_context_metadata_test.go	a2dfbe4681824cde2a4f212c16e5db340d90064d31fa3bb24bd0d27174b55d0c	11097	immutable baseline bf510d8f2becd4c023fe04a7df8b8dd1681e1d11
internal/storage/naming_context_parsed_bench_test.go	65dac98a488dbce1dc2c526959b8de9f6eeff3f30d2c17cc826cf01fbfd24945	2409	immutable baseline bf510d8f2becd4c023fe04a7df8b8dd1681e1d11
internal/storage/naming_context_parsed_test.go	cea62b61245f430311c4a01fe1f628850d8b53a49829056c5b413c1208ebc107	7039	immutable baseline bf510d8f2becd4c023fe04a7df8b8dd1681e1d11
internal/storage/partition.go	b340a021888e1503f7043b2c501120ebe7183900abf49551810d5bc774813e6d	18218	immutable baseline bf510d8f2becd4c023fe04a7df8b8dd1681e1d11
internal/storage/partition_metadata.go	e89bdfbedd8528c0e8417afe42e4d3221695a207cd6b0987d2b741b9796cbd64	3613	immutable baseline bf510d8f2becd4c023fe04a7df8b8dd1681e1d11
internal/storage/partition_metadata_test.go	c265cb9870e17892a31650371d0d17c8c50df5af86891047e1c823cc5fbebabd	21257	immutable baseline bf510d8f2becd4c023fe04a7df8b8dd1681e1d11
internal/storage/partition_readonly.go	655b409569829c4c4e160636f70625573db56e90f96732c292d6c8c615e8b3ed	2784	immutable baseline bf510d8f2becd4c023fe04a7df8b8dd1681e1d11
internal/storage/partition_readonly_scope_test.go	f48c66a8e3924da209fbf5572202f6073d0b3be8acc228a1d3a93eac4951ced9	3917	immutable baseline bf510d8f2becd4c023fe04a7df8b8dd1681e1d11
internal/storage/partition_readonly_test.go	75499e49958c2b775d11b4b699fc57cd6816f11d5812aeb126daff06396c0c83	6322	immutable baseline bf510d8f2becd4c023fe04a7df8b8dd1681e1d11
internal/storage/storage.go	e64862140ecb556f484a8c642ea5f1bca48da2b41c3cda444a04b480d6388ecf	20061	immutable baseline bf510d8f2becd4c023fe04a7df8b8dd1681e1d11
internal/storage/storage_test.go	ebda26af81363c3c5f6c002e1ca2d1d54e7cf5f62984cff487b81518c16e1834	7674	immutable baseline bf510d8f2becd4c023fe04a7df8b8dd1681e1d11
internal/testutil/ldapdiff/doc.go	03289fa634389d1849a0d7aa8482b1169a2183847c4d3cc0a1d0e0e06be4fafc	104	immutable baseline bf510d8f2becd4c023fe04a7df8b8dd1681e1d11
internal/testutil/ldapdiff/ldapdiff.go	4719941ab506ab4372ea37a530e4f587bf47d1031470834bcb0c3b9fd48946ff	8534	immutable baseline bf510d8f2becd4c023fe04a7df8b8dd1681e1d11
internal/testutil/ldapdiff/ldapdiff_test.go	d5b78fd03b9fe494726a895883c3d990ebf2e9d17614e6fa5fc43df0b9ecf689	4673	immutable baseline bf510d8f2becd4c023fe04a7df8b8dd1681e1d11
internal/webadmin/api_test.go	7dbf0cbb128b12f4afd944d1bffad354019dffc443a194019d744d7cb6f39d07	22849	immutable baseline bf510d8f2becd4c023fe04a7df8b8dd1681e1d11
internal/webadmin/application.go	deb4b84f5346b171688c45cb86570563a4b5c33e0c78d1eeec28a236877a9fc7	23448	immutable baseline bf510d8f2becd4c023fe04a7df8b8dd1681e1d11
internal/webadmin/auth.go	70c87d726386c61f8894183a65c18f254db5f1cf78804238883c42079c328fec	7635	immutable baseline bf510d8f2becd4c023fe04a7df8b8dd1681e1d11
internal/webadmin/auth_test.go	e34bf10059203c34cc4cabda14dba8ade65f51c10e2b2001782a089668280a90	11999	immutable baseline bf510d8f2becd4c023fe04a7df8b8dd1681e1d11
internal/webadmin/binary.go	0dc7c2940a20efb1483e23c72ee5c55c09103e385ec94e0f7f58a97ca3961c75	11596	immutable baseline bf510d8f2becd4c023fe04a7df8b8dd1681e1d11
internal/webadmin/binary_test.go	df95ca7866175a89b075ee92660ff284fae12cb6c93578341839272cc1e2521b	16510	immutable baseline bf510d8f2becd4c023fe04a7df8b8dd1681e1d11
internal/webadmin/bulk.go	459fef2dde1b35c1f975e59aa1b511e4be913ff0edde42de9d43a62ac72d26ee	9465	immutable baseline bf510d8f2becd4c023fe04a7df8b8dd1681e1d11
internal/webadmin/bulk_test.go	c29128f4823620922ab9a853e007c143a675e99a4e3f2428cf2328e8523578a3	22560	immutable baseline bf510d8f2becd4c023fe04a7df8b8dd1681e1d11
internal/webadmin/capabilities.go	8e1c0b45a27c7b633e11febccd49ea64f1962366834303fa3cbee248cd855c7d	2273	immutable baseline bf510d8f2becd4c023fe04a7df8b8dd1681e1d11
internal/webadmin/capabilities_test.go	aa59b72bd7430621fc74680cc7434e6b648da1f0b274aec665db2d41d2bbbb78	7426	immutable baseline bf510d8f2becd4c023fe04a7df8b8dd1681e1d11
internal/webadmin/client.go	3e7ffe8abeb4fd53d35f6c3a332d1ad96c4b578f16eab388790dca254fa8ed14	3737	immutable baseline bf510d8f2becd4c023fe04a7df8b8dd1681e1d11
internal/webadmin/config.go	7366fe8cd66bad83fc595b21327fc47de64764b162f7d70c34e461218d9bfc46	8373	immutable baseline bf510d8f2becd4c023fe04a7df8b8dd1681e1d11
internal/webadmin/csv_import.go	528fc2b4910458ad297e305428ee5e051f9795b4aeec5fdd91072aed71965d28	12307	immutable baseline bf510d8f2becd4c023fe04a7df8b8dd1681e1d11
internal/webadmin/csv_import_test.go	b47fabcf8f88746db661912f35f19e311a6aa91f08ee639191c6a0d8437e5991	17949	immutable baseline bf510d8f2becd4c023fe04a7df8b8dd1681e1d11
internal/webadmin/data_export.go	912a06f6cb69e192812bbfb8692cdfdc1a9f15077c4f47ede85771dc2a309f68	9575	immutable baseline bf510d8f2becd4c023fe04a7df8b8dd1681e1d11
internal/webadmin/data_export_test.go	8768242292522af3b492a500e705947c626ed6a9f9505dadc0bfab337e81ea02	16757	immutable baseline bf510d8f2becd4c023fe04a7df8b8dd1681e1d11
internal/webadmin/doc.go	a56c59fb35b62c854d2d424aa1b975f04abcb7a88f5bf47ab721fe2101fe1d5d	94	immutable baseline bf510d8f2becd4c023fe04a7df8b8dd1681e1d11
internal/webadmin/entries.go	ed51cb477f4eb2001d91838c7b0ddc6dd32cdbc8ed1eb82453f139b1a9d1a58b	17122	immutable baseline bf510d8f2becd4c023fe04a7df8b8dd1681e1d11
internal/webadmin/groups.go	4b799440b7c5809c63e7b7a662e63eebe595b93a50c0de8a1ff823cb75565bbb	29304	immutable baseline bf510d8f2becd4c023fe04a7df8b8dd1681e1d11
internal/webadmin/groups_test.go	d1f6f4a24aaa9ea9a80d79285f5193548760abc0e7481699d753d879c5314e5b	44556	immutable baseline bf510d8f2becd4c023fe04a7df8b8dd1681e1d11
internal/webadmin/health.go	4831b3626d51c591f6aea5eff044fbb70edd55e65782b931d2bc869478db18e7	4514	immutable baseline bf510d8f2becd4c023fe04a7df8b8dd1681e1d11
internal/webadmin/health_test.go	4273446e8755b8d15495b797f8586cd99edf987d8b415d35a3685ec7e24b3914	2809	immutable baseline bf510d8f2becd4c023fe04a7df8b8dd1681e1d11
internal/webadmin/integration_test.go	ee9224e906ba1072610241f498832fd3018ec6213c86dddc6aad3b96795b2c24	5350	immutable baseline bf510d8f2becd4c023fe04a7df8b8dd1681e1d11
internal/webadmin/ldif.go	af81ebb5801785be0f8d3f68a05156af32aef6fda67d943ae5c7abddfdbf132b	32007	immutable baseline bf510d8f2becd4c023fe04a7df8b8dd1681e1d11
internal/webadmin/ldif_test.go	db8cf387a50d9c4551b4f46daf187ae887a4d532cc1e32718fec7614ffdd3c70	32663	immutable baseline bf510d8f2becd4c023fe04a7df8b8dd1681e1d11
internal/webadmin/password_hash.go	e4c1b061b36aa09737b0ea3dbab057974bb57fb4350ea3b4f15647bda12710b7	4457	immutable baseline bf510d8f2becd4c023fe04a7df8b8dd1681e1d11
internal/webadmin/password_hash_test.go	f882942bba70441a3ad7ff2dd2abf521f2dd9f85f79f29d709392a548cfe202c	15872	immutable baseline bf510d8f2becd4c023fe04a7df8b8dd1681e1d11
internal/webadmin/password_verify.go	0bfe306752c9a6fa9851b07a1f3e0303a969834b346b445f64678c8acc76a651	6177	immutable baseline bf510d8f2becd4c023fe04a7df8b8dd1681e1d11
internal/webadmin/password_verify_test.go	a80334e4dd441198f2eb1113b475a3da98ca9ffdffa7ca12d3bf611fda73efdd	20422	immutable baseline bf510d8f2becd4c023fe04a7df8b8dd1681e1d11
internal/webadmin/resource.go	57f4a81a7a2bc0f76bac85ef178064cde6439c59955cee23801e97d44c6c5cdb	4292	immutable baseline bf510d8f2becd4c023fe04a7df8b8dd1681e1d11
internal/webadmin/resource_test.go	c0da4db664acf6e586b178f59f53761364665861d31ee95133e258d80cf31c28	1908	immutable baseline bf510d8f2becd4c023fe04a7df8b8dd1681e1d11
internal/webadmin/static.go	6f11c19f1069360f2e86816a0de2d4f927d1630b7276b3b98c2a8a96b33030cc	827	immutable baseline bf510d8f2becd4c023fe04a7df8b8dd1681e1d11
internal/webadmin/static_test.go	f1f1ae513a3556c3050d7b65b0edc30b3fd65bb3fa7187ad56377702004d229d	14255	immutable baseline bf510d8f2becd4c023fe04a7df8b8dd1681e1d11
internal/webadmin/summaries.go	a2f56951b3fb925ef3c901184cf9662f77616104b7695f904d342d1d6606e315	5658	immutable baseline bf510d8f2becd4c023fe04a7df8b8dd1681e1d11
internal/webadmin/test_helpers_test.go	40b52b3ef3e7c27f91e75076879f6ef06a7890d01f501e990d39e62398ad8790	7685	immutable baseline bf510d8f2becd4c023fe04a7df8b8dd1681e1d11
internal/webadmin/validation.go	aca7539bc6873eb055ceb92fcaca229f688f3e13c3acc8a355cca2a95f104562	5439	immutable baseline bf510d8f2becd4c023fe04a7df8b8dd1681e1d11
internal/webadmin/write_result_handlers_test.go	c69cd893de3c37b76af2a03978a73a8b823a80b5cf8683b51559798ab3e81cf7	6968	immutable baseline bf510d8f2becd4c023fe04a7df8b8dd1681e1d11
third_party/xdg-go-scram/channel_binding.go	2e29ff946385f627e44fa3693e256babda133387dec897714cee4a02057373b0	4829	immutable baseline bf510d8f2becd4c023fe04a7df8b8dd1681e1d11
third_party/xdg-go-scram/client.go	a5fd571370b1a793cff1b0246c96f4370427360314029ab9514e85212c4ef3e8	6699	immutable baseline bf510d8f2becd4c023fe04a7df8b8dd1681e1d11
third_party/xdg-go-scram/client_conv.go	b88fb34e013aaea993b598d2768cf75599b191541e9966eb88d763e5970e50e8	5219	immutable baseline bf510d8f2becd4c023fe04a7df8b8dd1681e1d11
third_party/xdg-go-scram/common.go	eceb41a5e2b14e7ac73c1831e892f182b7cc43ccc7014da3027c6f042ee52f23	4726	immutable baseline bf510d8f2becd4c023fe04a7df8b8dd1681e1d11
third_party/xdg-go-scram/doc.go	160108a0e8201e103fb5ce9a1defdecdeaefe1ed71a99405e5e00ec3c2c54d71	2759	immutable baseline bf510d8f2becd4c023fe04a7df8b8dd1681e1d11
third_party/xdg-go-scram/go.mod	6f032e4589e3660c7438543f499166c4190de48dc486b15ac1dda0ae392f47fc	169	immutable baseline bf510d8f2becd4c023fe04a7df8b8dd1681e1d11
third_party/xdg-go-scram/go.sum	71c5744a3c7d41abcda53fdd608170187a391a2bc491874d0095fc1d432260ca	2855	immutable baseline bf510d8f2becd4c023fe04a7df8b8dd1681e1d11
third_party/xdg-go-scram/parse.go	b8af75eb98904368cb7bcfc4141ca29bc5fa53505b72902fe5fbbce4f6bd8f6f	4562	immutable baseline bf510d8f2becd4c023fe04a7df8b8dd1681e1d11
third_party/xdg-go-scram/pbkdf2_go124.go	65fd300fbdd8e7afddd2c2fb24b6ae54f7f03a1463b27c2c4ef0dd242d551c3a	516	immutable baseline bf510d8f2becd4c023fe04a7df8b8dd1681e1d11
third_party/xdg-go-scram/pbkdf2_legacy.go	5319d3527404d1fce6d69dc0d467f102a8e6e5758754e61ee0bd84a52cb89475	542	immutable baseline bf510d8f2becd4c023fe04a7df8b8dd1681e1d11
third_party/xdg-go-scram/scram.go	89f08172736e33b92dbe3df76b6946329c58f60b6d9e71371d70853f582b8bbe	3037	immutable baseline bf510d8f2becd4c023fe04a7df8b8dd1681e1d11
third_party/xdg-go-scram/server.go	6e321ed1e1ffbed6b19490a0b5593dd2b94327d9953c3847770770c3c7cb65d0	4100	immutable baseline bf510d8f2becd4c023fe04a7df8b8dd1681e1d11
third_party/xdg-go-scram/server_conv.go	ff9d5f86a63348037411e3078893837475403bb042b23e5b982cfd18fb808bcc	7556	immutable baseline bf510d8f2becd4c023fe04a7df8b8dd1681e1d11
