suite	access_mode	identity	variant	stage	method	members	endpoint	repeat	operations	total_ms	source
common	explicit	nonroot	hot	userBind	simple_bind_ssha	0	before	1	1000	88.235508	explicit-final/hot.json
common	explicit	nonroot	hot	userBind	simple_bind_ssha	0	current	1	1000	88.77645500000004	explicit-final/hot.json
common	explicit	nonroot	hot	userBind	simple_bind_ssha	0	openldap	1	1000	70.82328299999995	explicit-final/hot.json
common	explicit	nonroot	hot	userBind	simple_bind_ssha	0	before	2	1000	81.01191299999985	explicit-final/hot.json
common	explicit	nonroot	hot	userBind	simple_bind_ssha	0	current	2	1000	86.13615100000004	explicit-final/hot.json
common	explicit	nonroot	hot	userBind	simple_bind_ssha	0	openldap	2	1000	64.50562599999996	explicit-final/hot.json
common	explicit	nonroot	hot	userBind	simple_bind_ssha	0	before	3	1000	96.07417699999995	explicit-final/hot.json
common	explicit	nonroot	hot	userBind	simple_bind_ssha	0	current	3	1000	103.20169399999992	explicit-final/hot.json
common	explicit	nonroot	hot	userBind	simple_bind_ssha	0	openldap	3	1000	79.42655000000008	explicit-final/hot.json
common	explicit	nonroot	hot	userBind	simple_bind_ssha	0	before	4	1000	91.48040700000008	explicit-final/hot.json
common	explicit	nonroot	hot	userBind	simple_bind_ssha	0	current	4	1000	92.68540800000007	explicit-final/hot.json
common	explicit	nonroot	hot	userBind	simple_bind_ssha	0	openldap	4	1000	73.69917500000008	explicit-final/hot.json
common	explicit	nonroot	hot	userBind	simple_bind_ssha	0	before	5	1000	95.14278699999997	explicit-final/hot.json
common	explicit	nonroot	hot	userBind	simple_bind_ssha	0	current	5	1000	95.26763899999982	explicit-final/hot.json
common	explicit	nonroot	hot	userBind	simple_bind_ssha	0	openldap	5	1000	76.98732399999996	explicit-final/hot.json
common	explicit	nonroot	hot	userBind	simple_bind_ssha	0	before	6	1000	95.94298199999989	explicit-final/hot.json
common	explicit	nonroot	hot	userBind	simple_bind_ssha	0	current	6	1000	95.94052999999998	explicit-final/hot.json
common	explicit	nonroot	hot	userBind	simple_bind_ssha	0	openldap	6	1000	77.02549499999998	explicit-final/hot.json
common	explicit	nonroot	hot	userBind	simple_bind_ssha	0	before	7	1000	104.33464600000003	explicit-final/hot.json
common	explicit	nonroot	hot	userBind	simple_bind_ssha	0	current	7	1000	106.37075799999992	explicit-final/hot.json
common	explicit	nonroot	hot	userBind	simple_bind_ssha	0	openldap	7	1000	86.83468499999998	explicit-final/hot.json
common	explicit	nonroot	hot	userBind	simple_bind_plaintext	0	before	1	1000	103.00342599999993	explicit-final/hot.json
common	explicit	nonroot	hot	userBind	simple_bind_plaintext	0	current	1	1000	103.37072800000017	explicit-final/hot.json
common	explicit	nonroot	hot	userBind	simple_bind_plaintext	0	openldap	1	1000	82.56520300000005	explicit-final/hot.json
common	explicit	nonroot	hot	userBind	simple_bind_plaintext	0	before	2	1000	93.02169200000007	explicit-final/hot.json
common	explicit	nonroot	hot	userBind	simple_bind_plaintext	0	current	2	1000	92.61259099999985	explicit-final/hot.json
common	explicit	nonroot	hot	userBind	simple_bind_plaintext	0	openldap	2	1000	75.224687	explicit-final/hot.json
common	explicit	nonroot	hot	userBind	simple_bind_plaintext	0	before	3	1000	92.438119	explicit-final/hot.json
common	explicit	nonroot	hot	userBind	simple_bind_plaintext	0	current	3	1000	97.61870600000009	explicit-final/hot.json
common	explicit	nonroot	hot	userBind	simple_bind_plaintext	0	openldap	3	1000	76.054732	explicit-final/hot.json
common	explicit	nonroot	hot	userBind	simple_bind_plaintext	0	before	4	1000	93.68225499999983	explicit-final/hot.json
common	explicit	nonroot	hot	userBind	simple_bind_plaintext	0	current	4	1000	93.20757900000007	explicit-final/hot.json
common	explicit	nonroot	hot	userBind	simple_bind_plaintext	0	openldap	4	1000	76.6596189999999	explicit-final/hot.json
common	explicit	nonroot	hot	userBind	simple_bind_plaintext	0	before	5	1000	92.27020300000001	explicit-final/hot.json
common	explicit	nonroot	hot	userBind	simple_bind_plaintext	0	current	5	1000	91.89285899999999	explicit-final/hot.json
common	explicit	nonroot	hot	userBind	simple_bind_plaintext	0	openldap	5	1000	76.44932700000011	explicit-final/hot.json
common	explicit	nonroot	hot	userBind	simple_bind_plaintext	0	before	6	1000	94.15800700000005	explicit-final/hot.json
common	explicit	nonroot	hot	userBind	simple_bind_plaintext	0	current	6	1000	94.12300399999998	explicit-final/hot.json
common	explicit	nonroot	hot	userBind	simple_bind_plaintext	0	openldap	6	1000	76.68757399999994	explicit-final/hot.json
common	explicit	nonroot	hot	userBind	simple_bind_plaintext	0	before	7	1000	96.82645900000001	explicit-final/hot.json
common	explicit	nonroot	hot	userBind	simple_bind_plaintext	0	current	7	1000	98.27491000000002	explicit-final/hot.json
common	explicit	nonroot	hot	userBind	simple_bind_plaintext	0	openldap	7	1000	79.44258799999994	explicit-final/hot.json
common	explicit	nonroot	hot	userBindWrong	simple_bind_ssha	0	before	1	1000	91.02166300000016	explicit-final/hot.json
common	explicit	nonroot	hot	userBindWrong	simple_bind_ssha	0	current	1	1000	91.36179899999993	explicit-final/hot.json
common	explicit	nonroot	hot	userBindWrong	simple_bind_ssha	0	openldap	1	1000	74.86754499999991	explicit-final/hot.json
common	explicit	nonroot	hot	userBindWrong	simple_bind_ssha	0	before	2	1000	86.22350899999995	explicit-final/hot.json
common	explicit	nonroot	hot	userBindWrong	simple_bind_ssha	0	current	2	1000	87.2926139999999	explicit-final/hot.json
common	explicit	nonroot	hot	userBindWrong	simple_bind_ssha	0	openldap	2	1000	70.50323000000006	explicit-final/hot.json
common	explicit	nonroot	hot	userBindWrong	simple_bind_ssha	0	before	3	1000	93.36878299999988	explicit-final/hot.json
common	explicit	nonroot	hot	userBindWrong	simple_bind_ssha	0	current	3	1000	91.85699599999994	explicit-final/hot.json
common	explicit	nonroot	hot	userBindWrong	simple_bind_ssha	0	openldap	3	1000	74.09421299999998	explicit-final/hot.json
common	explicit	nonroot	hot	userBindWrong	simple_bind_ssha	0	before	4	1000	87.74666200000006	explicit-final/hot.json
common	explicit	nonroot	hot	userBindWrong	simple_bind_ssha	0	current	4	1000	89.68009699999993	explicit-final/hot.json
common	explicit	nonroot	hot	userBindWrong	simple_bind_ssha	0	openldap	4	1000	70.02868399999997	explicit-final/hot.json
common	explicit	nonroot	hot	userBindWrong	simple_bind_ssha	0	before	5	1000	93.19106999999998	explicit-final/hot.json
common	explicit	nonroot	hot	userBindWrong	simple_bind_ssha	0	current	5	1000	92.58837699999998	explicit-final/hot.json
common	explicit	nonroot	hot	userBindWrong	simple_bind_ssha	0	openldap	5	1000	74.23417299999987	explicit-final/hot.json
common	explicit	nonroot	hot	userBindWrong	simple_bind_ssha	0	before	6	1000	94.89706899999997	explicit-final/hot.json
common	explicit	nonroot	hot	userBindWrong	simple_bind_ssha	0	current	6	1000	94.66933900000002	explicit-final/hot.json
common	explicit	nonroot	hot	userBindWrong	simple_bind_ssha	0	openldap	6	1000	75.72188100000008	explicit-final/hot.json
common	explicit	nonroot	hot	userBindWrong	simple_bind_ssha	0	before	7	1000	93.86853899999997	explicit-final/hot.json
common	explicit	nonroot	hot	userBindWrong	simple_bind_ssha	0	current	7	1000	94.69534900000009	explicit-final/hot.json
common	explicit	nonroot	hot	userBindWrong	simple_bind_ssha	0	openldap	7	1000	74.45884800000002	explicit-final/hot.json
common	explicit	nonroot	hot	userBindWrong	simple_bind_plaintext	0	before	1	1000	88.50641800000008	explicit-final/hot.json
common	explicit	nonroot	hot	userBindWrong	simple_bind_plaintext	0	current	1	1000	88.42879400000001	explicit-final/hot.json
common	explicit	nonroot	hot	userBindWrong	simple_bind_plaintext	0	openldap	1	1000	70.85299500000002	explicit-final/hot.json
common	explicit	nonroot	hot	userBindWrong	simple_bind_plaintext	0	before	2	1000	87.56851499999989	explicit-final/hot.json
common	explicit	nonroot	hot	userBindWrong	simple_bind_plaintext	0	current	2	1000	85.47299400000004	explicit-final/hot.json
common	explicit	nonroot	hot	userBindWrong	simple_bind_plaintext	0	openldap	2	1000	68.76083399999999	explicit-final/hot.json
common	explicit	nonroot	hot	userBindWrong	simple_bind_plaintext	0	before	3	1000	90.01136599999995	explicit-final/hot.json
common	explicit	nonroot	hot	userBindWrong	simple_bind_plaintext	0	current	3	1000	91.74286699999999	explicit-final/hot.json
common	explicit	nonroot	hot	userBindWrong	simple_bind_plaintext	0	openldap	3	1000	73.26286000000005	explicit-final/hot.json
common	explicit	nonroot	hot	userBindWrong	simple_bind_plaintext	0	before	4	1000	92.43709199999995	explicit-final/hot.json
common	explicit	nonroot	hot	userBindWrong	simple_bind_plaintext	0	current	4	1000	94.66212700000004	explicit-final/hot.json
common	explicit	nonroot	hot	userBindWrong	simple_bind_plaintext	0	openldap	4	1000	76.76729100000009	explicit-final/hot.json
common	explicit	nonroot	hot	userBindWrong	simple_bind_plaintext	0	before	5	1000	95.36695600000004	explicit-final/hot.json
common	explicit	nonroot	hot	userBindWrong	simple_bind_plaintext	0	current	5	1000	93.53741399999994	explicit-final/hot.json
common	explicit	nonroot	hot	userBindWrong	simple_bind_plaintext	0	openldap	5	1000	75.91600700000009	explicit-final/hot.json
common	explicit	nonroot	hot	userBindWrong	simple_bind_plaintext	0	before	6	1000	93.02520199999994	explicit-final/hot.json
common	explicit	nonroot	hot	userBindWrong	simple_bind_plaintext	0	current	6	1000	91.77395699999984	explicit-final/hot.json
common	explicit	nonroot	hot	userBindWrong	simple_bind_plaintext	0	openldap	6	1000	74.98153599999998	explicit-final/hot.json
common	explicit	nonroot	hot	userBindWrong	simple_bind_plaintext	0	before	7	1000	91.198716	explicit-final/hot.json
common	explicit	nonroot	hot	userBindWrong	simple_bind_plaintext	0	current	7	1000	90.75654800000012	explicit-final/hot.json
common	explicit	nonroot	hot	userBindWrong	simple_bind_plaintext	0	openldap	7	1000	72.35286799999992	explicit-final/hot.json
common	explicit	nonroot	hot	nonrootBase	search_nonrootBase	0	before	1	1000	101.8205669999998	explicit-final/hot.json
common	explicit	nonroot	hot	nonrootBase	search_nonrootBase	0	current	1	1000	101.7838290000001	explicit-final/hot.json
common	explicit	nonroot	hot	nonrootBase	search_nonrootBase	0	openldap	1	1000	80.7482869999999	explicit-final/hot.json
common	explicit	nonroot	hot	nonrootBase	search_nonrootBase	0	before	2	1000	100.70198200000004	explicit-final/hot.json
common	explicit	nonroot	hot	nonrootBase	search_nonrootBase	0	current	2	1000	102.24802300000006	explicit-final/hot.json
common	explicit	nonroot	hot	nonrootBase	search_nonrootBase	0	openldap	2	1000	80.41396399999995	explicit-final/hot.json
common	explicit	nonroot	hot	nonrootBase	search_nonrootBase	0	before	3	1000	101.93762600000005	explicit-final/hot.json
common	explicit	nonroot	hot	nonrootBase	search_nonrootBase	0	current	3	1000	101.39033000000022	explicit-final/hot.json
common	explicit	nonroot	hot	nonrootBase	search_nonrootBase	0	openldap	3	1000	80.75349699999995	explicit-final/hot.json
common	explicit	nonroot	hot	nonrootBase	search_nonrootBase	0	before	4	1000	114.164497	explicit-final/hot.json
common	explicit	nonroot	hot	nonrootBase	search_nonrootBase	0	current	4	1000	114.9311210000001	explicit-final/hot.json
common	explicit	nonroot	hot	nonrootBase	search_nonrootBase	0	openldap	4	1000	88.95578600000007	explicit-final/hot.json
common	explicit	nonroot	hot	nonrootBase	search_nonrootBase	0	before	5	1000	101.53433000000007	explicit-final/hot.json
common	explicit	nonroot	hot	nonrootBase	search_nonrootBase	0	current	5	1000	102.61684699999999	explicit-final/hot.json
common	explicit	nonroot	hot	nonrootBase	search_nonrootBase	0	openldap	5	1000	81.68106200000005	explicit-final/hot.json
common	explicit	nonroot	hot	nonrootBase	search_nonrootBase	0	before	6	1000	99.83227600000006	explicit-final/hot.json
common	explicit	nonroot	hot	nonrootBase	search_nonrootBase	0	current	6	1000	100.31581100000004	explicit-final/hot.json
common	explicit	nonroot	hot	nonrootBase	search_nonrootBase	0	openldap	6	1000	81.43019600000001	explicit-final/hot.json
common	explicit	nonroot	hot	nonrootBase	search_nonrootBase	0	before	7	1000	107.50655199999993	explicit-final/hot.json
common	explicit	nonroot	hot	nonrootBase	search_nonrootBase	0	current	7	1000	102.61332199999993	explicit-final/hot.json
common	explicit	nonroot	hot	nonrootBase	search_nonrootBase	0	openldap	7	1000	81.91003699999996	explicit-final/hot.json
common	explicit	nonroot	hot	nonrootEquality	search_nonrootEquality	0	before	1	1000	109.544265	explicit-final/hot.json
common	explicit	nonroot	hot	nonrootEquality	search_nonrootEquality	0	current	1	1000	105.39951700000013	explicit-final/hot.json
common	explicit	nonroot	hot	nonrootEquality	search_nonrootEquality	0	openldap	1	1000	82.46267800000007	explicit-final/hot.json
common	explicit	nonroot	hot	nonrootEquality	search_nonrootEquality	0	before	2	1000	110.88514000000025	explicit-final/hot.json
common	explicit	nonroot	hot	nonrootEquality	search_nonrootEquality	0	current	2	1000	110.14350199999994	explicit-final/hot.json
common	explicit	nonroot	hot	nonrootEquality	search_nonrootEquality	0	openldap	2	1000	84.27999999999999	explicit-final/hot.json
common	explicit	nonroot	hot	nonrootEquality	search_nonrootEquality	0	before	3	1000	129.41522199999991	explicit-final/hot.json
common	explicit	nonroot	hot	nonrootEquality	search_nonrootEquality	0	current	3	1000	129.72223599999992	explicit-final/hot.json
common	explicit	nonroot	hot	nonrootEquality	search_nonrootEquality	0	openldap	3	1000	98.86632699999994	explicit-final/hot.json
common	explicit	nonroot	hot	nonrootEquality	search_nonrootEquality	0	before	4	1000	118.73914799999997	explicit-final/hot.json
common	explicit	nonroot	hot	nonrootEquality	search_nonrootEquality	0	current	4	1000	118.02244400000005	explicit-final/hot.json
common	explicit	nonroot	hot	nonrootEquality	search_nonrootEquality	0	openldap	4	1000	93.2961790000001	explicit-final/hot.json
common	explicit	nonroot	hot	nonrootEquality	search_nonrootEquality	0	before	5	1000	120.32779000000002	explicit-final/hot.json
common	explicit	nonroot	hot	nonrootEquality	search_nonrootEquality	0	current	5	1000	116.88298100000007	explicit-final/hot.json
common	explicit	nonroot	hot	nonrootEquality	search_nonrootEquality	0	openldap	5	1000	91.79058900000007	explicit-final/hot.json
common	explicit	nonroot	hot	nonrootEquality	search_nonrootEquality	0	before	6	1000	116.50341600000003	explicit-final/hot.json
common	explicit	nonroot	hot	nonrootEquality	search_nonrootEquality	0	current	6	1000	116.32374200000005	explicit-final/hot.json
common	explicit	nonroot	hot	nonrootEquality	search_nonrootEquality	0	openldap	6	1000	91.11721100000005	explicit-final/hot.json
common	explicit	nonroot	hot	nonrootEquality	search_nonrootEquality	0	before	7	1000	117.90412599999976	explicit-final/hot.json
common	explicit	nonroot	hot	nonrootEquality	search_nonrootEquality	0	current	7	1000	118.09472900000011	explicit-final/hot.json
common	explicit	nonroot	hot	nonrootEquality	search_nonrootEquality	0	openldap	7	1000	91.1190819999999	explicit-final/hot.json
common	explicit	nonroot	distributed	nonrootBase	search_nonrootBase	0	before	1	1000	130.91220900000002	explicit-final/distributed.json
common	explicit	nonroot	distributed	nonrootBase	search_nonrootBase	0	current	1	1000	131.08871800000003	explicit-final/distributed.json
common	explicit	nonroot	distributed	nonrootBase	search_nonrootBase	0	openldap	1	1000	93.8743170000001	explicit-final/distributed.json
common	explicit	nonroot	distributed	nonrootBase	search_nonrootBase	0	before	2	1000	127.79175899999994	explicit-final/distributed.json
common	explicit	nonroot	distributed	nonrootBase	search_nonrootBase	0	current	2	1000	128.7357019999999	explicit-final/distributed.json
common	explicit	nonroot	distributed	nonrootBase	search_nonrootBase	0	openldap	2	1000	91.74361999999992	explicit-final/distributed.json
common	explicit	nonroot	distributed	nonrootBase	search_nonrootBase	0	before	3	1000	126.45124599999987	explicit-final/distributed.json
common	explicit	nonroot	distributed	nonrootBase	search_nonrootBase	0	current	3	1000	125.59441100000002	explicit-final/distributed.json
common	explicit	nonroot	distributed	nonrootBase	search_nonrootBase	0	openldap	3	1000	88.67404300000013	explicit-final/distributed.json
common	explicit	nonroot	distributed	nonrootEquality	search_nonrootEquality	0	before	1	1000	269.3537229999997	explicit-final/distributed.json
common	explicit	nonroot	distributed	nonrootEquality	search_nonrootEquality	0	current	1	1000	246.4262459999996	explicit-final/distributed.json
common	explicit	nonroot	distributed	nonrootEquality	search_nonrootEquality	0	openldap	1	1000	149.7712390000001	explicit-final/distributed.json
common	explicit	nonroot	distributed	nonrootEquality	search_nonrootEquality	0	before	2	1000	118.8156039999998	explicit-final/distributed.json
common	explicit	nonroot	distributed	nonrootEquality	search_nonrootEquality	0	current	2	1000	120.2263	explicit-final/distributed.json
common	explicit	nonroot	distributed	nonrootEquality	search_nonrootEquality	0	openldap	2	1000	87.55948200000006	explicit-final/distributed.json
common	explicit	nonroot	distributed	nonrootEquality	search_nonrootEquality	0	before	3	1000	118.94191899999993	explicit-final/distributed.json
common	explicit	nonroot	distributed	nonrootEquality	search_nonrootEquality	0	current	3	1000	118.75851300000002	explicit-final/distributed.json
common	explicit	nonroot	distributed	nonrootEquality	search_nonrootEquality	0	openldap	3	1000	87.66300599999992	explicit-final/distributed.json
common	explicit	nonroot	groups	memberEquality	search_memberEquality	0	before	1	100	15.610402999999998	explicit-final/groups.json
common	explicit	nonroot	groups	memberEquality	search_memberEquality	0	current	1	100	15.156206999999998	explicit-final/groups.json
common	explicit	nonroot	groups	memberEquality	search_memberEquality	0	openldap	1	100	11.307328000000004	explicit-final/groups.json
common	explicit	nonroot	groups	memberEquality	search_memberEquality	0	before	2	100	15.676922999999993	explicit-final/groups.json
common	explicit	nonroot	groups	memberEquality	search_memberEquality	0	current	2	100	15.766043999999994	explicit-final/groups.json
common	explicit	nonroot	groups	memberEquality	search_memberEquality	0	openldap	2	100	11.410169	explicit-final/groups.json
common	explicit	nonroot	groups	memberEquality	search_memberEquality	0	before	3	100	14.548410000000004	explicit-final/groups.json
common	explicit	nonroot	groups	memberEquality	search_memberEquality	0	current	3	100	14.756830000000008	explicit-final/groups.json
common	explicit	nonroot	groups	memberEquality	search_memberEquality	0	openldap	3	100	10.652791999999998	explicit-final/groups.json
common	explicit	nonroot	groups	groupBase	base_member_values	10	before	1	100	12.436332000000002	explicit-final/groups.json
common	explicit	nonroot	groups	groupBase	base_member_values	10	current	1	100	12.268418999999996	explicit-final/groups.json
common	explicit	nonroot	groups	groupBase	base_member_values	10	openldap	1	100	9.595956000000006	explicit-final/groups.json
common	explicit	nonroot	groups	groupBase	base_member_values	10	before	2	100	12.127955999999998	explicit-final/groups.json
common	explicit	nonroot	groups	groupBase	base_member_values	10	current	2	100	12.278869	explicit-final/groups.json
common	explicit	nonroot	groups	groupBase	base_member_values	10	openldap	2	100	9.542503	explicit-final/groups.json
common	explicit	nonroot	groups	groupBase	base_member_values	10	before	3	100	12.438626000000006	explicit-final/groups.json
common	explicit	nonroot	groups	groupBase	base_member_values	10	current	3	100	12.593711999999996	explicit-final/groups.json
common	explicit	nonroot	groups	groupBase	base_member_values	10	openldap	3	100	10.609082999999998	explicit-final/groups.json
common	explicit	nonroot	groups	groupBase	base_member_values	1000	before	1	100	84.81087200000005	explicit-final/groups.json
common	explicit	nonroot	groups	groupBase	base_member_values	1000	current	1	100	83.02767000000001	explicit-final/groups.json
common	explicit	nonroot	groups	groupBase	base_member_values	1000	openldap	1	100	78.968667	explicit-final/groups.json
common	explicit	nonroot	groups	groupBase	base_member_values	1000	before	2	100	92.30669899999998	explicit-final/groups.json
common	explicit	nonroot	groups	groupBase	base_member_values	1000	current	2	100	90.13191900000004	explicit-final/groups.json
common	explicit	nonroot	groups	groupBase	base_member_values	1000	openldap	2	100	85.35008399999998	explicit-final/groups.json
common	explicit	nonroot	groups	groupBase	base_member_values	1000	before	3	100	96.751503	explicit-final/groups.json
common	explicit	nonroot	groups	groupBase	base_member_values	1000	current	3	100	98.26686600000002	explicit-final/groups.json
common	explicit	nonroot	groups	groupBase	base_member_values	1000	openldap	3	100	86.95746399999999	explicit-final/groups.json
common	explicit	nonroot	groups	nestedMembership	client_bfs_member_equality	0	before	1	100	52.350220000000036	explicit-final/groups.json
common	explicit	nonroot	groups	nestedMembership	client_bfs_member_equality	0	current	1	100	52.11757900000007	explicit-final/groups.json
common	explicit	nonroot	groups	nestedMembership	client_bfs_member_equality	0	openldap	1	100	41.25775599999999	explicit-final/groups.json
common	explicit	nonroot	groups	nestedMembership	client_bfs_member_equality	0	before	2	100	51.542758	explicit-final/groups.json
common	explicit	nonroot	groups	nestedMembership	client_bfs_member_equality	0	current	2	100	51.670369000000015	explicit-final/groups.json
common	explicit	nonroot	groups	nestedMembership	client_bfs_member_equality	0	openldap	2	100	41.73972099999999	explicit-final/groups.json
common	explicit	nonroot	groups	nestedMembership	client_bfs_member_equality	0	before	3	100	56.78204499999999	explicit-final/groups.json
common	explicit	nonroot	groups	nestedMembership	client_bfs_member_equality	0	current	3	100	57.105044	explicit-final/groups.json
common	explicit	nonroot	groups	nestedMembership	client_bfs_member_equality	0	openldap	3	100	44.49723699999996	explicit-final/groups.json
concurrent	explicit	root	8-workers	uidEquality	ldapsearch	0	before	1	8000	297	explicit-final/concurrent.tsv
concurrent	explicit	root	8-workers	uidEquality	ldapsearch	0	current	1	8000	302	explicit-final/concurrent.tsv
concurrent	explicit	root	8-workers	uidEquality	ldapsearch	0	openldap	1	8000	316	explicit-final/concurrent.tsv
concurrent	explicit	root	8-workers	uidEquality	ldapsearch	0	current	2	8000	303	explicit-final/concurrent.tsv
concurrent	explicit	root	8-workers	uidEquality	ldapsearch	0	openldap	2	8000	295	explicit-final/concurrent.tsv
concurrent	explicit	root	8-workers	uidEquality	ldapsearch	0	before	2	8000	280	explicit-final/concurrent.tsv
concurrent	explicit	root	8-workers	uidEquality	ldapsearch	0	openldap	3	8000	309	explicit-final/concurrent.tsv
concurrent	explicit	root	8-workers	uidEquality	ldapsearch	0	before	3	8000	289	explicit-final/concurrent.tsv
concurrent	explicit	root	8-workers	uidEquality	ldapsearch	0	current	3	8000	350	explicit-final/concurrent.tsv
common	default	nonroot	hot	userBind	simple_bind_ssha	0	before	1	1000	89.13878700000002	default-final/hot.json
common	default	nonroot	hot	userBind	simple_bind_ssha	0	current	1	1000	86.06896400000008	default-final/hot.json
common	default	nonroot	hot	userBind	simple_bind_ssha	0	openldap	1	1000	70.65945	default-final/hot.json
common	default	nonroot	hot	userBind	simple_bind_ssha	0	before	2	1000	88.09684000000006	default-final/hot.json
common	default	nonroot	hot	userBind	simple_bind_ssha	0	current	2	1000	87.58632699999993	default-final/hot.json
common	default	nonroot	hot	userBind	simple_bind_ssha	0	openldap	2	1000	71.43902399999995	default-final/hot.json
common	default	nonroot	hot	userBind	simple_bind_ssha	0	before	3	1000	89.6203380000001	default-final/hot.json
common	default	nonroot	hot	userBind	simple_bind_ssha	0	current	3	1000	87.92114300000003	default-final/hot.json
common	default	nonroot	hot	userBind	simple_bind_ssha	0	openldap	3	1000	71.35007599999997	default-final/hot.json
common	default	nonroot	hot	userBind	simple_bind_ssha	0	before	4	1000	87.67367199999994	default-final/hot.json
common	default	nonroot	hot	userBind	simple_bind_ssha	0	current	4	1000	87.85958199999992	default-final/hot.json
common	default	nonroot	hot	userBind	simple_bind_ssha	0	openldap	4	1000	71.70052400000002	default-final/hot.json
common	default	nonroot	hot	userBind	simple_bind_ssha	0	before	5	1000	88.80980599999997	default-final/hot.json
common	default	nonroot	hot	userBind	simple_bind_ssha	0	current	5	1000	86.66366899999997	default-final/hot.json
common	default	nonroot	hot	userBind	simple_bind_ssha	0	openldap	5	1000	70.44367600000004	default-final/hot.json
common	default	nonroot	hot	userBind	simple_bind_ssha	0	before	6	1000	90.17849299999996	default-final/hot.json
common	default	nonroot	hot	userBind	simple_bind_ssha	0	current	6	1000	89.79470500000012	default-final/hot.json
common	default	nonroot	hot	userBind	simple_bind_ssha	0	openldap	6	1000	72.31234300000007	default-final/hot.json
common	default	nonroot	hot	userBind	simple_bind_ssha	0	before	7	1000	90.97938900000003	default-final/hot.json
common	default	nonroot	hot	userBind	simple_bind_ssha	0	current	7	1000	90.005178	default-final/hot.json
common	default	nonroot	hot	userBind	simple_bind_ssha	0	openldap	7	1000	72.87533699999989	default-final/hot.json
common	default	nonroot	hot	userBind	simple_bind_plaintext	0	before	1	1000	87.38066000000012	default-final/hot.json
common	default	nonroot	hot	userBind	simple_bind_plaintext	0	current	1	1000	86.86258600000001	default-final/hot.json
common	default	nonroot	hot	userBind	simple_bind_plaintext	0	openldap	1	1000	70.053376	default-final/hot.json
common	default	nonroot	hot	userBind	simple_bind_plaintext	0	before	2	1000	95.17327899999992	default-final/hot.json
common	default	nonroot	hot	userBind	simple_bind_plaintext	0	current	2	1000	94.61809000000004	default-final/hot.json
common	default	nonroot	hot	userBind	simple_bind_plaintext	0	openldap	2	1000	77.31501799999984	default-final/hot.json
common	default	nonroot	hot	userBind	simple_bind_plaintext	0	before	3	1000	112.73656000000005	default-final/hot.json
common	default	nonroot	hot	userBind	simple_bind_plaintext	0	current	3	1000	110.15375899999995	default-final/hot.json
common	default	nonroot	hot	userBind	simple_bind_plaintext	0	openldap	3	1000	98.69066399999996	default-final/hot.json
common	default	nonroot	hot	userBind	simple_bind_plaintext	0	before	4	1000	91.4549310000001	default-final/hot.json
common	default	nonroot	hot	userBind	simple_bind_plaintext	0	current	4	1000	91.75636300000006	default-final/hot.json
common	default	nonroot	hot	userBind	simple_bind_plaintext	0	openldap	4	1000	76.25518400000006	default-final/hot.json
common	default	nonroot	hot	userBind	simple_bind_plaintext	0	before	5	1000	94.10983200000008	default-final/hot.json
common	default	nonroot	hot	userBind	simple_bind_plaintext	0	current	5	1000	92.49381300000003	default-final/hot.json
common	default	nonroot	hot	userBind	simple_bind_plaintext	0	openldap	5	1000	75.66629399999997	default-final/hot.json
common	default	nonroot	hot	userBind	simple_bind_plaintext	0	before	6	1000	92.038702	default-final/hot.json
common	default	nonroot	hot	userBind	simple_bind_plaintext	0	current	6	1000	92.51389199999993	default-final/hot.json
common	default	nonroot	hot	userBind	simple_bind_plaintext	0	openldap	6	1000	77.46262600000001	default-final/hot.json
common	default	nonroot	hot	userBind	simple_bind_plaintext	0	before	7	1000	93.133514	default-final/hot.json
common	default	nonroot	hot	userBind	simple_bind_plaintext	0	current	7	1000	91.20146399999996	default-final/hot.json
common	default	nonroot	hot	userBind	simple_bind_plaintext	0	openldap	7	1000	76.0899929999999	default-final/hot.json
common	default	nonroot	hot	userBindWrong	simple_bind_ssha	0	before	1	1000	93.22930899999984	default-final/hot.json
common	default	nonroot	hot	userBindWrong	simple_bind_ssha	0	current	1	1000	92.13819700000005	default-final/hot.json
common	default	nonroot	hot	userBindWrong	simple_bind_ssha	0	openldap	1	1000	75.2395830000001	default-final/hot.json
common	default	nonroot	hot	userBindWrong	simple_bind_ssha	0	before	2	1000	93.43939299999994	default-final/hot.json
common	default	nonroot	hot	userBindWrong	simple_bind_ssha	0	current	2	1000	92.50190899999993	default-final/hot.json
common	default	nonroot	hot	userBindWrong	simple_bind_ssha	0	openldap	2	1000	75.46604099999996	default-final/hot.json
common	default	nonroot	hot	userBindWrong	simple_bind_ssha	0	before	3	1000	91.88745599999994	default-final/hot.json
common	default	nonroot	hot	userBindWrong	simple_bind_ssha	0	current	3	1000	90.71015700000012	default-final/hot.json
common	default	nonroot	hot	userBindWrong	simple_bind_ssha	0	openldap	3	1000	73.89575400000003	default-final/hot.json
common	default	nonroot	hot	userBindWrong	simple_bind_ssha	0	before	4	1000	88.4196590000001	default-final/hot.json
common	default	nonroot	hot	userBindWrong	simple_bind_ssha	0	current	4	1000	87.14373900000001	default-final/hot.json
common	default	nonroot	hot	userBindWrong	simple_bind_ssha	0	openldap	4	1000	70.22833600000001	default-final/hot.json
common	default	nonroot	hot	userBindWrong	simple_bind_ssha	0	before	5	1000	85.14068700000006	default-final/hot.json
common	default	nonroot	hot	userBindWrong	simple_bind_ssha	0	current	5	1000	83.54138199999997	default-final/hot.json
common	default	nonroot	hot	userBindWrong	simple_bind_ssha	0	openldap	5	1000	69.39141700000006	default-final/hot.json
common	default	nonroot	hot	userBindWrong	simple_bind_ssha	0	before	6	1000	86.56843499999995	default-final/hot.json
common	default	nonroot	hot	userBindWrong	simple_bind_ssha	0	current	6	1000	84.5757010000001	default-final/hot.json
common	default	nonroot	hot	userBindWrong	simple_bind_ssha	0	openldap	6	1000	68.79373899999995	default-final/hot.json
common	default	nonroot	hot	userBindWrong	simple_bind_ssha	0	before	7	1000	84.41195200000007	default-final/hot.json
common	default	nonroot	hot	userBindWrong	simple_bind_ssha	0	current	7	1000	85.98408900000001	default-final/hot.json
common	default	nonroot	hot	userBindWrong	simple_bind_ssha	0	openldap	7	1000	68.76298400000003	default-final/hot.json
common	default	nonroot	hot	userBindWrong	simple_bind_plaintext	0	before	1	1000	84.68754399999995	default-final/hot.json
common	default	nonroot	hot	userBindWrong	simple_bind_plaintext	0	current	1	1000	83.77863099999995	default-final/hot.json
common	default	nonroot	hot	userBindWrong	simple_bind_plaintext	0	openldap	1	1000	68.12399000000002	default-final/hot.json
common	default	nonroot	hot	userBindWrong	simple_bind_plaintext	0	before	2	1000	86.03489500000022	default-final/hot.json
common	default	nonroot	hot	userBindWrong	simple_bind_plaintext	0	current	2	1000	85.47262100000003	default-final/hot.json
common	default	nonroot	hot	userBindWrong	simple_bind_plaintext	0	openldap	2	1000	69.83676699999995	default-final/hot.json
common	default	nonroot	hot	userBindWrong	simple_bind_plaintext	0	before	3	1000	84.26383899999995	default-final/hot.json
common	default	nonroot	hot	userBindWrong	simple_bind_plaintext	0	current	3	1000	82.32384700000003	default-final/hot.json
common	default	nonroot	hot	userBindWrong	simple_bind_plaintext	0	openldap	3	1000	66.70655200000004	default-final/hot.json
common	default	nonroot	hot	userBindWrong	simple_bind_plaintext	0	before	4	1000	85.28356799999996	default-final/hot.json
common	default	nonroot	hot	userBindWrong	simple_bind_plaintext	0	current	4	1000	87.43508000000006	default-final/hot.json
common	default	nonroot	hot	userBindWrong	simple_bind_plaintext	0	openldap	4	1000	68.34367100000003	default-final/hot.json
common	default	nonroot	hot	userBindWrong	simple_bind_plaintext	0	before	5	1000	85.1271659999999	default-final/hot.json
common	default	nonroot	hot	userBindWrong	simple_bind_plaintext	0	current	5	1000	83.29032699999999	default-final/hot.json
common	default	nonroot	hot	userBindWrong	simple_bind_plaintext	0	openldap	5	1000	68.75924000000003	default-final/hot.json
common	default	nonroot	hot	userBindWrong	simple_bind_plaintext	0	before	6	1000	83.55333499999995	default-final/hot.json
common	default	nonroot	hot	userBindWrong	simple_bind_plaintext	0	current	6	1000	81.735992	default-final/hot.json
common	default	nonroot	hot	userBindWrong	simple_bind_plaintext	0	openldap	6	1000	66.448003	default-final/hot.json
common	default	nonroot	hot	userBindWrong	simple_bind_plaintext	0	before	7	1000	86.09129299999996	default-final/hot.json
common	default	nonroot	hot	userBindWrong	simple_bind_plaintext	0	current	7	1000	86.41438500000007	default-final/hot.json
common	default	nonroot	hot	userBindWrong	simple_bind_plaintext	0	openldap	7	1000	70.85879800000014	default-final/hot.json
common	default	nonroot	hot	nonrootBase	search_nonrootBase	0	before	1	1000	113.74457300000007	default-final/hot.json
common	default	nonroot	hot	nonrootBase	search_nonrootBase	0	current	1	1000	110.34321700000018	default-final/hot.json
common	default	nonroot	hot	nonrootBase	search_nonrootBase	0	openldap	1	1000	89.02245699999999	default-final/hot.json
common	default	nonroot	hot	nonrootBase	search_nonrootBase	0	before	2	1000	105.73516600000019	default-final/hot.json
common	default	nonroot	hot	nonrootBase	search_nonrootBase	0	current	2	1000	106.50838899999995	default-final/hot.json
common	default	nonroot	hot	nonrootBase	search_nonrootBase	0	openldap	2	1000	88.25394900000002	default-final/hot.json
common	default	nonroot	hot	nonrootBase	search_nonrootBase	0	before	3	1000	102.83129399999987	default-final/hot.json
common	default	nonroot	hot	nonrootBase	search_nonrootBase	0	current	3	1000	103.21800200000001	default-final/hot.json
common	default	nonroot	hot	nonrootBase	search_nonrootBase	0	openldap	3	1000	83.859519	default-final/hot.json
common	default	nonroot	hot	nonrootBase	search_nonrootBase	0	before	4	1000	105.15286100000019	default-final/hot.json
common	default	nonroot	hot	nonrootBase	search_nonrootBase	0	current	4	1000	106.55361600000013	default-final/hot.json
common	default	nonroot	hot	nonrootBase	search_nonrootBase	0	openldap	4	1000	85.62453200000006	default-final/hot.json
common	default	nonroot	hot	nonrootBase	search_nonrootBase	0	before	5	1000	109.59112200000003	default-final/hot.json
common	default	nonroot	hot	nonrootBase	search_nonrootBase	0	current	5	1000	110.834066	default-final/hot.json
common	default	nonroot	hot	nonrootBase	search_nonrootBase	0	openldap	5	1000	90.85143000000001	default-final/hot.json
common	default	nonroot	hot	nonrootBase	search_nonrootBase	0	before	6	1000	107.26143600000006	default-final/hot.json
common	default	nonroot	hot	nonrootBase	search_nonrootBase	0	current	6	1000	105.91719900000001	default-final/hot.json
common	default	nonroot	hot	nonrootBase	search_nonrootBase	0	openldap	6	1000	86.9708950000001	default-final/hot.json
common	default	nonroot	hot	nonrootBase	search_nonrootBase	0	before	7	1000	106.70204499999991	default-final/hot.json
common	default	nonroot	hot	nonrootBase	search_nonrootBase	0	current	7	1000	108.8491629999999	default-final/hot.json
common	default	nonroot	hot	nonrootBase	search_nonrootBase	0	openldap	7	1000	87.26113000000005	default-final/hot.json
common	default	nonroot	hot	nonrootEquality	search_nonrootEquality	0	before	1	1000	110.16108100000002	default-final/hot.json
common	default	nonroot	hot	nonrootEquality	search_nonrootEquality	0	current	1	1000	109.482626	default-final/hot.json
common	default	nonroot	hot	nonrootEquality	search_nonrootEquality	0	openldap	1	1000	91.86925300000003	default-final/hot.json
common	default	nonroot	hot	nonrootEquality	search_nonrootEquality	0	before	2	1000	110.76910699999996	default-final/hot.json
common	default	nonroot	hot	nonrootEquality	search_nonrootEquality	0	current	2	1000	112.024754	default-final/hot.json
common	default	nonroot	hot	nonrootEquality	search_nonrootEquality	0	openldap	2	1000	88.75329100000005	default-final/hot.json
common	default	nonroot	hot	nonrootEquality	search_nonrootEquality	0	before	3	1000	112.13350700000001	default-final/hot.json
common	default	nonroot	hot	nonrootEquality	search_nonrootEquality	0	current	3	1000	111.28451099999994	default-final/hot.json
common	default	nonroot	hot	nonrootEquality	search_nonrootEquality	0	openldap	3	1000	89.79379099999991	default-final/hot.json
common	default	nonroot	hot	nonrootEquality	search_nonrootEquality	0	before	4	1000	118.12657700000005	default-final/hot.json
common	default	nonroot	hot	nonrootEquality	search_nonrootEquality	0	current	4	1000	115.28699800000003	default-final/hot.json
common	default	nonroot	hot	nonrootEquality	search_nonrootEquality	0	openldap	4	1000	90.43272599999999	default-final/hot.json
common	default	nonroot	hot	nonrootEquality	search_nonrootEquality	0	before	5	1000	101.43724700000003	default-final/hot.json
common	default	nonroot	hot	nonrootEquality	search_nonrootEquality	0	current	5	1000	102.97263099999986	default-final/hot.json
common	default	nonroot	hot	nonrootEquality	search_nonrootEquality	0	openldap	5	1000	80.47774999999992	default-final/hot.json
common	default	nonroot	hot	nonrootEquality	search_nonrootEquality	0	before	6	1000	101.67395400000005	default-final/hot.json
common	default	nonroot	hot	nonrootEquality	search_nonrootEquality	0	current	6	1000	100.407047	default-final/hot.json
common	default	nonroot	hot	nonrootEquality	search_nonrootEquality	0	openldap	6	1000	80.42400200000003	default-final/hot.json
common	default	nonroot	hot	nonrootEquality	search_nonrootEquality	0	before	7	1000	101.270083	default-final/hot.json
common	default	nonroot	hot	nonrootEquality	search_nonrootEquality	0	current	7	1000	101.55283199999998	default-final/hot.json
common	default	nonroot	hot	nonrootEquality	search_nonrootEquality	0	openldap	7	1000	80.67374700000005	default-final/hot.json
common	default	nonroot	distributed	nonrootBase	search_nonrootBase	0	before	1	1000	113.72904499999997	default-final/distributed.json
common	default	nonroot	distributed	nonrootBase	search_nonrootBase	0	current	1	1000	112.59813199999996	default-final/distributed.json
common	default	nonroot	distributed	nonrootBase	search_nonrootBase	0	openldap	1	1000	80.39190300000007	default-final/distributed.json
common	default	nonroot	distributed	nonrootBase	search_nonrootBase	0	before	2	1000	110.12710099999983	default-final/distributed.json
common	default	nonroot	distributed	nonrootBase	search_nonrootBase	0	current	2	1000	111.247446	default-final/distributed.json
common	default	nonroot	distributed	nonrootBase	search_nonrootBase	0	openldap	2	1000	79.14588699999997	default-final/distributed.json
common	default	nonroot	distributed	nonrootBase	search_nonrootBase	0	before	3	1000	111.83386900000004	default-final/distributed.json
common	default	nonroot	distributed	nonrootBase	search_nonrootBase	0	current	3	1000	111.24105899999988	default-final/distributed.json
common	default	nonroot	distributed	nonrootBase	search_nonrootBase	0	openldap	3	1000	80.63647900000002	default-final/distributed.json
common	default	nonroot	distributed	nonrootEquality	search_nonrootEquality	0	before	1	1000	251.39167200000014	default-final/distributed.json
common	default	nonroot	distributed	nonrootEquality	search_nonrootEquality	0	current	1	1000	225.39124800000025	default-final/distributed.json
common	default	nonroot	distributed	nonrootEquality	search_nonrootEquality	0	openldap	1	1000	145.2081590000001	default-final/distributed.json
common	default	nonroot	distributed	nonrootEquality	search_nonrootEquality	0	before	2	1000	112.9839539999999	default-final/distributed.json
common	default	nonroot	distributed	nonrootEquality	search_nonrootEquality	0	current	2	1000	111.56891100000014	default-final/distributed.json
common	default	nonroot	distributed	nonrootEquality	search_nonrootEquality	0	openldap	2	1000	85.33776499999998	default-final/distributed.json
common	default	nonroot	distributed	nonrootEquality	search_nonrootEquality	0	before	3	1000	110.08985700000008	default-final/distributed.json
common	default	nonroot	distributed	nonrootEquality	search_nonrootEquality	0	current	3	1000	110.58515400000007	default-final/distributed.json
common	default	nonroot	distributed	nonrootEquality	search_nonrootEquality	0	openldap	3	1000	83.30277099999999	default-final/distributed.json
common	default	nonroot	groups	memberEquality	search_memberEquality	0	before	1	100	15.000540999999993	default-final/groups.json
common	default	nonroot	groups	memberEquality	search_memberEquality	0	current	1	100	14.912546000000008	default-final/groups.json
common	default	nonroot	groups	memberEquality	search_memberEquality	0	openldap	1	100	11.496411999999998	default-final/groups.json
common	default	nonroot	groups	memberEquality	search_memberEquality	0	before	2	100	14.853208	default-final/groups.json
common	default	nonroot	groups	memberEquality	search_memberEquality	0	current	2	100	14.590876999999999	default-final/groups.json
common	default	nonroot	groups	memberEquality	search_memberEquality	0	openldap	2	100	11.267245999999995	default-final/groups.json
common	default	nonroot	groups	memberEquality	search_memberEquality	0	before	3	100	14.508664000000001	default-final/groups.json
common	default	nonroot	groups	memberEquality	search_memberEquality	0	current	3	100	14.988082999999998	default-final/groups.json
common	default	nonroot	groups	memberEquality	search_memberEquality	0	openldap	3	100	11.689253	default-final/groups.json
common	default	nonroot	groups	groupBase	base_member_values	10	before	1	100	12.664541	default-final/groups.json
common	default	nonroot	groups	groupBase	base_member_values	10	current	1	100	12.706492000000003	default-final/groups.json
common	default	nonroot	groups	groupBase	base_member_values	10	openldap	1	100	10.193038	default-final/groups.json
common	default	nonroot	groups	groupBase	base_member_values	10	before	2	100	12.608956	default-final/groups.json
common	default	nonroot	groups	groupBase	base_member_values	10	current	2	100	12.847081000000005	default-final/groups.json
common	default	nonroot	groups	groupBase	base_member_values	10	openldap	2	100	10.495666999999997	default-final/groups.json
common	default	nonroot	groups	groupBase	base_member_values	10	before	3	100	13.063288	default-final/groups.json
common	default	nonroot	groups	groupBase	base_member_values	10	current	3	100	13.827501999999996	default-final/groups.json
common	default	nonroot	groups	groupBase	base_member_values	10	openldap	3	100	10.651253	default-final/groups.json
common	default	nonroot	groups	groupBase	base_member_values	1000	before	1	100	103.12203999999996	default-final/groups.json
common	default	nonroot	groups	groupBase	base_member_values	1000	current	1	100	106.11424899999997	default-final/groups.json
common	default	nonroot	groups	groupBase	base_member_values	1000	openldap	1	100	90.35992399999995	default-final/groups.json
common	default	nonroot	groups	groupBase	base_member_values	1000	before	2	100	93.688626	default-final/groups.json
common	default	nonroot	groups	groupBase	base_member_values	1000	current	2	100	97.10358599999999	default-final/groups.json
common	default	nonroot	groups	groupBase	base_member_values	1000	openldap	2	100	88.62312899999999	default-final/groups.json
common	default	nonroot	groups	groupBase	base_member_values	1000	before	3	100	92.52025400000001	default-final/groups.json
common	default	nonroot	groups	groupBase	base_member_values	1000	current	3	100	87.93524900000003	default-final/groups.json
common	default	nonroot	groups	groupBase	base_member_values	1000	openldap	3	100	88.07991700000002	default-final/groups.json
common	default	nonroot	groups	nestedMembership	client_bfs_member_equality	0	before	1	100	46.659630000000035	default-final/groups.json
common	default	nonroot	groups	nestedMembership	client_bfs_member_equality	0	current	1	100	47.366297000000024	default-final/groups.json
common	default	nonroot	groups	nestedMembership	client_bfs_member_equality	0	openldap	1	100	38.867996000000026	default-final/groups.json
common	default	nonroot	groups	nestedMembership	client_bfs_member_equality	0	before	2	100	45.39319799999996	default-final/groups.json
common	default	nonroot	groups	nestedMembership	client_bfs_member_equality	0	current	2	100	45.480918	default-final/groups.json
common	default	nonroot	groups	nestedMembership	client_bfs_member_equality	0	openldap	2	100	37.911243000000034	default-final/groups.json
common	default	nonroot	groups	nestedMembership	client_bfs_member_equality	0	before	3	100	45.345119000000025	default-final/groups.json
common	default	nonroot	groups	nestedMembership	client_bfs_member_equality	0	current	3	100	45.573915000000056	default-final/groups.json
common	default	nonroot	groups	nestedMembership	client_bfs_member_equality	0	openldap	3	100	37.55133099999998	default-final/groups.json
concurrent	default	root	8-workers	uidEquality	ldapsearch	0	before	1	8000	295	default-final/concurrent.tsv
concurrent	default	root	8-workers	uidEquality	ldapsearch	0	current	1	8000	288	default-final/concurrent.tsv
concurrent	default	root	8-workers	uidEquality	ldapsearch	0	openldap	1	8000	300	default-final/concurrent.tsv
concurrent	default	root	8-workers	uidEquality	ldapsearch	0	current	2	8000	314	default-final/concurrent.tsv
concurrent	default	root	8-workers	uidEquality	ldapsearch	0	openldap	2	8000	415	default-final/concurrent.tsv
concurrent	default	root	8-workers	uidEquality	ldapsearch	0	before	2	8000	302	default-final/concurrent.tsv
concurrent	default	root	8-workers	uidEquality	ldapsearch	0	openldap	3	8000	302	default-final/concurrent.tsv
concurrent	default	root	8-workers	uidEquality	ldapsearch	0	before	3	8000	288	default-final/concurrent.tsv
concurrent	default	root	8-workers	uidEquality	ldapsearch	0	current	3	8000	296	default-final/concurrent.tsv
root	default	root	literal	rootBind	simple_bind_root	0	before	1	1000	70.02207600000004	root-paired/literal.json
root	default	root	literal	rootBind	simple_bind_root	0	current	1	1000	68.98114500000007	root-paired/literal.json
root	default	root	literal	rootBind	simple_bind_root	0	openldap	1	1000	66.58123799999998	root-paired/literal.json
root	default	root	literal	rootBind	simple_bind_root	0	before	2	1000	67.74875000000011	root-paired/literal.json
root	default	root	literal	rootBind	simple_bind_root	0	current	2	1000	67.76180600000013	root-paired/literal.json
root	default	root	literal	rootBind	simple_bind_root	0	openldap	2	1000	66.14280500000005	root-paired/literal.json
root	default	root	literal	rootBind	simple_bind_root	0	before	3	1000	68.55659400000006	root-paired/literal.json
root	default	root	literal	rootBind	simple_bind_root	0	current	3	1000	68.06760499999989	root-paired/literal.json
root	default	root	literal	rootBind	simple_bind_root	0	openldap	3	1000	66.36062899999995	root-paired/literal.json
root	default	root	literal	rootBind	simple_bind_root	0	before	4	1000	69.40125199999997	root-paired/literal.json
root	default	root	literal	rootBind	simple_bind_root	0	current	4	1000	68.55790100000003	root-paired/literal.json
root	default	root	literal	rootBind	simple_bind_root	0	openldap	4	1000	66.98825199999996	root-paired/literal.json
root	default	root	literal	rootBind	simple_bind_root	0	before	5	1000	68.38159899999998	root-paired/literal.json
root	default	root	literal	rootBind	simple_bind_root	0	current	5	1000	66.82887000000001	root-paired/literal.json
root	default	root	literal	rootBind	simple_bind_root	0	openldap	5	1000	65.47295300000002	root-paired/literal.json
root	default	root	literal	rootBind	simple_bind_root	0	before	6	1000	68.79172500000004	root-paired/literal.json
root	default	root	literal	rootBind	simple_bind_root	0	current	6	1000	68.81889	root-paired/literal.json
root	default	root	literal	rootBind	simple_bind_root	0	openldap	6	1000	66.04952399999999	root-paired/literal.json
root	default	root	literal	rootBind	simple_bind_root	0	before	7	1000	66.85986600000003	root-paired/literal.json
root	default	root	literal	rootBind	simple_bind_root	0	current	7	1000	67.44895700000008	root-paired/literal.json
root	default	root	literal	rootBind	simple_bind_root	0	openldap	7	1000	65.04921099999993	root-paired/literal.json
root	default	root	literal	rootBase	base_objectclass_root	0	before	1	1000	91.12536600000001	root-paired/literal.json
root	default	root	literal	rootBase	base_objectclass_root	0	current	1	1000	90.18010500000008	root-paired/literal.json
root	default	root	literal	rootBase	base_objectclass_root	0	openldap	1	1000	76.89236400000009	root-paired/literal.json
root	default	root	literal	rootBase	base_objectclass_root	0	before	2	1000	89.94308699999999	root-paired/literal.json
root	default	root	literal	rootBase	base_objectclass_root	0	current	2	1000	90.52908399999995	root-paired/literal.json
root	default	root	literal	rootBase	base_objectclass_root	0	openldap	2	1000	76.19731700000003	root-paired/literal.json
root	default	root	literal	rootBase	base_objectclass_root	0	before	3	1000	91.85495799999994	root-paired/literal.json
root	default	root	literal	rootBase	base_objectclass_root	0	current	3	1000	92.47466099999993	root-paired/literal.json
root	default	root	literal	rootBase	base_objectclass_root	0	openldap	3	1000	77.79267799999998	root-paired/literal.json
root	default	root	literal	rootBase	base_objectclass_root	0	before	4	1000	96.59964999999993	root-paired/literal.json
root	default	root	literal	rootBase	base_objectclass_root	0	current	4	1000	96.45820000000003	root-paired/literal.json
root	default	root	literal	rootBase	base_objectclass_root	0	openldap	4	1000	80.18216500000004	root-paired/literal.json
root	default	root	literal	rootBase	base_objectclass_root	0	before	5	1000	90.39630500000007	root-paired/literal.json
root	default	root	literal	rootBase	base_objectclass_root	0	current	5	1000	90.5961130000001	root-paired/literal.json
root	default	root	literal	rootBase	base_objectclass_root	0	openldap	5	1000	76.18129999999991	root-paired/literal.json
root	default	root	literal	rootBase	base_objectclass_root	0	before	6	1000	91.50072200000001	root-paired/literal.json
root	default	root	literal	rootBase	base_objectclass_root	0	current	6	1000	92.33632200000007	root-paired/literal.json
root	default	root	literal	rootBase	base_objectclass_root	0	openldap	6	1000	78.94944599999992	root-paired/literal.json
root	default	root	literal	rootBase	base_objectclass_root	0	before	7	1000	92.44850600000002	root-paired/literal.json
root	default	root	literal	rootBase	base_objectclass_root	0	current	7	1000	94.02916799999991	root-paired/literal.json
root	default	root	literal	rootBase	base_objectclass_root	0	openldap	7	1000	78.50828599999987	root-paired/literal.json
root	default	root	literal	rootEquality	subtree_uid_equality_root	0	before	1	1000	224.55819800000037	root-paired/literal.json
root	default	root	literal	rootEquality	subtree_uid_equality_root	0	current	1	1000	201.03771800000015	root-paired/literal.json
root	default	root	literal	rootEquality	subtree_uid_equality_root	0	openldap	1	1000	76.38237200000007	root-paired/literal.json
root	default	root	literal	rootEquality	subtree_uid_equality_root	0	before	2	1000	104.94631300000013	root-paired/literal.json
root	default	root	literal	rootEquality	subtree_uid_equality_root	0	current	2	1000	105.3348270000001	root-paired/literal.json
root	default	root	literal	rootEquality	subtree_uid_equality_root	0	openldap	2	1000	88.04624799999993	root-paired/literal.json
root	default	root	literal	rootEquality	subtree_uid_equality_root	0	before	3	1000	102.39165600000005	root-paired/literal.json
root	default	root	literal	rootEquality	subtree_uid_equality_root	0	current	3	1000	102.79898700000005	root-paired/literal.json
root	default	root	literal	rootEquality	subtree_uid_equality_root	0	openldap	3	1000	85.01553799999995	root-paired/literal.json
root	default	root	literal	rootEquality	subtree_uid_equality_root	0	before	4	1000	106.71495200000003	root-paired/literal.json
root	default	root	literal	rootEquality	subtree_uid_equality_root	0	current	4	1000	109.548743	root-paired/literal.json
root	default	root	literal	rootEquality	subtree_uid_equality_root	0	openldap	4	1000	91.36421099999998	root-paired/literal.json
root	default	root	literal	rootEquality	subtree_uid_equality_root	0	before	5	1000	107.05604500000003	root-paired/literal.json
root	default	root	literal	rootEquality	subtree_uid_equality_root	0	current	5	1000	107.24862399999991	root-paired/literal.json
root	default	root	literal	rootEquality	subtree_uid_equality_root	0	openldap	5	1000	89.81374500000005	root-paired/literal.json
root	default	root	literal	rootEquality	subtree_uid_equality_root	0	before	6	1000	106.45121400000004	root-paired/literal.json
root	default	root	literal	rootEquality	subtree_uid_equality_root	0	current	6	1000	107.8261569999999	root-paired/literal.json
root	default	root	literal	rootEquality	subtree_uid_equality_root	0	openldap	6	1000	88.53266700000006	root-paired/literal.json
root	default	root	literal	rootEquality	subtree_uid_equality_root	0	before	7	1000	111.55941299999992	root-paired/literal.json
root	default	root	literal	rootEquality	subtree_uid_equality_root	0	current	7	1000	109.8225069999999	root-paired/literal.json
root	default	root	literal	rootEquality	subtree_uid_equality_root	0	openldap	7	1000	93.50037800000004	root-paired/literal.json
root	default	root	literal	rootCompareTrue	compare_uid_true_root	0	before	1	1000	104.14529099999999	root-paired/literal.json
root	default	root	literal	rootCompareTrue	compare_uid_true_root	0	current	1	1000	105.12575099999982	root-paired/literal.json
root	default	root	literal	rootCompareTrue	compare_uid_true_root	0	openldap	1	1000	77.09615100000002	root-paired/literal.json
root	default	root	literal	rootCompareTrue	compare_uid_true_root	0	before	2	1000	107.9434550000001	root-paired/literal.json
root	default	root	literal	rootCompareTrue	compare_uid_true_root	0	current	2	1000	106.50731999999996	root-paired/literal.json
root	default	root	literal	rootCompareTrue	compare_uid_true_root	0	openldap	2	1000	79.59875300000002	root-paired/literal.json
root	default	root	literal	rootCompareTrue	compare_uid_true_root	0	before	3	1000	108.27577999999998	root-paired/literal.json
root	default	root	literal	rootCompareTrue	compare_uid_true_root	0	current	3	1000	107.04753999999983	root-paired/literal.json
root	default	root	literal	rootCompareTrue	compare_uid_true_root	0	openldap	3	1000	78.64444700000007	root-paired/literal.json
root	default	root	literal	rootCompareTrue	compare_uid_true_root	0	before	4	1000	101.69009800000005	root-paired/literal.json
root	default	root	literal	rootCompareTrue	compare_uid_true_root	0	current	4	1000	101.75070400000007	root-paired/literal.json
root	default	root	literal	rootCompareTrue	compare_uid_true_root	0	openldap	4	1000	75.97949600000007	root-paired/literal.json
root	default	root	literal	rootCompareTrue	compare_uid_true_root	0	before	5	1000	102.42596499999999	root-paired/literal.json
root	default	root	literal	rootCompareTrue	compare_uid_true_root	0	current	5	1000	103.009036	root-paired/literal.json
root	default	root	literal	rootCompareTrue	compare_uid_true_root	0	openldap	5	1000	76.65821700000014	root-paired/literal.json
root	default	root	literal	rootCompareTrue	compare_uid_true_root	0	before	6	1000	93.91991900000005	root-paired/literal.json
root	default	root	literal	rootCompareTrue	compare_uid_true_root	0	current	6	1000	95.378782	root-paired/literal.json
root	default	root	literal	rootCompareTrue	compare_uid_true_root	0	openldap	6	1000	70.24186899999997	root-paired/literal.json
root	default	root	literal	rootCompareTrue	compare_uid_true_root	0	before	7	1000	106.01710700000005	root-paired/literal.json
root	default	root	literal	rootCompareTrue	compare_uid_true_root	0	current	7	1000	107.81580200000009	root-paired/literal.json
root	default	root	literal	rootCompareTrue	compare_uid_true_root	0	openldap	7	1000	79.99919699999991	root-paired/literal.json
root	default	root	literal	rootCompareFalse	compare_uid_false_root	0	before	1	1000	98.08018599999993	root-paired/literal.json
root	default	root	literal	rootCompareFalse	compare_uid_false_root	0	current	1	1000	99.06243200000009	root-paired/literal.json
root	default	root	literal	rootCompareFalse	compare_uid_false_root	0	openldap	1	1000	73.57013399999997	root-paired/literal.json
root	default	root	literal	rootCompareFalse	compare_uid_false_root	0	before	2	1000	96.91281799999992	root-paired/literal.json
root	default	root	literal	rootCompareFalse	compare_uid_false_root	0	current	2	1000	97.81873299999988	root-paired/literal.json
root	default	root	literal	rootCompareFalse	compare_uid_false_root	0	openldap	2	1000	73.05502200000005	root-paired/literal.json
root	default	root	literal	rootCompareFalse	compare_uid_false_root	0	before	3	1000	104.36719500000015	root-paired/literal.json
root	default	root	literal	rootCompareFalse	compare_uid_false_root	0	current	3	1000	104.17827500000004	root-paired/literal.json
root	default	root	literal	rootCompareFalse	compare_uid_false_root	0	openldap	3	1000	77.313774	root-paired/literal.json
root	default	root	literal	rootCompareFalse	compare_uid_false_root	0	before	4	1000	98.01894400000008	root-paired/literal.json
root	default	root	literal	rootCompareFalse	compare_uid_false_root	0	current	4	1000	99.05350800000015	root-paired/literal.json
root	default	root	literal	rootCompareFalse	compare_uid_false_root	0	openldap	4	1000	73.32087499999986	root-paired/literal.json
root	default	root	literal	rootCompareFalse	compare_uid_false_root	0	before	5	1000	95.78877599999984	root-paired/literal.json
root	default	root	literal	rootCompareFalse	compare_uid_false_root	0	current	5	1000	96.95518700000002	root-paired/literal.json
root	default	root	literal	rootCompareFalse	compare_uid_false_root	0	openldap	5	1000	72.3924240000001	root-paired/literal.json
root	default	root	literal	rootCompareFalse	compare_uid_false_root	0	before	6	1000	96.43260299999996	root-paired/literal.json
root	default	root	literal	rootCompareFalse	compare_uid_false_root	0	current	6	1000	94.83704500000006	root-paired/literal.json
root	default	root	literal	rootCompareFalse	compare_uid_false_root	0	openldap	6	1000	70.90494600000002	root-paired/literal.json
root	default	root	literal	rootCompareFalse	compare_uid_false_root	0	before	7	1000	94.01239699999998	root-paired/literal.json
root	default	root	literal	rootCompareFalse	compare_uid_false_root	0	current	7	1000	94.81917099999986	root-paired/literal.json
root	default	root	literal	rootCompareFalse	compare_uid_false_root	0	openldap	7	1000	70.68836600000006	root-paired/literal.json
root	default	root	normalized	rootBind	simple_bind_root	0	before	1	1000	70.30018100000001	root-paired/normalized.json
root	default	root	normalized	rootBind	simple_bind_root	0	current	1	1000	66.42700999999997	root-paired/normalized.json
root	default	root	normalized	rootBind	simple_bind_root	0	openldap	1	1000	66.09056499999994	root-paired/normalized.json
root	default	root	normalized	rootBind	simple_bind_root	0	before	2	1000	69.54697300000002	root-paired/normalized.json
root	default	root	normalized	rootBind	simple_bind_root	0	current	2	1000	69.42162200000006	root-paired/normalized.json
root	default	root	normalized	rootBind	simple_bind_root	0	openldap	2	1000	66.80663899999995	root-paired/normalized.json
root	default	root	normalized	rootBind	simple_bind_root	0	before	3	1000	70.57275100000003	root-paired/normalized.json
root	default	root	normalized	rootBind	simple_bind_root	0	current	3	1000	69.33334799999997	root-paired/normalized.json
root	default	root	normalized	rootBind	simple_bind_root	0	openldap	3	1000	69.3977940000001	root-paired/normalized.json
root	default	root	normalized	rootBind	simple_bind_root	0	before	4	1000	74.11617100000015	root-paired/normalized.json
root	default	root	normalized	rootBind	simple_bind_root	0	current	4	1000	74.57057299999994	root-paired/normalized.json
root	default	root	normalized	rootBind	simple_bind_root	0	openldap	4	1000	73.87951000000005	root-paired/normalized.json
root	default	root	normalized	rootBind	simple_bind_root	0	before	5	1000	67.52905000000008	root-paired/normalized.json
root	default	root	normalized	rootBind	simple_bind_root	0	current	5	1000	67.48142500000003	root-paired/normalized.json
root	default	root	normalized	rootBind	simple_bind_root	0	openldap	5	1000	66.20737399999996	root-paired/normalized.json
root	default	root	normalized	rootBind	simple_bind_root	0	before	6	1000	68.99373099999995	root-paired/normalized.json
root	default	root	normalized	rootBind	simple_bind_root	0	current	6	1000	68.45245500000003	root-paired/normalized.json
root	default	root	normalized	rootBind	simple_bind_root	0	openldap	6	1000	65.21011899999999	root-paired/normalized.json
root	default	root	normalized	rootBind	simple_bind_root	0	before	7	1000	68.15997199999993	root-paired/normalized.json
root	default	root	normalized	rootBind	simple_bind_root	0	current	7	1000	68.79413300000004	root-paired/normalized.json
root	default	root	normalized	rootBind	simple_bind_root	0	openldap	7	1000	65.9891240000001	root-paired/normalized.json
root	default	root	normalized	rootBase	base_objectclass_root	0	before	1	1000	95.59744700000003	root-paired/normalized.json
root	default	root	normalized	rootBase	base_objectclass_root	0	current	1	1000	97.50541499999996	root-paired/normalized.json
root	default	root	normalized	rootBase	base_objectclass_root	0	openldap	1	1000	78.04338599999994	root-paired/normalized.json
root	default	root	normalized	rootBase	base_objectclass_root	0	before	2	1000	97.44408699999998	root-paired/normalized.json
root	default	root	normalized	rootBase	base_objectclass_root	0	current	2	1000	98.43912299999992	root-paired/normalized.json
root	default	root	normalized	rootBase	base_objectclass_root	0	openldap	2	1000	79.96515900000003	root-paired/normalized.json
root	default	root	normalized	rootBase	base_objectclass_root	0	before	3	1000	94.74719500000006	root-paired/normalized.json
root	default	root	normalized	rootBase	base_objectclass_root	0	current	3	1000	97.3150270000002	root-paired/normalized.json
root	default	root	normalized	rootBase	base_objectclass_root	0	openldap	3	1000	78.74131399999985	root-paired/normalized.json
root	default	root	normalized	rootBase	base_objectclass_root	0	before	4	1000	93.21395300000005	root-paired/normalized.json
root	default	root	normalized	rootBase	base_objectclass_root	0	current	4	1000	93.86380099999998	root-paired/normalized.json
root	default	root	normalized	rootBase	base_objectclass_root	0	openldap	4	1000	77.11012600000008	root-paired/normalized.json
root	default	root	normalized	rootBase	base_objectclass_root	0	before	5	1000	94.26242000000015	root-paired/normalized.json
root	default	root	normalized	rootBase	base_objectclass_root	0	current	5	1000	95.0593749999999	root-paired/normalized.json
root	default	root	normalized	rootBase	base_objectclass_root	0	openldap	5	1000	77.06193199999994	root-paired/normalized.json
root	default	root	normalized	rootBase	base_objectclass_root	0	before	6	1000	96.00575100000009	root-paired/normalized.json
root	default	root	normalized	rootBase	base_objectclass_root	0	current	6	1000	94.82578200000002	root-paired/normalized.json
root	default	root	normalized	rootBase	base_objectclass_root	0	openldap	6	1000	78.95526700000008	root-paired/normalized.json
root	default	root	normalized	rootBase	base_objectclass_root	0	before	7	1000	101.00373099999996	root-paired/normalized.json
root	default	root	normalized	rootBase	base_objectclass_root	0	current	7	1000	100.6607670000001	root-paired/normalized.json
root	default	root	normalized	rootBase	base_objectclass_root	0	openldap	7	1000	82.69148299999996	root-paired/normalized.json
root	default	root	normalized	rootEquality	subtree_uid_equality_root	0	before	1	1000	104.90140999999987	root-paired/normalized.json
root	default	root	normalized	rootEquality	subtree_uid_equality_root	0	current	1	1000	106.73018300000005	root-paired/normalized.json
root	default	root	normalized	rootEquality	subtree_uid_equality_root	0	openldap	1	1000	87.22771300000001	root-paired/normalized.json
root	default	root	normalized	rootEquality	subtree_uid_equality_root	0	before	2	1000	108.22721600000006	root-paired/normalized.json
root	default	root	normalized	rootEquality	subtree_uid_equality_root	0	current	2	1000	108.61420200000002	root-paired/normalized.json
root	default	root	normalized	rootEquality	subtree_uid_equality_root	0	openldap	2	1000	87.38691800000014	root-paired/normalized.json
root	default	root	normalized	rootEquality	subtree_uid_equality_root	0	before	3	1000	109.27829000000006	root-paired/normalized.json
root	default	root	normalized	rootEquality	subtree_uid_equality_root	0	current	3	1000	108.15150199999992	root-paired/normalized.json
root	default	root	normalized	rootEquality	subtree_uid_equality_root	0	openldap	3	1000	87.3728819999999	root-paired/normalized.json
root	default	root	normalized	rootEquality	subtree_uid_equality_root	0	before	4	1000	109.57455799999993	root-paired/normalized.json
root	default	root	normalized	rootEquality	subtree_uid_equality_root	0	current	4	1000	109.108631	root-paired/normalized.json
root	default	root	normalized	rootEquality	subtree_uid_equality_root	0	openldap	4	1000	88.50296800000002	root-paired/normalized.json
root	default	root	normalized	rootEquality	subtree_uid_equality_root	0	before	5	1000	107.0374439999999	root-paired/normalized.json
root	default	root	normalized	rootEquality	subtree_uid_equality_root	0	current	5	1000	106.38811500000001	root-paired/normalized.json
root	default	root	normalized	rootEquality	subtree_uid_equality_root	0	openldap	5	1000	87.4569539999998	root-paired/normalized.json
root	default	root	normalized	rootEquality	subtree_uid_equality_root	0	before	6	1000	108.5739230000001	root-paired/normalized.json
root	default	root	normalized	rootEquality	subtree_uid_equality_root	0	current	6	1000	111.49361499999999	root-paired/normalized.json
root	default	root	normalized	rootEquality	subtree_uid_equality_root	0	openldap	6	1000	87.92246800000008	root-paired/normalized.json
root	default	root	normalized	rootEquality	subtree_uid_equality_root	0	before	7	1000	105.03782599999982	root-paired/normalized.json
root	default	root	normalized	rootEquality	subtree_uid_equality_root	0	current	7	1000	104.743345	root-paired/normalized.json
root	default	root	normalized	rootEquality	subtree_uid_equality_root	0	openldap	7	1000	85.01333199999993	root-paired/normalized.json
root	default	root	normalized	rootCompareTrue	compare_uid_true_root	0	before	1	1000	97.99840399999987	root-paired/normalized.json
root	default	root	normalized	rootCompareTrue	compare_uid_true_root	0	current	1	1000	99.21826500000009	root-paired/normalized.json
root	default	root	normalized	rootCompareTrue	compare_uid_true_root	0	openldap	1	1000	71.52876100000005	root-paired/normalized.json
root	default	root	normalized	rootCompareTrue	compare_uid_true_root	0	before	2	1000	100.84648099999997	root-paired/normalized.json
root	default	root	normalized	rootCompareTrue	compare_uid_true_root	0	current	2	1000	102.56016599999998	root-paired/normalized.json
root	default	root	normalized	rootCompareTrue	compare_uid_true_root	0	openldap	2	1000	74.13636699999986	root-paired/normalized.json
root	default	root	normalized	rootCompareTrue	compare_uid_true_root	0	before	3	1000	98.95941100000003	root-paired/normalized.json
root	default	root	normalized	rootCompareTrue	compare_uid_true_root	0	current	3	1000	100.37805499999995	root-paired/normalized.json
root	default	root	normalized	rootCompareTrue	compare_uid_true_root	0	openldap	3	1000	72.64792600000008	root-paired/normalized.json
root	default	root	normalized	rootCompareTrue	compare_uid_true_root	0	before	4	1000	100.68234000000007	root-paired/normalized.json
root	default	root	normalized	rootCompareTrue	compare_uid_true_root	0	current	4	1000	99.96710600000003	root-paired/normalized.json
root	default	root	normalized	rootCompareTrue	compare_uid_true_root	0	openldap	4	1000	76.62695	root-paired/normalized.json
root	default	root	normalized	rootCompareTrue	compare_uid_true_root	0	before	5	1000	99.91336400000002	root-paired/normalized.json
root	default	root	normalized	rootCompareTrue	compare_uid_true_root	0	current	5	1000	98.84580200000008	root-paired/normalized.json
root	default	root	normalized	rootCompareTrue	compare_uid_true_root	0	openldap	5	1000	71.75281600000002	root-paired/normalized.json
root	default	root	normalized	rootCompareTrue	compare_uid_true_root	0	before	6	1000	122.26218000000016	root-paired/normalized.json
root	default	root	normalized	rootCompareTrue	compare_uid_true_root	0	current	6	1000	123.88188099999996	root-paired/normalized.json
root	default	root	normalized	rootCompareTrue	compare_uid_true_root	0	openldap	6	1000	90.18614799999996	root-paired/normalized.json
root	default	root	normalized	rootCompareTrue	compare_uid_true_root	0	before	7	1000	106.43456800000006	root-paired/normalized.json
root	default	root	normalized	rootCompareTrue	compare_uid_true_root	0	current	7	1000	108.34483399999995	root-paired/normalized.json
root	default	root	normalized	rootCompareTrue	compare_uid_true_root	0	openldap	7	1000	79.32549300000004	root-paired/normalized.json
root	default	root	normalized	rootCompareFalse	compare_uid_false_root	0	before	1	1000	107.97690699999987	root-paired/normalized.json
root	default	root	normalized	rootCompareFalse	compare_uid_false_root	0	current	1	1000	109.4511980000001	root-paired/normalized.json
root	default	root	normalized	rootCompareFalse	compare_uid_false_root	0	openldap	1	1000	77.47574800000007	root-paired/normalized.json
root	default	root	normalized	rootCompareFalse	compare_uid_false_root	0	before	2	1000	110.54670600000003	root-paired/normalized.json
root	default	root	normalized	rootCompareFalse	compare_uid_false_root	0	current	2	1000	113.33953900000003	root-paired/normalized.json
root	default	root	normalized	rootCompareFalse	compare_uid_false_root	0	openldap	2	1000	80.8559240000001	root-paired/normalized.json
root	default	root	normalized	rootCompareFalse	compare_uid_false_root	0	before	3	1000	109.60029400000002	root-paired/normalized.json
root	default	root	normalized	rootCompareFalse	compare_uid_false_root	0	current	3	1000	109.14018000000021	root-paired/normalized.json
root	default	root	normalized	rootCompareFalse	compare_uid_false_root	0	openldap	3	1000	79.06657500000001	root-paired/normalized.json
root	default	root	normalized	rootCompareFalse	compare_uid_false_root	0	before	4	1000	92.61565000000002	root-paired/normalized.json
root	default	root	normalized	rootCompareFalse	compare_uid_false_root	0	current	4	1000	94.84119700000008	root-paired/normalized.json
root	default	root	normalized	rootCompareFalse	compare_uid_false_root	0	openldap	4	1000	68.96044399999998	root-paired/normalized.json
root	default	root	normalized	rootCompareFalse	compare_uid_false_root	0	before	5	1000	105.01109100000012	root-paired/normalized.json
root	default	root	normalized	rootCompareFalse	compare_uid_false_root	0	current	5	1000	104.71128399999999	root-paired/normalized.json
root	default	root	normalized	rootCompareFalse	compare_uid_false_root	0	openldap	5	1000	75.39154599999992	root-paired/normalized.json
root	default	root	normalized	rootCompareFalse	compare_uid_false_root	0	before	6	1000	105.83712399999996	root-paired/normalized.json
root	default	root	normalized	rootCompareFalse	compare_uid_false_root	0	current	6	1000	104.8293719999999	root-paired/normalized.json
root	default	root	normalized	rootCompareFalse	compare_uid_false_root	0	openldap	6	1000	78.28377799999994	root-paired/normalized.json
root	default	root	normalized	rootCompareFalse	compare_uid_false_root	0	before	7	1000	107.66537400000009	root-paired/normalized.json
root	default	root	normalized	rootCompareFalse	compare_uid_false_root	0	current	7	1000	106.31688899999985	root-paired/normalized.json
root	default	root	normalized	rootCompareFalse	compare_uid_false_root	0	openldap	7	1000	79.018446	root-paired/normalized.json
group-compare	explicit	nonroot	groups	groupCompareTrueFirst	compare_member_true_first	10	before	1	1000	89.6238399999999	explicit-group-compare/groups.json
group-compare	explicit	nonroot	groups	groupCompareTrueFirst	compare_member_true_first	10	current	1	1000	92.589462	explicit-group-compare/groups.json
group-compare	explicit	nonroot	groups	groupCompareTrueFirst	compare_member_true_first	10	openldap	1	1000	75.85620800000002	explicit-group-compare/groups.json
group-compare	explicit	nonroot	groups	groupCompareTrueFirst	compare_member_true_first	10	before	2	1000	90.69073600000002	explicit-group-compare/groups.json
group-compare	explicit	nonroot	groups	groupCompareTrueFirst	compare_member_true_first	10	current	2	1000	89.90731199999996	explicit-group-compare/groups.json
group-compare	explicit	nonroot	groups	groupCompareTrueFirst	compare_member_true_first	10	openldap	2	1000	74.762741	explicit-group-compare/groups.json
group-compare	explicit	nonroot	groups	groupCompareTrueFirst	compare_member_true_first	10	before	3	1000	89.55791700000002	explicit-group-compare/groups.json
group-compare	explicit	nonroot	groups	groupCompareTrueFirst	compare_member_true_first	10	current	3	1000	89.99891900000004	explicit-group-compare/groups.json
group-compare	explicit	nonroot	groups	groupCompareTrueFirst	compare_member_true_first	10	openldap	3	1000	74.49562599999996	explicit-group-compare/groups.json
group-compare	explicit	nonroot	groups	groupCompareTrueFirst	compare_member_true_first	10	before	4	1000	97.56950199999999	explicit-group-compare/groups.json
group-compare	explicit	nonroot	groups	groupCompareTrueFirst	compare_member_true_first	10	current	4	1000	96.69595299999993	explicit-group-compare/groups.json
group-compare	explicit	nonroot	groups	groupCompareTrueFirst	compare_member_true_first	10	openldap	4	1000	79.41892099999994	explicit-group-compare/groups.json
group-compare	explicit	nonroot	groups	groupCompareTrueFirst	compare_member_true_first	10	before	5	1000	90.045837	explicit-group-compare/groups.json
group-compare	explicit	nonroot	groups	groupCompareTrueFirst	compare_member_true_first	10	current	5	1000	90.63837599999998	explicit-group-compare/groups.json
group-compare	explicit	nonroot	groups	groupCompareTrueFirst	compare_member_true_first	10	openldap	5	1000	75.24711299999986	explicit-group-compare/groups.json
group-compare	explicit	nonroot	groups	groupCompareTrueFirst	compare_member_true_first	10	before	6	1000	90.73457500000006	explicit-group-compare/groups.json
group-compare	explicit	nonroot	groups	groupCompareTrueFirst	compare_member_true_first	10	current	6	1000	92.19140900000001	explicit-group-compare/groups.json
group-compare	explicit	nonroot	groups	groupCompareTrueFirst	compare_member_true_first	10	openldap	6	1000	75.33066999999996	explicit-group-compare/groups.json
group-compare	explicit	nonroot	groups	groupCompareTrueFirst	compare_member_true_first	10	before	7	1000	88.625672	explicit-group-compare/groups.json
group-compare	explicit	nonroot	groups	groupCompareTrueFirst	compare_member_true_first	10	current	7	1000	88.77819300000004	explicit-group-compare/groups.json
group-compare	explicit	nonroot	groups	groupCompareTrueFirst	compare_member_true_first	10	openldap	7	1000	75.49087199999995	explicit-group-compare/groups.json
group-compare	explicit	nonroot	groups	groupCompareTrueFirst	compare_member_true_first	1000	before	1	1000	99.24187400000011	explicit-group-compare/groups.json
group-compare	explicit	nonroot	groups	groupCompareTrueFirst	compare_member_true_first	1000	current	1	1000	103.68361899999988	explicit-group-compare/groups.json
group-compare	explicit	nonroot	groups	groupCompareTrueFirst	compare_member_true_first	1000	openldap	1	1000	77.7308659999999	explicit-group-compare/groups.json
group-compare	explicit	nonroot	groups	groupCompareTrueFirst	compare_member_true_first	1000	before	2	1000	103.71853599999987	explicit-group-compare/groups.json
group-compare	explicit	nonroot	groups	groupCompareTrueFirst	compare_member_true_first	1000	current	2	1000	99.56378199999996	explicit-group-compare/groups.json
group-compare	explicit	nonroot	groups	groupCompareTrueFirst	compare_member_true_first	1000	openldap	2	1000	77.50824400000002	explicit-group-compare/groups.json
group-compare	explicit	nonroot	groups	groupCompareTrueFirst	compare_member_true_first	1000	before	3	1000	99.64884999999997	explicit-group-compare/groups.json
group-compare	explicit	nonroot	groups	groupCompareTrueFirst	compare_member_true_first	1000	current	3	1000	100.97982500000009	explicit-group-compare/groups.json
group-compare	explicit	nonroot	groups	groupCompareTrueFirst	compare_member_true_first	1000	openldap	3	1000	77.12481100000002	explicit-group-compare/groups.json
group-compare	explicit	nonroot	groups	groupCompareTrueFirst	compare_member_true_first	1000	before	4	1000	98.50195200000006	explicit-group-compare/groups.json
group-compare	explicit	nonroot	groups	groupCompareTrueFirst	compare_member_true_first	1000	current	4	1000	99.80113700000011	explicit-group-compare/groups.json
group-compare	explicit	nonroot	groups	groupCompareTrueFirst	compare_member_true_first	1000	openldap	4	1000	77.44860299999999	explicit-group-compare/groups.json
group-compare	explicit	nonroot	groups	groupCompareTrueFirst	compare_member_true_first	1000	before	5	1000	105.25889700000013	explicit-group-compare/groups.json
group-compare	explicit	nonroot	groups	groupCompareTrueFirst	compare_member_true_first	1000	current	5	1000	105.79294600000001	explicit-group-compare/groups.json
group-compare	explicit	nonroot	groups	groupCompareTrueFirst	compare_member_true_first	1000	openldap	5	1000	82.0486589999999	explicit-group-compare/groups.json
group-compare	explicit	nonroot	groups	groupCompareTrueFirst	compare_member_true_first	1000	before	6	1000	100.26945299999987	explicit-group-compare/groups.json
group-compare	explicit	nonroot	groups	groupCompareTrueFirst	compare_member_true_first	1000	current	6	1000	100.3421030000002	explicit-group-compare/groups.json
group-compare	explicit	nonroot	groups	groupCompareTrueFirst	compare_member_true_first	1000	openldap	6	1000	78.07341899999996	explicit-group-compare/groups.json
group-compare	explicit	nonroot	groups	groupCompareTrueFirst	compare_member_true_first	1000	before	7	1000	101.03908799999998	explicit-group-compare/groups.json
group-compare	explicit	nonroot	groups	groupCompareTrueFirst	compare_member_true_first	1000	current	7	1000	104.31187200000006	explicit-group-compare/groups.json
group-compare	explicit	nonroot	groups	groupCompareTrueFirst	compare_member_true_first	1000	openldap	7	1000	81.192376	explicit-group-compare/groups.json
group-compare	explicit	nonroot	groups	groupCompareTrueLast	compare_member_true_last	10	before	1	1000	91.59191699999991	explicit-group-compare/groups.json
group-compare	explicit	nonroot	groups	groupCompareTrueLast	compare_member_true_last	10	current	1	1000	92.89738099999991	explicit-group-compare/groups.json
group-compare	explicit	nonroot	groups	groupCompareTrueLast	compare_member_true_last	10	openldap	1	1000	73.671958	explicit-group-compare/groups.json
group-compare	explicit	nonroot	groups	groupCompareTrueLast	compare_member_true_last	10	before	2	1000	87.38567999999992	explicit-group-compare/groups.json
group-compare	explicit	nonroot	groups	groupCompareTrueLast	compare_member_true_last	10	current	2	1000	90.078753	explicit-group-compare/groups.json
group-compare	explicit	nonroot	groups	groupCompareTrueLast	compare_member_true_last	10	openldap	2	1000	73.20170200000001	explicit-group-compare/groups.json
group-compare	explicit	nonroot	groups	groupCompareTrueLast	compare_member_true_last	10	before	3	1000	121.83450500000009	explicit-group-compare/groups.json
group-compare	explicit	nonroot	groups	groupCompareTrueLast	compare_member_true_last	10	current	3	1000	103.51960899999992	explicit-group-compare/groups.json
group-compare	explicit	nonroot	groups	groupCompareTrueLast	compare_member_true_last	10	openldap	3	1000	83.37449799999995	explicit-group-compare/groups.json
group-compare	explicit	nonroot	groups	groupCompareTrueLast	compare_member_true_last	10	before	4	1000	90.62187299999992	explicit-group-compare/groups.json
group-compare	explicit	nonroot	groups	groupCompareTrueLast	compare_member_true_last	10	current	4	1000	92.94323600000021	explicit-group-compare/groups.json
group-compare	explicit	nonroot	groups	groupCompareTrueLast	compare_member_true_last	10	openldap	4	1000	74.05350800000001	explicit-group-compare/groups.json
group-compare	explicit	nonroot	groups	groupCompareTrueLast	compare_member_true_last	10	before	5	1000	93.91224499999993	explicit-group-compare/groups.json
group-compare	explicit	nonroot	groups	groupCompareTrueLast	compare_member_true_last	10	current	5	1000	91.96696499999996	explicit-group-compare/groups.json
group-compare	explicit	nonroot	groups	groupCompareTrueLast	compare_member_true_last	10	openldap	5	1000	73.41629	explicit-group-compare/groups.json
group-compare	explicit	nonroot	groups	groupCompareTrueLast	compare_member_true_last	10	before	6	1000	89.91513199999994	explicit-group-compare/groups.json
group-compare	explicit	nonroot	groups	groupCompareTrueLast	compare_member_true_last	10	current	6	1000	90.43595000000003	explicit-group-compare/groups.json
group-compare	explicit	nonroot	groups	groupCompareTrueLast	compare_member_true_last	10	openldap	6	1000	73.46456099999996	explicit-group-compare/groups.json
group-compare	explicit	nonroot	groups	groupCompareTrueLast	compare_member_true_last	10	before	7	1000	90.80295800000002	explicit-group-compare/groups.json
group-compare	explicit	nonroot	groups	groupCompareTrueLast	compare_member_true_last	10	current	7	1000	91.5375579999999	explicit-group-compare/groups.json
group-compare	explicit	nonroot	groups	groupCompareTrueLast	compare_member_true_last	10	openldap	7	1000	77.57427300000013	explicit-group-compare/groups.json
group-compare	explicit	nonroot	groups	groupCompareTrueLast	compare_member_true_last	1000	before	1	1000	149.42654700000014	explicit-group-compare/groups.json
group-compare	explicit	nonroot	groups	groupCompareTrueLast	compare_member_true_last	1000	current	1	1000	147.10138600000002	explicit-group-compare/groups.json
group-compare	explicit	nonroot	groups	groupCompareTrueLast	compare_member_true_last	1000	openldap	1	1000	83.44958800000003	explicit-group-compare/groups.json
group-compare	explicit	nonroot	groups	groupCompareTrueLast	compare_member_true_last	1000	before	2	1000	149.39125300000006	explicit-group-compare/groups.json
group-compare	explicit	nonroot	groups	groupCompareTrueLast	compare_member_true_last	1000	current	2	1000	144.82470200000034	explicit-group-compare/groups.json
group-compare	explicit	nonroot	groups	groupCompareTrueLast	compare_member_true_last	1000	openldap	2	1000	82.30895599999995	explicit-group-compare/groups.json
group-compare	explicit	nonroot	groups	groupCompareTrueLast	compare_member_true_last	1000	before	3	1000	145.69112900000016	explicit-group-compare/groups.json
group-compare	explicit	nonroot	groups	groupCompareTrueLast	compare_member_true_last	1000	current	3	1000	148.06863900000005	explicit-group-compare/groups.json
group-compare	explicit	nonroot	groups	groupCompareTrueLast	compare_member_true_last	1000	openldap	3	1000	85.76895900000012	explicit-group-compare/groups.json
group-compare	explicit	nonroot	groups	groupCompareTrueLast	compare_member_true_last	1000	before	4	1000	151.77499000000006	explicit-group-compare/groups.json
group-compare	explicit	nonroot	groups	groupCompareTrueLast	compare_member_true_last	1000	current	4	1000	146.445291	explicit-group-compare/groups.json
group-compare	explicit	nonroot	groups	groupCompareTrueLast	compare_member_true_last	1000	openldap	4	1000	87.00888599999996	explicit-group-compare/groups.json
group-compare	explicit	nonroot	groups	groupCompareTrueLast	compare_member_true_last	1000	before	5	1000	147.38226099999994	explicit-group-compare/groups.json
group-compare	explicit	nonroot	groups	groupCompareTrueLast	compare_member_true_last	1000	current	5	1000	145.66499399999978	explicit-group-compare/groups.json
group-compare	explicit	nonroot	groups	groupCompareTrueLast	compare_member_true_last	1000	openldap	5	1000	83.08786400000004	explicit-group-compare/groups.json
group-compare	explicit	nonroot	groups	groupCompareTrueLast	compare_member_true_last	1000	before	6	1000	144.27581399999977	explicit-group-compare/groups.json
group-compare	explicit	nonroot	groups	groupCompareTrueLast	compare_member_true_last	1000	current	6	1000	145.15498400000004	explicit-group-compare/groups.json
group-compare	explicit	nonroot	groups	groupCompareTrueLast	compare_member_true_last	1000	openldap	6	1000	81.86437799999992	explicit-group-compare/groups.json
group-compare	explicit	nonroot	groups	groupCompareTrueLast	compare_member_true_last	1000	before	7	1000	150.57961500000016	explicit-group-compare/groups.json
group-compare	explicit	nonroot	groups	groupCompareTrueLast	compare_member_true_last	1000	current	7	1000	147.03628500000002	explicit-group-compare/groups.json
group-compare	explicit	nonroot	groups	groupCompareTrueLast	compare_member_true_last	1000	openldap	7	1000	82.61874100000001	explicit-group-compare/groups.json
group-compare	explicit	nonroot	groups	groupCompareFalse	compare_member_false_missing	10	before	1	1000	115.36544800000003	explicit-group-compare/groups.json
group-compare	explicit	nonroot	groups	groupCompareFalse	compare_member_false_missing	10	current	1	1000	117.18855400000007	explicit-group-compare/groups.json
group-compare	explicit	nonroot	groups	groupCompareFalse	compare_member_false_missing	10	openldap	1	1000	90.65090700000005	explicit-group-compare/groups.json
group-compare	explicit	nonroot	groups	groupCompareFalse	compare_member_false_missing	10	before	2	1000	92.7485190000001	explicit-group-compare/groups.json
group-compare	explicit	nonroot	groups	groupCompareFalse	compare_member_false_missing	10	current	2	1000	92.78341200000011	explicit-group-compare/groups.json
group-compare	explicit	nonroot	groups	groupCompareFalse	compare_member_false_missing	10	openldap	2	1000	74.56734900000014	explicit-group-compare/groups.json
group-compare	explicit	nonroot	groups	groupCompareFalse	compare_member_false_missing	10	before	3	1000	99.63871200000006	explicit-group-compare/groups.json
group-compare	explicit	nonroot	groups	groupCompareFalse	compare_member_false_missing	10	current	3	1000	101.02239700000007	explicit-group-compare/groups.json
group-compare	explicit	nonroot	groups	groupCompareFalse	compare_member_false_missing	10	openldap	3	1000	80.58907799999993	explicit-group-compare/groups.json
group-compare	explicit	nonroot	groups	groupCompareFalse	compare_member_false_missing	10	before	4	1000	95.84913099999996	explicit-group-compare/groups.json
group-compare	explicit	nonroot	groups	groupCompareFalse	compare_member_false_missing	10	current	4	1000	97.84345899999992	explicit-group-compare/groups.json
group-compare	explicit	nonroot	groups	groupCompareFalse	compare_member_false_missing	10	openldap	4	1000	78.22028700000007	explicit-group-compare/groups.json
group-compare	explicit	nonroot	groups	groupCompareFalse	compare_member_false_missing	10	before	5	1000	99.45475899999995	explicit-group-compare/groups.json
group-compare	explicit	nonroot	groups	groupCompareFalse	compare_member_false_missing	10	current	5	1000	99.82955099999997	explicit-group-compare/groups.json
group-compare	explicit	nonroot	groups	groupCompareFalse	compare_member_false_missing	10	openldap	5	1000	82.16061600000005	explicit-group-compare/groups.json
group-compare	explicit	nonroot	groups	groupCompareFalse	compare_member_false_missing	10	before	6	1000	97.78163299999984	explicit-group-compare/groups.json
group-compare	explicit	nonroot	groups	groupCompareFalse	compare_member_false_missing	10	current	6	1000	99.26178799999998	explicit-group-compare/groups.json
group-compare	explicit	nonroot	groups	groupCompareFalse	compare_member_false_missing	10	openldap	6	1000	78.1814739999999	explicit-group-compare/groups.json
group-compare	explicit	nonroot	groups	groupCompareFalse	compare_member_false_missing	10	before	7	1000	96.44946399999995	explicit-group-compare/groups.json
group-compare	explicit	nonroot	groups	groupCompareFalse	compare_member_false_missing	10	current	7	1000	99.498796	explicit-group-compare/groups.json
group-compare	explicit	nonroot	groups	groupCompareFalse	compare_member_false_missing	10	openldap	7	1000	78.56911899999987	explicit-group-compare/groups.json
group-compare	explicit	nonroot	groups	groupCompareFalse	compare_member_false_missing	1000	before	1	1000	151.42631400000016	explicit-group-compare/groups.json
group-compare	explicit	nonroot	groups	groupCompareFalse	compare_member_false_missing	1000	current	1	1000	154.09666700000008	explicit-group-compare/groups.json
group-compare	explicit	nonroot	groups	groupCompareFalse	compare_member_false_missing	1000	openldap	1	1000	90.18061699999994	explicit-group-compare/groups.json
group-compare	explicit	nonroot	groups	groupCompareFalse	compare_member_false_missing	1000	before	2	1000	148.51978	explicit-group-compare/groups.json
group-compare	explicit	nonroot	groups	groupCompareFalse	compare_member_false_missing	1000	current	2	1000	149.89391900000012	explicit-group-compare/groups.json
group-compare	explicit	nonroot	groups	groupCompareFalse	compare_member_false_missing	1000	openldap	2	1000	88.73009600000023	explicit-group-compare/groups.json
group-compare	explicit	nonroot	groups	groupCompareFalse	compare_member_false_missing	1000	before	3	1000	149.48615800000016	explicit-group-compare/groups.json
group-compare	explicit	nonroot	groups	groupCompareFalse	compare_member_false_missing	1000	current	3	1000	151.0861410000002	explicit-group-compare/groups.json
group-compare	explicit	nonroot	groups	groupCompareFalse	compare_member_false_missing	1000	openldap	3	1000	88.22359400000002	explicit-group-compare/groups.json
group-compare	explicit	nonroot	groups	groupCompareFalse	compare_member_false_missing	1000	before	4	1000	143.55283300000008	explicit-group-compare/groups.json
group-compare	explicit	nonroot	groups	groupCompareFalse	compare_member_false_missing	1000	current	4	1000	148.10674200000017	explicit-group-compare/groups.json
group-compare	explicit	nonroot	groups	groupCompareFalse	compare_member_false_missing	1000	openldap	4	1000	86.48216499999995	explicit-group-compare/groups.json
group-compare	explicit	nonroot	groups	groupCompareFalse	compare_member_false_missing	1000	before	5	1000	148.51566799999998	explicit-group-compare/groups.json
group-compare	explicit	nonroot	groups	groupCompareFalse	compare_member_false_missing	1000	current	5	1000	149.96381	explicit-group-compare/groups.json
group-compare	explicit	nonroot	groups	groupCompareFalse	compare_member_false_missing	1000	openldap	5	1000	88.27291299999997	explicit-group-compare/groups.json
group-compare	explicit	nonroot	groups	groupCompareFalse	compare_member_false_missing	1000	before	6	1000	146.32537799999986	explicit-group-compare/groups.json
group-compare	explicit	nonroot	groups	groupCompareFalse	compare_member_false_missing	1000	current	6	1000	143.25961299999997	explicit-group-compare/groups.json
group-compare	explicit	nonroot	groups	groupCompareFalse	compare_member_false_missing	1000	openldap	6	1000	87.12195800000006	explicit-group-compare/groups.json
group-compare	explicit	nonroot	groups	groupCompareFalse	compare_member_false_missing	1000	before	7	1000	146.27315499999992	explicit-group-compare/groups.json
group-compare	explicit	nonroot	groups	groupCompareFalse	compare_member_false_missing	1000	current	7	1000	146.59963499999986	explicit-group-compare/groups.json
group-compare	explicit	nonroot	groups	groupCompareFalse	compare_member_false_missing	1000	openldap	7	1000	84.53744400000001	explicit-group-compare/groups.json
group-compare	default	nonroot	groups	groupCompareTrueFirst	compare_member_true_first	10	before	1	1000	90.89584400000004	default-group-compare/groups.json
group-compare	default	nonroot	groups	groupCompareTrueFirst	compare_member_true_first	10	current	1	1000	91.56072000000002	default-group-compare/groups.json
group-compare	default	nonroot	groups	groupCompareTrueFirst	compare_member_true_first	10	openldap	1	1000	75.955471	default-group-compare/groups.json
group-compare	default	nonroot	groups	groupCompareTrueFirst	compare_member_true_first	10	before	2	1000	97.71630199999983	default-group-compare/groups.json
group-compare	default	nonroot	groups	groupCompareTrueFirst	compare_member_true_first	10	current	2	1000	99.15624500000011	default-group-compare/groups.json
group-compare	default	nonroot	groups	groupCompareTrueFirst	compare_member_true_first	10	openldap	2	1000	82.57937300000017	default-group-compare/groups.json
group-compare	default	nonroot	groups	groupCompareTrueFirst	compare_member_true_first	10	before	3	1000	91.63053399999993	default-group-compare/groups.json
group-compare	default	nonroot	groups	groupCompareTrueFirst	compare_member_true_first	10	current	3	1000	93.90991799999992	default-group-compare/groups.json
group-compare	default	nonroot	groups	groupCompareTrueFirst	compare_member_true_first	10	openldap	3	1000	77.03412599999987	default-group-compare/groups.json
group-compare	default	nonroot	groups	groupCompareTrueFirst	compare_member_true_first	10	before	4	1000	88.45492600000007	default-group-compare/groups.json
group-compare	default	nonroot	groups	groupCompareTrueFirst	compare_member_true_first	10	current	4	1000	89.64529899999995	default-group-compare/groups.json
group-compare	default	nonroot	groups	groupCompareTrueFirst	compare_member_true_first	10	openldap	4	1000	76.63610400000002	default-group-compare/groups.json
group-compare	default	nonroot	groups	groupCompareTrueFirst	compare_member_true_first	10	before	5	1000	87.1577640000001	default-group-compare/groups.json
group-compare	default	nonroot	groups	groupCompareTrueFirst	compare_member_true_first	10	current	5	1000	87.66117399999992	default-group-compare/groups.json
group-compare	default	nonroot	groups	groupCompareTrueFirst	compare_member_true_first	10	openldap	5	1000	73.0195279999999	default-group-compare/groups.json
group-compare	default	nonroot	groups	groupCompareTrueFirst	compare_member_true_first	10	before	6	1000	88.41729299999993	default-group-compare/groups.json
group-compare	default	nonroot	groups	groupCompareTrueFirst	compare_member_true_first	10	current	6	1000	88.92416599999994	default-group-compare/groups.json
group-compare	default	nonroot	groups	groupCompareTrueFirst	compare_member_true_first	10	openldap	6	1000	75.12597399999996	default-group-compare/groups.json
group-compare	default	nonroot	groups	groupCompareTrueFirst	compare_member_true_first	10	before	7	1000	90.97423200000001	default-group-compare/groups.json
group-compare	default	nonroot	groups	groupCompareTrueFirst	compare_member_true_first	10	current	7	1000	91.93249900000002	default-group-compare/groups.json
group-compare	default	nonroot	groups	groupCompareTrueFirst	compare_member_true_first	10	openldap	7	1000	76.25104199999981	default-group-compare/groups.json
group-compare	default	nonroot	groups	groupCompareTrueFirst	compare_member_true_first	1000	before	1	1000	99.99598700000016	default-group-compare/groups.json
group-compare	default	nonroot	groups	groupCompareTrueFirst	compare_member_true_first	1000	current	1	1000	99.08802999999993	default-group-compare/groups.json
group-compare	default	nonroot	groups	groupCompareTrueFirst	compare_member_true_first	1000	openldap	1	1000	79.46158399999999	default-group-compare/groups.json
group-compare	default	nonroot	groups	groupCompareTrueFirst	compare_member_true_first	1000	before	2	1000	105.33897199999983	default-group-compare/groups.json
group-compare	default	nonroot	groups	groupCompareTrueFirst	compare_member_true_first	1000	current	2	1000	111.11353499999997	default-group-compare/groups.json
group-compare	default	nonroot	groups	groupCompareTrueFirst	compare_member_true_first	1000	openldap	2	1000	82.10442500000002	default-group-compare/groups.json
group-compare	default	nonroot	groups	groupCompareTrueFirst	compare_member_true_first	1000	before	3	1000	101.38229399999997	default-group-compare/groups.json
group-compare	default	nonroot	groups	groupCompareTrueFirst	compare_member_true_first	1000	current	3	1000	101.90921700000006	default-group-compare/groups.json
group-compare	default	nonroot	groups	groupCompareTrueFirst	compare_member_true_first	1000	openldap	3	1000	82.10987500000003	default-group-compare/groups.json
group-compare	default	nonroot	groups	groupCompareTrueFirst	compare_member_true_first	1000	before	4	1000	118.90560599999993	default-group-compare/groups.json
group-compare	default	nonroot	groups	groupCompareTrueFirst	compare_member_true_first	1000	current	4	1000	116.34435399999995	default-group-compare/groups.json
group-compare	default	nonroot	groups	groupCompareTrueFirst	compare_member_true_first	1000	openldap	4	1000	90.67981100000006	default-group-compare/groups.json
group-compare	default	nonroot	groups	groupCompareTrueFirst	compare_member_true_first	1000	before	5	1000	109.7001160000002	default-group-compare/groups.json
group-compare	default	nonroot	groups	groupCompareTrueFirst	compare_member_true_first	1000	current	5	1000	110.87520700000017	default-group-compare/groups.json
group-compare	default	nonroot	groups	groupCompareTrueFirst	compare_member_true_first	1000	openldap	5	1000	88.43422599999997	default-group-compare/groups.json
group-compare	default	nonroot	groups	groupCompareTrueFirst	compare_member_true_first	1000	before	6	1000	111.27488200000003	default-group-compare/groups.json
group-compare	default	nonroot	groups	groupCompareTrueFirst	compare_member_true_first	1000	current	6	1000	111.5314289999999	default-group-compare/groups.json
group-compare	default	nonroot	groups	groupCompareTrueFirst	compare_member_true_first	1000	openldap	6	1000	82.13689699999993	default-group-compare/groups.json
group-compare	default	nonroot	groups	groupCompareTrueFirst	compare_member_true_first	1000	before	7	1000	100.61139799999991	default-group-compare/groups.json
group-compare	default	nonroot	groups	groupCompareTrueFirst	compare_member_true_first	1000	current	7	1000	102.12468899999999	default-group-compare/groups.json
group-compare	default	nonroot	groups	groupCompareTrueFirst	compare_member_true_first	1000	openldap	7	1000	79.86226899999994	default-group-compare/groups.json
group-compare	default	nonroot	groups	groupCompareTrueLast	compare_member_true_last	10	before	1	1000	90.20016000000004	default-group-compare/groups.json
group-compare	default	nonroot	groups	groupCompareTrueLast	compare_member_true_last	10	current	1	1000	90.75616999999997	default-group-compare/groups.json
group-compare	default	nonroot	groups	groupCompareTrueLast	compare_member_true_last	10	openldap	1	1000	74.361406	default-group-compare/groups.json
group-compare	default	nonroot	groups	groupCompareTrueLast	compare_member_true_last	10	before	2	1000	89.12244899999996	default-group-compare/groups.json
group-compare	default	nonroot	groups	groupCompareTrueLast	compare_member_true_last	10	current	2	1000	90.49016899999994	default-group-compare/groups.json
group-compare	default	nonroot	groups	groupCompareTrueLast	compare_member_true_last	10	openldap	2	1000	73.6180729999999	default-group-compare/groups.json
group-compare	default	nonroot	groups	groupCompareTrueLast	compare_member_true_last	10	before	3	1000	92.39304799999991	default-group-compare/groups.json
group-compare	default	nonroot	groups	groupCompareTrueLast	compare_member_true_last	10	current	3	1000	93.37538999999992	default-group-compare/groups.json
group-compare	default	nonroot	groups	groupCompareTrueLast	compare_member_true_last	10	openldap	3	1000	75.38788700000005	default-group-compare/groups.json
group-compare	default	nonroot	groups	groupCompareTrueLast	compare_member_true_last	10	before	4	1000	89.6652	default-group-compare/groups.json
group-compare	default	nonroot	groups	groupCompareTrueLast	compare_member_true_last	10	current	4	1000	90.59914299999994	default-group-compare/groups.json
group-compare	default	nonroot	groups	groupCompareTrueLast	compare_member_true_last	10	openldap	4	1000	74.69766099999993	default-group-compare/groups.json
group-compare	default	nonroot	groups	groupCompareTrueLast	compare_member_true_last	10	before	5	1000	87.92472499999997	default-group-compare/groups.json
group-compare	default	nonroot	groups	groupCompareTrueLast	compare_member_true_last	10	current	5	1000	88.454279	default-group-compare/groups.json
group-compare	default	nonroot	groups	groupCompareTrueLast	compare_member_true_last	10	openldap	5	1000	73.01721700000007	default-group-compare/groups.json
group-compare	default	nonroot	groups	groupCompareTrueLast	compare_member_true_last	10	before	6	1000	89.80163399999998	default-group-compare/groups.json
group-compare	default	nonroot	groups	groupCompareTrueLast	compare_member_true_last	10	current	6	1000	89.76032199999999	default-group-compare/groups.json
group-compare	default	nonroot	groups	groupCompareTrueLast	compare_member_true_last	10	openldap	6	1000	72.937839	default-group-compare/groups.json
group-compare	default	nonroot	groups	groupCompareTrueLast	compare_member_true_last	10	before	7	1000	91.3232899999999	default-group-compare/groups.json
group-compare	default	nonroot	groups	groupCompareTrueLast	compare_member_true_last	10	current	7	1000	90.42399900000007	default-group-compare/groups.json
group-compare	default	nonroot	groups	groupCompareTrueLast	compare_member_true_last	10	openldap	7	1000	74.14138300000008	default-group-compare/groups.json
group-compare	default	nonroot	groups	groupCompareTrueLast	compare_member_true_last	1000	before	1	1000	142.84796500000007	default-group-compare/groups.json
group-compare	default	nonroot	groups	groupCompareTrueLast	compare_member_true_last	1000	current	1	1000	144.464779	default-group-compare/groups.json
group-compare	default	nonroot	groups	groupCompareTrueLast	compare_member_true_last	1000	openldap	1	1000	81.55635099999998	default-group-compare/groups.json
group-compare	default	nonroot	groups	groupCompareTrueLast	compare_member_true_last	1000	before	2	1000	143.27195099999994	default-group-compare/groups.json
group-compare	default	nonroot	groups	groupCompareTrueLast	compare_member_true_last	1000	current	2	1000	143.5667600000002	default-group-compare/groups.json
group-compare	default	nonroot	groups	groupCompareTrueLast	compare_member_true_last	1000	openldap	2	1000	84.84082900000008	default-group-compare/groups.json
group-compare	default	nonroot	groups	groupCompareTrueLast	compare_member_true_last	1000	before	3	1000	148.4268970000001	default-group-compare/groups.json
group-compare	default	nonroot	groups	groupCompareTrueLast	compare_member_true_last	1000	current	3	1000	152.22435899999994	default-group-compare/groups.json
group-compare	default	nonroot	groups	groupCompareTrueLast	compare_member_true_last	1000	openldap	3	1000	84.7566969999999	default-group-compare/groups.json
group-compare	default	nonroot	groups	groupCompareTrueLast	compare_member_true_last	1000	before	4	1000	164.145207	default-group-compare/groups.json
group-compare	default	nonroot	groups	groupCompareTrueLast	compare_member_true_last	1000	current	4	1000	160.8453430000002	default-group-compare/groups.json
group-compare	default	nonroot	groups	groupCompareTrueLast	compare_member_true_last	1000	openldap	4	1000	94.89128199999998	default-group-compare/groups.json
group-compare	default	nonroot	groups	groupCompareTrueLast	compare_member_true_last	1000	before	5	1000	143.65099400000008	default-group-compare/groups.json
group-compare	default	nonroot	groups	groupCompareTrueLast	compare_member_true_last	1000	current	5	1000	147.1397090000001	default-group-compare/groups.json
group-compare	default	nonroot	groups	groupCompareTrueLast	compare_member_true_last	1000	openldap	5	1000	82.07899599999995	default-group-compare/groups.json
group-compare	default	nonroot	groups	groupCompareTrueLast	compare_member_true_last	1000	before	6	1000	144.58972900000003	default-group-compare/groups.json
group-compare	default	nonroot	groups	groupCompareTrueLast	compare_member_true_last	1000	current	6	1000	143.81274299999978	default-group-compare/groups.json
group-compare	default	nonroot	groups	groupCompareTrueLast	compare_member_true_last	1000	openldap	6	1000	82.27048300000018	default-group-compare/groups.json
group-compare	default	nonroot	groups	groupCompareTrueLast	compare_member_true_last	1000	before	7	1000	140.15986299999977	default-group-compare/groups.json
group-compare	default	nonroot	groups	groupCompareTrueLast	compare_member_true_last	1000	current	7	1000	142.00114499999992	default-group-compare/groups.json
group-compare	default	nonroot	groups	groupCompareTrueLast	compare_member_true_last	1000	openldap	7	1000	80.04308800000024	default-group-compare/groups.json
group-compare	default	nonroot	groups	groupCompareFalse	compare_member_false_missing	10	before	1	1000	96.36730200000007	default-group-compare/groups.json
group-compare	default	nonroot	groups	groupCompareFalse	compare_member_false_missing	10	current	1	1000	98.64560700000013	default-group-compare/groups.json
group-compare	default	nonroot	groups	groupCompareFalse	compare_member_false_missing	10	openldap	1	1000	78.41793200000004	default-group-compare/groups.json
group-compare	default	nonroot	groups	groupCompareFalse	compare_member_false_missing	10	before	2	1000	98.6333980000001	default-group-compare/groups.json
group-compare	default	nonroot	groups	groupCompareFalse	compare_member_false_missing	10	current	2	1000	96.94553800000013	default-group-compare/groups.json
group-compare	default	nonroot	groups	groupCompareFalse	compare_member_false_missing	10	openldap	2	1000	80.94559800000003	default-group-compare/groups.json
group-compare	default	nonroot	groups	groupCompareFalse	compare_member_false_missing	10	before	3	1000	98.35859099999995	default-group-compare/groups.json
group-compare	default	nonroot	groups	groupCompareFalse	compare_member_false_missing	10	current	3	1000	97.24749899999995	default-group-compare/groups.json
group-compare	default	nonroot	groups	groupCompareFalse	compare_member_false_missing	10	openldap	3	1000	78.12906599999984	default-group-compare/groups.json
group-compare	default	nonroot	groups	groupCompareFalse	compare_member_false_missing	10	before	4	1000	95.93195399999989	default-group-compare/groups.json
group-compare	default	nonroot	groups	groupCompareFalse	compare_member_false_missing	10	current	4	1000	97.4061720000001	default-group-compare/groups.json
group-compare	default	nonroot	groups	groupCompareFalse	compare_member_false_missing	10	openldap	4	1000	80.50263599999995	default-group-compare/groups.json
group-compare	default	nonroot	groups	groupCompareFalse	compare_member_false_missing	10	before	5	1000	98.9792479999999	default-group-compare/groups.json
group-compare	default	nonroot	groups	groupCompareFalse	compare_member_false_missing	10	current	5	1000	99.98749100000008	default-group-compare/groups.json
group-compare	default	nonroot	groups	groupCompareFalse	compare_member_false_missing	10	openldap	5	1000	80.13933499999995	default-group-compare/groups.json
group-compare	default	nonroot	groups	groupCompareFalse	compare_member_false_missing	10	before	6	1000	101.6102820000002	default-group-compare/groups.json
group-compare	default	nonroot	groups	groupCompareFalse	compare_member_false_missing	10	current	6	1000	101.75430100000004	default-group-compare/groups.json
group-compare	default	nonroot	groups	groupCompareFalse	compare_member_false_missing	10	openldap	6	1000	79.86738600000024	default-group-compare/groups.json
group-compare	default	nonroot	groups	groupCompareFalse	compare_member_false_missing	10	before	7	1000	103.98986500000008	default-group-compare/groups.json
group-compare	default	nonroot	groups	groupCompareFalse	compare_member_false_missing	10	current	7	1000	104.6213239999999	default-group-compare/groups.json
group-compare	default	nonroot	groups	groupCompareFalse	compare_member_false_missing	10	openldap	7	1000	82.82996000000001	default-group-compare/groups.json
group-compare	default	nonroot	groups	groupCompareFalse	compare_member_false_missing	1000	before	1	1000	146.9240509999998	default-group-compare/groups.json
group-compare	default	nonroot	groups	groupCompareFalse	compare_member_false_missing	1000	current	1	1000	147.40125899999978	default-group-compare/groups.json
group-compare	default	nonroot	groups	groupCompareFalse	compare_member_false_missing	1000	openldap	1	1000	86.65514800000004	default-group-compare/groups.json
group-compare	default	nonroot	groups	groupCompareFalse	compare_member_false_missing	1000	before	2	1000	146.63745100000008	default-group-compare/groups.json
group-compare	default	nonroot	groups	groupCompareFalse	compare_member_false_missing	1000	current	2	1000	145.30812399999988	default-group-compare/groups.json
group-compare	default	nonroot	groups	groupCompareFalse	compare_member_false_missing	1000	openldap	2	1000	84.87490800000012	default-group-compare/groups.json
group-compare	default	nonroot	groups	groupCompareFalse	compare_member_false_missing	1000	before	3	1000	146.68003599999977	default-group-compare/groups.json
group-compare	default	nonroot	groups	groupCompareFalse	compare_member_false_missing	1000	current	3	1000	158.0786929999999	default-group-compare/groups.json
group-compare	default	nonroot	groups	groupCompareFalse	compare_member_false_missing	1000	openldap	3	1000	92.87541700000003	default-group-compare/groups.json
group-compare	default	nonroot	groups	groupCompareFalse	compare_member_false_missing	1000	before	4	1000	147.591089	default-group-compare/groups.json
group-compare	default	nonroot	groups	groupCompareFalse	compare_member_false_missing	1000	current	4	1000	143.41897999999995	default-group-compare/groups.json
group-compare	default	nonroot	groups	groupCompareFalse	compare_member_false_missing	1000	openldap	4	1000	84.91397999999982	default-group-compare/groups.json
group-compare	default	nonroot	groups	groupCompareFalse	compare_member_false_missing	1000	before	5	1000	159.43520600000002	default-group-compare/groups.json
group-compare	default	nonroot	groups	groupCompareFalse	compare_member_false_missing	1000	current	5	1000	160.22186899999988	default-group-compare/groups.json
group-compare	default	nonroot	groups	groupCompareFalse	compare_member_false_missing	1000	openldap	5	1000	98.2841769999999	default-group-compare/groups.json
group-compare	default	nonroot	groups	groupCompareFalse	compare_member_false_missing	1000	before	6	1000	153.86540000000022	default-group-compare/groups.json
group-compare	default	nonroot	groups	groupCompareFalse	compare_member_false_missing	1000	current	6	1000	154.90343100000013	default-group-compare/groups.json
group-compare	default	nonroot	groups	groupCompareFalse	compare_member_false_missing	1000	openldap	6	1000	97.10402200000001	default-group-compare/groups.json
group-compare	default	nonroot	groups	groupCompareFalse	compare_member_false_missing	1000	before	7	1000	148.36094499999984	default-group-compare/groups.json
group-compare	default	nonroot	groups	groupCompareFalse	compare_member_false_missing	1000	current	7	1000	153.22150599999978	default-group-compare/groups.json
group-compare	default	nonroot	groups	groupCompareFalse	compare_member_false_missing	1000	openldap	7	1000	89.06474400000003	default-group-compare/groups.json
