path	suite	access_mode	identity	variant	stage	method	members	endpoint	repeat	operations	completed	requests	latencies	verification_requests	verification_ms
explicit-final/hot.json	common	explicit	nonroot	hot	userBind	simple_bind_ssha	0	before	1	1000	1000	1000	1000	1002	76.76503100000005
explicit-final/hot.json	common	explicit	nonroot	hot	userBind	simple_bind_ssha	0	current	1	1000	1000	1000	1000	1002	76.63077500000003
explicit-final/hot.json	common	explicit	nonroot	hot	userBind	simple_bind_ssha	0	openldap	1	1000	1000	1000	1000	1002	63.96824100000004
explicit-final/hot.json	common	explicit	nonroot	hot	userBind	simple_bind_ssha	0	before	2	1000	1000	1000	1000	1002	76.66122600000004
explicit-final/hot.json	common	explicit	nonroot	hot	userBind	simple_bind_ssha	0	current	2	1000	1000	1000	1000	1002	78.0931940000001
explicit-final/hot.json	common	explicit	nonroot	hot	userBind	simple_bind_ssha	0	openldap	2	1000	1000	1000	1000	1002	65.78632300000001
explicit-final/hot.json	common	explicit	nonroot	hot	userBind	simple_bind_ssha	0	before	3	1000	1000	1000	1000	1002	77.35498899999993
explicit-final/hot.json	common	explicit	nonroot	hot	userBind	simple_bind_ssha	0	current	3	1000	1000	1000	1000	1002	79.45939899999992
explicit-final/hot.json	common	explicit	nonroot	hot	userBind	simple_bind_ssha	0	openldap	3	1000	1000	1000	1000	1002	64.95167299999999
explicit-final/hot.json	common	explicit	nonroot	hot	userBind	simple_bind_plaintext	0	before	1	1000	1000	1000	1000	1002	76.55465299999997
explicit-final/hot.json	common	explicit	nonroot	hot	userBind	simple_bind_plaintext	0	current	1	1000	1000	1000	1000	1002	77.07434300000003
explicit-final/hot.json	common	explicit	nonroot	hot	userBind	simple_bind_plaintext	0	openldap	1	1000	1000	1000	1000	1002	66.12109099999996
explicit-final/hot.json	common	explicit	nonroot	hot	userBind	simple_bind_plaintext	0	before	2	1000	1000	1000	1000	1002	76.11175899999992
explicit-final/hot.json	common	explicit	nonroot	hot	userBind	simple_bind_plaintext	0	current	2	1000	1000	1000	1000	1002	76.49031200000002
explicit-final/hot.json	common	explicit	nonroot	hot	userBind	simple_bind_plaintext	0	openldap	2	1000	1000	1000	1000	1002	65.562067
explicit-final/hot.json	common	explicit	nonroot	hot	userBind	simple_bind_plaintext	0	before	3	1000	1000	1000	1000	1002	84.70735399999995
explicit-final/hot.json	common	explicit	nonroot	hot	userBind	simple_bind_plaintext	0	current	3	1000	1000	1000	1000	1002	83.80142400000011
explicit-final/hot.json	common	explicit	nonroot	hot	userBind	simple_bind_plaintext	0	openldap	3	1000	1000	1000	1000	1002	71.04070399999992
explicit-final/hot.json	common	explicit	nonroot	hot	userBindWrong	simple_bind_ssha	0	before	1	1000	1000	1000	1000	3002	257.11862099999973
explicit-final/hot.json	common	explicit	nonroot	hot	userBindWrong	simple_bind_ssha	0	current	1	1000	1000	1000	1000	3002	253.33096399999977
explicit-final/hot.json	common	explicit	nonroot	hot	userBindWrong	simple_bind_ssha	0	openldap	1	1000	1000	1000	1000	3002	209.97217200000009
explicit-final/hot.json	common	explicit	nonroot	hot	userBindWrong	simple_bind_ssha	0	before	2	1000	1000	1000	1000	3002	289.4700959999997
explicit-final/hot.json	common	explicit	nonroot	hot	userBindWrong	simple_bind_ssha	0	current	2	1000	1000	1000	1000	3002	277.25885899999986
explicit-final/hot.json	common	explicit	nonroot	hot	userBindWrong	simple_bind_ssha	0	openldap	2	1000	1000	1000	1000	3002	246.4866040000001
explicit-final/hot.json	common	explicit	nonroot	hot	userBindWrong	simple_bind_ssha	0	before	3	1000	1000	1000	1000	3002	254.9573529999999
explicit-final/hot.json	common	explicit	nonroot	hot	userBindWrong	simple_bind_ssha	0	current	3	1000	1000	1000	1000	3002	253.15681799999984
explicit-final/hot.json	common	explicit	nonroot	hot	userBindWrong	simple_bind_ssha	0	openldap	3	1000	1000	1000	1000	3002	210.8838480000003
explicit-final/hot.json	common	explicit	nonroot	hot	userBindWrong	simple_bind_plaintext	0	before	1	1000	1000	1000	1000	3002	251.03783999999996
explicit-final/hot.json	common	explicit	nonroot	hot	userBindWrong	simple_bind_plaintext	0	current	1	1000	1000	1000	1000	3002	250.55139900000017
explicit-final/hot.json	common	explicit	nonroot	hot	userBindWrong	simple_bind_plaintext	0	openldap	1	1000	1000	1000	1000	3002	210.46373400000073
explicit-final/hot.json	common	explicit	nonroot	hot	userBindWrong	simple_bind_plaintext	0	before	2	1000	1000	1000	1000	3002	256.89143100000007
explicit-final/hot.json	common	explicit	nonroot	hot	userBindWrong	simple_bind_plaintext	0	current	2	1000	1000	1000	1000	3002	253.1392739999995
explicit-final/hot.json	common	explicit	nonroot	hot	userBindWrong	simple_bind_plaintext	0	openldap	2	1000	1000	1000	1000	3002	216.08833300000052
explicit-final/hot.json	common	explicit	nonroot	hot	userBindWrong	simple_bind_plaintext	0	before	3	1000	1000	1000	1000	3002	254.86823499999971
explicit-final/hot.json	common	explicit	nonroot	hot	userBindWrong	simple_bind_plaintext	0	current	3	1000	1000	1000	1000	3002	254.31123000000028
explicit-final/hot.json	common	explicit	nonroot	hot	userBindWrong	simple_bind_plaintext	0	openldap	3	1000	1000	1000	1000	3002	210.46656699999977
explicit-final/hot.json	common	explicit	nonroot	hot	nonrootBase	search_nonrootBase	0	before	1	1000	1000	1000	1000	1002	78.50183699999998
explicit-final/hot.json	common	explicit	nonroot	hot	nonrootBase	search_nonrootBase	0	current	1	1000	1000	1000	1000	1002	80.99558000000006
explicit-final/hot.json	common	explicit	nonroot	hot	nonrootBase	search_nonrootBase	0	openldap	1	1000	1000	1000	1000	1002	64.32643299999995
explicit-final/hot.json	common	explicit	nonroot	hot	nonrootBase	search_nonrootBase	0	before	2	1000	1000	1000	1000	1002	77.71264999999995
explicit-final/hot.json	common	explicit	nonroot	hot	nonrootBase	search_nonrootBase	0	current	2	1000	1000	1000	1000	1002	79.98051899999997
explicit-final/hot.json	common	explicit	nonroot	hot	nonrootBase	search_nonrootBase	0	openldap	2	1000	1000	1000	1000	1002	63.84628699999997
explicit-final/hot.json	common	explicit	nonroot	hot	nonrootBase	search_nonrootBase	0	before	3	1000	1000	1000	1000	1002	80.74850499999998
explicit-final/hot.json	common	explicit	nonroot	hot	nonrootBase	search_nonrootBase	0	current	3	1000	1000	1000	1000	1002	77.90447200000001
explicit-final/hot.json	common	explicit	nonroot	hot	nonrootBase	search_nonrootBase	0	openldap	3	1000	1000	1000	1000	1002	65.82762900000006
explicit-final/hot.json	common	explicit	nonroot	hot	nonrootEquality	search_nonrootEquality	0	before	1	1000	1000	1000	1000	1002	77.90794699999991
explicit-final/hot.json	common	explicit	nonroot	hot	nonrootEquality	search_nonrootEquality	0	current	1	1000	1000	1000	1000	1002	78.67087199999999
explicit-final/hot.json	common	explicit	nonroot	hot	nonrootEquality	search_nonrootEquality	0	openldap	1	1000	1000	1000	1000	1002	64.60382200000002
explicit-final/hot.json	common	explicit	nonroot	hot	nonrootEquality	search_nonrootEquality	0	before	2	1000	1000	1000	1000	1002	78.70700400000003
explicit-final/hot.json	common	explicit	nonroot	hot	nonrootEquality	search_nonrootEquality	0	current	2	1000	1000	1000	1000	1002	77.77617199999993
explicit-final/hot.json	common	explicit	nonroot	hot	nonrootEquality	search_nonrootEquality	0	openldap	2	1000	1000	1000	1000	1002	68.32193099999999
explicit-final/hot.json	common	explicit	nonroot	hot	nonrootEquality	search_nonrootEquality	0	before	3	1000	1000	1000	1000	1002	83.70747700000004
explicit-final/hot.json	common	explicit	nonroot	hot	nonrootEquality	search_nonrootEquality	0	current	3	1000	1000	1000	1000	1002	83.55745499999988
explicit-final/hot.json	common	explicit	nonroot	hot	nonrootEquality	search_nonrootEquality	0	openldap	3	1000	1000	1000	1000	1002	68.27851099999994
explicit-final/distributed.json	common	explicit	nonroot	distributed	nonrootBase	search_nonrootBase	0	before	1	1000	1000	1000	1000	1002	83.98595700000001
explicit-final/distributed.json	common	explicit	nonroot	distributed	nonrootBase	search_nonrootBase	0	current	1	1000	1000	1000	1000	1002	85.53562900000001
explicit-final/distributed.json	common	explicit	nonroot	distributed	nonrootBase	search_nonrootBase	0	openldap	1	1000	1000	1000	1000	1002	68.67042800000003
explicit-final/distributed.json	common	explicit	nonroot	distributed	nonrootBase	search_nonrootBase	0	before	2	1000	1000	1000	1000	1002	85.48488200000001
explicit-final/distributed.json	common	explicit	nonroot	distributed	nonrootBase	search_nonrootBase	0	current	2	1000	1000	1000	1000	1002	84.26770999999991
explicit-final/distributed.json	common	explicit	nonroot	distributed	nonrootBase	search_nonrootBase	0	openldap	2	1000	1000	1000	1000	1002	69.77117699999998
explicit-final/distributed.json	common	explicit	nonroot	distributed	nonrootBase	search_nonrootBase	0	before	3	1000	1000	1000	1000	1002	84.3328509999999
explicit-final/distributed.json	common	explicit	nonroot	distributed	nonrootBase	search_nonrootBase	0	current	3	1000	1000	1000	1000	1002	85.68484999999984
explicit-final/distributed.json	common	explicit	nonroot	distributed	nonrootBase	search_nonrootBase	0	openldap	3	1000	1000	1000	1000	1002	71.02442500000005
explicit-final/distributed.json	common	explicit	nonroot	distributed	nonrootEquality	search_nonrootEquality	0	before	1	1000	1000	1000	1000	1002	67.19755299999998
explicit-final/distributed.json	common	explicit	nonroot	distributed	nonrootEquality	search_nonrootEquality	0	current	1	1000	1000	1000	1000	1002	68.75954100000003
explicit-final/distributed.json	common	explicit	nonroot	distributed	nonrootEquality	search_nonrootEquality	0	openldap	1	1000	1000	1000	1000	1002	53.52355500000001
explicit-final/distributed.json	common	explicit	nonroot	distributed	nonrootEquality	search_nonrootEquality	0	before	2	1000	1000	1000	1000	1002	77.56753100000006
explicit-final/distributed.json	common	explicit	nonroot	distributed	nonrootEquality	search_nonrootEquality	0	current	2	1000	1000	1000	1000	1002	79.06846100000003
explicit-final/distributed.json	common	explicit	nonroot	distributed	nonrootEquality	search_nonrootEquality	0	openldap	2	1000	1000	1000	1000	1002	64.83769999999997
explicit-final/distributed.json	common	explicit	nonroot	distributed	nonrootEquality	search_nonrootEquality	0	before	3	1000	1000	1000	1000	1002	80.91638699999993
explicit-final/distributed.json	common	explicit	nonroot	distributed	nonrootEquality	search_nonrootEquality	0	current	3	1000	1000	1000	1000	1002	80.59699499999998
explicit-final/distributed.json	common	explicit	nonroot	distributed	nonrootEquality	search_nonrootEquality	0	openldap	3	1000	1000	1000	1000	1002	66.3048990000001
explicit-final/groups.json	common	explicit	nonroot	groups	memberEquality	search_memberEquality	0	before	1	100	100	100	100	102	8.670041999999997
explicit-final/groups.json	common	explicit	nonroot	groups	memberEquality	search_memberEquality	0	current	1	100	100	100	100	102	9.220826999999998
explicit-final/groups.json	common	explicit	nonroot	groups	memberEquality	search_memberEquality	0	openldap	1	100	100	100	100	102	7.703161000000001
explicit-final/groups.json	common	explicit	nonroot	groups	memberEquality	search_memberEquality	0	before	2	100	100	100	100	102	9.224707000000002
explicit-final/groups.json	common	explicit	nonroot	groups	memberEquality	search_memberEquality	0	current	2	100	100	100	100	102	8.929369000000005
explicit-final/groups.json	common	explicit	nonroot	groups	memberEquality	search_memberEquality	0	openldap	2	100	100	100	100	102	7.5704139999999995
explicit-final/groups.json	common	explicit	nonroot	groups	memberEquality	search_memberEquality	0	before	3	100	100	100	100	102	8.153333
explicit-final/groups.json	common	explicit	nonroot	groups	memberEquality	search_memberEquality	0	current	3	100	100	100	100	102	8.000461
explicit-final/groups.json	common	explicit	nonroot	groups	memberEquality	search_memberEquality	0	openldap	3	100	100	100	100	102	6.819539000000001
explicit-final/groups.json	common	explicit	nonroot	groups	groupBase	base_member_values	10	before	1	100	100	100	100	102	9.056374
explicit-final/groups.json	common	explicit	nonroot	groups	groupBase	base_member_values	10	current	1	100	100	100	100	102	9.596086
explicit-final/groups.json	common	explicit	nonroot	groups	groupBase	base_member_values	10	openldap	1	100	100	100	100	102	7.608464000000001
explicit-final/groups.json	common	explicit	nonroot	groups	groupBase	base_member_values	10	before	2	100	100	100	100	102	9.768628999999997
explicit-final/groups.json	common	explicit	nonroot	groups	groupBase	base_member_values	10	current	2	100	100	100	100	102	9.937492
explicit-final/groups.json	common	explicit	nonroot	groups	groupBase	base_member_values	10	openldap	2	100	100	100	100	102	8.629585000000004
explicit-final/groups.json	common	explicit	nonroot	groups	groupBase	base_member_values	10	before	3	100	100	100	100	102	9.797543
explicit-final/groups.json	common	explicit	nonroot	groups	groupBase	base_member_values	10	current	3	100	100	100	100	102	10.061283999999999
explicit-final/groups.json	common	explicit	nonroot	groups	groupBase	base_member_values	10	openldap	3	100	100	100	100	102	7.772992999999998
explicit-final/groups.json	common	explicit	nonroot	groups	groupBase	base_member_values	1000	before	1	100	100	100	100	102	20.809455999999997
explicit-final/groups.json	common	explicit	nonroot	groups	groupBase	base_member_values	1000	current	1	100	100	100	100	102	19.544956000000003
explicit-final/groups.json	common	explicit	nonroot	groups	groupBase	base_member_values	1000	openldap	1	100	100	100	100	102	20.932750000000002
explicit-final/groups.json	common	explicit	nonroot	groups	groupBase	base_member_values	1000	before	2	100	100	100	100	102	29.70067599999999
explicit-final/groups.json	common	explicit	nonroot	groups	groupBase	base_member_values	1000	current	2	100	100	100	100	102	27.13779599999999
explicit-final/groups.json	common	explicit	nonroot	groups	groupBase	base_member_values	1000	openldap	2	100	100	100	100	102	30.663752
explicit-final/groups.json	common	explicit	nonroot	groups	groupBase	base_member_values	1000	before	3	100	100	100	100	102	26.679127999999995
explicit-final/groups.json	common	explicit	nonroot	groups	groupBase	base_member_values	1000	current	3	100	100	100	100	102	23.767289999999992
explicit-final/groups.json	common	explicit	nonroot	groups	groupBase	base_member_values	1000	openldap	3	100	100	100	100	102	27.208451999999998
explicit-final/groups.json	common	explicit	nonroot	groups	nestedMembership	client_bfs_member_equality	0	before	1	100	100	417	100	419	41.531123
explicit-final/groups.json	common	explicit	nonroot	groups	nestedMembership	client_bfs_member_equality	0	current	1	100	100	417	100	419	37.01826199999999
explicit-final/groups.json	common	explicit	nonroot	groups	nestedMembership	client_bfs_member_equality	0	openldap	1	100	100	417	100	419	31.64725
explicit-final/groups.json	common	explicit	nonroot	groups	nestedMembership	client_bfs_member_equality	0	before	2	100	100	417	100	419	34.73837800000002
explicit-final/groups.json	common	explicit	nonroot	groups	nestedMembership	client_bfs_member_equality	0	current	2	100	100	417	100	419	34.846782999999974
explicit-final/groups.json	common	explicit	nonroot	groups	nestedMembership	client_bfs_member_equality	0	openldap	2	100	100	417	100	419	27.994784000000017
explicit-final/groups.json	common	explicit	nonroot	groups	nestedMembership	client_bfs_member_equality	0	before	3	100	100	417	100	419	35.46015999999995
explicit-final/groups.json	common	explicit	nonroot	groups	nestedMembership	client_bfs_member_equality	0	current	3	100	100	417	100	419	34.887043
explicit-final/groups.json	common	explicit	nonroot	groups	nestedMembership	client_bfs_member_equality	0	openldap	3	100	100	417	100	419	27.983543000000015
explicit-final/smoke.json	common	explicit	nonroot	smoke	userBind	simple_bind_ssha	0	before	1	2	2	2	2	4	0.531376
explicit-final/smoke.json	common	explicit	nonroot	smoke	userBind	simple_bind_ssha	0	current	1	2	2	2	2	4	0.40491599999999994
explicit-final/smoke.json	common	explicit	nonroot	smoke	userBind	simple_bind_ssha	0	openldap	1	2	2	2	2	4	0.272417
explicit-final/smoke.json	common	explicit	nonroot	smoke	userBind	simple_bind_plaintext	0	before	1	2	2	2	2	4	0.35025
explicit-final/smoke.json	common	explicit	nonroot	smoke	userBind	simple_bind_plaintext	0	current	1	2	2	2	2	4	0.323874
explicit-final/smoke.json	common	explicit	nonroot	smoke	userBind	simple_bind_plaintext	0	openldap	1	2	2	2	2	4	0.23525000000000001
explicit-final/smoke.json	common	explicit	nonroot	smoke	userBindWrong	simple_bind_ssha	0	before	1	2	2	2	2	8	0.638416
explicit-final/smoke.json	common	explicit	nonroot	smoke	userBindWrong	simple_bind_ssha	0	current	1	2	2	2	2	8	0.623124
explicit-final/smoke.json	common	explicit	nonroot	smoke	userBindWrong	simple_bind_ssha	0	openldap	1	2	2	2	2	8	0.484751
explicit-final/smoke.json	common	explicit	nonroot	smoke	userBindWrong	simple_bind_plaintext	0	before	1	2	2	2	2	8	0.8540840000000001
explicit-final/smoke.json	common	explicit	nonroot	smoke	userBindWrong	simple_bind_plaintext	0	current	1	2	2	2	2	8	0.6826669999999999
explicit-final/smoke.json	common	explicit	nonroot	smoke	userBindWrong	simple_bind_plaintext	0	openldap	1	2	2	2	2	8	0.595791
explicit-final/smoke.json	common	explicit	nonroot	smoke	nonrootBase	search_nonrootBase	0	before	1	2	2	2	2	4	0.288125
explicit-final/smoke.json	common	explicit	nonroot	smoke	nonrootBase	search_nonrootBase	0	current	1	2	2	2	2	4	0.36529100000000003
explicit-final/smoke.json	common	explicit	nonroot	smoke	nonrootBase	search_nonrootBase	0	openldap	1	2	2	2	2	4	0.287876
explicit-final/smoke.json	common	explicit	nonroot	smoke	nonrootEquality	search_nonrootEquality	0	before	1	2	2	2	2	4	0.335666
explicit-final/smoke.json	common	explicit	nonroot	smoke	nonrootEquality	search_nonrootEquality	0	current	1	2	2	2	2	4	0.29637600000000003
explicit-final/smoke.json	common	explicit	nonroot	smoke	nonrootEquality	search_nonrootEquality	0	openldap	1	2	2	2	2	4	0.217791
explicit-final/smoke.json	common	explicit	nonroot	smoke	memberEquality	search_memberEquality	0	before	1	2	2	2	2	4	0.287625
explicit-final/smoke.json	common	explicit	nonroot	smoke	memberEquality	search_memberEquality	0	current	1	2	2	2	2	4	0.24525
explicit-final/smoke.json	common	explicit	nonroot	smoke	memberEquality	search_memberEquality	0	openldap	1	2	2	2	2	4	0.2115
explicit-final/smoke.json	common	explicit	nonroot	smoke	groupBase	base_member_values	10	before	1	2	2	2	2	4	0.271208
explicit-final/smoke.json	common	explicit	nonroot	smoke	groupBase	base_member_values	10	current	1	2	2	2	2	4	0.290333
explicit-final/smoke.json	common	explicit	nonroot	smoke	groupBase	base_member_values	10	openldap	1	2	2	2	2	4	0.181291
explicit-final/smoke.json	common	explicit	nonroot	smoke	groupBase	base_member_values	1000	before	1	2	2	2	2	4	0.35625
explicit-final/smoke.json	common	explicit	nonroot	smoke	groupBase	base_member_values	1000	current	1	2	2	2	2	4	0.346208
explicit-final/smoke.json	common	explicit	nonroot	smoke	groupBase	base_member_values	1000	openldap	1	2	2	2	2	4	0.260793
explicit-final/smoke.json	common	explicit	nonroot	smoke	nestedMembership	client_bfs_member_equality	0	before	1	2	2	12	2	14	1.137667
explicit-final/smoke.json	common	explicit	nonroot	smoke	nestedMembership	client_bfs_member_equality	0	current	1	2	2	12	2	14	1.2438339999999999
explicit-final/smoke.json	common	explicit	nonroot	smoke	nestedMembership	client_bfs_member_equality	0	openldap	1	2	2	12	2	14	1.0062909999999998
default-final/hot.json	common	default	nonroot	hot	userBind	simple_bind_ssha	0	before	1	1000	1000	1000	1000	1002	86.48185799999997
default-final/hot.json	common	default	nonroot	hot	userBind	simple_bind_ssha	0	current	1	1000	1000	1000	1000	1002	92.39418800000001
default-final/hot.json	common	default	nonroot	hot	userBind	simple_bind_ssha	0	openldap	1	1000	1000	1000	1000	1002	70.38322899999997
default-final/hot.json	common	default	nonroot	hot	userBind	simple_bind_ssha	0	before	2	1000	1000	1000	1000	1002	81.94632500000004
default-final/hot.json	common	default	nonroot	hot	userBind	simple_bind_ssha	0	current	2	1000	1000	1000	1000	1002	78.12456700000007
default-final/hot.json	common	default	nonroot	hot	userBind	simple_bind_ssha	0	openldap	2	1000	1000	1000	1000	1002	66.20771800000006
default-final/hot.json	common	default	nonroot	hot	userBind	simple_bind_ssha	0	before	3	1000	1000	1000	1000	1002	93.29589999999989
default-final/hot.json	common	default	nonroot	hot	userBind	simple_bind_ssha	0	current	3	1000	1000	1000	1000	1002	96.25580299999996
default-final/hot.json	common	default	nonroot	hot	userBind	simple_bind_ssha	0	openldap	3	1000	1000	1000	1000	1002	75.92663200000004
default-final/hot.json	common	default	nonroot	hot	userBind	simple_bind_plaintext	0	before	1	1000	1000	1000	1000	1002	87.86412700000004
default-final/hot.json	common	default	nonroot	hot	userBind	simple_bind_plaintext	0	current	1	1000	1000	1000	1000	1002	86.36482499999997
default-final/hot.json	common	default	nonroot	hot	userBind	simple_bind_plaintext	0	openldap	1	1000	1000	1000	1000	1002	73.16462499999994
default-final/hot.json	common	default	nonroot	hot	userBind	simple_bind_plaintext	0	before	2	1000	1000	1000	1000	1002	99.4458269999998
default-final/hot.json	common	default	nonroot	hot	userBind	simple_bind_plaintext	0	current	2	1000	1000	1000	1000	1002	101.50403799999994
default-final/hot.json	common	default	nonroot	hot	userBind	simple_bind_plaintext	0	openldap	2	1000	1000	1000	1000	1002	79.76204599999997
default-final/hot.json	common	default	nonroot	hot	userBind	simple_bind_plaintext	0	before	3	1000	1000	1000	1000	1002	89.54886899999994
default-final/hot.json	common	default	nonroot	hot	userBind	simple_bind_plaintext	0	current	3	1000	1000	1000	1000	1002	87.36867399999991
default-final/hot.json	common	default	nonroot	hot	userBind	simple_bind_plaintext	0	openldap	3	1000	1000	1000	1000	1002	74.19868499999998
default-final/hot.json	common	default	nonroot	hot	userBindWrong	simple_bind_ssha	0	before	1	1000	1000	1000	1000	3002	259.70702800000004
default-final/hot.json	common	default	nonroot	hot	userBindWrong	simple_bind_ssha	0	current	1	1000	1000	1000	1000	3002	262.1582560000001
default-final/hot.json	common	default	nonroot	hot	userBindWrong	simple_bind_ssha	0	openldap	1	1000	1000	1000	1000	3002	219.336718
default-final/hot.json	common	default	nonroot	hot	userBindWrong	simple_bind_ssha	0	before	2	1000	1000	1000	1000	3002	292.4544860000002
default-final/hot.json	common	default	nonroot	hot	userBindWrong	simple_bind_ssha	0	current	2	1000	1000	1000	1000	3002	296.8227549999998
default-final/hot.json	common	default	nonroot	hot	userBindWrong	simple_bind_ssha	0	openldap	2	1000	1000	1000	1000	3002	252.77094299999993
default-final/hot.json	common	default	nonroot	hot	userBindWrong	simple_bind_ssha	0	before	3	1000	1000	1000	1000	3002	263.7629820000004
default-final/hot.json	common	default	nonroot	hot	userBindWrong	simple_bind_ssha	0	current	3	1000	1000	1000	1000	3002	260.4958300000007
default-final/hot.json	common	default	nonroot	hot	userBindWrong	simple_bind_ssha	0	openldap	3	1000	1000	1000	1000	3002	224.73999699999985
default-final/hot.json	common	default	nonroot	hot	userBindWrong	simple_bind_plaintext	0	before	1	1000	1000	1000	1000	3002	244.6370120000003
default-final/hot.json	common	default	nonroot	hot	userBindWrong	simple_bind_plaintext	0	current	1	1000	1000	1000	1000	3002	240.46758200000008
default-final/hot.json	common	default	nonroot	hot	userBindWrong	simple_bind_plaintext	0	openldap	1	1000	1000	1000	1000	3002	207.52358399999946
default-final/hot.json	common	default	nonroot	hot	userBindWrong	simple_bind_plaintext	0	before	2	1000	1000	1000	1000	3002	279.3849309999994
default-final/hot.json	common	default	nonroot	hot	userBindWrong	simple_bind_plaintext	0	current	2	1000	1000	1000	1000	3002	277.59350900000004
default-final/hot.json	common	default	nonroot	hot	userBindWrong	simple_bind_plaintext	0	openldap	2	1000	1000	1000	1000	3002	225.27543500000016
default-final/hot.json	common	default	nonroot	hot	userBindWrong	simple_bind_plaintext	0	before	3	1000	1000	1000	1000	3002	272.4620190000002
default-final/hot.json	common	default	nonroot	hot	userBindWrong	simple_bind_plaintext	0	current	3	1000	1000	1000	1000	3002	274.2259720000005
default-final/hot.json	common	default	nonroot	hot	userBindWrong	simple_bind_plaintext	0	openldap	3	1000	1000	1000	1000	3002	224.5660040000003
default-final/hot.json	common	default	nonroot	hot	nonrootBase	search_nonrootBase	0	before	1	1000	1000	1000	1000	1002	93.67588499999998
default-final/hot.json	common	default	nonroot	hot	nonrootBase	search_nonrootBase	0	current	1	1000	1000	1000	1000	1002	92.06873500000012
default-final/hot.json	common	default	nonroot	hot	nonrootBase	search_nonrootBase	0	openldap	1	1000	1000	1000	1000	1002	75.44991900000005
default-final/hot.json	common	default	nonroot	hot	nonrootBase	search_nonrootBase	0	before	2	1000	1000	1000	1000	1002	81.06366800000012
default-final/hot.json	common	default	nonroot	hot	nonrootBase	search_nonrootBase	0	current	2	1000	1000	1000	1000	1002	79.67586999999995
default-final/hot.json	common	default	nonroot	hot	nonrootBase	search_nonrootBase	0	openldap	2	1000	1000	1000	1000	1002	67.51026000000005
default-final/hot.json	common	default	nonroot	hot	nonrootBase	search_nonrootBase	0	before	3	1000	1000	1000	1000	1002	89.37566499999981
default-final/hot.json	common	default	nonroot	hot	nonrootBase	search_nonrootBase	0	current	3	1000	1000	1000	1000	1002	89.155678
default-final/hot.json	common	default	nonroot	hot	nonrootBase	search_nonrootBase	0	openldap	3	1000	1000	1000	1000	1002	72.22900800000012
default-final/hot.json	common	default	nonroot	hot	nonrootEquality	search_nonrootEquality	0	before	1	1000	1000	1000	1000	1002	120.37024799999999
default-final/hot.json	common	default	nonroot	hot	nonrootEquality	search_nonrootEquality	0	current	1	1000	1000	1000	1000	1002	116.94569900000015
default-final/hot.json	common	default	nonroot	hot	nonrootEquality	search_nonrootEquality	0	openldap	1	1000	1000	1000	1000	1002	95.62898900000016
default-final/hot.json	common	default	nonroot	hot	nonrootEquality	search_nonrootEquality	0	before	2	1000	1000	1000	1000	1002	86.53180100000004
default-final/hot.json	common	default	nonroot	hot	nonrootEquality	search_nonrootEquality	0	current	2	1000	1000	1000	1000	1002	86.85111399999998
default-final/hot.json	common	default	nonroot	hot	nonrootEquality	search_nonrootEquality	0	openldap	2	1000	1000	1000	1000	1002	69.92609500000003
default-final/hot.json	common	default	nonroot	hot	nonrootEquality	search_nonrootEquality	0	before	3	1000	1000	1000	1000	1002	96.71570500000001
default-final/hot.json	common	default	nonroot	hot	nonrootEquality	search_nonrootEquality	0	current	3	1000	1000	1000	1000	1002	97.20003999999994
default-final/hot.json	common	default	nonroot	hot	nonrootEquality	search_nonrootEquality	0	openldap	3	1000	1000	1000	1000	1002	79.98346299999992
default-final/distributed.json	common	default	nonroot	distributed	nonrootBase	search_nonrootBase	0	before	1	1000	1000	1000	1000	1002	80.31889500000004
default-final/distributed.json	common	default	nonroot	distributed	nonrootBase	search_nonrootBase	0	current	1	1000	1000	1000	1000	1002	81.31788399999996
default-final/distributed.json	common	default	nonroot	distributed	nonrootBase	search_nonrootBase	0	openldap	1	1000	1000	1000	1000	1002	68.14474800000002
default-final/distributed.json	common	default	nonroot	distributed	nonrootBase	search_nonrootBase	0	before	2	1000	1000	1000	1000	1002	80.78891200000001
default-final/distributed.json	common	default	nonroot	distributed	nonrootBase	search_nonrootBase	0	current	2	1000	1000	1000	1000	1002	78.94103700000008
default-final/distributed.json	common	default	nonroot	distributed	nonrootBase	search_nonrootBase	0	openldap	2	1000	1000	1000	1000	1002	66.24711399999995
default-final/distributed.json	common	default	nonroot	distributed	nonrootBase	search_nonrootBase	0	before	3	1000	1000	1000	1000	1002	86.38820900000009
default-final/distributed.json	common	default	nonroot	distributed	nonrootBase	search_nonrootBase	0	current	3	1000	1000	1000	1000	1002	87.88624599999994
default-final/distributed.json	common	default	nonroot	distributed	nonrootBase	search_nonrootBase	0	openldap	3	1000	1000	1000	1000	1002	72.22505300000003
default-final/distributed.json	common	default	nonroot	distributed	nonrootEquality	search_nonrootEquality	0	before	1	1000	1000	1000	1000	1002	72.0988149999999
default-final/distributed.json	common	default	nonroot	distributed	nonrootEquality	search_nonrootEquality	0	current	1	1000	1000	1000	1000	1002	71.22898699999999
default-final/distributed.json	common	default	nonroot	distributed	nonrootEquality	search_nonrootEquality	0	openldap	1	1000	1000	1000	1000	1002	60.67415400000004
default-final/distributed.json	common	default	nonroot	distributed	nonrootEquality	search_nonrootEquality	0	before	2	1000	1000	1000	1000	1002	92.48455399999983
default-final/distributed.json	common	default	nonroot	distributed	nonrootEquality	search_nonrootEquality	0	current	2	1000	1000	1000	1000	1002	95.30440599999999
default-final/distributed.json	common	default	nonroot	distributed	nonrootEquality	search_nonrootEquality	0	openldap	2	1000	1000	1000	1000	1002	75.33008200000005
default-final/distributed.json	common	default	nonroot	distributed	nonrootEquality	search_nonrootEquality	0	before	3	1000	1000	1000	1000	1002	87.10049800000002
default-final/distributed.json	common	default	nonroot	distributed	nonrootEquality	search_nonrootEquality	0	current	3	1000	1000	1000	1000	1002	86.03158700000009
default-final/distributed.json	common	default	nonroot	distributed	nonrootEquality	search_nonrootEquality	0	openldap	3	1000	1000	1000	1000	1002	70.62297000000012
default-final/groups.json	common	default	nonroot	groups	memberEquality	search_memberEquality	0	before	1	100	100	100	100	102	9.750995999999999
default-final/groups.json	common	default	nonroot	groups	memberEquality	search_memberEquality	0	current	1	100	100	100	100	102	9.013664999999998
default-final/groups.json	common	default	nonroot	groups	memberEquality	search_memberEquality	0	openldap	1	100	100	100	100	102	7.429000000000001
default-final/groups.json	common	default	nonroot	groups	memberEquality	search_memberEquality	0	before	2	100	100	100	100	102	9.363664
default-final/groups.json	common	default	nonroot	groups	memberEquality	search_memberEquality	0	current	2	100	100	100	100	102	9.457959000000002
default-final/groups.json	common	default	nonroot	groups	memberEquality	search_memberEquality	0	openldap	2	100	100	100	100	102	7.671460000000002
default-final/groups.json	common	default	nonroot	groups	memberEquality	search_memberEquality	0	before	3	100	100	100	100	102	10.260539000000005
default-final/groups.json	common	default	nonroot	groups	memberEquality	search_memberEquality	0	current	3	100	100	100	100	102	10.295039000000001
default-final/groups.json	common	default	nonroot	groups	memberEquality	search_memberEquality	0	openldap	3	100	100	100	100	102	8.223161000000001
default-final/groups.json	common	default	nonroot	groups	groupBase	base_member_values	10	before	1	100	100	100	100	102	11.300665999999998
default-final/groups.json	common	default	nonroot	groups	groupBase	base_member_values	10	current	1	100	100	100	100	102	10.917201
default-final/groups.json	common	default	nonroot	groups	groupBase	base_member_values	10	openldap	1	100	100	100	100	102	9.081251000000002
default-final/groups.json	common	default	nonroot	groups	groupBase	base_member_values	10	before	2	100	100	100	100	102	10.174213000000004
default-final/groups.json	common	default	nonroot	groups	groupBase	base_member_values	10	current	2	100	100	100	100	102	10.077045000000004
default-final/groups.json	common	default	nonroot	groups	groupBase	base_member_values	10	openldap	2	100	100	100	100	102	8.076579
default-final/groups.json	common	default	nonroot	groups	groupBase	base_member_values	10	before	3	100	100	100	100	102	8.322339
default-final/groups.json	common	default	nonroot	groups	groupBase	base_member_values	10	current	3	100	100	100	100	102	8.272962000000001
default-final/groups.json	common	default	nonroot	groups	groupBase	base_member_values	10	openldap	3	100	100	100	100	102	7.336290000000001
default-final/groups.json	common	default	nonroot	groups	groupBase	base_member_values	1000	before	1	100	100	100	100	102	25.551003
default-final/groups.json	common	default	nonroot	groups	groupBase	base_member_values	1000	current	1	100	100	100	100	102	23.602451999999992
default-final/groups.json	common	default	nonroot	groups	groupBase	base_member_values	1000	openldap	1	100	100	100	100	102	26.563288000000004
default-final/groups.json	common	default	nonroot	groups	groupBase	base_member_values	1000	before	2	100	100	100	100	102	33.02612000000001
default-final/groups.json	common	default	nonroot	groups	groupBase	base_member_values	1000	current	2	100	100	100	100	102	27.939164000000005
default-final/groups.json	common	default	nonroot	groups	groupBase	base_member_values	1000	openldap	2	100	100	100	100	102	34.351332000000006
default-final/groups.json	common	default	nonroot	groups	groupBase	base_member_values	1000	before	3	100	100	100	100	102	28.891295999999993
default-final/groups.json	common	default	nonroot	groups	groupBase	base_member_values	1000	current	3	100	100	100	100	102	33.520709
default-final/groups.json	common	default	nonroot	groups	groupBase	base_member_values	1000	openldap	3	100	100	100	100	102	25.879998999999998
default-final/groups.json	common	default	nonroot	groups	nestedMembership	client_bfs_member_equality	0	before	1	100	100	417	100	419	40.65105000000002
default-final/groups.json	common	default	nonroot	groups	nestedMembership	client_bfs_member_equality	0	current	1	100	100	417	100	419	38.053580999999994
default-final/groups.json	common	default	nonroot	groups	nestedMembership	client_bfs_member_equality	0	openldap	1	100	100	417	100	419	31.416960000000003
default-final/groups.json	common	default	nonroot	groups	nestedMembership	client_bfs_member_equality	0	before	2	100	100	417	100	419	37.95609900000002
default-final/groups.json	common	default	nonroot	groups	nestedMembership	client_bfs_member_equality	0	current	2	100	100	417	100	419	37.627834000000014
default-final/groups.json	common	default	nonroot	groups	nestedMembership	client_bfs_member_equality	0	openldap	2	100	100	417	100	419	30.359756999999995
default-final/groups.json	common	default	nonroot	groups	nestedMembership	client_bfs_member_equality	0	before	3	100	100	417	100	419	38.65942000000001
default-final/groups.json	common	default	nonroot	groups	nestedMembership	client_bfs_member_equality	0	current	3	100	100	417	100	419	37.92775599999998
default-final/groups.json	common	default	nonroot	groups	nestedMembership	client_bfs_member_equality	0	openldap	3	100	100	417	100	419	30.881868999999995
default-final/smoke.json	common	default	nonroot	smoke	userBind	simple_bind_ssha	0	before	1	2	2	2	2	4	0.5461659999999999
default-final/smoke.json	common	default	nonroot	smoke	userBind	simple_bind_ssha	0	current	1	2	2	2	2	4	0.523958
default-final/smoke.json	common	default	nonroot	smoke	userBind	simple_bind_ssha	0	openldap	1	2	2	2	2	4	0.271584
default-final/smoke.json	common	default	nonroot	smoke	userBind	simple_bind_plaintext	0	before	1	2	2	2	2	4	0.362749
default-final/smoke.json	common	default	nonroot	smoke	userBind	simple_bind_plaintext	0	current	1	2	2	2	2	4	0.470043
default-final/smoke.json	common	default	nonroot	smoke	userBind	simple_bind_plaintext	0	openldap	1	2	2	2	2	4	0.265374
default-final/smoke.json	common	default	nonroot	smoke	userBindWrong	simple_bind_ssha	0	before	1	2	2	2	2	8	0.7017070000000001
default-final/smoke.json	common	default	nonroot	smoke	userBindWrong	simple_bind_ssha	0	current	1	2	2	2	2	8	0.7329570000000001
default-final/smoke.json	common	default	nonroot	smoke	userBindWrong	simple_bind_ssha	0	openldap	1	2	2	2	2	8	0.657042
default-final/smoke.json	common	default	nonroot	smoke	userBindWrong	simple_bind_plaintext	0	before	1	2	2	2	2	8	0.673791
default-final/smoke.json	common	default	nonroot	smoke	userBindWrong	simple_bind_plaintext	0	current	1	2	2	2	2	8	0.744375
default-final/smoke.json	common	default	nonroot	smoke	userBindWrong	simple_bind_plaintext	0	openldap	1	2	2	2	2	8	0.562083
default-final/smoke.json	common	default	nonroot	smoke	nonrootBase	search_nonrootBase	0	before	1	2	2	2	2	4	0.33441699999999996
default-final/smoke.json	common	default	nonroot	smoke	nonrootBase	search_nonrootBase	0	current	1	2	2	2	2	4	0.394709
default-final/smoke.json	common	default	nonroot	smoke	nonrootBase	search_nonrootBase	0	openldap	1	2	2	2	2	4	0.39304300000000003
default-final/smoke.json	common	default	nonroot	smoke	nonrootEquality	search_nonrootEquality	0	before	1	2	2	2	2	4	0.372127
default-final/smoke.json	common	default	nonroot	smoke	nonrootEquality	search_nonrootEquality	0	current	1	2	2	2	2	4	0.384375
default-final/smoke.json	common	default	nonroot	smoke	nonrootEquality	search_nonrootEquality	0	openldap	1	2	2	2	2	4	0.328625
default-final/smoke.json	common	default	nonroot	smoke	memberEquality	search_memberEquality	0	before	1	2	2	2	2	4	0.337792
default-final/smoke.json	common	default	nonroot	smoke	memberEquality	search_memberEquality	0	current	1	2	2	2	2	4	0.39412500000000006
default-final/smoke.json	common	default	nonroot	smoke	memberEquality	search_memberEquality	0	openldap	1	2	2	2	2	4	0.34908300000000003
default-final/smoke.json	common	default	nonroot	smoke	groupBase	base_member_values	10	before	1	2	2	2	2	4	0.465916
default-final/smoke.json	common	default	nonroot	smoke	groupBase	base_member_values	10	current	1	2	2	2	2	4	0.44479
default-final/smoke.json	common	default	nonroot	smoke	groupBase	base_member_values	10	openldap	1	2	2	2	2	4	0.506209
default-final/smoke.json	common	default	nonroot	smoke	groupBase	base_member_values	1000	before	1	2	2	2	2	4	0.47820799999999997
default-final/smoke.json	common	default	nonroot	smoke	groupBase	base_member_values	1000	current	1	2	2	2	2	4	0.580458
default-final/smoke.json	common	default	nonroot	smoke	groupBase	base_member_values	1000	openldap	1	2	2	2	2	4	0.377834
default-final/smoke.json	common	default	nonroot	smoke	nestedMembership	client_bfs_member_equality	0	before	1	2	2	12	2	14	1.4966259999999998
default-final/smoke.json	common	default	nonroot	smoke	nestedMembership	client_bfs_member_equality	0	current	1	2	2	12	2	14	1.294624
default-final/smoke.json	common	default	nonroot	smoke	nestedMembership	client_bfs_member_equality	0	openldap	1	2	2	12	2	14	1.0092510000000001
root-paired/literal.json	root	default	root	literal	rootBind	simple_bind_root	0	before	1	1000	1000	1000	1000	1002	91.48678799999996
root-paired/literal.json	root	default	root	literal	rootBind	simple_bind_root	0	current	1	1000	1000	1000	1000	1002	94.01169399999985
root-paired/literal.json	root	default	root	literal	rootBind	simple_bind_root	0	openldap	1	1000	1000	1000	1000	1002	75.56791899999989
root-paired/literal.json	root	default	root	literal	rootBind	simple_bind_root	0	before	2	1000	1000	1000	1000	1002	76.24009000000005
root-paired/literal.json	root	default	root	literal	rootBind	simple_bind_root	0	current	2	1000	1000	1000	1000	1002	76.60907300000004
root-paired/literal.json	root	default	root	literal	rootBind	simple_bind_root	0	openldap	2	1000	1000	1000	1000	1002	63.44034299999999
root-paired/literal.json	root	default	root	literal	rootBind	simple_bind_root	0	before	3	1000	1000	1000	1000	1002	77.3364489999999
root-paired/literal.json	root	default	root	literal	rootBind	simple_bind_root	0	current	3	1000	1000	1000	1000	1002	77.61845300000009
root-paired/literal.json	root	default	root	literal	rootBind	simple_bind_root	0	openldap	3	1000	1000	1000	1000	1002	64.62279899999994
root-paired/literal.json	root	default	root	literal	rootBind	simple_bind_root	0	before	4	1000	1000	1000	1000	1002	108.9141310000001
root-paired/literal.json	root	default	root	literal	rootBind	simple_bind_root	0	current	4	1000	1000	1000	1000	1002	99.97911100000003
root-paired/literal.json	root	default	root	literal	rootBind	simple_bind_root	0	openldap	4	1000	1000	1000	1000	1002	81.73098400000003
root-paired/literal.json	root	default	root	literal	rootBind	simple_bind_root	0	before	5	1000	1000	1000	1000	1002	81.39942099999993
root-paired/literal.json	root	default	root	literal	rootBind	simple_bind_root	0	current	5	1000	1000	1000	1000	1002	90.45632300000004
root-paired/literal.json	root	default	root	literal	rootBind	simple_bind_root	0	openldap	5	1000	1000	1000	1000	1002	70.05974999999994
root-paired/literal.json	root	default	root	literal	rootBind	simple_bind_root	0	before	6	1000	1000	1000	1000	1002	92.83138599999988
root-paired/literal.json	root	default	root	literal	rootBind	simple_bind_root	0	current	6	1000	1000	1000	1000	1002	105.63544800000004
root-paired/literal.json	root	default	root	literal	rootBind	simple_bind_root	0	openldap	6	1000	1000	1000	1000	1002	72.21363499999994
root-paired/literal.json	root	default	root	literal	rootBind	simple_bind_root	0	before	7	1000	1000	1000	1000	1002	81.55047300000004
root-paired/literal.json	root	default	root	literal	rootBind	simple_bind_root	0	current	7	1000	1000	1000	1000	1002	82.14578900000005
root-paired/literal.json	root	default	root	literal	rootBind	simple_bind_root	0	openldap	7	1000	1000	1000	1000	1002	68.79861499999994
root-paired/literal.json	root	default	root	literal	rootBase	base_objectclass_root	0	before	1	1000	1000	1000	1000	1002	76.1622890000001
root-paired/literal.json	root	default	root	literal	rootBase	base_objectclass_root	0	current	1	1000	1000	1000	1000	1002	75.37664300000002
root-paired/literal.json	root	default	root	literal	rootBase	base_objectclass_root	0	openldap	1	1000	1000	1000	1000	1002	64.7025520000001
root-paired/literal.json	root	default	root	literal	rootBase	base_objectclass_root	0	before	2	1000	1000	1000	1000	1002	84.1405109999999
root-paired/literal.json	root	default	root	literal	rootBase	base_objectclass_root	0	current	2	1000	1000	1000	1000	1002	83.85737299999995
root-paired/literal.json	root	default	root	literal	rootBase	base_objectclass_root	0	openldap	2	1000	1000	1000	1000	1002	70.36235099999999
root-paired/literal.json	root	default	root	literal	rootBase	base_objectclass_root	0	before	3	1000	1000	1000	1000	1002	85.2059769999999
root-paired/literal.json	root	default	root	literal	rootBase	base_objectclass_root	0	current	3	1000	1000	1000	1000	1002	84.4421430000001
root-paired/literal.json	root	default	root	literal	rootBase	base_objectclass_root	0	openldap	3	1000	1000	1000	1000	1002	70.7180480000001
root-paired/literal.json	root	default	root	literal	rootBase	base_objectclass_root	0	before	4	1000	1000	1000	1000	1002	87.36696199999999
root-paired/literal.json	root	default	root	literal	rootBase	base_objectclass_root	0	current	4	1000	1000	1000	1000	1002	95.25127099999993
root-paired/literal.json	root	default	root	literal	rootBase	base_objectclass_root	0	openldap	4	1000	1000	1000	1000	1002	73.73748999999992
root-paired/literal.json	root	default	root	literal	rootBase	base_objectclass_root	0	before	5	1000	1000	1000	1000	1002	111.02698300000014
root-paired/literal.json	root	default	root	literal	rootBase	base_objectclass_root	0	current	5	1000	1000	1000	1000	1002	114.43641399999993
root-paired/literal.json	root	default	root	literal	rootBase	base_objectclass_root	0	openldap	5	1000	1000	1000	1000	1002	92.79200099999996
root-paired/literal.json	root	default	root	literal	rootBase	base_objectclass_root	0	before	6	1000	1000	1000	1000	1002	75.68126000000002
root-paired/literal.json	root	default	root	literal	rootBase	base_objectclass_root	0	current	6	1000	1000	1000	1000	1002	76.11084900000002
root-paired/literal.json	root	default	root	literal	rootBase	base_objectclass_root	0	openldap	6	1000	1000	1000	1000	1002	64.78836100000002
root-paired/literal.json	root	default	root	literal	rootBase	base_objectclass_root	0	before	7	1000	1000	1000	1000	1002	76.01535799999992
root-paired/literal.json	root	default	root	literal	rootBase	base_objectclass_root	0	current	7	1000	1000	1000	1000	1002	74.88946299999992
root-paired/literal.json	root	default	root	literal	rootBase	base_objectclass_root	0	openldap	7	1000	1000	1000	1000	1002	64.55491800000001
root-paired/literal.json	root	default	root	literal	rootEquality	subtree_uid_equality_root	0	before	1	1000	1000	1000	1000	1002	77.58041200000004
root-paired/literal.json	root	default	root	literal	rootEquality	subtree_uid_equality_root	0	current	1	1000	1000	1000	1000	1002	75.39469899999993
root-paired/literal.json	root	default	root	literal	rootEquality	subtree_uid_equality_root	0	openldap	1	1000	1000	1000	1000	1002	63.169156000000015
root-paired/literal.json	root	default	root	literal	rootEquality	subtree_uid_equality_root	0	before	2	1000	1000	1000	1000	1002	84.63548299999998
root-paired/literal.json	root	default	root	literal	rootEquality	subtree_uid_equality_root	0	current	2	1000	1000	1000	1000	1002	83.53215699999994
root-paired/literal.json	root	default	root	literal	rootEquality	subtree_uid_equality_root	0	openldap	2	1000	1000	1000	1000	1002	68.379208
root-paired/literal.json	root	default	root	literal	rootEquality	subtree_uid_equality_root	0	before	3	1000	1000	1000	1000	1002	81.36954400000006
root-paired/literal.json	root	default	root	literal	rootEquality	subtree_uid_equality_root	0	current	3	1000	1000	1000	1000	1002	81.37835400000009
root-paired/literal.json	root	default	root	literal	rootEquality	subtree_uid_equality_root	0	openldap	3	1000	1000	1000	1000	1002	65.23463100000006
root-paired/literal.json	root	default	root	literal	rootEquality	subtree_uid_equality_root	0	before	4	1000	1000	1000	1000	1002	83.82317500000002
root-paired/literal.json	root	default	root	literal	rootEquality	subtree_uid_equality_root	0	current	4	1000	1000	1000	1000	1002	81.25536900000002
root-paired/literal.json	root	default	root	literal	rootEquality	subtree_uid_equality_root	0	openldap	4	1000	1000	1000	1000	1002	66.96302800000005
root-paired/literal.json	root	default	root	literal	rootEquality	subtree_uid_equality_root	0	before	5	1000	1000	1000	1000	1002	83.61516800000015
root-paired/literal.json	root	default	root	literal	rootEquality	subtree_uid_equality_root	0	current	5	1000	1000	1000	1000	1002	82.40165200000017
root-paired/literal.json	root	default	root	literal	rootEquality	subtree_uid_equality_root	0	openldap	5	1000	1000	1000	1000	1002	67.4548000000001
root-paired/literal.json	root	default	root	literal	rootEquality	subtree_uid_equality_root	0	before	6	1000	1000	1000	1000	1002	88.41279099999997
root-paired/literal.json	root	default	root	literal	rootEquality	subtree_uid_equality_root	0	current	6	1000	1000	1000	1000	1002	88.740201
root-paired/literal.json	root	default	root	literal	rootEquality	subtree_uid_equality_root	0	openldap	6	1000	1000	1000	1000	1002	72.87607400000003
root-paired/literal.json	root	default	root	literal	rootEquality	subtree_uid_equality_root	0	before	7	1000	1000	1000	1000	1002	85.36601199999997
root-paired/literal.json	root	default	root	literal	rootEquality	subtree_uid_equality_root	0	current	7	1000	1000	1000	1000	1002	84.77274300000009
root-paired/literal.json	root	default	root	literal	rootEquality	subtree_uid_equality_root	0	openldap	7	1000	1000	1000	1000	1002	72.31530600000008
root-paired/literal.json	root	default	root	literal	rootCompareTrue	compare_uid_true_root	0	before	1	1000	1000	1000	1000	1002	84.65878800000009
root-paired/literal.json	root	default	root	literal	rootCompareTrue	compare_uid_true_root	0	current	1	1000	1000	1000	1000	1002	99.14454799999997
root-paired/literal.json	root	default	root	literal	rootCompareTrue	compare_uid_true_root	0	openldap	1	1000	1000	1000	1000	1002	69.702668
root-paired/literal.json	root	default	root	literal	rootCompareTrue	compare_uid_true_root	0	before	2	1000	1000	1000	1000	1002	81.43062499999998
root-paired/literal.json	root	default	root	literal	rootCompareTrue	compare_uid_true_root	0	current	2	1000	1000	1000	1000	1002	80.93901599999987
root-paired/literal.json	root	default	root	literal	rootCompareTrue	compare_uid_true_root	0	openldap	2	1000	1000	1000	1000	1002	68.39242499999997
root-paired/literal.json	root	default	root	literal	rootCompareTrue	compare_uid_true_root	0	before	3	1000	1000	1000	1000	1002	82.68600599999985
root-paired/literal.json	root	default	root	literal	rootCompareTrue	compare_uid_true_root	0	current	3	1000	1000	1000	1000	1002	82.7772980000001
root-paired/literal.json	root	default	root	literal	rootCompareTrue	compare_uid_true_root	0	openldap	3	1000	1000	1000	1000	1002	68.59091199999988
root-paired/literal.json	root	default	root	literal	rootCompareTrue	compare_uid_true_root	0	before	4	1000	1000	1000	1000	1002	84.53864700000013
root-paired/literal.json	root	default	root	literal	rootCompareTrue	compare_uid_true_root	0	current	4	1000	1000	1000	1000	1002	83.38596499999991
root-paired/literal.json	root	default	root	literal	rootCompareTrue	compare_uid_true_root	0	openldap	4	1000	1000	1000	1000	1002	68.39737899999996
root-paired/literal.json	root	default	root	literal	rootCompareTrue	compare_uid_true_root	0	before	5	1000	1000	1000	1000	1002	77.64188900000009
root-paired/literal.json	root	default	root	literal	rootCompareTrue	compare_uid_true_root	0	current	5	1000	1000	1000	1000	1002	78.80192599999992
root-paired/literal.json	root	default	root	literal	rootCompareTrue	compare_uid_true_root	0	openldap	5	1000	1000	1000	1000	1002	65.04188100000005
root-paired/literal.json	root	default	root	literal	rootCompareTrue	compare_uid_true_root	0	before	6	1000	1000	1000	1000	1002	87.29347899999989
root-paired/literal.json	root	default	root	literal	rootCompareTrue	compare_uid_true_root	0	current	6	1000	1000	1000	1000	1002	89.05893299999993
root-paired/literal.json	root	default	root	literal	rootCompareTrue	compare_uid_true_root	0	openldap	6	1000	1000	1000	1000	1002	72.28047199999996
root-paired/literal.json	root	default	root	literal	rootCompareTrue	compare_uid_true_root	0	before	7	1000	1000	1000	1000	1002	87.21639200000006
root-paired/literal.json	root	default	root	literal	rootCompareTrue	compare_uid_true_root	0	current	7	1000	1000	1000	1000	1002	85.26360999999999
root-paired/literal.json	root	default	root	literal	rootCompareTrue	compare_uid_true_root	0	openldap	7	1000	1000	1000	1000	1002	71.34278199999999
root-paired/literal.json	root	default	root	literal	rootCompareFalse	compare_uid_false_root	0	before	1	1000	1000	1000	1000	1002	79.27233899999996
root-paired/literal.json	root	default	root	literal	rootCompareFalse	compare_uid_false_root	0	current	1	1000	1000	1000	1000	1002	79.86910699999987
root-paired/literal.json	root	default	root	literal	rootCompareFalse	compare_uid_false_root	0	openldap	1	1000	1000	1000	1000	1002	65.95868299999992
root-paired/literal.json	root	default	root	literal	rootCompareFalse	compare_uid_false_root	0	before	2	1000	1000	1000	1000	1002	75.92403199999995
root-paired/literal.json	root	default	root	literal	rootCompareFalse	compare_uid_false_root	0	current	2	1000	1000	1000	1000	1002	75.26813399999996
root-paired/literal.json	root	default	root	literal	rootCompareFalse	compare_uid_false_root	0	openldap	2	1000	1000	1000	1000	1002	61.71011599999999
root-paired/literal.json	root	default	root	literal	rootCompareFalse	compare_uid_false_root	0	before	3	1000	1000	1000	1000	1002	84.03356600000002
root-paired/literal.json	root	default	root	literal	rootCompareFalse	compare_uid_false_root	0	current	3	1000	1000	1000	1000	1002	82.35055100000005
root-paired/literal.json	root	default	root	literal	rootCompareFalse	compare_uid_false_root	0	openldap	3	1000	1000	1000	1000	1002	67.12384999999992
root-paired/literal.json	root	default	root	literal	rootCompareFalse	compare_uid_false_root	0	before	4	1000	1000	1000	1000	1002	93.22270300000004
root-paired/literal.json	root	default	root	literal	rootCompareFalse	compare_uid_false_root	0	current	4	1000	1000	1000	1000	1002	94.33691800000004
root-paired/literal.json	root	default	root	literal	rootCompareFalse	compare_uid_false_root	0	openldap	4	1000	1000	1000	1000	1002	74.40673500000007
root-paired/literal.json	root	default	root	literal	rootCompareFalse	compare_uid_false_root	0	before	5	1000	1000	1000	1000	1002	80.94559800000007
root-paired/literal.json	root	default	root	literal	rootCompareFalse	compare_uid_false_root	0	current	5	1000	1000	1000	1000	1002	83.84516600000008
root-paired/literal.json	root	default	root	literal	rootCompareFalse	compare_uid_false_root	0	openldap	5	1000	1000	1000	1000	1002	70.87109999999998
root-paired/literal.json	root	default	root	literal	rootCompareFalse	compare_uid_false_root	0	before	6	1000	1000	1000	1000	1002	83.40020199999996
root-paired/literal.json	root	default	root	literal	rootCompareFalse	compare_uid_false_root	0	current	6	1000	1000	1000	1000	1002	83.97820899999996
root-paired/literal.json	root	default	root	literal	rootCompareFalse	compare_uid_false_root	0	openldap	6	1000	1000	1000	1000	1002	68.90532899999994
root-paired/literal.json	root	default	root	literal	rootCompareFalse	compare_uid_false_root	0	before	7	1000	1000	1000	1000	1002	83.95062999999993
root-paired/literal.json	root	default	root	literal	rootCompareFalse	compare_uid_false_root	0	current	7	1000	1000	1000	1000	1002	86.13866699999993
root-paired/literal.json	root	default	root	literal	rootCompareFalse	compare_uid_false_root	0	openldap	7	1000	1000	1000	1000	1002	70.508252
root-paired/literal-smoke.json	root	default	root	literal-smoke	rootBind	simple_bind_root	0	before	1	2	2	2	2	4	0.9837500000000001
root-paired/literal-smoke.json	root	default	root	literal-smoke	rootBind	simple_bind_root	0	current	1	2	2	2	2	4	0.846792
root-paired/literal-smoke.json	root	default	root	literal-smoke	rootBind	simple_bind_root	0	openldap	1	2	2	2	2	4	0.641332
root-paired/literal-smoke.json	root	default	root	literal-smoke	rootBase	base_objectclass_root	0	before	1	2	2	2	2	4	0.6816239999999999
root-paired/literal-smoke.json	root	default	root	literal-smoke	rootBase	base_objectclass_root	0	current	1	2	2	2	2	4	0.681501
root-paired/literal-smoke.json	root	default	root	literal-smoke	rootBase	base_objectclass_root	0	openldap	1	2	2	2	2	4	0.508584
root-paired/literal-smoke.json	root	default	root	literal-smoke	rootEquality	subtree_uid_equality_root	0	before	1	2	2	2	2	4	0.625457
root-paired/literal-smoke.json	root	default	root	literal-smoke	rootEquality	subtree_uid_equality_root	0	current	1	2	2	2	2	4	0.729583
root-paired/literal-smoke.json	root	default	root	literal-smoke	rootEquality	subtree_uid_equality_root	0	openldap	1	2	2	2	2	4	0.8801650000000001
root-paired/literal-smoke.json	root	default	root	literal-smoke	rootCompareTrue	compare_uid_true_root	0	before	1	2	2	2	2	4	0.540042
root-paired/literal-smoke.json	root	default	root	literal-smoke	rootCompareTrue	compare_uid_true_root	0	current	1	2	2	2	2	4	0.526332
root-paired/literal-smoke.json	root	default	root	literal-smoke	rootCompareTrue	compare_uid_true_root	0	openldap	1	2	2	2	2	4	0.65175
root-paired/literal-smoke.json	root	default	root	literal-smoke	rootCompareFalse	compare_uid_false_root	0	before	1	2	2	2	2	4	0.5310400000000001
root-paired/literal-smoke.json	root	default	root	literal-smoke	rootCompareFalse	compare_uid_false_root	0	current	1	2	2	2	2	4	0.510833
root-paired/literal-smoke.json	root	default	root	literal-smoke	rootCompareFalse	compare_uid_false_root	0	openldap	1	2	2	2	2	4	0.45179099999999994
root-paired/normalized.json	root	default	root	normalized	rootBind	simple_bind_root	0	before	1	1000	1000	1000	1000	1002	89.07714600000001
root-paired/normalized.json	root	default	root	normalized	rootBind	simple_bind_root	0	current	1	1000	1000	1000	1000	1002	89.486727
root-paired/normalized.json	root	default	root	normalized	rootBind	simple_bind_root	0	openldap	1	1000	1000	1000	1000	1002	74.69219999999989
root-paired/normalized.json	root	default	root	normalized	rootBind	simple_bind_root	0	before	2	1000	1000	1000	1000	1002	77.618403
root-paired/normalized.json	root	default	root	normalized	rootBind	simple_bind_root	0	current	2	1000	1000	1000	1000	1002	74.41637199999997
root-paired/normalized.json	root	default	root	normalized	rootBind	simple_bind_root	0	openldap	2	1000	1000	1000	1000	1002	63.35079399999992
root-paired/normalized.json	root	default	root	normalized	rootBind	simple_bind_root	0	before	3	1000	1000	1000	1000	1002	78.24829300000013
root-paired/normalized.json	root	default	root	normalized	rootBind	simple_bind_root	0	current	3	1000	1000	1000	1000	1002	80.51197800000007
root-paired/normalized.json	root	default	root	normalized	rootBind	simple_bind_root	0	openldap	3	1000	1000	1000	1000	1002	66.371409
root-paired/normalized.json	root	default	root	normalized	rootBind	simple_bind_root	0	before	4	1000	1000	1000	1000	1002	82.11650900000008
root-paired/normalized.json	root	default	root	normalized	rootBind	simple_bind_root	0	current	4	1000	1000	1000	1000	1002	83.55745199999988
root-paired/normalized.json	root	default	root	normalized	rootBind	simple_bind_root	0	openldap	4	1000	1000	1000	1000	1002	73.66984999999991
root-paired/normalized.json	root	default	root	normalized	rootBind	simple_bind_root	0	before	5	1000	1000	1000	1000	1002	78.99473700000001
root-paired/normalized.json	root	default	root	normalized	rootBind	simple_bind_root	0	current	5	1000	1000	1000	1000	1002	75.92616799999995
root-paired/normalized.json	root	default	root	normalized	rootBind	simple_bind_root	0	openldap	5	1000	1000	1000	1000	1002	65.17893299999999
root-paired/normalized.json	root	default	root	normalized	rootBind	simple_bind_root	0	before	6	1000	1000	1000	1000	1002	77.25597399999988
root-paired/normalized.json	root	default	root	normalized	rootBind	simple_bind_root	0	current	6	1000	1000	1000	1000	1002	77.54799100000004
root-paired/normalized.json	root	default	root	normalized	rootBind	simple_bind_root	0	openldap	6	1000	1000	1000	1000	1002	63.956791999999936
root-paired/normalized.json	root	default	root	normalized	rootBind	simple_bind_root	0	before	7	1000	1000	1000	1000	1002	83.94146700000002
root-paired/normalized.json	root	default	root	normalized	rootBind	simple_bind_root	0	current	7	1000	1000	1000	1000	1002	88.08205099999995
root-paired/normalized.json	root	default	root	normalized	rootBind	simple_bind_root	0	openldap	7	1000	1000	1000	1000	1002	68.70606300000017
root-paired/normalized.json	root	default	root	normalized	rootBase	base_objectclass_root	0	before	1	1000	1000	1000	1000	1002	84.28747799999994
root-paired/normalized.json	root	default	root	normalized	rootBase	base_objectclass_root	0	current	1	1000	1000	1000	1000	1002	81.62739600000002
root-paired/normalized.json	root	default	root	normalized	rootBase	base_objectclass_root	0	openldap	1	1000	1000	1000	1000	1002	69.43709500000006
root-paired/normalized.json	root	default	root	normalized	rootBase	base_objectclass_root	0	before	2	1000	1000	1000	1000	1002	78.57834200000006
root-paired/normalized.json	root	default	root	normalized	rootBase	base_objectclass_root	0	current	2	1000	1000	1000	1000	1002	77.90949000000003
root-paired/normalized.json	root	default	root	normalized	rootBase	base_objectclass_root	0	openldap	2	1000	1000	1000	1000	1002	65.33249799999997
root-paired/normalized.json	root	default	root	normalized	rootBase	base_objectclass_root	0	before	3	1000	1000	1000	1000	1002	80.54539300000008
root-paired/normalized.json	root	default	root	normalized	rootBase	base_objectclass_root	0	current	3	1000	1000	1000	1000	1002	79.74616499999999
root-paired/normalized.json	root	default	root	normalized	rootBase	base_objectclass_root	0	openldap	3	1000	1000	1000	1000	1002	67.31045999999998
root-paired/normalized.json	root	default	root	normalized	rootBase	base_objectclass_root	0	before	4	1000	1000	1000	1000	1002	94.73508399999996
root-paired/normalized.json	root	default	root	normalized	rootBase	base_objectclass_root	0	current	4	1000	1000	1000	1000	1002	98.97773
root-paired/normalized.json	root	default	root	normalized	rootBase	base_objectclass_root	0	openldap	4	1000	1000	1000	1000	1002	83.2494380000001
root-paired/normalized.json	root	default	root	normalized	rootBase	base_objectclass_root	0	before	5	1000	1000	1000	1000	1002	81.90855299999998
root-paired/normalized.json	root	default	root	normalized	rootBase	base_objectclass_root	0	current	5	1000	1000	1000	1000	1002	97.2586919999998
root-paired/normalized.json	root	default	root	normalized	rootBase	base_objectclass_root	0	openldap	5	1000	1000	1000	1000	1002	73.62605600000006
root-paired/normalized.json	root	default	root	normalized	rootBase	base_objectclass_root	0	before	6	1000	1000	1000	1000	1002	84.00000700000004
root-paired/normalized.json	root	default	root	normalized	rootBase	base_objectclass_root	0	current	6	1000	1000	1000	1000	1002	84.21091500000003
root-paired/normalized.json	root	default	root	normalized	rootBase	base_objectclass_root	0	openldap	6	1000	1000	1000	1000	1002	72.86368999999999
root-paired/normalized.json	root	default	root	normalized	rootBase	base_objectclass_root	0	before	7	1000	1000	1000	1000	1002	80.7830479999999
root-paired/normalized.json	root	default	root	normalized	rootBase	base_objectclass_root	0	current	7	1000	1000	1000	1000	1002	81.19708000000003
root-paired/normalized.json	root	default	root	normalized	rootBase	base_objectclass_root	0	openldap	7	1000	1000	1000	1000	1002	67.460393
root-paired/normalized.json	root	default	root	normalized	rootEquality	subtree_uid_equality_root	0	before	1	1000	1000	1000	1000	1002	83.14177300000009
root-paired/normalized.json	root	default	root	normalized	rootEquality	subtree_uid_equality_root	0	current	1	1000	1000	1000	1000	1002	81.05676000000004
root-paired/normalized.json	root	default	root	normalized	rootEquality	subtree_uid_equality_root	0	openldap	1	1000	1000	1000	1000	1002	66.972163
root-paired/normalized.json	root	default	root	normalized	rootEquality	subtree_uid_equality_root	0	before	2	1000	1000	1000	1000	1002	116.38166299999988
root-paired/normalized.json	root	default	root	normalized	rootEquality	subtree_uid_equality_root	0	current	2	1000	1000	1000	1000	1002	115.92846700000005
root-paired/normalized.json	root	default	root	normalized	rootEquality	subtree_uid_equality_root	0	openldap	2	1000	1000	1000	1000	1002	104.77329900000007
root-paired/normalized.json	root	default	root	normalized	rootEquality	subtree_uid_equality_root	0	before	3	1000	1000	1000	1000	1002	83.18881799999993
root-paired/normalized.json	root	default	root	normalized	rootEquality	subtree_uid_equality_root	0	current	3	1000	1000	1000	1000	1002	83.41934299999998
root-paired/normalized.json	root	default	root	normalized	rootEquality	subtree_uid_equality_root	0	openldap	3	1000	1000	1000	1000	1002	70.82507899999995
root-paired/normalized.json	root	default	root	normalized	rootEquality	subtree_uid_equality_root	0	before	4	1000	1000	1000	1000	1002	95.56929600000004
root-paired/normalized.json	root	default	root	normalized	rootEquality	subtree_uid_equality_root	0	current	4	1000	1000	1000	1000	1002	102.89123
root-paired/normalized.json	root	default	root	normalized	rootEquality	subtree_uid_equality_root	0	openldap	4	1000	1000	1000	1000	1002	75.01654700000003
root-paired/normalized.json	root	default	root	normalized	rootEquality	subtree_uid_equality_root	0	before	5	1000	1000	1000	1000	1002	88.65477100000001
root-paired/normalized.json	root	default	root	normalized	rootEquality	subtree_uid_equality_root	0	current	5	1000	1000	1000	1000	1002	87.68518600000006
root-paired/normalized.json	root	default	root	normalized	rootEquality	subtree_uid_equality_root	0	openldap	5	1000	1000	1000	1000	1002	71.43155299999995
root-paired/normalized.json	root	default	root	normalized	rootEquality	subtree_uid_equality_root	0	before	6	1000	1000	1000	1000	1002	89.64565300000001
root-paired/normalized.json	root	default	root	normalized	rootEquality	subtree_uid_equality_root	0	current	6	1000	1000	1000	1000	1002	87.39783099999977
root-paired/normalized.json	root	default	root	normalized	rootEquality	subtree_uid_equality_root	0	openldap	6	1000	1000	1000	1000	1002	71.69613200000015
root-paired/normalized.json	root	default	root	normalized	rootEquality	subtree_uid_equality_root	0	before	7	1000	1000	1000	1000	1002	95.74548200000002
root-paired/normalized.json	root	default	root	normalized	rootEquality	subtree_uid_equality_root	0	current	7	1000	1000	1000	1000	1002	93.690793
root-paired/normalized.json	root	default	root	normalized	rootEquality	subtree_uid_equality_root	0	openldap	7	1000	1000	1000	1000	1002	76.45657800000015
root-paired/normalized.json	root	default	root	normalized	rootCompareTrue	compare_uid_true_root	0	before	1	1000	1000	1000	1000	1002	93.44819900000002
root-paired/normalized.json	root	default	root	normalized	rootCompareTrue	compare_uid_true_root	0	current	1	1000	1000	1000	1000	1002	91.01722700000009
root-paired/normalized.json	root	default	root	normalized	rootCompareTrue	compare_uid_true_root	0	openldap	1	1000	1000	1000	1000	1002	82.94138500000004
root-paired/normalized.json	root	default	root	normalized	rootCompareTrue	compare_uid_true_root	0	before	2	1000	1000	1000	1000	1002	73.12324300000002
root-paired/normalized.json	root	default	root	normalized	rootCompareTrue	compare_uid_true_root	0	current	2	1000	1000	1000	1000	1002	71.78963899999997
root-paired/normalized.json	root	default	root	normalized	rootCompareTrue	compare_uid_true_root	0	openldap	2	1000	1000	1000	1000	1002	60.732614000000005
root-paired/normalized.json	root	default	root	normalized	rootCompareTrue	compare_uid_true_root	0	before	3	1000	1000	1000	1000	1002	74.28817199999995
root-paired/normalized.json	root	default	root	normalized	rootCompareTrue	compare_uid_true_root	0	current	3	1000	1000	1000	1000	1002	74.75907799999999
root-paired/normalized.json	root	default	root	normalized	rootCompareTrue	compare_uid_true_root	0	openldap	3	1000	1000	1000	1000	1002	61.019546
root-paired/normalized.json	root	default	root	normalized	rootCompareTrue	compare_uid_true_root	0	before	4	1000	1000	1000	1000	1002	89.44203900000004
root-paired/normalized.json	root	default	root	normalized	rootCompareTrue	compare_uid_true_root	0	current	4	1000	1000	1000	1000	1002	86.71570199999991
root-paired/normalized.json	root	default	root	normalized	rootCompareTrue	compare_uid_true_root	0	openldap	4	1000	1000	1000	1000	1002	72.74167399999995
root-paired/normalized.json	root	default	root	normalized	rootCompareTrue	compare_uid_true_root	0	before	5	1000	1000	1000	1000	1002	82.47885500000005
root-paired/normalized.json	root	default	root	normalized	rootCompareTrue	compare_uid_true_root	0	current	5	1000	1000	1000	1000	1002	82.41828999999989
root-paired/normalized.json	root	default	root	normalized	rootCompareTrue	compare_uid_true_root	0	openldap	5	1000	1000	1000	1000	1002	72.50964600000003
root-paired/normalized.json	root	default	root	normalized	rootCompareTrue	compare_uid_true_root	0	before	6	1000	1000	1000	1000	1002	76.34239700000016
root-paired/normalized.json	root	default	root	normalized	rootCompareTrue	compare_uid_true_root	0	current	6	1000	1000	1000	1000	1002	77.88238599999998
root-paired/normalized.json	root	default	root	normalized	rootCompareTrue	compare_uid_true_root	0	openldap	6	1000	1000	1000	1000	1002	64.03243399999998
root-paired/normalized.json	root	default	root	normalized	rootCompareTrue	compare_uid_true_root	0	before	7	1000	1000	1000	1000	1002	74.82646699999998
root-paired/normalized.json	root	default	root	normalized	rootCompareTrue	compare_uid_true_root	0	current	7	1000	1000	1000	1000	1002	75.60894800000004
root-paired/normalized.json	root	default	root	normalized	rootCompareTrue	compare_uid_true_root	0	openldap	7	1000	1000	1000	1000	1002	64.70612200000001
root-paired/normalized.json	root	default	root	normalized	rootCompareFalse	compare_uid_false_root	0	before	1	1000	1000	1000	1000	1002	72.39360899999998
root-paired/normalized.json	root	default	root	normalized	rootCompareFalse	compare_uid_false_root	0	current	1	1000	1000	1000	1000	1002	72.31050400000001
root-paired/normalized.json	root	default	root	normalized	rootCompareFalse	compare_uid_false_root	0	openldap	1	1000	1000	1000	1000	1002	61.65670499999998
root-paired/normalized.json	root	default	root	normalized	rootCompareFalse	compare_uid_false_root	0	before	2	1000	1000	1000	1000	1002	74.19541800000009
root-paired/normalized.json	root	default	root	normalized	rootCompareFalse	compare_uid_false_root	0	current	2	1000	1000	1000	1000	1002	75.32138200000006
root-paired/normalized.json	root	default	root	normalized	rootCompareFalse	compare_uid_false_root	0	openldap	2	1000	1000	1000	1000	1002	63.657050999999925
root-paired/normalized.json	root	default	root	normalized	rootCompareFalse	compare_uid_false_root	0	before	3	1000	1000	1000	1000	1002	78.53133799999988
root-paired/normalized.json	root	default	root	normalized	rootCompareFalse	compare_uid_false_root	0	current	3	1000	1000	1000	1000	1002	77.50670999999996
root-paired/normalized.json	root	default	root	normalized	rootCompareFalse	compare_uid_false_root	0	openldap	3	1000	1000	1000	1000	1002	63.18233999999996
root-paired/normalized.json	root	default	root	normalized	rootCompareFalse	compare_uid_false_root	0	before	4	1000	1000	1000	1000	1002	87.0641329999999
root-paired/normalized.json	root	default	root	normalized	rootCompareFalse	compare_uid_false_root	0	current	4	1000	1000	1000	1000	1002	89.99145800000002
root-paired/normalized.json	root	default	root	normalized	rootCompareFalse	compare_uid_false_root	0	openldap	4	1000	1000	1000	1000	1002	71.04508500000001
root-paired/normalized.json	root	default	root	normalized	rootCompareFalse	compare_uid_false_root	0	before	5	1000	1000	1000	1000	1002	86.16326600000005
root-paired/normalized.json	root	default	root	normalized	rootCompareFalse	compare_uid_false_root	0	current	5	1000	1000	1000	1000	1002	86.51448800000001
root-paired/normalized.json	root	default	root	normalized	rootCompareFalse	compare_uid_false_root	0	openldap	5	1000	1000	1000	1000	1002	71.43391399999997
root-paired/normalized.json	root	default	root	normalized	rootCompareFalse	compare_uid_false_root	0	before	6	1000	1000	1000	1000	1002	85.98951399999993
root-paired/normalized.json	root	default	root	normalized	rootCompareFalse	compare_uid_false_root	0	current	6	1000	1000	1000	1000	1002	85.5594470000001
root-paired/normalized.json	root	default	root	normalized	rootCompareFalse	compare_uid_false_root	0	openldap	6	1000	1000	1000	1000	1002	72.03452599999999
root-paired/normalized.json	root	default	root	normalized	rootCompareFalse	compare_uid_false_root	0	before	7	1000	1000	1000	1000	1002	94.4932629999998
root-paired/normalized.json	root	default	root	normalized	rootCompareFalse	compare_uid_false_root	0	current	7	1000	1000	1000	1000	1002	91.62598199999991
root-paired/normalized.json	root	default	root	normalized	rootCompareFalse	compare_uid_false_root	0	openldap	7	1000	1000	1000	1000	1002	73.8360239999999
root-paired/normalized-smoke.json	root	default	root	normalized-smoke	rootBind	simple_bind_root	0	before	1	2	2	2	2	4	0.534375
root-paired/normalized-smoke.json	root	default	root	normalized-smoke	rootBind	simple_bind_root	0	current	1	2	2	2	2	4	0.49604099999999995
root-paired/normalized-smoke.json	root	default	root	normalized-smoke	rootBind	simple_bind_root	0	openldap	1	2	2	2	2	4	0.308917
root-paired/normalized-smoke.json	root	default	root	normalized-smoke	rootBase	base_objectclass_root	0	before	1	2	2	2	2	4	0.339916
root-paired/normalized-smoke.json	root	default	root	normalized-smoke	rootBase	base_objectclass_root	0	current	1	2	2	2	2	4	0.342958
root-paired/normalized-smoke.json	root	default	root	normalized-smoke	rootBase	base_objectclass_root	0	openldap	1	2	2	2	2	4	0.254583
root-paired/normalized-smoke.json	root	default	root	normalized-smoke	rootEquality	subtree_uid_equality_root	0	before	1	2	2	2	2	4	0.353499
root-paired/normalized-smoke.json	root	default	root	normalized-smoke	rootEquality	subtree_uid_equality_root	0	current	1	2	2	2	2	4	0.254459
root-paired/normalized-smoke.json	root	default	root	normalized-smoke	rootEquality	subtree_uid_equality_root	0	openldap	1	2	2	2	2	4	0.252874
root-paired/normalized-smoke.json	root	default	root	normalized-smoke	rootCompareTrue	compare_uid_true_root	0	before	1	2	2	2	2	4	0.349168
root-paired/normalized-smoke.json	root	default	root	normalized-smoke	rootCompareTrue	compare_uid_true_root	0	current	1	2	2	2	2	4	0.33212400000000003
root-paired/normalized-smoke.json	root	default	root	normalized-smoke	rootCompareTrue	compare_uid_true_root	0	openldap	1	2	2	2	2	4	0.318168
root-paired/normalized-smoke.json	root	default	root	normalized-smoke	rootCompareFalse	compare_uid_false_root	0	before	1	2	2	2	2	4	0.302542
root-paired/normalized-smoke.json	root	default	root	normalized-smoke	rootCompareFalse	compare_uid_false_root	0	current	1	2	2	2	2	4	0.312083
root-paired/normalized-smoke.json	root	default	root	normalized-smoke	rootCompareFalse	compare_uid_false_root	0	openldap	1	2	2	2	2	4	0.263458
explicit-group-compare/groups.json	group-compare	explicit	nonroot	groups	groupCompareTrueFirst	compare_member_true_first	10	before	1	20	20	20	20	22	2.3482510000000003
explicit-group-compare/groups.json	group-compare	explicit	nonroot	groups	groupCompareTrueFirst	compare_member_true_first	10	current	1	20	20	20	20	22	2.097124
explicit-group-compare/groups.json	group-compare	explicit	nonroot	groups	groupCompareTrueFirst	compare_member_true_first	10	openldap	1	20	20	20	20	22	1.6584610000000002
explicit-group-compare/groups.json	group-compare	explicit	nonroot	groups	groupCompareTrueFirst	compare_member_true_first	10	before	2	20	20	20	20	22	2.050208
explicit-group-compare/groups.json	group-compare	explicit	nonroot	groups	groupCompareTrueFirst	compare_member_true_first	10	current	2	20	20	20	20	22	2.352371
explicit-group-compare/groups.json	group-compare	explicit	nonroot	groups	groupCompareTrueFirst	compare_member_true_first	10	openldap	2	20	20	20	20	22	1.8233750000000004
explicit-group-compare/groups.json	group-compare	explicit	nonroot	groups	groupCompareTrueFirst	compare_member_true_first	10	before	3	20	20	20	20	22	2.033124
explicit-group-compare/groups.json	group-compare	explicit	nonroot	groups	groupCompareTrueFirst	compare_member_true_first	10	current	3	20	20	20	20	22	1.948457
explicit-group-compare/groups.json	group-compare	explicit	nonroot	groups	groupCompareTrueFirst	compare_member_true_first	10	openldap	3	20	20	20	20	22	1.6702079999999997
explicit-group-compare/groups.json	group-compare	explicit	nonroot	groups	groupCompareTrueFirst	compare_member_true_first	10	before	4	20	20	20	20	22	1.9767080000000001
explicit-group-compare/groups.json	group-compare	explicit	nonroot	groups	groupCompareTrueFirst	compare_member_true_first	10	current	4	20	20	20	20	22	2.076834
explicit-group-compare/groups.json	group-compare	explicit	nonroot	groups	groupCompareTrueFirst	compare_member_true_first	10	openldap	4	20	20	20	20	22	1.638248
explicit-group-compare/groups.json	group-compare	explicit	nonroot	groups	groupCompareTrueFirst	compare_member_true_first	10	before	5	20	20	20	20	22	1.8329579999999999
explicit-group-compare/groups.json	group-compare	explicit	nonroot	groups	groupCompareTrueFirst	compare_member_true_first	10	current	5	20	20	20	20	22	1.930585
explicit-group-compare/groups.json	group-compare	explicit	nonroot	groups	groupCompareTrueFirst	compare_member_true_first	10	openldap	5	20	20	20	20	22	1.4931240000000001
explicit-group-compare/groups.json	group-compare	explicit	nonroot	groups	groupCompareTrueFirst	compare_member_true_first	1000	before	1	20	20	20	20	22	1.9041260000000002
explicit-group-compare/groups.json	group-compare	explicit	nonroot	groups	groupCompareTrueFirst	compare_member_true_first	1000	current	1	20	20	20	20	22	2.027416
explicit-group-compare/groups.json	group-compare	explicit	nonroot	groups	groupCompareTrueFirst	compare_member_true_first	1000	openldap	1	20	20	20	20	22	1.747623
explicit-group-compare/groups.json	group-compare	explicit	nonroot	groups	groupCompareTrueFirst	compare_member_true_first	1000	before	2	20	20	20	20	22	1.783668
explicit-group-compare/groups.json	group-compare	explicit	nonroot	groups	groupCompareTrueFirst	compare_member_true_first	1000	current	2	20	20	20	20	22	1.8332909999999993
explicit-group-compare/groups.json	group-compare	explicit	nonroot	groups	groupCompareTrueFirst	compare_member_true_first	1000	openldap	2	20	20	20	20	22	1.4702919999999997
explicit-group-compare/groups.json	group-compare	explicit	nonroot	groups	groupCompareTrueFirst	compare_member_true_first	1000	before	3	20	20	20	20	22	1.9022080000000001
explicit-group-compare/groups.json	group-compare	explicit	nonroot	groups	groupCompareTrueFirst	compare_member_true_first	1000	current	3	20	20	20	20	22	1.7856730000000003
explicit-group-compare/groups.json	group-compare	explicit	nonroot	groups	groupCompareTrueFirst	compare_member_true_first	1000	openldap	3	20	20	20	20	22	1.410501
explicit-group-compare/groups.json	group-compare	explicit	nonroot	groups	groupCompareTrueFirst	compare_member_true_first	1000	before	4	20	20	20	20	22	1.9518349999999995
explicit-group-compare/groups.json	group-compare	explicit	nonroot	groups	groupCompareTrueFirst	compare_member_true_first	1000	current	4	20	20	20	20	22	2.067919
explicit-group-compare/groups.json	group-compare	explicit	nonroot	groups	groupCompareTrueFirst	compare_member_true_first	1000	openldap	4	20	20	20	20	22	1.6280819999999998
explicit-group-compare/groups.json	group-compare	explicit	nonroot	groups	groupCompareTrueFirst	compare_member_true_first	1000	before	5	20	20	20	20	22	2.286961
explicit-group-compare/groups.json	group-compare	explicit	nonroot	groups	groupCompareTrueFirst	compare_member_true_first	1000	current	5	20	20	20	20	22	2.269746
explicit-group-compare/groups.json	group-compare	explicit	nonroot	groups	groupCompareTrueFirst	compare_member_true_first	1000	openldap	5	20	20	20	20	22	1.814041
explicit-group-compare/groups.json	group-compare	explicit	nonroot	groups	groupCompareTrueLast	compare_member_true_last	10	before	1	20	20	20	20	22	2.2309560000000004
explicit-group-compare/groups.json	group-compare	explicit	nonroot	groups	groupCompareTrueLast	compare_member_true_last	10	current	1	20	20	20	20	22	2.0258749999999996
explicit-group-compare/groups.json	group-compare	explicit	nonroot	groups	groupCompareTrueLast	compare_member_true_last	10	openldap	1	20	20	20	20	22	1.588998
explicit-group-compare/groups.json	group-compare	explicit	nonroot	groups	groupCompareTrueLast	compare_member_true_last	10	before	2	20	20	20	20	22	2.192793
explicit-group-compare/groups.json	group-compare	explicit	nonroot	groups	groupCompareTrueLast	compare_member_true_last	10	current	2	20	20	20	20	22	1.9184160000000001
explicit-group-compare/groups.json	group-compare	explicit	nonroot	groups	groupCompareTrueLast	compare_member_true_last	10	openldap	2	20	20	20	20	22	1.6917069999999998
explicit-group-compare/groups.json	group-compare	explicit	nonroot	groups	groupCompareTrueLast	compare_member_true_last	10	before	3	20	20	20	20	22	2.115501
explicit-group-compare/groups.json	group-compare	explicit	nonroot	groups	groupCompareTrueLast	compare_member_true_last	10	current	3	20	20	20	20	22	2.1270830000000003
explicit-group-compare/groups.json	group-compare	explicit	nonroot	groups	groupCompareTrueLast	compare_member_true_last	10	openldap	3	20	20	20	20	22	1.7507499999999998
explicit-group-compare/groups.json	group-compare	explicit	nonroot	groups	groupCompareTrueLast	compare_member_true_last	10	before	4	20	20	20	20	22	1.9649150000000002
explicit-group-compare/groups.json	group-compare	explicit	nonroot	groups	groupCompareTrueLast	compare_member_true_last	10	current	4	20	20	20	20	22	2.1024589999999996
explicit-group-compare/groups.json	group-compare	explicit	nonroot	groups	groupCompareTrueLast	compare_member_true_last	10	openldap	4	20	20	20	20	22	1.7958349999999996
explicit-group-compare/groups.json	group-compare	explicit	nonroot	groups	groupCompareTrueLast	compare_member_true_last	10	before	5	20	20	20	20	22	2.028875
explicit-group-compare/groups.json	group-compare	explicit	nonroot	groups	groupCompareTrueLast	compare_member_true_last	10	current	5	20	20	20	20	22	2.0662899999999995
explicit-group-compare/groups.json	group-compare	explicit	nonroot	groups	groupCompareTrueLast	compare_member_true_last	10	openldap	5	20	20	20	20	22	1.8133760000000003
explicit-group-compare/groups.json	group-compare	explicit	nonroot	groups	groupCompareTrueLast	compare_member_true_last	1000	before	1	20	20	20	20	22	2.0957529999999993
explicit-group-compare/groups.json	group-compare	explicit	nonroot	groups	groupCompareTrueLast	compare_member_true_last	1000	current	1	20	20	20	20	22	1.9539989999999998
explicit-group-compare/groups.json	group-compare	explicit	nonroot	groups	groupCompareTrueLast	compare_member_true_last	1000	openldap	1	20	20	20	20	22	1.699085
explicit-group-compare/groups.json	group-compare	explicit	nonroot	groups	groupCompareTrueLast	compare_member_true_last	1000	before	2	20	20	20	20	22	2.445712
explicit-group-compare/groups.json	group-compare	explicit	nonroot	groups	groupCompareTrueLast	compare_member_true_last	1000	current	2	20	20	20	20	22	2.4561250000000006
explicit-group-compare/groups.json	group-compare	explicit	nonroot	groups	groupCompareTrueLast	compare_member_true_last	1000	openldap	2	20	20	20	20	22	2.108415
explicit-group-compare/groups.json	group-compare	explicit	nonroot	groups	groupCompareTrueLast	compare_member_true_last	1000	before	3	20	20	20	20	22	2.3014569999999996
explicit-group-compare/groups.json	group-compare	explicit	nonroot	groups	groupCompareTrueLast	compare_member_true_last	1000	current	3	20	20	20	20	22	2.3917930000000007
explicit-group-compare/groups.json	group-compare	explicit	nonroot	groups	groupCompareTrueLast	compare_member_true_last	1000	openldap	3	20	20	20	20	22	1.8873330000000004
explicit-group-compare/groups.json	group-compare	explicit	nonroot	groups	groupCompareTrueLast	compare_member_true_last	1000	before	4	20	20	20	20	22	2.405998
explicit-group-compare/groups.json	group-compare	explicit	nonroot	groups	groupCompareTrueLast	compare_member_true_last	1000	current	4	20	20	20	20	22	2.353833
explicit-group-compare/groups.json	group-compare	explicit	nonroot	groups	groupCompareTrueLast	compare_member_true_last	1000	openldap	4	20	20	20	20	22	1.898794
explicit-group-compare/groups.json	group-compare	explicit	nonroot	groups	groupCompareTrueLast	compare_member_true_last	1000	before	5	20	20	20	20	22	2.5590819999999996
explicit-group-compare/groups.json	group-compare	explicit	nonroot	groups	groupCompareTrueLast	compare_member_true_last	1000	current	5	20	20	20	20	22	2.2294160000000005
explicit-group-compare/groups.json	group-compare	explicit	nonroot	groups	groupCompareTrueLast	compare_member_true_last	1000	openldap	5	20	20	20	20	22	1.7615419999999997
explicit-group-compare/groups.json	group-compare	explicit	nonroot	groups	groupCompareFalse	compare_member_false_missing	10	before	1	20	20	20	20	22	2.0578770000000004
explicit-group-compare/groups.json	group-compare	explicit	nonroot	groups	groupCompareFalse	compare_member_false_missing	10	current	1	20	20	20	20	22	2.040082
explicit-group-compare/groups.json	group-compare	explicit	nonroot	groups	groupCompareFalse	compare_member_false_missing	10	openldap	1	20	20	20	20	22	1.5484140000000002
explicit-group-compare/groups.json	group-compare	explicit	nonroot	groups	groupCompareFalse	compare_member_false_missing	10	before	2	20	20	20	20	22	1.833002
explicit-group-compare/groups.json	group-compare	explicit	nonroot	groups	groupCompareFalse	compare_member_false_missing	10	current	2	20	20	20	20	22	2.005751
explicit-group-compare/groups.json	group-compare	explicit	nonroot	groups	groupCompareFalse	compare_member_false_missing	10	openldap	2	20	20	20	20	22	1.7514159999999999
explicit-group-compare/groups.json	group-compare	explicit	nonroot	groups	groupCompareFalse	compare_member_false_missing	10	before	3	20	20	20	20	22	1.8460829999999997
explicit-group-compare/groups.json	group-compare	explicit	nonroot	groups	groupCompareFalse	compare_member_false_missing	10	current	3	20	20	20	20	22	1.9445809999999997
explicit-group-compare/groups.json	group-compare	explicit	nonroot	groups	groupCompareFalse	compare_member_false_missing	10	openldap	3	20	20	20	20	22	1.573334
explicit-group-compare/groups.json	group-compare	explicit	nonroot	groups	groupCompareFalse	compare_member_false_missing	10	before	4	20	20	20	20	22	1.8223730000000002
explicit-group-compare/groups.json	group-compare	explicit	nonroot	groups	groupCompareFalse	compare_member_false_missing	10	current	4	20	20	20	20	22	2.021958
explicit-group-compare/groups.json	group-compare	explicit	nonroot	groups	groupCompareFalse	compare_member_false_missing	10	openldap	4	20	20	20	20	22	1.622
explicit-group-compare/groups.json	group-compare	explicit	nonroot	groups	groupCompareFalse	compare_member_false_missing	10	before	5	20	20	20	20	22	2.00371
explicit-group-compare/groups.json	group-compare	explicit	nonroot	groups	groupCompareFalse	compare_member_false_missing	10	current	5	20	20	20	20	22	1.9542920000000001
explicit-group-compare/groups.json	group-compare	explicit	nonroot	groups	groupCompareFalse	compare_member_false_missing	10	openldap	5	20	20	20	20	22	1.6454589999999998
explicit-group-compare/groups.json	group-compare	explicit	nonroot	groups	groupCompareFalse	compare_member_false_missing	1000	before	1	20	20	20	20	22	2.020289
explicit-group-compare/groups.json	group-compare	explicit	nonroot	groups	groupCompareFalse	compare_member_false_missing	1000	current	1	20	20	20	20	22	2.019288
explicit-group-compare/groups.json	group-compare	explicit	nonroot	groups	groupCompareFalse	compare_member_false_missing	1000	openldap	1	20	20	20	20	22	1.6913729999999996
explicit-group-compare/groups.json	group-compare	explicit	nonroot	groups	groupCompareFalse	compare_member_false_missing	1000	before	2	20	20	20	20	22	1.799498
explicit-group-compare/groups.json	group-compare	explicit	nonroot	groups	groupCompareFalse	compare_member_false_missing	1000	current	2	20	20	20	20	22	1.940957
explicit-group-compare/groups.json	group-compare	explicit	nonroot	groups	groupCompareFalse	compare_member_false_missing	1000	openldap	2	20	20	20	20	22	1.4627080000000001
explicit-group-compare/groups.json	group-compare	explicit	nonroot	groups	groupCompareFalse	compare_member_false_missing	1000	before	3	20	20	20	20	22	3.7284589999999995
explicit-group-compare/groups.json	group-compare	explicit	nonroot	groups	groupCompareFalse	compare_member_false_missing	1000	current	3	20	20	20	20	22	1.996748
explicit-group-compare/groups.json	group-compare	explicit	nonroot	groups	groupCompareFalse	compare_member_false_missing	1000	openldap	3	20	20	20	20	22	1.658671
explicit-group-compare/groups.json	group-compare	explicit	nonroot	groups	groupCompareFalse	compare_member_false_missing	1000	before	4	20	20	20	20	22	1.8844149999999997
explicit-group-compare/groups.json	group-compare	explicit	nonroot	groups	groupCompareFalse	compare_member_false_missing	1000	current	4	20	20	20	20	22	1.913166
explicit-group-compare/groups.json	group-compare	explicit	nonroot	groups	groupCompareFalse	compare_member_false_missing	1000	openldap	4	20	20	20	20	22	1.5438749999999999
explicit-group-compare/groups.json	group-compare	explicit	nonroot	groups	groupCompareFalse	compare_member_false_missing	1000	before	5	20	20	20	20	22	2.094418
explicit-group-compare/groups.json	group-compare	explicit	nonroot	groups	groupCompareFalse	compare_member_false_missing	1000	current	5	20	20	20	20	22	2.1357090000000003
explicit-group-compare/groups.json	group-compare	explicit	nonroot	groups	groupCompareFalse	compare_member_false_missing	1000	openldap	5	20	20	20	20	22	1.6560830000000002
explicit-group-compare/smoke.json	group-compare	explicit	nonroot	smoke	groupCompareTrueFirst	compare_member_true_first	10	before	1	2	2	2	2	4	0.391499
explicit-group-compare/smoke.json	group-compare	explicit	nonroot	smoke	groupCompareTrueFirst	compare_member_true_first	10	current	1	2	2	2	2	4	0.411875
explicit-group-compare/smoke.json	group-compare	explicit	nonroot	smoke	groupCompareTrueFirst	compare_member_true_first	10	openldap	1	2	2	2	2	4	0.233375
explicit-group-compare/smoke.json	group-compare	explicit	nonroot	smoke	groupCompareTrueFirst	compare_member_true_first	1000	before	1	2	2	2	2	4	0.264708
explicit-group-compare/smoke.json	group-compare	explicit	nonroot	smoke	groupCompareTrueFirst	compare_member_true_first	1000	current	1	2	2	2	2	4	0.376041
explicit-group-compare/smoke.json	group-compare	explicit	nonroot	smoke	groupCompareTrueFirst	compare_member_true_first	1000	openldap	1	2	2	2	2	4	0.221501
explicit-group-compare/smoke.json	group-compare	explicit	nonroot	smoke	groupCompareTrueLast	compare_member_true_last	10	before	1	2	2	2	2	4	0.327542
explicit-group-compare/smoke.json	group-compare	explicit	nonroot	smoke	groupCompareTrueLast	compare_member_true_last	10	current	1	2	2	2	2	4	0.30520800000000003
explicit-group-compare/smoke.json	group-compare	explicit	nonroot	smoke	groupCompareTrueLast	compare_member_true_last	10	openldap	1	2	2	2	2	4	0.23991800000000002
explicit-group-compare/smoke.json	group-compare	explicit	nonroot	smoke	groupCompareTrueLast	compare_member_true_last	1000	before	1	2	2	2	2	4	0.249375
explicit-group-compare/smoke.json	group-compare	explicit	nonroot	smoke	groupCompareTrueLast	compare_member_true_last	1000	current	1	2	2	2	2	4	0.273041
explicit-group-compare/smoke.json	group-compare	explicit	nonroot	smoke	groupCompareTrueLast	compare_member_true_last	1000	openldap	1	2	2	2	2	4	0.19554200000000002
explicit-group-compare/smoke.json	group-compare	explicit	nonroot	smoke	groupCompareFalse	compare_member_false_missing	10	before	1	2	2	2	2	4	0.270167
explicit-group-compare/smoke.json	group-compare	explicit	nonroot	smoke	groupCompareFalse	compare_member_false_missing	10	current	1	2	2	2	2	4	0.357668
explicit-group-compare/smoke.json	group-compare	explicit	nonroot	smoke	groupCompareFalse	compare_member_false_missing	10	openldap	1	2	2	2	2	4	0.24916699999999997
explicit-group-compare/smoke.json	group-compare	explicit	nonroot	smoke	groupCompareFalse	compare_member_false_missing	1000	before	1	2	2	2	2	4	0.33870900000000004
explicit-group-compare/smoke.json	group-compare	explicit	nonroot	smoke	groupCompareFalse	compare_member_false_missing	1000	current	1	2	2	2	2	4	0.298458
explicit-group-compare/smoke.json	group-compare	explicit	nonroot	smoke	groupCompareFalse	compare_member_false_missing	1000	openldap	1	2	2	2	2	4	0.229624
default-group-compare/groups.json	group-compare	default	nonroot	groups	groupCompareTrueFirst	compare_member_true_first	10	before	1	20	20	20	20	22	1.9728779999999997
default-group-compare/groups.json	group-compare	default	nonroot	groups	groupCompareTrueFirst	compare_member_true_first	10	current	1	20	20	20	20	22	1.7563350000000002
default-group-compare/groups.json	group-compare	default	nonroot	groups	groupCompareTrueFirst	compare_member_true_first	10	openldap	1	20	20	20	20	22	1.4779199999999997
default-group-compare/groups.json	group-compare	default	nonroot	groups	groupCompareTrueFirst	compare_member_true_first	10	before	2	20	20	20	20	22	1.7757080000000005
default-group-compare/groups.json	group-compare	default	nonroot	groups	groupCompareTrueFirst	compare_member_true_first	10	current	2	20	20	20	20	22	1.883874
default-group-compare/groups.json	group-compare	default	nonroot	groups	groupCompareTrueFirst	compare_member_true_first	10	openldap	2	20	20	20	20	22	1.342543
default-group-compare/groups.json	group-compare	default	nonroot	groups	groupCompareTrueFirst	compare_member_true_first	10	before	3	20	20	20	20	22	2.445957999999999
default-group-compare/groups.json	group-compare	default	nonroot	groups	groupCompareTrueFirst	compare_member_true_first	10	current	3	20	20	20	20	22	1.8862489999999998
default-group-compare/groups.json	group-compare	default	nonroot	groups	groupCompareTrueFirst	compare_member_true_first	10	openldap	3	20	20	20	20	22	1.4863330000000001
default-group-compare/groups.json	group-compare	default	nonroot	groups	groupCompareTrueFirst	compare_member_true_first	10	before	4	20	20	20	20	22	1.9851279999999998
default-group-compare/groups.json	group-compare	default	nonroot	groups	groupCompareTrueFirst	compare_member_true_first	10	current	4	20	20	20	20	22	1.744998
default-group-compare/groups.json	group-compare	default	nonroot	groups	groupCompareTrueFirst	compare_member_true_first	10	openldap	4	20	20	20	20	22	1.509835
default-group-compare/groups.json	group-compare	default	nonroot	groups	groupCompareTrueFirst	compare_member_true_first	10	before	5	20	20	20	20	22	1.9793330000000002
default-group-compare/groups.json	group-compare	default	nonroot	groups	groupCompareTrueFirst	compare_member_true_first	10	current	5	20	20	20	20	22	1.942834
default-group-compare/groups.json	group-compare	default	nonroot	groups	groupCompareTrueFirst	compare_member_true_first	10	openldap	5	20	20	20	20	22	1.438704
default-group-compare/groups.json	group-compare	default	nonroot	groups	groupCompareTrueFirst	compare_member_true_first	1000	before	1	20	20	20	20	22	3.034081000000001
default-group-compare/groups.json	group-compare	default	nonroot	groups	groupCompareTrueFirst	compare_member_true_first	1000	current	1	20	20	20	20	22	2.104331
default-group-compare/groups.json	group-compare	default	nonroot	groups	groupCompareTrueFirst	compare_member_true_first	1000	openldap	1	20	20	20	20	22	1.651206
default-group-compare/groups.json	group-compare	default	nonroot	groups	groupCompareTrueFirst	compare_member_true_first	1000	before	2	20	20	20	20	22	2.0102110000000004
default-group-compare/groups.json	group-compare	default	nonroot	groups	groupCompareTrueFirst	compare_member_true_first	1000	current	2	20	20	20	20	22	1.7727129999999998
default-group-compare/groups.json	group-compare	default	nonroot	groups	groupCompareTrueFirst	compare_member_true_first	1000	openldap	2	20	20	20	20	22	1.3832069999999999
default-group-compare/groups.json	group-compare	default	nonroot	groups	groupCompareTrueFirst	compare_member_true_first	1000	before	3	20	20	20	20	22	1.7623739999999999
default-group-compare/groups.json	group-compare	default	nonroot	groups	groupCompareTrueFirst	compare_member_true_first	1000	current	3	20	20	20	20	22	1.875333
default-group-compare/groups.json	group-compare	default	nonroot	groups	groupCompareTrueFirst	compare_member_true_first	1000	openldap	3	20	20	20	20	22	1.732916
default-group-compare/groups.json	group-compare	default	nonroot	groups	groupCompareTrueFirst	compare_member_true_first	1000	before	4	20	20	20	20	22	1.833458
default-group-compare/groups.json	group-compare	default	nonroot	groups	groupCompareTrueFirst	compare_member_true_first	1000	current	4	20	20	20	20	22	2.451671
default-group-compare/groups.json	group-compare	default	nonroot	groups	groupCompareTrueFirst	compare_member_true_first	1000	openldap	4	20	20	20	20	22	2.2911639999999998
default-group-compare/groups.json	group-compare	default	nonroot	groups	groupCompareTrueFirst	compare_member_true_first	1000	before	5	20	20	20	20	22	1.7662890000000002
default-group-compare/groups.json	group-compare	default	nonroot	groups	groupCompareTrueFirst	compare_member_true_first	1000	current	5	20	20	20	20	22	1.9202070000000002
default-group-compare/groups.json	group-compare	default	nonroot	groups	groupCompareTrueFirst	compare_member_true_first	1000	openldap	5	20	20	20	20	22	1.796751
default-group-compare/groups.json	group-compare	default	nonroot	groups	groupCompareTrueLast	compare_member_true_last	10	before	1	20	20	20	20	22	1.7860860000000005
default-group-compare/groups.json	group-compare	default	nonroot	groups	groupCompareTrueLast	compare_member_true_last	10	current	1	20	20	20	20	22	1.8260439999999998
default-group-compare/groups.json	group-compare	default	nonroot	groups	groupCompareTrueLast	compare_member_true_last	10	openldap	1	20	20	20	20	22	1.43171
default-group-compare/groups.json	group-compare	default	nonroot	groups	groupCompareTrueLast	compare_member_true_last	10	before	2	20	20	20	20	22	1.7266660000000003
default-group-compare/groups.json	group-compare	default	nonroot	groups	groupCompareTrueLast	compare_member_true_last	10	current	2	20	20	20	20	22	1.8453719999999998
default-group-compare/groups.json	group-compare	default	nonroot	groups	groupCompareTrueLast	compare_member_true_last	10	openldap	2	20	20	20	20	22	1.4914169999999998
default-group-compare/groups.json	group-compare	default	nonroot	groups	groupCompareTrueLast	compare_member_true_last	10	before	3	20	20	20	20	22	1.728996
default-group-compare/groups.json	group-compare	default	nonroot	groups	groupCompareTrueLast	compare_member_true_last	10	current	3	20	20	20	20	22	1.9222479999999997
default-group-compare/groups.json	group-compare	default	nonroot	groups	groupCompareTrueLast	compare_member_true_last	10	openldap	3	20	20	20	20	22	1.5864600000000006
default-group-compare/groups.json	group-compare	default	nonroot	groups	groupCompareTrueLast	compare_member_true_last	10	before	4	20	20	20	20	22	1.700873
default-group-compare/groups.json	group-compare	default	nonroot	groups	groupCompareTrueLast	compare_member_true_last	10	current	4	20	20	20	20	22	1.7798349999999998
default-group-compare/groups.json	group-compare	default	nonroot	groups	groupCompareTrueLast	compare_member_true_last	10	openldap	4	20	20	20	20	22	1.3844589999999999
default-group-compare/groups.json	group-compare	default	nonroot	groups	groupCompareTrueLast	compare_member_true_last	10	before	5	20	20	20	20	22	1.872085
default-group-compare/groups.json	group-compare	default	nonroot	groups	groupCompareTrueLast	compare_member_true_last	10	current	5	20	20	20	20	22	1.835292
default-group-compare/groups.json	group-compare	default	nonroot	groups	groupCompareTrueLast	compare_member_true_last	10	openldap	5	20	20	20	20	22	1.350751
default-group-compare/groups.json	group-compare	default	nonroot	groups	groupCompareTrueLast	compare_member_true_last	1000	before	1	20	20	20	20	22	1.7305439999999996
default-group-compare/groups.json	group-compare	default	nonroot	groups	groupCompareTrueLast	compare_member_true_last	1000	current	1	20	20	20	20	22	1.7663340000000003
default-group-compare/groups.json	group-compare	default	nonroot	groups	groupCompareTrueLast	compare_member_true_last	1000	openldap	1	20	20	20	20	22	1.4055
default-group-compare/groups.json	group-compare	default	nonroot	groups	groupCompareTrueLast	compare_member_true_last	1000	before	2	20	20	20	20	22	1.7774590000000001
default-group-compare/groups.json	group-compare	default	nonroot	groups	groupCompareTrueLast	compare_member_true_last	1000	current	2	20	20	20	20	22	1.670252
default-group-compare/groups.json	group-compare	default	nonroot	groups	groupCompareTrueLast	compare_member_true_last	1000	openldap	2	20	20	20	20	22	1.3489159999999998
default-group-compare/groups.json	group-compare	default	nonroot	groups	groupCompareTrueLast	compare_member_true_last	1000	before	3	20	20	20	20	22	1.8419599999999998
default-group-compare/groups.json	group-compare	default	nonroot	groups	groupCompareTrueLast	compare_member_true_last	1000	current	3	20	20	20	20	22	1.9225
default-group-compare/groups.json	group-compare	default	nonroot	groups	groupCompareTrueLast	compare_member_true_last	1000	openldap	3	20	20	20	20	22	1.5674579999999998
default-group-compare/groups.json	group-compare	default	nonroot	groups	groupCompareTrueLast	compare_member_true_last	1000	before	4	20	20	20	20	22	1.8244160000000003
default-group-compare/groups.json	group-compare	default	nonroot	groups	groupCompareTrueLast	compare_member_true_last	1000	current	4	20	20	20	20	22	1.741747
default-group-compare/groups.json	group-compare	default	nonroot	groups	groupCompareTrueLast	compare_member_true_last	1000	openldap	4	20	20	20	20	22	1.4776679999999998
default-group-compare/groups.json	group-compare	default	nonroot	groups	groupCompareTrueLast	compare_member_true_last	1000	before	5	20	20	20	20	22	1.9846270000000001
default-group-compare/groups.json	group-compare	default	nonroot	groups	groupCompareTrueLast	compare_member_true_last	1000	current	5	20	20	20	20	22	1.730836
default-group-compare/groups.json	group-compare	default	nonroot	groups	groupCompareTrueLast	compare_member_true_last	1000	openldap	5	20	20	20	20	22	1.3007520000000001
default-group-compare/groups.json	group-compare	default	nonroot	groups	groupCompareFalse	compare_member_false_missing	10	before	1	20	20	20	20	22	1.610835
default-group-compare/groups.json	group-compare	default	nonroot	groups	groupCompareFalse	compare_member_false_missing	10	current	1	20	20	20	20	22	1.703628
default-group-compare/groups.json	group-compare	default	nonroot	groups	groupCompareFalse	compare_member_false_missing	10	openldap	1	20	20	20	20	22	1.325875
default-group-compare/groups.json	group-compare	default	nonroot	groups	groupCompareFalse	compare_member_false_missing	10	before	2	20	20	20	20	22	1.836417
default-group-compare/groups.json	group-compare	default	nonroot	groups	groupCompareFalse	compare_member_false_missing	10	current	2	20	20	20	20	22	1.772126
default-group-compare/groups.json	group-compare	default	nonroot	groups	groupCompareFalse	compare_member_false_missing	10	openldap	2	20	20	20	20	22	1.4364589999999997
default-group-compare/groups.json	group-compare	default	nonroot	groups	groupCompareFalse	compare_member_false_missing	10	before	3	20	20	20	20	22	1.758167
default-group-compare/groups.json	group-compare	default	nonroot	groups	groupCompareFalse	compare_member_false_missing	10	current	3	20	20	20	20	22	1.789627
default-group-compare/groups.json	group-compare	default	nonroot	groups	groupCompareFalse	compare_member_false_missing	10	openldap	3	20	20	20	20	22	1.5266680000000004
default-group-compare/groups.json	group-compare	default	nonroot	groups	groupCompareFalse	compare_member_false_missing	10	before	4	20	20	20	20	22	1.7964569999999997
default-group-compare/groups.json	group-compare	default	nonroot	groups	groupCompareFalse	compare_member_false_missing	10	current	4	20	20	20	20	22	1.9694989999999997
default-group-compare/groups.json	group-compare	default	nonroot	groups	groupCompareFalse	compare_member_false_missing	10	openldap	4	20	20	20	20	22	1.464795
default-group-compare/groups.json	group-compare	default	nonroot	groups	groupCompareFalse	compare_member_false_missing	10	before	5	20	20	20	20	22	1.6145820000000004
default-group-compare/groups.json	group-compare	default	nonroot	groups	groupCompareFalse	compare_member_false_missing	10	current	5	20	20	20	20	22	1.8935019999999998
default-group-compare/groups.json	group-compare	default	nonroot	groups	groupCompareFalse	compare_member_false_missing	10	openldap	5	20	20	20	20	22	1.398166
default-group-compare/groups.json	group-compare	default	nonroot	groups	groupCompareFalse	compare_member_false_missing	1000	before	1	20	20	20	20	22	1.8629129999999998
default-group-compare/groups.json	group-compare	default	nonroot	groups	groupCompareFalse	compare_member_false_missing	1000	current	1	20	20	20	20	22	1.8225019999999998
default-group-compare/groups.json	group-compare	default	nonroot	groups	groupCompareFalse	compare_member_false_missing	1000	openldap	1	20	20	20	20	22	1.5643330000000002
default-group-compare/groups.json	group-compare	default	nonroot	groups	groupCompareFalse	compare_member_false_missing	1000	before	2	20	20	20	20	22	1.990795
default-group-compare/groups.json	group-compare	default	nonroot	groups	groupCompareFalse	compare_member_false_missing	1000	current	2	20	20	20	20	22	1.7762940000000003
default-group-compare/groups.json	group-compare	default	nonroot	groups	groupCompareFalse	compare_member_false_missing	1000	openldap	2	20	20	20	20	22	1.4284179999999997
default-group-compare/groups.json	group-compare	default	nonroot	groups	groupCompareFalse	compare_member_false_missing	1000	before	3	20	20	20	20	22	1.6366250000000002
default-group-compare/groups.json	group-compare	default	nonroot	groups	groupCompareFalse	compare_member_false_missing	1000	current	3	20	20	20	20	22	1.6854149999999997
default-group-compare/groups.json	group-compare	default	nonroot	groups	groupCompareFalse	compare_member_false_missing	1000	openldap	3	20	20	20	20	22	1.330043
default-group-compare/groups.json	group-compare	default	nonroot	groups	groupCompareFalse	compare_member_false_missing	1000	before	4	20	20	20	20	22	1.598376
default-group-compare/groups.json	group-compare	default	nonroot	groups	groupCompareFalse	compare_member_false_missing	1000	current	4	20	20	20	20	22	1.7518330000000002
default-group-compare/groups.json	group-compare	default	nonroot	groups	groupCompareFalse	compare_member_false_missing	1000	openldap	4	20	20	20	20	22	1.462416
default-group-compare/groups.json	group-compare	default	nonroot	groups	groupCompareFalse	compare_member_false_missing	1000	before	5	20	20	20	20	22	1.6783339999999998
default-group-compare/groups.json	group-compare	default	nonroot	groups	groupCompareFalse	compare_member_false_missing	1000	current	5	20	20	20	20	22	1.699416
default-group-compare/groups.json	group-compare	default	nonroot	groups	groupCompareFalse	compare_member_false_missing	1000	openldap	5	20	20	20	20	22	1.325957
default-group-compare/smoke.json	group-compare	default	nonroot	smoke	groupCompareTrueFirst	compare_member_true_first	10	before	1	2	2	2	2	4	0.558583
default-group-compare/smoke.json	group-compare	default	nonroot	smoke	groupCompareTrueFirst	compare_member_true_first	10	current	1	2	2	2	2	4	0.5713739999999999
default-group-compare/smoke.json	group-compare	default	nonroot	smoke	groupCompareTrueFirst	compare_member_true_first	10	openldap	1	2	2	2	2	4	0.285084
default-group-compare/smoke.json	group-compare	default	nonroot	smoke	groupCompareTrueFirst	compare_member_true_first	1000	before	1	2	2	2	2	4	0.34450000000000003
default-group-compare/smoke.json	group-compare	default	nonroot	smoke	groupCompareTrueFirst	compare_member_true_first	1000	current	1	2	2	2	2	4	0.390376
default-group-compare/smoke.json	group-compare	default	nonroot	smoke	groupCompareTrueFirst	compare_member_true_first	1000	openldap	1	2	2	2	2	4	0.294875
default-group-compare/smoke.json	group-compare	default	nonroot	smoke	groupCompareTrueLast	compare_member_true_last	10	before	1	2	2	2	2	4	0.355418
default-group-compare/smoke.json	group-compare	default	nonroot	smoke	groupCompareTrueLast	compare_member_true_last	10	current	1	2	2	2	2	4	0.33875
default-group-compare/smoke.json	group-compare	default	nonroot	smoke	groupCompareTrueLast	compare_member_true_last	10	openldap	1	2	2	2	2	4	0.249749
default-group-compare/smoke.json	group-compare	default	nonroot	smoke	groupCompareTrueLast	compare_member_true_last	1000	before	1	2	2	2	2	4	0.357792
default-group-compare/smoke.json	group-compare	default	nonroot	smoke	groupCompareTrueLast	compare_member_true_last	1000	current	1	2	2	2	2	4	0.42841599999999996
default-group-compare/smoke.json	group-compare	default	nonroot	smoke	groupCompareTrueLast	compare_member_true_last	1000	openldap	1	2	2	2	2	4	0.329209
default-group-compare/smoke.json	group-compare	default	nonroot	smoke	groupCompareFalse	compare_member_false_missing	10	before	1	2	2	2	2	4	0.367208
default-group-compare/smoke.json	group-compare	default	nonroot	smoke	groupCompareFalse	compare_member_false_missing	10	current	1	2	2	2	2	4	0.359584
default-group-compare/smoke.json	group-compare	default	nonroot	smoke	groupCompareFalse	compare_member_false_missing	10	openldap	1	2	2	2	2	4	0.28520899999999993
default-group-compare/smoke.json	group-compare	default	nonroot	smoke	groupCompareFalse	compare_member_false_missing	1000	before	1	2	2	2	2	4	0.4205
default-group-compare/smoke.json	group-compare	default	nonroot	smoke	groupCompareFalse	compare_member_false_missing	1000	current	1	2	2	2	2	4	0.318793
default-group-compare/smoke.json	group-compare	default	nonroot	smoke	groupCompareFalse	compare_member_false_missing	1000	openldap	1	2	2	2	2	4	0.291582
default-bind-recheck/recheck.json	bind-recheck	default	nonroot	recheck	userBind	simple_bind_ssha	0	before	1	1000	1000	1000	1000	1002	91.06132700000002
default-bind-recheck/recheck.json	bind-recheck	default	nonroot	recheck	userBind	simple_bind_ssha	0	current	1	1000	1000	1000	1000	1002	89.65804800000019
default-bind-recheck/recheck.json	bind-recheck	default	nonroot	recheck	userBind	simple_bind_ssha	0	openldap	1	1000	1000	1000	1000	1002	75.44103899999992
default-bind-recheck/recheck.json	bind-recheck	default	nonroot	recheck	userBind	simple_bind_ssha	0	before	2	1000	1000	1000	1000	1002	78.60421300000003
default-bind-recheck/recheck.json	bind-recheck	default	nonroot	recheck	userBind	simple_bind_ssha	0	current	2	1000	1000	1000	1000	1002	81.10688100000003
default-bind-recheck/recheck.json	bind-recheck	default	nonroot	recheck	userBind	simple_bind_ssha	0	openldap	2	1000	1000	1000	1000	1002	66.71500500000002
default-bind-recheck/recheck.json	bind-recheck	default	nonroot	recheck	userBind	simple_bind_ssha	0	before	3	1000	1000	1000	1000	1002	82.23604299999987
default-bind-recheck/recheck.json	bind-recheck	default	nonroot	recheck	userBind	simple_bind_ssha	0	current	3	1000	1000	1000	1000	1002	79.18054199999993
default-bind-recheck/recheck.json	bind-recheck	default	nonroot	recheck	userBind	simple_bind_ssha	0	openldap	3	1000	1000	1000	1000	1002	66.70413300000007
default-bind-recheck/recheck.json	bind-recheck	default	nonroot	recheck	userBind	simple_bind_ssha	0	before	4	1000	1000	1000	1000	1002	82.20959299999994
default-bind-recheck/recheck.json	bind-recheck	default	nonroot	recheck	userBind	simple_bind_ssha	0	current	4	1000	1000	1000	1000	1002	87.74735900000003
default-bind-recheck/recheck.json	bind-recheck	default	nonroot	recheck	userBind	simple_bind_ssha	0	openldap	4	1000	1000	1000	1000	1002	69.44067100000001
default-bind-recheck/recheck.json	bind-recheck	default	nonroot	recheck	userBind	simple_bind_ssha	0	before	5	1000	1000	1000	1000	1002	88.64201799999991
default-bind-recheck/recheck.json	bind-recheck	default	nonroot	recheck	userBind	simple_bind_ssha	0	current	5	1000	1000	1000	1000	1002	87.32727600000014
default-bind-recheck/recheck.json	bind-recheck	default	nonroot	recheck	userBind	simple_bind_ssha	0	openldap	5	1000	1000	1000	1000	1002	71.445209
default-bind-recheck/recheck.json	bind-recheck	default	nonroot	recheck	userBind	simple_bind_ssha	0	before	6	1000	1000	1000	1000	1002	88.964674
default-bind-recheck/recheck.json	bind-recheck	default	nonroot	recheck	userBind	simple_bind_ssha	0	current	6	1000	1000	1000	1000	1002	88.311635
default-bind-recheck/recheck.json	bind-recheck	default	nonroot	recheck	userBind	simple_bind_ssha	0	openldap	6	1000	1000	1000	1000	1002	73.54427000000005
default-bind-recheck/recheck.json	bind-recheck	default	nonroot	recheck	userBind	simple_bind_ssha	0	before	7	1000	1000	1000	1000	1002	115.39745500000014
default-bind-recheck/recheck.json	bind-recheck	default	nonroot	recheck	userBind	simple_bind_ssha	0	current	7	1000	1000	1000	1000	1002	109.54479599999996
default-bind-recheck/recheck.json	bind-recheck	default	nonroot	recheck	userBind	simple_bind_ssha	0	openldap	7	1000	1000	1000	1000	1002	88.35765499999985
default-bind-recheck/recheck.json	bind-recheck	default	nonroot	recheck	userBind	simple_bind_plaintext	0	before	1	1000	1000	1000	1000	1002	88.84093299999998
default-bind-recheck/recheck.json	bind-recheck	default	nonroot	recheck	userBind	simple_bind_plaintext	0	current	1	1000	1000	1000	1000	1002	88.76471199999996
default-bind-recheck/recheck.json	bind-recheck	default	nonroot	recheck	userBind	simple_bind_plaintext	0	openldap	1	1000	1000	1000	1000	1002	72.01292600000012
default-bind-recheck/recheck.json	bind-recheck	default	nonroot	recheck	userBind	simple_bind_plaintext	0	before	2	1000	1000	1000	1000	1002	86.81704399999992
default-bind-recheck/recheck.json	bind-recheck	default	nonroot	recheck	userBind	simple_bind_plaintext	0	current	2	1000	1000	1000	1000	1002	84.36857700000007
default-bind-recheck/recheck.json	bind-recheck	default	nonroot	recheck	userBind	simple_bind_plaintext	0	openldap	2	1000	1000	1000	1000	1002	73.07674800000001
default-bind-recheck/recheck.json	bind-recheck	default	nonroot	recheck	userBind	simple_bind_plaintext	0	before	3	1000	1000	1000	1000	1002	89.8332129999999
default-bind-recheck/recheck.json	bind-recheck	default	nonroot	recheck	userBind	simple_bind_plaintext	0	current	3	1000	1000	1000	1000	1002	84.04568300000015
default-bind-recheck/recheck.json	bind-recheck	default	nonroot	recheck	userBind	simple_bind_plaintext	0	openldap	3	1000	1000	1000	1000	1002	69.79991600000004
default-bind-recheck/recheck.json	bind-recheck	default	nonroot	recheck	userBind	simple_bind_plaintext	0	before	4	1000	1000	1000	1000	1002	82.739327
default-bind-recheck/recheck.json	bind-recheck	default	nonroot	recheck	userBind	simple_bind_plaintext	0	current	4	1000	1000	1000	1000	1002	82.14125200000005
default-bind-recheck/recheck.json	bind-recheck	default	nonroot	recheck	userBind	simple_bind_plaintext	0	openldap	4	1000	1000	1000	1000	1002	68.35062400000005
default-bind-recheck/recheck.json	bind-recheck	default	nonroot	recheck	userBind	simple_bind_plaintext	0	before	5	1000	1000	1000	1000	1002	87.10533700000002
default-bind-recheck/recheck.json	bind-recheck	default	nonroot	recheck	userBind	simple_bind_plaintext	0	current	5	1000	1000	1000	1000	1002	86.76282399999984
default-bind-recheck/recheck.json	bind-recheck	default	nonroot	recheck	userBind	simple_bind_plaintext	0	openldap	5	1000	1000	1000	1000	1002	71.2042870000001
default-bind-recheck/recheck.json	bind-recheck	default	nonroot	recheck	userBind	simple_bind_plaintext	0	before	6	1000	1000	1000	1000	1002	102.31955199999992
default-bind-recheck/recheck.json	bind-recheck	default	nonroot	recheck	userBind	simple_bind_plaintext	0	current	6	1000	1000	1000	1000	1002	104.00208300000007
default-bind-recheck/recheck.json	bind-recheck	default	nonroot	recheck	userBind	simple_bind_plaintext	0	openldap	6	1000	1000	1000	1000	1002	80.47775000000019
default-bind-recheck/recheck.json	bind-recheck	default	nonroot	recheck	userBind	simple_bind_plaintext	0	before	7	1000	1000	1000	1000	1002	83.49637299999995
default-bind-recheck/recheck.json	bind-recheck	default	nonroot	recheck	userBind	simple_bind_plaintext	0	current	7	1000	1000	1000	1000	1002	83.22826800000004
default-bind-recheck/recheck.json	bind-recheck	default	nonroot	recheck	userBind	simple_bind_plaintext	0	openldap	7	1000	1000	1000	1000	1002	68.71186099999994
