path	suite	access_mode	identity	variant	stage	method	members	endpoint	repeat	operations	completed	requests	latencies	verification_requests	verification_ms
explicit-final/hot.json	common	explicit	nonroot	hot	userBind	simple_bind_ssha	0	before	1	1000	1000	1000	1000	1002	84.12481800000005
explicit-final/hot.json	common	explicit	nonroot	hot	userBind	simple_bind_ssha	0	current	1	1000	1000	1000	1000	1002	82.47293899999991
explicit-final/hot.json	common	explicit	nonroot	hot	userBind	simple_bind_ssha	0	openldap	1	1000	1000	1000	1000	1002	69.18567099999996
explicit-final/hot.json	common	explicit	nonroot	hot	userBind	simple_bind_ssha	0	before	2	1000	1000	1000	1000	1002	80.14341099999989
explicit-final/hot.json	common	explicit	nonroot	hot	userBind	simple_bind_ssha	0	current	2	1000	1000	1000	1000	1002	80.26666400000006
explicit-final/hot.json	common	explicit	nonroot	hot	userBind	simple_bind_ssha	0	openldap	2	1000	1000	1000	1000	1002	66.19138600000001
explicit-final/hot.json	common	explicit	nonroot	hot	userBind	simple_bind_ssha	0	before	3	1000	1000	1000	1000	1002	83.73109799999997
explicit-final/hot.json	common	explicit	nonroot	hot	userBind	simple_bind_ssha	0	current	3	1000	1000	1000	1000	1002	86.57171700000016
explicit-final/hot.json	common	explicit	nonroot	hot	userBind	simple_bind_ssha	0	openldap	3	1000	1000	1000	1000	1002	68.95365699999994
explicit-final/hot.json	common	explicit	nonroot	hot	userBind	simple_bind_plaintext	0	before	1	1000	1000	1000	1000	1002	83.22345200000001
explicit-final/hot.json	common	explicit	nonroot	hot	userBind	simple_bind_plaintext	0	current	1	1000	1000	1000	1000	1002	79.24052999999992
explicit-final/hot.json	common	explicit	nonroot	hot	userBind	simple_bind_plaintext	0	openldap	1	1000	1000	1000	1000	1002	66.15367299999998
explicit-final/hot.json	common	explicit	nonroot	hot	userBind	simple_bind_plaintext	0	before	2	1000	1000	1000	1000	1002	86.580719
explicit-final/hot.json	common	explicit	nonroot	hot	userBind	simple_bind_plaintext	0	current	2	1000	1000	1000	1000	1002	87.786273
explicit-final/hot.json	common	explicit	nonroot	hot	userBind	simple_bind_plaintext	0	openldap	2	1000	1000	1000	1000	1002	70.90499499999996
explicit-final/hot.json	common	explicit	nonroot	hot	userBind	simple_bind_plaintext	0	before	3	1000	1000	1000	1000	1002	84.3215959999999
explicit-final/hot.json	common	explicit	nonroot	hot	userBind	simple_bind_plaintext	0	current	3	1000	1000	1000	1000	1002	85.21895099999998
explicit-final/hot.json	common	explicit	nonroot	hot	userBind	simple_bind_plaintext	0	openldap	3	1000	1000	1000	1000	1002	70.84332399999995
explicit-final/hot.json	common	explicit	nonroot	hot	userBindWrong	simple_bind_ssha	0	before	1	1000	1000	1000	1000	3002	267.22720100000004
explicit-final/hot.json	common	explicit	nonroot	hot	userBindWrong	simple_bind_ssha	0	current	1	1000	1000	1000	1000	3002	265.224175
explicit-final/hot.json	common	explicit	nonroot	hot	userBindWrong	simple_bind_ssha	0	openldap	1	1000	1000	1000	1000	3002	217.38398999999976
explicit-final/hot.json	common	explicit	nonroot	hot	userBindWrong	simple_bind_ssha	0	before	2	1000	1000	1000	1000	3002	281.4700559999998
explicit-final/hot.json	common	explicit	nonroot	hot	userBindWrong	simple_bind_ssha	0	current	2	1000	1000	1000	1000	3002	285.06990199999944
explicit-final/hot.json	common	explicit	nonroot	hot	userBindWrong	simple_bind_ssha	0	openldap	2	1000	1000	1000	1000	3002	234.1187109999999
explicit-final/hot.json	common	explicit	nonroot	hot	userBindWrong	simple_bind_ssha	0	before	3	1000	1000	1000	1000	3002	269.9739189999998
explicit-final/hot.json	common	explicit	nonroot	hot	userBindWrong	simple_bind_ssha	0	current	3	1000	1000	1000	1000	3002	269.5375250000001
explicit-final/hot.json	common	explicit	nonroot	hot	userBindWrong	simple_bind_ssha	0	openldap	3	1000	1000	1000	1000	3002	223.1719800000002
explicit-final/hot.json	common	explicit	nonroot	hot	userBindWrong	simple_bind_plaintext	0	before	1	1000	1000	1000	1000	3002	236.67430700000006
explicit-final/hot.json	common	explicit	nonroot	hot	userBindWrong	simple_bind_plaintext	0	current	1	1000	1000	1000	1000	3002	239.40543700000063
explicit-final/hot.json	common	explicit	nonroot	hot	userBindWrong	simple_bind_plaintext	0	openldap	1	1000	1000	1000	1000	3002	204.65396899999976
explicit-final/hot.json	common	explicit	nonroot	hot	userBindWrong	simple_bind_plaintext	0	before	2	1000	1000	1000	1000	3002	241.5567890000005
explicit-final/hot.json	common	explicit	nonroot	hot	userBindWrong	simple_bind_plaintext	0	current	2	1000	1000	1000	1000	3002	240.4641500000003
explicit-final/hot.json	common	explicit	nonroot	hot	userBindWrong	simple_bind_plaintext	0	openldap	2	1000	1000	1000	1000	3002	204.21645299999975
explicit-final/hot.json	common	explicit	nonroot	hot	userBindWrong	simple_bind_plaintext	0	before	3	1000	1000	1000	1000	3002	243.0301190000006
explicit-final/hot.json	common	explicit	nonroot	hot	userBindWrong	simple_bind_plaintext	0	current	3	1000	1000	1000	1000	3002	245.99692500000018
explicit-final/hot.json	common	explicit	nonroot	hot	userBindWrong	simple_bind_plaintext	0	openldap	3	1000	1000	1000	1000	3002	199.66322100000005
explicit-final/hot.json	common	explicit	nonroot	hot	nonrootBase	search_nonrootBase	0	before	1	1000	1000	1000	1000	1002	80.41668000000008
explicit-final/hot.json	common	explicit	nonroot	hot	nonrootBase	search_nonrootBase	0	current	1	1000	1000	1000	1000	1002	79.64582999999999
explicit-final/hot.json	common	explicit	nonroot	hot	nonrootBase	search_nonrootBase	0	openldap	1	1000	1000	1000	1000	1002	66.19943199999993
explicit-final/hot.json	common	explicit	nonroot	hot	nonrootBase	search_nonrootBase	0	before	2	1000	1000	1000	1000	1002	78.63811199999998
explicit-final/hot.json	common	explicit	nonroot	hot	nonrootBase	search_nonrootBase	0	current	2	1000	1000	1000	1000	1002	79.36419999999994
explicit-final/hot.json	common	explicit	nonroot	hot	nonrootBase	search_nonrootBase	0	openldap	2	1000	1000	1000	1000	1002	66.98525099999998
explicit-final/hot.json	common	explicit	nonroot	hot	nonrootBase	search_nonrootBase	0	before	3	1000	1000	1000	1000	1002	78.70529099999999
explicit-final/hot.json	common	explicit	nonroot	hot	nonrootBase	search_nonrootBase	0	current	3	1000	1000	1000	1000	1002	79.8980319999999
explicit-final/hot.json	common	explicit	nonroot	hot	nonrootBase	search_nonrootBase	0	openldap	3	1000	1000	1000	1000	1002	69.24915599999991
explicit-final/hot.json	common	explicit	nonroot	hot	nonrootEquality	search_nonrootEquality	0	before	1	1000	1000	1000	1000	1002	85.05144900000005
explicit-final/hot.json	common	explicit	nonroot	hot	nonrootEquality	search_nonrootEquality	0	current	1	1000	1000	1000	1000	1002	85.86649000000014
explicit-final/hot.json	common	explicit	nonroot	hot	nonrootEquality	search_nonrootEquality	0	openldap	1	1000	1000	1000	1000	1002	71.39070999999997
explicit-final/hot.json	common	explicit	nonroot	hot	nonrootEquality	search_nonrootEquality	0	before	2	1000	1000	1000	1000	1002	80.626749
explicit-final/hot.json	common	explicit	nonroot	hot	nonrootEquality	search_nonrootEquality	0	current	2	1000	1000	1000	1000	1002	80.56813600000004
explicit-final/hot.json	common	explicit	nonroot	hot	nonrootEquality	search_nonrootEquality	0	openldap	2	1000	1000	1000	1000	1002	66.44461699999997
explicit-final/hot.json	common	explicit	nonroot	hot	nonrootEquality	search_nonrootEquality	0	before	3	1000	1000	1000	1000	1002	78.14256400000005
explicit-final/hot.json	common	explicit	nonroot	hot	nonrootEquality	search_nonrootEquality	0	current	3	1000	1000	1000	1000	1002	79.136059
explicit-final/hot.json	common	explicit	nonroot	hot	nonrootEquality	search_nonrootEquality	0	openldap	3	1000	1000	1000	1000	1002	64.97353899999996
explicit-final/distributed.json	common	explicit	nonroot	distributed	nonrootBase	search_nonrootBase	0	before	1	1000	1000	1000	1000	1002	77.38025400000014
explicit-final/distributed.json	common	explicit	nonroot	distributed	nonrootBase	search_nonrootBase	0	current	1	1000	1000	1000	1000	1002	79.304768
explicit-final/distributed.json	common	explicit	nonroot	distributed	nonrootBase	search_nonrootBase	0	openldap	1	1000	1000	1000	1000	1002	64.89159399999998
explicit-final/distributed.json	common	explicit	nonroot	distributed	nonrootBase	search_nonrootBase	0	before	2	1000	1000	1000	1000	1002	79.94879000000003
explicit-final/distributed.json	common	explicit	nonroot	distributed	nonrootBase	search_nonrootBase	0	current	2	1000	1000	1000	1000	1002	80.79195000000006
explicit-final/distributed.json	common	explicit	nonroot	distributed	nonrootBase	search_nonrootBase	0	openldap	2	1000	1000	1000	1000	1002	66.23449300000001
explicit-final/distributed.json	common	explicit	nonroot	distributed	nonrootBase	search_nonrootBase	0	before	3	1000	1000	1000	1000	1002	76.99808800000002
explicit-final/distributed.json	common	explicit	nonroot	distributed	nonrootBase	search_nonrootBase	0	current	3	1000	1000	1000	1000	1002	77.08266599999993
explicit-final/distributed.json	common	explicit	nonroot	distributed	nonrootBase	search_nonrootBase	0	openldap	3	1000	1000	1000	1000	1002	64.94012200000004
explicit-final/distributed.json	common	explicit	nonroot	distributed	nonrootEquality	search_nonrootEquality	0	before	1	1000	1000	1000	1000	1002	66.59204100000005
explicit-final/distributed.json	common	explicit	nonroot	distributed	nonrootEquality	search_nonrootEquality	0	current	1	1000	1000	1000	1000	1002	66.07308100000006
explicit-final/distributed.json	common	explicit	nonroot	distributed	nonrootEquality	search_nonrootEquality	0	openldap	1	1000	1000	1000	1000	1002	52.72170799999995
explicit-final/distributed.json	common	explicit	nonroot	distributed	nonrootEquality	search_nonrootEquality	0	before	2	1000	1000	1000	1000	1002	77.8524640000001
explicit-final/distributed.json	common	explicit	nonroot	distributed	nonrootEquality	search_nonrootEquality	0	current	2	1000	1000	1000	1000	1002	78.38201400000008
explicit-final/distributed.json	common	explicit	nonroot	distributed	nonrootEquality	search_nonrootEquality	0	openldap	2	1000	1000	1000	1000	1002	63.87004799999999
explicit-final/distributed.json	common	explicit	nonroot	distributed	nonrootEquality	search_nonrootEquality	0	before	3	1000	1000	1000	1000	1002	78.12714799999999
explicit-final/distributed.json	common	explicit	nonroot	distributed	nonrootEquality	search_nonrootEquality	0	current	3	1000	1000	1000	1000	1002	78.42692000000012
explicit-final/distributed.json	common	explicit	nonroot	distributed	nonrootEquality	search_nonrootEquality	0	openldap	3	1000	1000	1000	1000	1002	67.46271199999994
explicit-final/groups.json	common	explicit	nonroot	groups	memberEquality	search_memberEquality	0	before	1	100	100	100	100	102	8.411835
explicit-final/groups.json	common	explicit	nonroot	groups	memberEquality	search_memberEquality	0	current	1	100	100	100	100	102	8.056248999999998
explicit-final/groups.json	common	explicit	nonroot	groups	memberEquality	search_memberEquality	0	openldap	1	100	100	100	100	102	7.000411999999999
explicit-final/groups.json	common	explicit	nonroot	groups	memberEquality	search_memberEquality	0	before	2	100	100	100	100	102	8.381
explicit-final/groups.json	common	explicit	nonroot	groups	memberEquality	search_memberEquality	0	current	2	100	100	100	100	102	7.977584000000001
explicit-final/groups.json	common	explicit	nonroot	groups	memberEquality	search_memberEquality	0	openldap	2	100	100	100	100	102	6.843624000000004
explicit-final/groups.json	common	explicit	nonroot	groups	memberEquality	search_memberEquality	0	before	3	100	100	100	100	102	8.672668999999997
explicit-final/groups.json	common	explicit	nonroot	groups	memberEquality	search_memberEquality	0	current	3	100	100	100	100	102	8.943164999999995
explicit-final/groups.json	common	explicit	nonroot	groups	memberEquality	search_memberEquality	0	openldap	3	100	100	100	100	102	7.306006999999999
explicit-final/groups.json	common	explicit	nonroot	groups	groupBase	base_member_values	10	before	1	100	100	100	100	102	9.380825999999999
explicit-final/groups.json	common	explicit	nonroot	groups	groupBase	base_member_values	10	current	1	100	100	100	100	102	9.586048000000002
explicit-final/groups.json	common	explicit	nonroot	groups	groupBase	base_member_values	10	openldap	1	100	100	100	100	102	8.181705000000001
explicit-final/groups.json	common	explicit	nonroot	groups	groupBase	base_member_values	10	before	2	100	100	100	100	102	8.722584
explicit-final/groups.json	common	explicit	nonroot	groups	groupBase	base_member_values	10	current	2	100	100	100	100	102	8.519115999999997
explicit-final/groups.json	common	explicit	nonroot	groups	groupBase	base_member_values	10	openldap	2	100	100	100	100	102	7.125499999999996
explicit-final/groups.json	common	explicit	nonroot	groups	groupBase	base_member_values	10	before	3	100	100	100	100	102	8.339331999999999
explicit-final/groups.json	common	explicit	nonroot	groups	groupBase	base_member_values	10	current	3	100	100	100	100	102	8.366001
explicit-final/groups.json	common	explicit	nonroot	groups	groupBase	base_member_values	10	openldap	3	100	100	100	100	102	8.862206
explicit-final/groups.json	common	explicit	nonroot	groups	groupBase	base_member_values	1000	before	1	100	100	100	100	102	21.39850300000001
explicit-final/groups.json	common	explicit	nonroot	groups	groupBase	base_member_values	1000	current	1	100	100	100	100	102	20.26070700000001
explicit-final/groups.json	common	explicit	nonroot	groups	groupBase	base_member_values	1000	openldap	1	100	100	100	100	102	19.916660999999994
explicit-final/groups.json	common	explicit	nonroot	groups	groupBase	base_member_values	1000	before	2	100	100	100	100	102	21.688381000000003
explicit-final/groups.json	common	explicit	nonroot	groups	groupBase	base_member_values	1000	current	2	100	100	100	100	102	26.72979400000001
explicit-final/groups.json	common	explicit	nonroot	groups	groupBase	base_member_values	1000	openldap	2	100	100	100	100	102	25.37387099999999
explicit-final/groups.json	common	explicit	nonroot	groups	groupBase	base_member_values	1000	before	3	100	100	100	100	102	23.828629
explicit-final/groups.json	common	explicit	nonroot	groups	groupBase	base_member_values	1000	current	3	100	100	100	100	102	23.020621
explicit-final/groups.json	common	explicit	nonroot	groups	groupBase	base_member_values	1000	openldap	3	100	100	100	100	102	21.93608299999999
explicit-final/groups.json	common	explicit	nonroot	groups	nestedMembership	client_bfs_member_equality	0	before	1	100	100	417	100	419	35.50907699999999
explicit-final/groups.json	common	explicit	nonroot	groups	nestedMembership	client_bfs_member_equality	0	current	1	100	100	417	100	419	37.15863000000003
explicit-final/groups.json	common	explicit	nonroot	groups	nestedMembership	client_bfs_member_equality	0	openldap	1	100	100	417	100	419	29.44807799999998
explicit-final/groups.json	common	explicit	nonroot	groups	nestedMembership	client_bfs_member_equality	0	before	2	100	100	417	100	419	34.15765700000001
explicit-final/groups.json	common	explicit	nonroot	groups	nestedMembership	client_bfs_member_equality	0	current	2	100	100	417	100	419	33.666373
explicit-final/groups.json	common	explicit	nonroot	groups	nestedMembership	client_bfs_member_equality	0	openldap	2	100	100	417	100	419	28.745738999999993
explicit-final/groups.json	common	explicit	nonroot	groups	nestedMembership	client_bfs_member_equality	0	before	3	100	100	417	100	419	34.45035300000004
explicit-final/groups.json	common	explicit	nonroot	groups	nestedMembership	client_bfs_member_equality	0	current	3	100	100	417	100	419	34.245965
explicit-final/groups.json	common	explicit	nonroot	groups	nestedMembership	client_bfs_member_equality	0	openldap	3	100	100	417	100	419	27.72629599999998
explicit-final/smoke.json	common	explicit	nonroot	smoke	userBind	simple_bind_ssha	0	before	1	2	2	2	2	4	0.556125
explicit-final/smoke.json	common	explicit	nonroot	smoke	userBind	simple_bind_ssha	0	current	1	2	2	2	2	4	0.480416
explicit-final/smoke.json	common	explicit	nonroot	smoke	userBind	simple_bind_ssha	0	openldap	1	2	2	2	2	4	0.328082
explicit-final/smoke.json	common	explicit	nonroot	smoke	userBind	simple_bind_plaintext	0	before	1	2	2	2	2	4	0.33962499999999995
explicit-final/smoke.json	common	explicit	nonroot	smoke	userBind	simple_bind_plaintext	0	current	1	2	2	2	2	4	0.455374
explicit-final/smoke.json	common	explicit	nonroot	smoke	userBind	simple_bind_plaintext	0	openldap	1	2	2	2	2	4	0.29045699999999997
explicit-final/smoke.json	common	explicit	nonroot	smoke	userBindWrong	simple_bind_ssha	0	before	1	2	2	2	2	8	0.77604
explicit-final/smoke.json	common	explicit	nonroot	smoke	userBindWrong	simple_bind_ssha	0	current	1	2	2	2	2	8	0.6594980000000001
explicit-final/smoke.json	common	explicit	nonroot	smoke	userBindWrong	simple_bind_ssha	0	openldap	1	2	2	2	2	8	0.49816800000000006
explicit-final/smoke.json	common	explicit	nonroot	smoke	userBindWrong	simple_bind_plaintext	0	before	1	2	2	2	2	8	0.64229
explicit-final/smoke.json	common	explicit	nonroot	smoke	userBindWrong	simple_bind_plaintext	0	current	1	2	2	2	2	8	0.7603339999999998
explicit-final/smoke.json	common	explicit	nonroot	smoke	userBindWrong	simple_bind_plaintext	0	openldap	1	2	2	2	2	8	0.623
explicit-final/smoke.json	common	explicit	nonroot	smoke	nonrootBase	search_nonrootBase	0	before	1	2	2	2	2	4	0.362875
explicit-final/smoke.json	common	explicit	nonroot	smoke	nonrootBase	search_nonrootBase	0	current	1	2	2	2	2	4	0.352249
explicit-final/smoke.json	common	explicit	nonroot	smoke	nonrootBase	search_nonrootBase	0	openldap	1	2	2	2	2	4	0.22366800000000003
explicit-final/smoke.json	common	explicit	nonroot	smoke	nonrootEquality	search_nonrootEquality	0	before	1	2	2	2	2	4	0.36154200000000003
explicit-final/smoke.json	common	explicit	nonroot	smoke	nonrootEquality	search_nonrootEquality	0	current	1	2	2	2	2	4	0.32358400000000004
explicit-final/smoke.json	common	explicit	nonroot	smoke	nonrootEquality	search_nonrootEquality	0	openldap	1	2	2	2	2	4	0.286792
explicit-final/smoke.json	common	explicit	nonroot	smoke	memberEquality	search_memberEquality	0	before	1	2	2	2	2	4	0.301792
explicit-final/smoke.json	common	explicit	nonroot	smoke	memberEquality	search_memberEquality	0	current	1	2	2	2	2	4	0.369
explicit-final/smoke.json	common	explicit	nonroot	smoke	memberEquality	search_memberEquality	0	openldap	1	2	2	2	2	4	0.27016799999999996
explicit-final/smoke.json	common	explicit	nonroot	smoke	groupBase	base_member_values	10	before	1	2	2	2	2	4	0.32179199999999997
explicit-final/smoke.json	common	explicit	nonroot	smoke	groupBase	base_member_values	10	current	1	2	2	2	2	4	0.339667
explicit-final/smoke.json	common	explicit	nonroot	smoke	groupBase	base_member_values	10	openldap	1	2	2	2	2	4	0.240126
explicit-final/smoke.json	common	explicit	nonroot	smoke	groupBase	base_member_values	1000	before	1	2	2	2	2	4	0.470792
explicit-final/smoke.json	common	explicit	nonroot	smoke	groupBase	base_member_values	1000	current	1	2	2	2	2	4	0.430334
explicit-final/smoke.json	common	explicit	nonroot	smoke	groupBase	base_member_values	1000	openldap	1	2	2	2	2	4	0.350126
explicit-final/smoke.json	common	explicit	nonroot	smoke	nestedMembership	client_bfs_member_equality	0	before	1	2	2	12	2	14	1.319166
explicit-final/smoke.json	common	explicit	nonroot	smoke	nestedMembership	client_bfs_member_equality	0	current	1	2	2	12	2	14	1.497919
explicit-final/smoke.json	common	explicit	nonroot	smoke	nestedMembership	client_bfs_member_equality	0	openldap	1	2	2	12	2	14	0.9829990000000001
default-final/hot.json	common	default	nonroot	hot	userBind	simple_bind_ssha	0	before	1	1000	1000	1000	1000	1002	78.06020499999997
default-final/hot.json	common	default	nonroot	hot	userBind	simple_bind_ssha	0	current	1	1000	1000	1000	1000	1002	78.98863500000009
default-final/hot.json	common	default	nonroot	hot	userBind	simple_bind_ssha	0	openldap	1	1000	1000	1000	1000	1002	66.68849799999992
default-final/hot.json	common	default	nonroot	hot	userBind	simple_bind_ssha	0	before	2	1000	1000	1000	1000	1002	74.224916
default-final/hot.json	common	default	nonroot	hot	userBind	simple_bind_ssha	0	current	2	1000	1000	1000	1000	1002	74.54534499999995
default-final/hot.json	common	default	nonroot	hot	userBind	simple_bind_ssha	0	openldap	2	1000	1000	1000	1000	1002	61.53438299999994
default-final/hot.json	common	default	nonroot	hot	userBind	simple_bind_ssha	0	before	3	1000	1000	1000	1000	1002	78.51433399999998
default-final/hot.json	common	default	nonroot	hot	userBind	simple_bind_ssha	0	current	3	1000	1000	1000	1000	1002	76.93287099999999
default-final/hot.json	common	default	nonroot	hot	userBind	simple_bind_ssha	0	openldap	3	1000	1000	1000	1000	1002	63.24987399999995
default-final/hot.json	common	default	nonroot	hot	userBind	simple_bind_plaintext	0	before	1	1000	1000	1000	1000	1002	81.88804700000009
default-final/hot.json	common	default	nonroot	hot	userBind	simple_bind_plaintext	0	current	1	1000	1000	1000	1000	1002	82.61798499999996
default-final/hot.json	common	default	nonroot	hot	userBind	simple_bind_plaintext	0	openldap	1	1000	1000	1000	1000	1002	68.75051600000005
default-final/hot.json	common	default	nonroot	hot	userBind	simple_bind_plaintext	0	before	2	1000	1000	1000	1000	1002	85.47042600000007
default-final/hot.json	common	default	nonroot	hot	userBind	simple_bind_plaintext	0	current	2	1000	1000	1000	1000	1002	84.96415999999996
default-final/hot.json	common	default	nonroot	hot	userBind	simple_bind_plaintext	0	openldap	2	1000	1000	1000	1000	1002	71.965512
default-final/hot.json	common	default	nonroot	hot	userBind	simple_bind_plaintext	0	before	3	1000	1000	1000	1000	1002	85.69018100000012
default-final/hot.json	common	default	nonroot	hot	userBind	simple_bind_plaintext	0	current	3	1000	1000	1000	1000	1002	86.55619199999995
default-final/hot.json	common	default	nonroot	hot	userBind	simple_bind_plaintext	0	openldap	3	1000	1000	1000	1000	1002	72.99163299999996
default-final/hot.json	common	default	nonroot	hot	userBindWrong	simple_bind_ssha	0	before	1	1000	1000	1000	1000	3002	251.3133170000003
default-final/hot.json	common	default	nonroot	hot	userBindWrong	simple_bind_ssha	0	current	1	1000	1000	1000	1000	3002	257.3132520000001
default-final/hot.json	common	default	nonroot	hot	userBindWrong	simple_bind_ssha	0	openldap	1	1000	1000	1000	1000	3002	207.93867900000038
default-final/hot.json	common	default	nonroot	hot	userBindWrong	simple_bind_ssha	0	before	2	1000	1000	1000	1000	3002	258.87722999999994
default-final/hot.json	common	default	nonroot	hot	userBindWrong	simple_bind_ssha	0	current	2	1000	1000	1000	1000	3002	261.037461
default-final/hot.json	common	default	nonroot	hot	userBindWrong	simple_bind_ssha	0	openldap	2	1000	1000	1000	1000	3002	215.376286
default-final/hot.json	common	default	nonroot	hot	userBindWrong	simple_bind_ssha	0	before	3	1000	1000	1000	1000	3002	251.12669699999972
default-final/hot.json	common	default	nonroot	hot	userBindWrong	simple_bind_ssha	0	current	3	1000	1000	1000	1000	3002	256.2299720000001
default-final/hot.json	common	default	nonroot	hot	userBindWrong	simple_bind_ssha	0	openldap	3	1000	1000	1000	1000	3002	208.7793369999998
default-final/hot.json	common	default	nonroot	hot	userBindWrong	simple_bind_plaintext	0	before	1	1000	1000	1000	1000	3002	256.7317340000007
default-final/hot.json	common	default	nonroot	hot	userBindWrong	simple_bind_plaintext	0	current	1	1000	1000	1000	1000	3002	255.89054399999984
default-final/hot.json	common	default	nonroot	hot	userBindWrong	simple_bind_plaintext	0	openldap	1	1000	1000	1000	1000	3002	212.2052320000003
default-final/hot.json	common	default	nonroot	hot	userBindWrong	simple_bind_plaintext	0	before	2	1000	1000	1000	1000	3002	256.3657419999997
default-final/hot.json	common	default	nonroot	hot	userBindWrong	simple_bind_plaintext	0	current	2	1000	1000	1000	1000	3002	258.77984300000037
default-final/hot.json	common	default	nonroot	hot	userBindWrong	simple_bind_plaintext	0	openldap	2	1000	1000	1000	1000	3002	212.63960600000007
default-final/hot.json	common	default	nonroot	hot	userBindWrong	simple_bind_plaintext	0	before	3	1000	1000	1000	1000	3002	256.57735899999966
default-final/hot.json	common	default	nonroot	hot	userBindWrong	simple_bind_plaintext	0	current	3	1000	1000	1000	1000	3002	258.53244200000046
default-final/hot.json	common	default	nonroot	hot	userBindWrong	simple_bind_plaintext	0	openldap	3	1000	1000	1000	1000	3002	215.41527199999996
default-final/hot.json	common	default	nonroot	hot	nonrootBase	search_nonrootBase	0	before	1	1000	1000	1000	1000	1002	87.1959149999999
default-final/hot.json	common	default	nonroot	hot	nonrootBase	search_nonrootBase	0	current	1	1000	1000	1000	1000	1002	86.76413900000013
default-final/hot.json	common	default	nonroot	hot	nonrootBase	search_nonrootBase	0	openldap	1	1000	1000	1000	1000	1002	70.55856700000008
default-final/hot.json	common	default	nonroot	hot	nonrootBase	search_nonrootBase	0	before	2	1000	1000	1000	1000	1002	83.46026100000002
default-final/hot.json	common	default	nonroot	hot	nonrootBase	search_nonrootBase	0	current	2	1000	1000	1000	1000	1002	82.76228900000007
default-final/hot.json	common	default	nonroot	hot	nonrootBase	search_nonrootBase	0	openldap	2	1000	1000	1000	1000	1002	69.38319400000007
default-final/hot.json	common	default	nonroot	hot	nonrootBase	search_nonrootBase	0	before	3	1000	1000	1000	1000	1002	88.22608199999982
default-final/hot.json	common	default	nonroot	hot	nonrootBase	search_nonrootBase	0	current	3	1000	1000	1000	1000	1002	89.89915099999995
default-final/hot.json	common	default	nonroot	hot	nonrootBase	search_nonrootBase	0	openldap	3	1000	1000	1000	1000	1002	76.16545300000001
default-final/hot.json	common	default	nonroot	hot	nonrootEquality	search_nonrootEquality	0	before	1	1000	1000	1000	1000	1002	86.16341000000006
default-final/hot.json	common	default	nonroot	hot	nonrootEquality	search_nonrootEquality	0	current	1	1000	1000	1000	1000	1002	85.3498799999999
default-final/hot.json	common	default	nonroot	hot	nonrootEquality	search_nonrootEquality	0	openldap	1	1000	1000	1000	1000	1002	69.35574299999999
default-final/hot.json	common	default	nonroot	hot	nonrootEquality	search_nonrootEquality	0	before	2	1000	1000	1000	1000	1002	87.7288820000001
default-final/hot.json	common	default	nonroot	hot	nonrootEquality	search_nonrootEquality	0	current	2	1000	1000	1000	1000	1002	87.53180799999998
default-final/hot.json	common	default	nonroot	hot	nonrootEquality	search_nonrootEquality	0	openldap	2	1000	1000	1000	1000	1002	72.433052
default-final/hot.json	common	default	nonroot	hot	nonrootEquality	search_nonrootEquality	0	before	3	1000	1000	1000	1000	1002	85.07710699999993
default-final/hot.json	common	default	nonroot	hot	nonrootEquality	search_nonrootEquality	0	current	3	1000	1000	1000	1000	1002	86.01012799999992
default-final/hot.json	common	default	nonroot	hot	nonrootEquality	search_nonrootEquality	0	openldap	3	1000	1000	1000	1000	1002	70.82880099999993
default-final/distributed.json	common	default	nonroot	distributed	nonrootBase	search_nonrootBase	0	before	1	1000	1000	1000	1000	1002	88.98987000000017
default-final/distributed.json	common	default	nonroot	distributed	nonrootBase	search_nonrootBase	0	current	1	1000	1000	1000	1000	1002	90.64379500000024
default-final/distributed.json	common	default	nonroot	distributed	nonrootBase	search_nonrootBase	0	openldap	1	1000	1000	1000	1000	1002	73.06482099999998
default-final/distributed.json	common	default	nonroot	distributed	nonrootBase	search_nonrootBase	0	before	2	1000	1000	1000	1000	1002	84.63205399999997
default-final/distributed.json	common	default	nonroot	distributed	nonrootBase	search_nonrootBase	0	current	2	1000	1000	1000	1000	1002	86.55979000000004
default-final/distributed.json	common	default	nonroot	distributed	nonrootBase	search_nonrootBase	0	openldap	2	1000	1000	1000	1000	1002	69.40371600000002
default-final/distributed.json	common	default	nonroot	distributed	nonrootBase	search_nonrootBase	0	before	3	1000	1000	1000	1000	1002	81.49992000000013
default-final/distributed.json	common	default	nonroot	distributed	nonrootBase	search_nonrootBase	0	current	3	1000	1000	1000	1000	1002	81.05095499999996
default-final/distributed.json	common	default	nonroot	distributed	nonrootBase	search_nonrootBase	0	openldap	3	1000	1000	1000	1000	1002	68.18966099999994
default-final/distributed.json	common	default	nonroot	distributed	nonrootEquality	search_nonrootEquality	0	before	1	1000	1000	1000	1000	1002	62.94107200000004
default-final/distributed.json	common	default	nonroot	distributed	nonrootEquality	search_nonrootEquality	0	current	1	1000	1000	1000	1000	1002	63.673145000000034
default-final/distributed.json	common	default	nonroot	distributed	nonrootEquality	search_nonrootEquality	0	openldap	1	1000	1000	1000	1000	1002	50.146585000000016
default-final/distributed.json	common	default	nonroot	distributed	nonrootEquality	search_nonrootEquality	0	before	2	1000	1000	1000	1000	1002	79.64382699999997
default-final/distributed.json	common	default	nonroot	distributed	nonrootEquality	search_nonrootEquality	0	current	2	1000	1000	1000	1000	1002	79.62496800000005
default-final/distributed.json	common	default	nonroot	distributed	nonrootEquality	search_nonrootEquality	0	openldap	2	1000	1000	1000	1000	1002	65.63218099999993
default-final/distributed.json	common	default	nonroot	distributed	nonrootEquality	search_nonrootEquality	0	before	3	1000	1000	1000	1000	1002	79.20502400000012
default-final/distributed.json	common	default	nonroot	distributed	nonrootEquality	search_nonrootEquality	0	current	3	1000	1000	1000	1000	1002	80.23284800000008
default-final/distributed.json	common	default	nonroot	distributed	nonrootEquality	search_nonrootEquality	0	openldap	3	1000	1000	1000	1000	1002	65.655436
default-final/groups.json	common	default	nonroot	groups	memberEquality	search_memberEquality	0	before	1	100	100	100	100	102	9.584538
default-final/groups.json	common	default	nonroot	groups	memberEquality	search_memberEquality	0	current	1	100	100	100	100	102	10.068539000000001
default-final/groups.json	common	default	nonroot	groups	memberEquality	search_memberEquality	0	openldap	1	100	100	100	100	102	7.9486339999999975
default-final/groups.json	common	default	nonroot	groups	memberEquality	search_memberEquality	0	before	2	100	100	100	100	102	20.993669999999998
default-final/groups.json	common	default	nonroot	groups	memberEquality	search_memberEquality	0	current	2	100	100	100	100	102	17.225836
default-final/groups.json	common	default	nonroot	groups	memberEquality	search_memberEquality	0	openldap	2	100	100	100	100	102	15.153333999999997
default-final/groups.json	common	default	nonroot	groups	memberEquality	search_memberEquality	0	before	3	100	100	100	100	102	13.050668000000003
default-final/groups.json	common	default	nonroot	groups	memberEquality	search_memberEquality	0	current	3	100	100	100	100	102	12.116495000000004
default-final/groups.json	common	default	nonroot	groups	memberEquality	search_memberEquality	0	openldap	3	100	100	100	100	102	8.990458999999998
default-final/groups.json	common	default	nonroot	groups	groupBase	base_member_values	10	before	1	100	100	100	100	102	10.407295999999999
default-final/groups.json	common	default	nonroot	groups	groupBase	base_member_values	10	current	1	100	100	100	100	102	10.062501000000001
default-final/groups.json	common	default	nonroot	groups	groupBase	base_member_values	10	openldap	1	100	100	100	100	102	8.001165999999998
default-final/groups.json	common	default	nonroot	groups	groupBase	base_member_values	10	before	2	100	100	100	100	102	9.423499000000001
default-final/groups.json	common	default	nonroot	groups	groupBase	base_member_values	10	current	2	100	100	100	100	102	9.332794999999999
default-final/groups.json	common	default	nonroot	groups	groupBase	base_member_values	10	openldap	2	100	100	100	100	102	7.641252999999999
default-final/groups.json	common	default	nonroot	groups	groupBase	base_member_values	10	before	3	100	100	100	100	102	9.836207000000002
default-final/groups.json	common	default	nonroot	groups	groupBase	base_member_values	10	current	3	100	100	100	100	102	9.250503
default-final/groups.json	common	default	nonroot	groups	groupBase	base_member_values	10	openldap	3	100	100	100	100	102	7.4639200000000026
default-final/groups.json	common	default	nonroot	groups	groupBase	base_member_values	1000	before	1	100	100	100	100	102	21.773289999999996
default-final/groups.json	common	default	nonroot	groups	groupBase	base_member_values	1000	current	1	100	100	100	100	102	23.790293999999992
default-final/groups.json	common	default	nonroot	groups	groupBase	base_member_values	1000	openldap	1	100	100	100	100	102	21.125456999999997
default-final/groups.json	common	default	nonroot	groups	groupBase	base_member_values	1000	before	2	100	100	100	100	102	25.087210000000002
default-final/groups.json	common	default	nonroot	groups	groupBase	base_member_values	1000	current	2	100	100	100	100	102	28.740579999999998
default-final/groups.json	common	default	nonroot	groups	groupBase	base_member_values	1000	openldap	2	100	100	100	100	102	23.507881
default-final/groups.json	common	default	nonroot	groups	groupBase	base_member_values	1000	before	3	100	100	100	100	102	29.39758400000001
default-final/groups.json	common	default	nonroot	groups	groupBase	base_member_values	1000	current	3	100	100	100	100	102	30.81662600000001
default-final/groups.json	common	default	nonroot	groups	groupBase	base_member_values	1000	openldap	3	100	100	100	100	102	23.958413999999998
default-final/groups.json	common	default	nonroot	groups	nestedMembership	client_bfs_member_equality	0	before	1	100	100	417	100	419	36.75166400000002
default-final/groups.json	common	default	nonroot	groups	nestedMembership	client_bfs_member_equality	0	current	1	100	100	417	100	419	38.117409999999964
default-final/groups.json	common	default	nonroot	groups	nestedMembership	client_bfs_member_equality	0	openldap	1	100	100	417	100	419	30.400881000000023
default-final/groups.json	common	default	nonroot	groups	nestedMembership	client_bfs_member_equality	0	before	2	100	100	417	100	419	34.43863699999999
default-final/groups.json	common	default	nonroot	groups	nestedMembership	client_bfs_member_equality	0	current	2	100	100	417	100	419	33.85787999999999
default-final/groups.json	common	default	nonroot	groups	nestedMembership	client_bfs_member_equality	0	openldap	2	100	100	417	100	419	28.514912000000006
default-final/groups.json	common	default	nonroot	groups	nestedMembership	client_bfs_member_equality	0	before	3	100	100	417	100	419	35.75052800000004
default-final/groups.json	common	default	nonroot	groups	nestedMembership	client_bfs_member_equality	0	current	3	100	100	417	100	419	34.738335000000006
default-final/groups.json	common	default	nonroot	groups	nestedMembership	client_bfs_member_equality	0	openldap	3	100	100	417	100	419	29.43861999999999
default-final/smoke.json	common	default	nonroot	smoke	userBind	simple_bind_ssha	0	before	1	2	2	2	2	4	0.42337400000000003
default-final/smoke.json	common	default	nonroot	smoke	userBind	simple_bind_ssha	0	current	1	2	2	2	2	4	0.46225
default-final/smoke.json	common	default	nonroot	smoke	userBind	simple_bind_ssha	0	openldap	1	2	2	2	2	4	0.223916
default-final/smoke.json	common	default	nonroot	smoke	userBind	simple_bind_plaintext	0	before	1	2	2	2	2	4	0.333041
default-final/smoke.json	common	default	nonroot	smoke	userBind	simple_bind_plaintext	0	current	1	2	2	2	2	4	0.391499
default-final/smoke.json	common	default	nonroot	smoke	userBind	simple_bind_plaintext	0	openldap	1	2	2	2	2	4	0.29754200000000003
default-final/smoke.json	common	default	nonroot	smoke	userBindWrong	simple_bind_ssha	0	before	1	2	2	2	2	8	0.717875
default-final/smoke.json	common	default	nonroot	smoke	userBindWrong	simple_bind_ssha	0	current	1	2	2	2	2	8	0.7366219999999999
default-final/smoke.json	common	default	nonroot	smoke	userBindWrong	simple_bind_ssha	0	openldap	1	2	2	2	2	8	0.5599589999999999
default-final/smoke.json	common	default	nonroot	smoke	userBindWrong	simple_bind_plaintext	0	before	1	2	2	2	2	8	0.634083
default-final/smoke.json	common	default	nonroot	smoke	userBindWrong	simple_bind_plaintext	0	current	1	2	2	2	2	8	0.762875
default-final/smoke.json	common	default	nonroot	smoke	userBindWrong	simple_bind_plaintext	0	openldap	1	2	2	2	2	8	0.502789
default-final/smoke.json	common	default	nonroot	smoke	nonrootBase	search_nonrootBase	0	before	1	2	2	2	2	4	0.309542
default-final/smoke.json	common	default	nonroot	smoke	nonrootBase	search_nonrootBase	0	current	1	2	2	2	2	4	0.38737599999999994
default-final/smoke.json	common	default	nonroot	smoke	nonrootBase	search_nonrootBase	0	openldap	1	2	2	2	2	4	0.266166
default-final/smoke.json	common	default	nonroot	smoke	nonrootEquality	search_nonrootEquality	0	before	1	2	2	2	2	4	0.29308300000000004
default-final/smoke.json	common	default	nonroot	smoke	nonrootEquality	search_nonrootEquality	0	current	1	2	2	2	2	4	0.256083
default-final/smoke.json	common	default	nonroot	smoke	nonrootEquality	search_nonrootEquality	0	openldap	1	2	2	2	2	4	0.22179100000000002
default-final/smoke.json	common	default	nonroot	smoke	memberEquality	search_memberEquality	0	before	1	2	2	2	2	4	0.314875
default-final/smoke.json	common	default	nonroot	smoke	memberEquality	search_memberEquality	0	current	1	2	2	2	2	4	0.28825
default-final/smoke.json	common	default	nonroot	smoke	memberEquality	search_memberEquality	0	openldap	1	2	2	2	2	4	0.273165
default-final/smoke.json	common	default	nonroot	smoke	groupBase	base_member_values	10	before	1	2	2	2	2	4	0.282833
default-final/smoke.json	common	default	nonroot	smoke	groupBase	base_member_values	10	current	1	2	2	2	2	4	0.25475
default-final/smoke.json	common	default	nonroot	smoke	groupBase	base_member_values	10	openldap	1	2	2	2	2	4	0.20383300000000001
default-final/smoke.json	common	default	nonroot	smoke	groupBase	base_member_values	1000	before	1	2	2	2	2	4	0.38245799999999996
default-final/smoke.json	common	default	nonroot	smoke	groupBase	base_member_values	1000	current	1	2	2	2	2	4	0.341167
default-final/smoke.json	common	default	nonroot	smoke	groupBase	base_member_values	1000	openldap	1	2	2	2	2	4	0.31012599999999996
default-final/smoke.json	common	default	nonroot	smoke	nestedMembership	client_bfs_member_equality	0	before	1	2	2	12	2	14	1.091457
default-final/smoke.json	common	default	nonroot	smoke	nestedMembership	client_bfs_member_equality	0	current	1	2	2	12	2	14	1.316125
default-final/smoke.json	common	default	nonroot	smoke	nestedMembership	client_bfs_member_equality	0	openldap	1	2	2	12	2	14	0.816121
root-paired/literal.json	root	default	root	literal	rootBind	simple_bind_root	0	before	1	1000	1000	1000	1000	1002	83.16630099999999
root-paired/literal.json	root	default	root	literal	rootBind	simple_bind_root	0	current	1	1000	1000	1000	1000	1002	85.14416000000001
root-paired/literal.json	root	default	root	literal	rootBind	simple_bind_root	0	openldap	1	1000	1000	1000	1000	1002	68.15746200000004
root-paired/literal.json	root	default	root	literal	rootBind	simple_bind_root	0	before	2	1000	1000	1000	1000	1002	81.16338100000004
root-paired/literal.json	root	default	root	literal	rootBind	simple_bind_root	0	current	2	1000	1000	1000	1000	1002	81.12869099999992
root-paired/literal.json	root	default	root	literal	rootBind	simple_bind_root	0	openldap	2	1000	1000	1000	1000	1002	67.81670100000001
root-paired/literal.json	root	default	root	literal	rootBind	simple_bind_root	0	before	3	1000	1000	1000	1000	1002	80.88946400000002
root-paired/literal.json	root	default	root	literal	rootBind	simple_bind_root	0	current	3	1000	1000	1000	1000	1002	80.09423199999998
root-paired/literal.json	root	default	root	literal	rootBind	simple_bind_root	0	openldap	3	1000	1000	1000	1000	1002	67.90324400000002
root-paired/literal.json	root	default	root	literal	rootBind	simple_bind_root	0	before	4	1000	1000	1000	1000	1002	99.45713100000013
root-paired/literal.json	root	default	root	literal	rootBind	simple_bind_root	0	current	4	1000	1000	1000	1000	1002	94.47209399999993
root-paired/literal.json	root	default	root	literal	rootBind	simple_bind_root	0	openldap	4	1000	1000	1000	1000	1002	80.21000399999997
root-paired/literal.json	root	default	root	literal	rootBind	simple_bind_root	0	before	5	1000	1000	1000	1000	1002	108.5549469999999
root-paired/literal.json	root	default	root	literal	rootBind	simple_bind_root	0	current	5	1000	1000	1000	1000	1002	104.01040899999988
root-paired/literal.json	root	default	root	literal	rootBind	simple_bind_root	0	openldap	5	1000	1000	1000	1000	1002	85.91520099999993
root-paired/literal.json	root	default	root	literal	rootBind	simple_bind_root	0	before	6	1000	1000	1000	1000	1002	89.54883699999989
root-paired/literal.json	root	default	root	literal	rootBind	simple_bind_root	0	current	6	1000	1000	1000	1000	1002	85.27049099999995
root-paired/literal.json	root	default	root	literal	rootBind	simple_bind_root	0	openldap	6	1000	1000	1000	1000	1002	71.25662799999999
root-paired/literal.json	root	default	root	literal	rootBind	simple_bind_root	0	before	7	1000	1000	1000	1000	1002	85.02642399999996
root-paired/literal.json	root	default	root	literal	rootBind	simple_bind_root	0	current	7	1000	1000	1000	1000	1002	84.60749900000005
root-paired/literal.json	root	default	root	literal	rootBind	simple_bind_root	0	openldap	7	1000	1000	1000	1000	1002	69.96380300000003
root-paired/literal.json	root	default	root	literal	rootBase	base_objectclass_root	0	before	1	1000	1000	1000	1000	1002	92.87736199999998
root-paired/literal.json	root	default	root	literal	rootBase	base_objectclass_root	0	current	1	1000	1000	1000	1000	1002	91.03576099999987
root-paired/literal.json	root	default	root	literal	rootBase	base_objectclass_root	0	openldap	1	1000	1000	1000	1000	1002	74.54846600000006
root-paired/literal.json	root	default	root	literal	rootBase	base_objectclass_root	0	before	2	1000	1000	1000	1000	1002	91.69555099999997
root-paired/literal.json	root	default	root	literal	rootBase	base_objectclass_root	0	current	2	1000	1000	1000	1000	1002	88.27429200000002
root-paired/literal.json	root	default	root	literal	rootBase	base_objectclass_root	0	openldap	2	1000	1000	1000	1000	1002	73.91276600000002
root-paired/literal.json	root	default	root	literal	rootBase	base_objectclass_root	0	before	3	1000	1000	1000	1000	1002	84.58009000000008
root-paired/literal.json	root	default	root	literal	rootBase	base_objectclass_root	0	current	3	1000	1000	1000	1000	1002	85.73975399999998
root-paired/literal.json	root	default	root	literal	rootBase	base_objectclass_root	0	openldap	3	1000	1000	1000	1000	1002	70.15441200000001
root-paired/literal.json	root	default	root	literal	rootBase	base_objectclass_root	0	before	4	1000	1000	1000	1000	1002	90.78799399999991
root-paired/literal.json	root	default	root	literal	rootBase	base_objectclass_root	0	current	4	1000	1000	1000	1000	1002	91.39393799999999
root-paired/literal.json	root	default	root	literal	rootBase	base_objectclass_root	0	openldap	4	1000	1000	1000	1000	1002	74.91913800000017
root-paired/literal.json	root	default	root	literal	rootBase	base_objectclass_root	0	before	5	1000	1000	1000	1000	1002	81.77395999999996
root-paired/literal.json	root	default	root	literal	rootBase	base_objectclass_root	0	current	5	1000	1000	1000	1000	1002	81.80501600000002
root-paired/literal.json	root	default	root	literal	rootBase	base_objectclass_root	0	openldap	5	1000	1000	1000	1000	1002	68.2306790000001
root-paired/literal.json	root	default	root	literal	rootBase	base_objectclass_root	0	before	6	1000	1000	1000	1000	1002	79.81071900000008
root-paired/literal.json	root	default	root	literal	rootBase	base_objectclass_root	0	current	6	1000	1000	1000	1000	1002	82.54807599999994
root-paired/literal.json	root	default	root	literal	rootBase	base_objectclass_root	0	openldap	6	1000	1000	1000	1000	1002	65.97918
root-paired/literal.json	root	default	root	literal	rootBase	base_objectclass_root	0	before	7	1000	1000	1000	1000	1002	83.63737699999993
root-paired/literal.json	root	default	root	literal	rootBase	base_objectclass_root	0	current	7	1000	1000	1000	1000	1002	84.28592800000007
root-paired/literal.json	root	default	root	literal	rootBase	base_objectclass_root	0	openldap	7	1000	1000	1000	1000	1002	70.98932899999998
root-paired/literal.json	root	default	root	literal	rootEquality	subtree_uid_equality_root	0	before	1	1000	1000	1000	1000	1002	60.714083999999914
root-paired/literal.json	root	default	root	literal	rootEquality	subtree_uid_equality_root	0	current	1	1000	1000	1000	1000	1002	61.196297
root-paired/literal.json	root	default	root	literal	rootEquality	subtree_uid_equality_root	0	openldap	1	1000	1000	1000	1000	1002	49.97899499999996
root-paired/literal.json	root	default	root	literal	rootEquality	subtree_uid_equality_root	0	before	2	1000	1000	1000	1000	1002	84.5801409999999
root-paired/literal.json	root	default	root	literal	rootEquality	subtree_uid_equality_root	0	current	2	1000	1000	1000	1000	1002	85.32837700000012
root-paired/literal.json	root	default	root	literal	rootEquality	subtree_uid_equality_root	0	openldap	2	1000	1000	1000	1000	1002	72.77428600000005
root-paired/literal.json	root	default	root	literal	rootEquality	subtree_uid_equality_root	0	before	3	1000	1000	1000	1000	1002	83.0460010000001
root-paired/literal.json	root	default	root	literal	rootEquality	subtree_uid_equality_root	0	current	3	1000	1000	1000	1000	1002	83.06394399999994
root-paired/literal.json	root	default	root	literal	rootEquality	subtree_uid_equality_root	0	openldap	3	1000	1000	1000	1000	1002	69.12338799999999
root-paired/literal.json	root	default	root	literal	rootEquality	subtree_uid_equality_root	0	before	4	1000	1000	1000	1000	1002	83.71851900000007
root-paired/literal.json	root	default	root	literal	rootEquality	subtree_uid_equality_root	0	current	4	1000	1000	1000	1000	1002	83.12718399999987
root-paired/literal.json	root	default	root	literal	rootEquality	subtree_uid_equality_root	0	openldap	4	1000	1000	1000	1000	1002	69.12634100000002
root-paired/literal.json	root	default	root	literal	rootEquality	subtree_uid_equality_root	0	before	5	1000	1000	1000	1000	1002	85.84299500000006
root-paired/literal.json	root	default	root	literal	rootEquality	subtree_uid_equality_root	0	current	5	1000	1000	1000	1000	1002	88.09409099999999
root-paired/literal.json	root	default	root	literal	rootEquality	subtree_uid_equality_root	0	openldap	5	1000	1000	1000	1000	1002	70.31093000000008
root-paired/literal.json	root	default	root	literal	rootEquality	subtree_uid_equality_root	0	before	6	1000	1000	1000	1000	1002	86.71307099999999
root-paired/literal.json	root	default	root	literal	rootEquality	subtree_uid_equality_root	0	current	6	1000	1000	1000	1000	1002	86.89768900000011
root-paired/literal.json	root	default	root	literal	rootEquality	subtree_uid_equality_root	0	openldap	6	1000	1000	1000	1000	1002	72.470553
root-paired/literal.json	root	default	root	literal	rootEquality	subtree_uid_equality_root	0	before	7	1000	1000	1000	1000	1002	87.86051499999999
root-paired/literal.json	root	default	root	literal	rootEquality	subtree_uid_equality_root	0	current	7	1000	1000	1000	1000	1002	87.23438199999998
root-paired/literal.json	root	default	root	literal	rootEquality	subtree_uid_equality_root	0	openldap	7	1000	1000	1000	1000	1002	70.96183799999997
root-paired/literal.json	root	default	root	literal	rootCompareTrue	compare_uid_true_root	0	before	1	1000	1000	1000	1000	1002	86.09441400000007
root-paired/literal.json	root	default	root	literal	rootCompareTrue	compare_uid_true_root	0	current	1	1000	1000	1000	1000	1002	84.73335199999998
root-paired/literal.json	root	default	root	literal	rootCompareTrue	compare_uid_true_root	0	openldap	1	1000	1000	1000	1000	1002	70.10833400000006
root-paired/literal.json	root	default	root	literal	rootCompareTrue	compare_uid_true_root	0	before	2	1000	1000	1000	1000	1002	83.25793800000004
root-paired/literal.json	root	default	root	literal	rootCompareTrue	compare_uid_true_root	0	current	2	1000	1000	1000	1000	1002	84.31971599999997
root-paired/literal.json	root	default	root	literal	rootCompareTrue	compare_uid_true_root	0	openldap	2	1000	1000	1000	1000	1002	69.93488099999999
root-paired/literal.json	root	default	root	literal	rootCompareTrue	compare_uid_true_root	0	before	3	1000	1000	1000	1000	1002	83.63924600000003
root-paired/literal.json	root	default	root	literal	rootCompareTrue	compare_uid_true_root	0	current	3	1000	1000	1000	1000	1002	83.44994800000012
root-paired/literal.json	root	default	root	literal	rootCompareTrue	compare_uid_true_root	0	openldap	3	1000	1000	1000	1000	1002	69.27105300000012
root-paired/literal.json	root	default	root	literal	rootCompareTrue	compare_uid_true_root	0	before	4	1000	1000	1000	1000	1002	85.39526199999992
root-paired/literal.json	root	default	root	literal	rootCompareTrue	compare_uid_true_root	0	current	4	1000	1000	1000	1000	1002	85.24098799999994
root-paired/literal.json	root	default	root	literal	rootCompareTrue	compare_uid_true_root	0	openldap	4	1000	1000	1000	1000	1002	69.48037499999997
root-paired/literal.json	root	default	root	literal	rootCompareTrue	compare_uid_true_root	0	before	5	1000	1000	1000	1000	1002	82.89891500000002
root-paired/literal.json	root	default	root	literal	rootCompareTrue	compare_uid_true_root	0	current	5	1000	1000	1000	1000	1002	82.22609300000006
root-paired/literal.json	root	default	root	literal	rootCompareTrue	compare_uid_true_root	0	openldap	5	1000	1000	1000	1000	1002	68.02563899999998
root-paired/literal.json	root	default	root	literal	rootCompareTrue	compare_uid_true_root	0	before	6	1000	1000	1000	1000	1002	84.47388000000004
root-paired/literal.json	root	default	root	literal	rootCompareTrue	compare_uid_true_root	0	current	6	1000	1000	1000	1000	1002	83.19519600000004
root-paired/literal.json	root	default	root	literal	rootCompareTrue	compare_uid_true_root	0	openldap	6	1000	1000	1000	1000	1002	69.62982600000007
root-paired/literal.json	root	default	root	literal	rootCompareTrue	compare_uid_true_root	0	before	7	1000	1000	1000	1000	1002	80.75209899999993
root-paired/literal.json	root	default	root	literal	rootCompareTrue	compare_uid_true_root	0	current	7	1000	1000	1000	1000	1002	84.53207699999987
root-paired/literal.json	root	default	root	literal	rootCompareTrue	compare_uid_true_root	0	openldap	7	1000	1000	1000	1000	1002	66.04465499999998
root-paired/literal.json	root	default	root	literal	rootCompareFalse	compare_uid_false_root	0	before	1	1000	1000	1000	1000	1002	85.07770399999997
root-paired/literal.json	root	default	root	literal	rootCompareFalse	compare_uid_false_root	0	current	1	1000	1000	1000	1000	1002	84.61368400000002
root-paired/literal.json	root	default	root	literal	rootCompareFalse	compare_uid_false_root	0	openldap	1	1000	1000	1000	1000	1002	71.27381600000005
root-paired/literal.json	root	default	root	literal	rootCompareFalse	compare_uid_false_root	0	before	2	1000	1000	1000	1000	1002	79.88290000000018
root-paired/literal.json	root	default	root	literal	rootCompareFalse	compare_uid_false_root	0	current	2	1000	1000	1000	1000	1002	79.56138199999994
root-paired/literal.json	root	default	root	literal	rootCompareFalse	compare_uid_false_root	0	openldap	2	1000	1000	1000	1000	1002	66.90753599999994
root-paired/literal.json	root	default	root	literal	rootCompareFalse	compare_uid_false_root	0	before	3	1000	1000	1000	1000	1002	76.48324399999997
root-paired/literal.json	root	default	root	literal	rootCompareFalse	compare_uid_false_root	0	current	3	1000	1000	1000	1000	1002	78.3697039999998
root-paired/literal.json	root	default	root	literal	rootCompareFalse	compare_uid_false_root	0	openldap	3	1000	1000	1000	1000	1002	64.71573099999998
root-paired/literal.json	root	default	root	literal	rootCompareFalse	compare_uid_false_root	0	before	4	1000	1000	1000	1000	1002	75.98916599999994
root-paired/literal.json	root	default	root	literal	rootCompareFalse	compare_uid_false_root	0	current	4	1000	1000	1000	1000	1002	75.69495200000009
root-paired/literal.json	root	default	root	literal	rootCompareFalse	compare_uid_false_root	0	openldap	4	1000	1000	1000	1000	1002	63.56492299999994
root-paired/literal.json	root	default	root	literal	rootCompareFalse	compare_uid_false_root	0	before	5	1000	1000	1000	1000	1002	74.31743699999993
root-paired/literal.json	root	default	root	literal	rootCompareFalse	compare_uid_false_root	0	current	5	1000	1000	1000	1000	1002	73.75539899999994
root-paired/literal.json	root	default	root	literal	rootCompareFalse	compare_uid_false_root	0	openldap	5	1000	1000	1000	1000	1002	63.55620699999999
root-paired/literal.json	root	default	root	literal	rootCompareFalse	compare_uid_false_root	0	before	6	1000	1000	1000	1000	1002	75.55816099999991
root-paired/literal.json	root	default	root	literal	rootCompareFalse	compare_uid_false_root	0	current	6	1000	1000	1000	1000	1002	74.960157
root-paired/literal.json	root	default	root	literal	rootCompareFalse	compare_uid_false_root	0	openldap	6	1000	1000	1000	1000	1002	64.16196599999996
root-paired/literal.json	root	default	root	literal	rootCompareFalse	compare_uid_false_root	0	before	7	1000	1000	1000	1000	1002	71.35031399999998
root-paired/literal.json	root	default	root	literal	rootCompareFalse	compare_uid_false_root	0	current	7	1000	1000	1000	1000	1002	72.68053800000007
root-paired/literal.json	root	default	root	literal	rootCompareFalse	compare_uid_false_root	0	openldap	7	1000	1000	1000	1000	1002	60.904079999999965
root-paired/literal-smoke.json	root	default	root	literal-smoke	rootBind	simple_bind_root	0	before	1	2	2	2	2	4	0.7060830000000001
root-paired/literal-smoke.json	root	default	root	literal-smoke	rootBind	simple_bind_root	0	current	1	2	2	2	2	4	0.618375
root-paired/literal-smoke.json	root	default	root	literal-smoke	rootBind	simple_bind_root	0	openldap	1	2	2	2	2	4	0.443834
root-paired/literal-smoke.json	root	default	root	literal-smoke	rootBase	base_objectclass_root	0	before	1	2	2	2	2	4	0.498251
root-paired/literal-smoke.json	root	default	root	literal-smoke	rootBase	base_objectclass_root	0	current	1	2	2	2	2	4	0.510916
root-paired/literal-smoke.json	root	default	root	literal-smoke	rootBase	base_objectclass_root	0	openldap	1	2	2	2	2	4	0.634167
root-paired/literal-smoke.json	root	default	root	literal-smoke	rootEquality	subtree_uid_equality_root	0	before	1	2	2	2	2	4	0.458625
root-paired/literal-smoke.json	root	default	root	literal-smoke	rootEquality	subtree_uid_equality_root	0	current	1	2	2	2	2	4	0.420999
root-paired/literal-smoke.json	root	default	root	literal-smoke	rootEquality	subtree_uid_equality_root	0	openldap	1	2	2	2	2	4	0.410541
root-paired/literal-smoke.json	root	default	root	literal-smoke	rootCompareTrue	compare_uid_true_root	0	before	1	2	2	2	2	4	0.436208
root-paired/literal-smoke.json	root	default	root	literal-smoke	rootCompareTrue	compare_uid_true_root	0	current	1	2	2	2	2	4	0.39329200000000003
root-paired/literal-smoke.json	root	default	root	literal-smoke	rootCompareTrue	compare_uid_true_root	0	openldap	1	2	2	2	2	4	0.44787400000000005
root-paired/literal-smoke.json	root	default	root	literal-smoke	rootCompareFalse	compare_uid_false_root	0	before	1	2	2	2	2	4	0.46620799999999996
root-paired/literal-smoke.json	root	default	root	literal-smoke	rootCompareFalse	compare_uid_false_root	0	current	1	2	2	2	2	4	0.475333
root-paired/literal-smoke.json	root	default	root	literal-smoke	rootCompareFalse	compare_uid_false_root	0	openldap	1	2	2	2	2	4	0.5532079999999999
root-paired/normalized.json	root	default	root	normalized	rootBind	simple_bind_root	0	before	1	1000	1000	1000	1000	1002	75.76395199999995
root-paired/normalized.json	root	default	root	normalized	rootBind	simple_bind_root	0	current	1	1000	1000	1000	1000	1002	76.421713
root-paired/normalized.json	root	default	root	normalized	rootBind	simple_bind_root	0	openldap	1	1000	1000	1000	1000	1002	63.58074999999996
root-paired/normalized.json	root	default	root	normalized	rootBind	simple_bind_root	0	before	2	1000	1000	1000	1000	1002	74.34491699999997
root-paired/normalized.json	root	default	root	normalized	rootBind	simple_bind_root	0	current	2	1000	1000	1000	1000	1002	74.303916
root-paired/normalized.json	root	default	root	normalized	rootBind	simple_bind_root	0	openldap	2	1000	1000	1000	1000	1002	62.99099100000001
root-paired/normalized.json	root	default	root	normalized	rootBind	simple_bind_root	0	before	3	1000	1000	1000	1000	1002	73.37399600000002
root-paired/normalized.json	root	default	root	normalized	rootBind	simple_bind_root	0	current	3	1000	1000	1000	1000	1002	74.2239509999999
root-paired/normalized.json	root	default	root	normalized	rootBind	simple_bind_root	0	openldap	3	1000	1000	1000	1000	1002	62.56027000000002
root-paired/normalized.json	root	default	root	normalized	rootBind	simple_bind_root	0	before	4	1000	1000	1000	1000	1002	77.24252299999993
root-paired/normalized.json	root	default	root	normalized	rootBind	simple_bind_root	0	current	4	1000	1000	1000	1000	1002	80.59805500000012
root-paired/normalized.json	root	default	root	normalized	rootBind	simple_bind_root	0	openldap	4	1000	1000	1000	1000	1002	64.79431800000003
root-paired/normalized.json	root	default	root	normalized	rootBind	simple_bind_root	0	before	5	1000	1000	1000	1000	1002	72.82158599999993
root-paired/normalized.json	root	default	root	normalized	rootBind	simple_bind_root	0	current	5	1000	1000	1000	1000	1002	73.18648400000002
root-paired/normalized.json	root	default	root	normalized	rootBind	simple_bind_root	0	openldap	5	1000	1000	1000	1000	1002	62.841511999999994
root-paired/normalized.json	root	default	root	normalized	rootBind	simple_bind_root	0	before	6	1000	1000	1000	1000	1002	72.88420800000006
root-paired/normalized.json	root	default	root	normalized	rootBind	simple_bind_root	0	current	6	1000	1000	1000	1000	1002	73.37420700000013
root-paired/normalized.json	root	default	root	normalized	rootBind	simple_bind_root	0	openldap	6	1000	1000	1000	1000	1002	62.947603999999984
root-paired/normalized.json	root	default	root	normalized	rootBind	simple_bind_root	0	before	7	1000	1000	1000	1000	1002	69.32907400000002
root-paired/normalized.json	root	default	root	normalized	rootBind	simple_bind_root	0	current	7	1000	1000	1000	1000	1002	69.88646200000002
root-paired/normalized.json	root	default	root	normalized	rootBind	simple_bind_root	0	openldap	7	1000	1000	1000	1000	1002	58.83657599999997
root-paired/normalized.json	root	default	root	normalized	rootBase	base_objectclass_root	0	before	1	1000	1000	1000	1000	1002	79.30925600000003
root-paired/normalized.json	root	default	root	normalized	rootBase	base_objectclass_root	0	current	1	1000	1000	1000	1000	1002	76.54329700000005
root-paired/normalized.json	root	default	root	normalized	rootBase	base_objectclass_root	0	openldap	1	1000	1000	1000	1000	1002	65.52868899999991
root-paired/normalized.json	root	default	root	normalized	rootBase	base_objectclass_root	0	before	2	1000	1000	1000	1000	1002	77.79122599999994
root-paired/normalized.json	root	default	root	normalized	rootBase	base_objectclass_root	0	current	2	1000	1000	1000	1000	1002	74.29766000000004
root-paired/normalized.json	root	default	root	normalized	rootBase	base_objectclass_root	0	openldap	2	1000	1000	1000	1000	1002	63.86194199999988
root-paired/normalized.json	root	default	root	normalized	rootBase	base_objectclass_root	0	before	3	1000	1000	1000	1000	1002	70.72196199999983
root-paired/normalized.json	root	default	root	normalized	rootBase	base_objectclass_root	0	current	3	1000	1000	1000	1000	1002	72.57710599999997
root-paired/normalized.json	root	default	root	normalized	rootBase	base_objectclass_root	0	openldap	3	1000	1000	1000	1000	1002	60.06508800000005
root-paired/normalized.json	root	default	root	normalized	rootBase	base_objectclass_root	0	before	4	1000	1000	1000	1000	1002	73.17455199999999
root-paired/normalized.json	root	default	root	normalized	rootBase	base_objectclass_root	0	current	4	1000	1000	1000	1000	1002	74.15747999999999
root-paired/normalized.json	root	default	root	normalized	rootBase	base_objectclass_root	0	openldap	4	1000	1000	1000	1000	1002	63.30570399999996
root-paired/normalized.json	root	default	root	normalized	rootBase	base_objectclass_root	0	before	5	1000	1000	1000	1000	1002	74.70863300000008
root-paired/normalized.json	root	default	root	normalized	rootBase	base_objectclass_root	0	current	5	1000	1000	1000	1000	1002	73.36072700000001
root-paired/normalized.json	root	default	root	normalized	rootBase	base_objectclass_root	0	openldap	5	1000	1000	1000	1000	1002	63.95003800000005
root-paired/normalized.json	root	default	root	normalized	rootBase	base_objectclass_root	0	before	6	1000	1000	1000	1000	1002	79.78477500000004
root-paired/normalized.json	root	default	root	normalized	rootBase	base_objectclass_root	0	current	6	1000	1000	1000	1000	1002	80.11202100000001
root-paired/normalized.json	root	default	root	normalized	rootBase	base_objectclass_root	0	openldap	6	1000	1000	1000	1000	1002	73.21840800000001
root-paired/normalized.json	root	default	root	normalized	rootBase	base_objectclass_root	0	before	7	1000	1000	1000	1000	1002	74.70003699999994
root-paired/normalized.json	root	default	root	normalized	rootBase	base_objectclass_root	0	current	7	1000	1000	1000	1000	1002	76.53321200000006
root-paired/normalized.json	root	default	root	normalized	rootBase	base_objectclass_root	0	openldap	7	1000	1000	1000	1000	1002	63.95508199999999
root-paired/normalized.json	root	default	root	normalized	rootEquality	subtree_uid_equality_root	0	before	1	1000	1000	1000	1000	1002	76.95963099999999
root-paired/normalized.json	root	default	root	normalized	rootEquality	subtree_uid_equality_root	0	current	1	1000	1000	1000	1000	1002	77.12650700000005
root-paired/normalized.json	root	default	root	normalized	rootEquality	subtree_uid_equality_root	0	openldap	1	1000	1000	1000	1000	1002	62.015942
root-paired/normalized.json	root	default	root	normalized	rootEquality	subtree_uid_equality_root	0	before	2	1000	1000	1000	1000	1002	75.26473399999988
root-paired/normalized.json	root	default	root	normalized	rootEquality	subtree_uid_equality_root	0	current	2	1000	1000	1000	1000	1002	75.69970899999994
root-paired/normalized.json	root	default	root	normalized	rootEquality	subtree_uid_equality_root	0	openldap	2	1000	1000	1000	1000	1002	62.65549000000001
root-paired/normalized.json	root	default	root	normalized	rootEquality	subtree_uid_equality_root	0	before	3	1000	1000	1000	1000	1002	74.83071499999998
root-paired/normalized.json	root	default	root	normalized	rootEquality	subtree_uid_equality_root	0	current	3	1000	1000	1000	1000	1002	74.66109600000007
root-paired/normalized.json	root	default	root	normalized	rootEquality	subtree_uid_equality_root	0	openldap	3	1000	1000	1000	1000	1002	62.151027000000006
root-paired/normalized.json	root	default	root	normalized	rootEquality	subtree_uid_equality_root	0	before	4	1000	1000	1000	1000	1002	86.11420899999995
root-paired/normalized.json	root	default	root	normalized	rootEquality	subtree_uid_equality_root	0	current	4	1000	1000	1000	1000	1002	80.24667800000006
root-paired/normalized.json	root	default	root	normalized	rootEquality	subtree_uid_equality_root	0	openldap	4	1000	1000	1000	1000	1002	64.62732300000005
root-paired/normalized.json	root	default	root	normalized	rootEquality	subtree_uid_equality_root	0	before	5	1000	1000	1000	1000	1002	82.06042199999997
root-paired/normalized.json	root	default	root	normalized	rootEquality	subtree_uid_equality_root	0	current	5	1000	1000	1000	1000	1002	81.027437
root-paired/normalized.json	root	default	root	normalized	rootEquality	subtree_uid_equality_root	0	openldap	5	1000	1000	1000	1000	1002	68.91539300000007
root-paired/normalized.json	root	default	root	normalized	rootEquality	subtree_uid_equality_root	0	before	6	1000	1000	1000	1000	1002	79.78093999999989
root-paired/normalized.json	root	default	root	normalized	rootEquality	subtree_uid_equality_root	0	current	6	1000	1000	1000	1000	1002	79.20388300000002
root-paired/normalized.json	root	default	root	normalized	rootEquality	subtree_uid_equality_root	0	openldap	6	1000	1000	1000	1000	1002	67.49274300000005
root-paired/normalized.json	root	default	root	normalized	rootEquality	subtree_uid_equality_root	0	before	7	1000	1000	1000	1000	1002	83.83113199999997
root-paired/normalized.json	root	default	root	normalized	rootEquality	subtree_uid_equality_root	0	current	7	1000	1000	1000	1000	1002	83.69374500000002
root-paired/normalized.json	root	default	root	normalized	rootEquality	subtree_uid_equality_root	0	openldap	7	1000	1000	1000	1000	1002	70.009892
root-paired/normalized.json	root	default	root	normalized	rootCompareTrue	compare_uid_true_root	0	before	1	1000	1000	1000	1000	1002	102.92678900000001
root-paired/normalized.json	root	default	root	normalized	rootCompareTrue	compare_uid_true_root	0	current	1	1000	1000	1000	1000	1002	101.61933399999988
root-paired/normalized.json	root	default	root	normalized	rootCompareTrue	compare_uid_true_root	0	openldap	1	1000	1000	1000	1000	1002	79.63550499999991
root-paired/normalized.json	root	default	root	normalized	rootCompareTrue	compare_uid_true_root	0	before	2	1000	1000	1000	1000	1002	85.8016799999999
root-paired/normalized.json	root	default	root	normalized	rootCompareTrue	compare_uid_true_root	0	current	2	1000	1000	1000	1000	1002	88.446991
root-paired/normalized.json	root	default	root	normalized	rootCompareTrue	compare_uid_true_root	0	openldap	2	1000	1000	1000	1000	1002	69.86322199999998
root-paired/normalized.json	root	default	root	normalized	rootCompareTrue	compare_uid_true_root	0	before	3	1000	1000	1000	1000	1002	83.5250150000001
root-paired/normalized.json	root	default	root	normalized	rootCompareTrue	compare_uid_true_root	0	current	3	1000	1000	1000	1000	1002	83.63479100000002
root-paired/normalized.json	root	default	root	normalized	rootCompareTrue	compare_uid_true_root	0	openldap	3	1000	1000	1000	1000	1002	69.02837299999995
root-paired/normalized.json	root	default	root	normalized	rootCompareTrue	compare_uid_true_root	0	before	4	1000	1000	1000	1000	1002	81.26265700000003
root-paired/normalized.json	root	default	root	normalized	rootCompareTrue	compare_uid_true_root	0	current	4	1000	1000	1000	1000	1002	82.87841999999985
root-paired/normalized.json	root	default	root	normalized	rootCompareTrue	compare_uid_true_root	0	openldap	4	1000	1000	1000	1000	1002	67.73015099999995
root-paired/normalized.json	root	default	root	normalized	rootCompareTrue	compare_uid_true_root	0	before	5	1000	1000	1000	1000	1002	81.83875499999994
root-paired/normalized.json	root	default	root	normalized	rootCompareTrue	compare_uid_true_root	0	current	5	1000	1000	1000	1000	1002	81.37619000000001
root-paired/normalized.json	root	default	root	normalized	rootCompareTrue	compare_uid_true_root	0	openldap	5	1000	1000	1000	1000	1002	67.34305799999997
root-paired/normalized.json	root	default	root	normalized	rootCompareTrue	compare_uid_true_root	0	before	6	1000	1000	1000	1000	1002	84.786628
root-paired/normalized.json	root	default	root	normalized	rootCompareTrue	compare_uid_true_root	0	current	6	1000	1000	1000	1000	1002	91.65536500000009
root-paired/normalized.json	root	default	root	normalized	rootCompareTrue	compare_uid_true_root	0	openldap	6	1000	1000	1000	1000	1002	71.118917
root-paired/normalized.json	root	default	root	normalized	rootCompareTrue	compare_uid_true_root	0	before	7	1000	1000	1000	1000	1002	72.71846599999992
root-paired/normalized.json	root	default	root	normalized	rootCompareTrue	compare_uid_true_root	0	current	7	1000	1000	1000	1000	1002	73.69145899999995
root-paired/normalized.json	root	default	root	normalized	rootCompareTrue	compare_uid_true_root	0	openldap	7	1000	1000	1000	1000	1002	62.026998
root-paired/normalized.json	root	default	root	normalized	rootCompareFalse	compare_uid_false_root	0	before	1	1000	1000	1000	1000	1002	74.34899799999998
root-paired/normalized.json	root	default	root	normalized	rootCompareFalse	compare_uid_false_root	0	current	1	1000	1000	1000	1000	1002	76.06324399999995
root-paired/normalized.json	root	default	root	normalized	rootCompareFalse	compare_uid_false_root	0	openldap	1	1000	1000	1000	1000	1002	62.91232800000003
root-paired/normalized.json	root	default	root	normalized	rootCompareFalse	compare_uid_false_root	0	before	2	1000	1000	1000	1000	1002	77.469635
root-paired/normalized.json	root	default	root	normalized	rootCompareFalse	compare_uid_false_root	0	current	2	1000	1000	1000	1000	1002	77.44961500000005
root-paired/normalized.json	root	default	root	normalized	rootCompareFalse	compare_uid_false_root	0	openldap	2	1000	1000	1000	1000	1002	68.17506799999998
root-paired/normalized.json	root	default	root	normalized	rootCompareFalse	compare_uid_false_root	0	before	3	1000	1000	1000	1000	1002	75.59267599999994
root-paired/normalized.json	root	default	root	normalized	rootCompareFalse	compare_uid_false_root	0	current	3	1000	1000	1000	1000	1002	75.15520500000005
root-paired/normalized.json	root	default	root	normalized	rootCompareFalse	compare_uid_false_root	0	openldap	3	1000	1000	1000	1000	1002	63.470407000000044
root-paired/normalized.json	root	default	root	normalized	rootCompareFalse	compare_uid_false_root	0	before	4	1000	1000	1000	1000	1002	77.26546299999994
root-paired/normalized.json	root	default	root	normalized	rootCompareFalse	compare_uid_false_root	0	current	4	1000	1000	1000	1000	1002	76.16109500000005
root-paired/normalized.json	root	default	root	normalized	rootCompareFalse	compare_uid_false_root	0	openldap	4	1000	1000	1000	1000	1002	63.803223999999965
root-paired/normalized.json	root	default	root	normalized	rootCompareFalse	compare_uid_false_root	0	before	5	1000	1000	1000	1000	1002	81.46268900000003
root-paired/normalized.json	root	default	root	normalized	rootCompareFalse	compare_uid_false_root	0	current	5	1000	1000	1000	1000	1002	82.32145499999992
root-paired/normalized.json	root	default	root	normalized	rootCompareFalse	compare_uid_false_root	0	openldap	5	1000	1000	1000	1000	1002	67.64806200000002
root-paired/normalized.json	root	default	root	normalized	rootCompareFalse	compare_uid_false_root	0	before	6	1000	1000	1000	1000	1002	81.13703199999983
root-paired/normalized.json	root	default	root	normalized	rootCompareFalse	compare_uid_false_root	0	current	6	1000	1000	1000	1000	1002	81.43931100000003
root-paired/normalized.json	root	default	root	normalized	rootCompareFalse	compare_uid_false_root	0	openldap	6	1000	1000	1000	1000	1002	67.89633700000009
root-paired/normalized.json	root	default	root	normalized	rootCompareFalse	compare_uid_false_root	0	before	7	1000	1000	1000	1000	1002	79.39105399999997
root-paired/normalized.json	root	default	root	normalized	rootCompareFalse	compare_uid_false_root	0	current	7	1000	1000	1000	1000	1002	80.18307900000003
root-paired/normalized.json	root	default	root	normalized	rootCompareFalse	compare_uid_false_root	0	openldap	7	1000	1000	1000	1000	1002	66.54003900000005
root-paired/normalized-smoke.json	root	default	root	normalized-smoke	rootBind	simple_bind_root	0	before	1	2	2	2	2	4	0.388874
root-paired/normalized-smoke.json	root	default	root	normalized-smoke	rootBind	simple_bind_root	0	current	1	2	2	2	2	4	0.31604200000000005
root-paired/normalized-smoke.json	root	default	root	normalized-smoke	rootBind	simple_bind_root	0	openldap	1	2	2	2	2	4	0.20854199999999998
root-paired/normalized-smoke.json	root	default	root	normalized-smoke	rootBase	base_objectclass_root	0	before	1	2	2	2	2	4	0.225752
root-paired/normalized-smoke.json	root	default	root	normalized-smoke	rootBase	base_objectclass_root	0	current	1	2	2	2	2	4	0.264125
root-paired/normalized-smoke.json	root	default	root	normalized-smoke	rootBase	base_objectclass_root	0	openldap	1	2	2	2	2	4	0.180666
root-paired/normalized-smoke.json	root	default	root	normalized-smoke	rootEquality	subtree_uid_equality_root	0	before	1	2	2	2	2	4	0.20429200000000003
root-paired/normalized-smoke.json	root	default	root	normalized-smoke	rootEquality	subtree_uid_equality_root	0	current	1	2	2	2	2	4	0.276499
root-paired/normalized-smoke.json	root	default	root	normalized-smoke	rootEquality	subtree_uid_equality_root	0	openldap	1	2	2	2	2	4	0.205208
root-paired/normalized-smoke.json	root	default	root	normalized-smoke	rootCompareTrue	compare_uid_true_root	0	before	1	2	2	2	2	4	0.235792
root-paired/normalized-smoke.json	root	default	root	normalized-smoke	rootCompareTrue	compare_uid_true_root	0	current	1	2	2	2	2	4	0.226958
root-paired/normalized-smoke.json	root	default	root	normalized-smoke	rootCompareTrue	compare_uid_true_root	0	openldap	1	2	2	2	2	4	0.20174999999999998
root-paired/normalized-smoke.json	root	default	root	normalized-smoke	rootCompareFalse	compare_uid_false_root	0	before	1	2	2	2	2	4	0.209042
root-paired/normalized-smoke.json	root	default	root	normalized-smoke	rootCompareFalse	compare_uid_false_root	0	current	1	2	2	2	2	4	0.247667
root-paired/normalized-smoke.json	root	default	root	normalized-smoke	rootCompareFalse	compare_uid_false_root	0	openldap	1	2	2	2	2	4	0.17179200000000003
explicit-group-compare/groups.json	group-compare	explicit	nonroot	groups	groupCompareTrueFirst	compare_member_true_first	10	before	1	20	20	20	20	22	2.076707
explicit-group-compare/groups.json	group-compare	explicit	nonroot	groups	groupCompareTrueFirst	compare_member_true_first	10	current	1	20	20	20	20	22	1.9815390000000002
explicit-group-compare/groups.json	group-compare	explicit	nonroot	groups	groupCompareTrueFirst	compare_member_true_first	10	openldap	1	20	20	20	20	22	1.526999
explicit-group-compare/groups.json	group-compare	explicit	nonroot	groups	groupCompareTrueFirst	compare_member_true_first	10	before	2	20	20	20	20	22	1.8829989999999999
explicit-group-compare/groups.json	group-compare	explicit	nonroot	groups	groupCompareTrueFirst	compare_member_true_first	10	current	2	20	20	20	20	22	1.9371279999999997
explicit-group-compare/groups.json	group-compare	explicit	nonroot	groups	groupCompareTrueFirst	compare_member_true_first	10	openldap	2	20	20	20	20	22	4.257330999999999
explicit-group-compare/groups.json	group-compare	explicit	nonroot	groups	groupCompareTrueFirst	compare_member_true_first	10	before	3	20	20	20	20	22	1.783207
explicit-group-compare/groups.json	group-compare	explicit	nonroot	groups	groupCompareTrueFirst	compare_member_true_first	10	current	3	20	20	20	20	22	1.7429599999999998
explicit-group-compare/groups.json	group-compare	explicit	nonroot	groups	groupCompareTrueFirst	compare_member_true_first	10	openldap	3	20	20	20	20	22	1.574331
explicit-group-compare/groups.json	group-compare	explicit	nonroot	groups	groupCompareTrueFirst	compare_member_true_first	10	before	4	20	20	20	20	22	1.747831
explicit-group-compare/groups.json	group-compare	explicit	nonroot	groups	groupCompareTrueFirst	compare_member_true_first	10	current	4	20	20	20	20	22	1.806167
explicit-group-compare/groups.json	group-compare	explicit	nonroot	groups	groupCompareTrueFirst	compare_member_true_first	10	openldap	4	20	20	20	20	22	1.4199540000000002
explicit-group-compare/groups.json	group-compare	explicit	nonroot	groups	groupCompareTrueFirst	compare_member_true_first	10	before	5	20	20	20	20	22	1.8384580000000001
explicit-group-compare/groups.json	group-compare	explicit	nonroot	groups	groupCompareTrueFirst	compare_member_true_first	10	current	5	20	20	20	20	22	1.7217080000000002
explicit-group-compare/groups.json	group-compare	explicit	nonroot	groups	groupCompareTrueFirst	compare_member_true_first	10	openldap	5	20	20	20	20	22	1.3737919999999997
explicit-group-compare/groups.json	group-compare	explicit	nonroot	groups	groupCompareTrueFirst	compare_member_true_first	1000	before	1	20	20	20	20	22	1.6800850000000003
explicit-group-compare/groups.json	group-compare	explicit	nonroot	groups	groupCompareTrueFirst	compare_member_true_first	1000	current	1	20	20	20	20	22	1.6902519999999999
explicit-group-compare/groups.json	group-compare	explicit	nonroot	groups	groupCompareTrueFirst	compare_member_true_first	1000	openldap	1	20	20	20	20	22	1.2961660000000004
explicit-group-compare/groups.json	group-compare	explicit	nonroot	groups	groupCompareTrueFirst	compare_member_true_first	1000	before	2	20	20	20	20	22	1.697335
explicit-group-compare/groups.json	group-compare	explicit	nonroot	groups	groupCompareTrueFirst	compare_member_true_first	1000	current	2	20	20	20	20	22	1.8196689999999995
explicit-group-compare/groups.json	group-compare	explicit	nonroot	groups	groupCompareTrueFirst	compare_member_true_first	1000	openldap	2	20	20	20	20	22	1.54062
explicit-group-compare/groups.json	group-compare	explicit	nonroot	groups	groupCompareTrueFirst	compare_member_true_first	1000	before	3	20	20	20	20	22	2.3802889999999994
explicit-group-compare/groups.json	group-compare	explicit	nonroot	groups	groupCompareTrueFirst	compare_member_true_first	1000	current	3	20	20	20	20	22	2.125668
explicit-group-compare/groups.json	group-compare	explicit	nonroot	groups	groupCompareTrueFirst	compare_member_true_first	1000	openldap	3	20	20	20	20	22	1.7425
explicit-group-compare/groups.json	group-compare	explicit	nonroot	groups	groupCompareTrueFirst	compare_member_true_first	1000	before	4	20	20	20	20	22	12.087461000000001
explicit-group-compare/groups.json	group-compare	explicit	nonroot	groups	groupCompareTrueFirst	compare_member_true_first	1000	current	4	20	20	20	20	22	2.9316700000000004
explicit-group-compare/groups.json	group-compare	explicit	nonroot	groups	groupCompareTrueFirst	compare_member_true_first	1000	openldap	4	20	20	20	20	22	2.2289990000000004
explicit-group-compare/groups.json	group-compare	explicit	nonroot	groups	groupCompareTrueFirst	compare_member_true_first	1000	before	5	20	20	20	20	22	17.325580999999996
explicit-group-compare/groups.json	group-compare	explicit	nonroot	groups	groupCompareTrueFirst	compare_member_true_first	1000	current	5	20	20	20	20	22	4.661663000000001
explicit-group-compare/groups.json	group-compare	explicit	nonroot	groups	groupCompareTrueFirst	compare_member_true_first	1000	openldap	5	20	20	20	20	22	9.435459999999999
explicit-group-compare/groups.json	group-compare	explicit	nonroot	groups	groupCompareTrueLast	compare_member_true_last	10	before	1	20	20	20	20	22	2.019626
explicit-group-compare/groups.json	group-compare	explicit	nonroot	groups	groupCompareTrueLast	compare_member_true_last	10	current	1	20	20	20	20	22	1.91508
explicit-group-compare/groups.json	group-compare	explicit	nonroot	groups	groupCompareTrueLast	compare_member_true_last	10	openldap	1	20	20	20	20	22	1.5160819999999995
explicit-group-compare/groups.json	group-compare	explicit	nonroot	groups	groupCompareTrueLast	compare_member_true_last	10	before	2	20	20	20	20	22	1.8262909999999999
explicit-group-compare/groups.json	group-compare	explicit	nonroot	groups	groupCompareTrueLast	compare_member_true_last	10	current	2	20	20	20	20	22	1.9087919999999998
explicit-group-compare/groups.json	group-compare	explicit	nonroot	groups	groupCompareTrueLast	compare_member_true_last	10	openldap	2	20	20	20	20	22	1.5132069999999997
explicit-group-compare/groups.json	group-compare	explicit	nonroot	groups	groupCompareTrueLast	compare_member_true_last	10	before	3	20	20	20	20	22	1.821792
explicit-group-compare/groups.json	group-compare	explicit	nonroot	groups	groupCompareTrueLast	compare_member_true_last	10	current	3	20	20	20	20	22	1.849791
explicit-group-compare/groups.json	group-compare	explicit	nonroot	groups	groupCompareTrueLast	compare_member_true_last	10	openldap	3	20	20	20	20	22	1.4256630000000001
explicit-group-compare/groups.json	group-compare	explicit	nonroot	groups	groupCompareTrueLast	compare_member_true_last	10	before	4	20	20	20	20	22	1.8224149999999997
explicit-group-compare/groups.json	group-compare	explicit	nonroot	groups	groupCompareTrueLast	compare_member_true_last	10	current	4	20	20	20	20	22	1.9344159999999995
explicit-group-compare/groups.json	group-compare	explicit	nonroot	groups	groupCompareTrueLast	compare_member_true_last	10	openldap	4	20	20	20	20	22	1.58829
explicit-group-compare/groups.json	group-compare	explicit	nonroot	groups	groupCompareTrueLast	compare_member_true_last	10	before	5	20	20	20	20	22	1.66554
explicit-group-compare/groups.json	group-compare	explicit	nonroot	groups	groupCompareTrueLast	compare_member_true_last	10	current	5	20	20	20	20	22	1.6491679999999997
explicit-group-compare/groups.json	group-compare	explicit	nonroot	groups	groupCompareTrueLast	compare_member_true_last	10	openldap	5	20	20	20	20	22	1.4342080000000001
explicit-group-compare/groups.json	group-compare	explicit	nonroot	groups	groupCompareTrueLast	compare_member_true_last	1000	before	1	20	20	20	20	22	1.9120439999999999
explicit-group-compare/groups.json	group-compare	explicit	nonroot	groups	groupCompareTrueLast	compare_member_true_last	1000	current	1	20	20	20	20	22	1.762248
explicit-group-compare/groups.json	group-compare	explicit	nonroot	groups	groupCompareTrueLast	compare_member_true_last	1000	openldap	1	20	20	20	20	22	1.4115409999999995
explicit-group-compare/groups.json	group-compare	explicit	nonroot	groups	groupCompareTrueLast	compare_member_true_last	1000	before	2	20	20	20	20	22	1.797875
explicit-group-compare/groups.json	group-compare	explicit	nonroot	groups	groupCompareTrueLast	compare_member_true_last	1000	current	2	20	20	20	20	22	1.948667
explicit-group-compare/groups.json	group-compare	explicit	nonroot	groups	groupCompareTrueLast	compare_member_true_last	1000	openldap	2	20	20	20	20	22	1.5561690000000004
explicit-group-compare/groups.json	group-compare	explicit	nonroot	groups	groupCompareTrueLast	compare_member_true_last	1000	before	3	20	20	20	20	22	1.7849169999999999
explicit-group-compare/groups.json	group-compare	explicit	nonroot	groups	groupCompareTrueLast	compare_member_true_last	1000	current	3	20	20	20	20	22	1.938584
explicit-group-compare/groups.json	group-compare	explicit	nonroot	groups	groupCompareTrueLast	compare_member_true_last	1000	openldap	3	20	20	20	20	22	1.5112480000000004
explicit-group-compare/groups.json	group-compare	explicit	nonroot	groups	groupCompareTrueLast	compare_member_true_last	1000	before	4	20	20	20	20	22	2.263125
explicit-group-compare/groups.json	group-compare	explicit	nonroot	groups	groupCompareTrueLast	compare_member_true_last	1000	current	4	20	20	20	20	22	2.6184159999999994
explicit-group-compare/groups.json	group-compare	explicit	nonroot	groups	groupCompareTrueLast	compare_member_true_last	1000	openldap	4	20	20	20	20	22	1.713497
explicit-group-compare/groups.json	group-compare	explicit	nonroot	groups	groupCompareTrueLast	compare_member_true_last	1000	before	5	20	20	20	20	22	2.3184569999999995
explicit-group-compare/groups.json	group-compare	explicit	nonroot	groups	groupCompareTrueLast	compare_member_true_last	1000	current	5	20	20	20	20	22	2.2828759999999995
explicit-group-compare/groups.json	group-compare	explicit	nonroot	groups	groupCompareTrueLast	compare_member_true_last	1000	openldap	5	20	20	20	20	22	1.6971239999999999
explicit-group-compare/groups.json	group-compare	explicit	nonroot	groups	groupCompareFalse	compare_member_false_missing	10	before	1	20	20	20	20	22	1.962998
explicit-group-compare/groups.json	group-compare	explicit	nonroot	groups	groupCompareFalse	compare_member_false_missing	10	current	1	20	20	20	20	22	2.0270000000000006
explicit-group-compare/groups.json	group-compare	explicit	nonroot	groups	groupCompareFalse	compare_member_false_missing	10	openldap	1	20	20	20	20	22	1.6439990000000002
explicit-group-compare/groups.json	group-compare	explicit	nonroot	groups	groupCompareFalse	compare_member_false_missing	10	before	2	20	20	20	20	22	1.7140849999999999
explicit-group-compare/groups.json	group-compare	explicit	nonroot	groups	groupCompareFalse	compare_member_false_missing	10	current	2	20	20	20	20	22	1.9500030000000004
explicit-group-compare/groups.json	group-compare	explicit	nonroot	groups	groupCompareFalse	compare_member_false_missing	10	openldap	2	20	20	20	20	22	1.6400840000000003
explicit-group-compare/groups.json	group-compare	explicit	nonroot	groups	groupCompareFalse	compare_member_false_missing	10	before	3	20	20	20	20	22	1.792333
explicit-group-compare/groups.json	group-compare	explicit	nonroot	groups	groupCompareFalse	compare_member_false_missing	10	current	3	20	20	20	20	22	1.9640440000000001
explicit-group-compare/groups.json	group-compare	explicit	nonroot	groups	groupCompareFalse	compare_member_false_missing	10	openldap	3	20	20	20	20	22	1.4700429999999998
explicit-group-compare/groups.json	group-compare	explicit	nonroot	groups	groupCompareFalse	compare_member_false_missing	10	before	4	20	20	20	20	22	2.2362490000000004
explicit-group-compare/groups.json	group-compare	explicit	nonroot	groups	groupCompareFalse	compare_member_false_missing	10	current	4	20	20	20	20	22	2.133295
explicit-group-compare/groups.json	group-compare	explicit	nonroot	groups	groupCompareFalse	compare_member_false_missing	10	openldap	4	20	20	20	20	22	1.9312089999999995
explicit-group-compare/groups.json	group-compare	explicit	nonroot	groups	groupCompareFalse	compare_member_false_missing	10	before	5	20	20	20	20	22	2.2162900000000003
explicit-group-compare/groups.json	group-compare	explicit	nonroot	groups	groupCompareFalse	compare_member_false_missing	10	current	5	20	20	20	20	22	2.051122
explicit-group-compare/groups.json	group-compare	explicit	nonroot	groups	groupCompareFalse	compare_member_false_missing	10	openldap	5	20	20	20	20	22	1.6554580000000003
explicit-group-compare/groups.json	group-compare	explicit	nonroot	groups	groupCompareFalse	compare_member_false_missing	1000	before	1	20	20	20	20	22	1.933541
explicit-group-compare/groups.json	group-compare	explicit	nonroot	groups	groupCompareFalse	compare_member_false_missing	1000	current	1	20	20	20	20	22	1.7722079999999998
explicit-group-compare/groups.json	group-compare	explicit	nonroot	groups	groupCompareFalse	compare_member_false_missing	1000	openldap	1	20	20	20	20	22	1.6834600000000002
explicit-group-compare/groups.json	group-compare	explicit	nonroot	groups	groupCompareFalse	compare_member_false_missing	1000	before	2	20	20	20	20	22	1.6250819999999995
explicit-group-compare/groups.json	group-compare	explicit	nonroot	groups	groupCompareFalse	compare_member_false_missing	1000	current	2	20	20	20	20	22	1.689626
explicit-group-compare/groups.json	group-compare	explicit	nonroot	groups	groupCompareFalse	compare_member_false_missing	1000	openldap	2	20	20	20	20	22	1.350873
explicit-group-compare/groups.json	group-compare	explicit	nonroot	groups	groupCompareFalse	compare_member_false_missing	1000	before	3	20	20	20	20	22	1.8820419999999998
explicit-group-compare/groups.json	group-compare	explicit	nonroot	groups	groupCompareFalse	compare_member_false_missing	1000	current	3	20	20	20	20	22	2.1323760000000003
explicit-group-compare/groups.json	group-compare	explicit	nonroot	groups	groupCompareFalse	compare_member_false_missing	1000	openldap	3	20	20	20	20	22	1.6010810000000004
explicit-group-compare/groups.json	group-compare	explicit	nonroot	groups	groupCompareFalse	compare_member_false_missing	1000	before	4	20	20	20	20	22	1.788125
explicit-group-compare/groups.json	group-compare	explicit	nonroot	groups	groupCompareFalse	compare_member_false_missing	1000	current	4	20	20	20	20	22	1.769623
explicit-group-compare/groups.json	group-compare	explicit	nonroot	groups	groupCompareFalse	compare_member_false_missing	1000	openldap	4	20	20	20	20	22	1.310126
explicit-group-compare/groups.json	group-compare	explicit	nonroot	groups	groupCompareFalse	compare_member_false_missing	1000	before	5	20	20	20	20	22	1.8058319999999999
explicit-group-compare/groups.json	group-compare	explicit	nonroot	groups	groupCompareFalse	compare_member_false_missing	1000	current	5	20	20	20	20	22	1.8404150000000006
explicit-group-compare/groups.json	group-compare	explicit	nonroot	groups	groupCompareFalse	compare_member_false_missing	1000	openldap	5	20	20	20	20	22	1.5259159999999998
explicit-group-compare/smoke.json	group-compare	explicit	nonroot	smoke	groupCompareTrueFirst	compare_member_true_first	10	before	1	2	2	2	2	4	0.476042
explicit-group-compare/smoke.json	group-compare	explicit	nonroot	smoke	groupCompareTrueFirst	compare_member_true_first	10	current	1	2	2	2	2	4	0.445208
explicit-group-compare/smoke.json	group-compare	explicit	nonroot	smoke	groupCompareTrueFirst	compare_member_true_first	10	openldap	1	2	2	2	2	4	0.352458
explicit-group-compare/smoke.json	group-compare	explicit	nonroot	smoke	groupCompareTrueFirst	compare_member_true_first	1000	before	1	2	2	2	2	4	0.255042
explicit-group-compare/smoke.json	group-compare	explicit	nonroot	smoke	groupCompareTrueFirst	compare_member_true_first	1000	current	1	2	2	2	2	4	0.317875
explicit-group-compare/smoke.json	group-compare	explicit	nonroot	smoke	groupCompareTrueFirst	compare_member_true_first	1000	openldap	1	2	2	2	2	4	0.260666
explicit-group-compare/smoke.json	group-compare	explicit	nonroot	smoke	groupCompareTrueLast	compare_member_true_last	10	before	1	2	2	2	2	4	0.326167
explicit-group-compare/smoke.json	group-compare	explicit	nonroot	smoke	groupCompareTrueLast	compare_member_true_last	10	current	1	2	2	2	2	4	0.340374
explicit-group-compare/smoke.json	group-compare	explicit	nonroot	smoke	groupCompareTrueLast	compare_member_true_last	10	openldap	1	2	2	2	2	4	0.288751
explicit-group-compare/smoke.json	group-compare	explicit	nonroot	smoke	groupCompareTrueLast	compare_member_true_last	1000	before	1	2	2	2	2	4	0.361959
explicit-group-compare/smoke.json	group-compare	explicit	nonroot	smoke	groupCompareTrueLast	compare_member_true_last	1000	current	1	2	2	2	2	4	0.347584
explicit-group-compare/smoke.json	group-compare	explicit	nonroot	smoke	groupCompareTrueLast	compare_member_true_last	1000	openldap	1	2	2	2	2	4	0.279458
explicit-group-compare/smoke.json	group-compare	explicit	nonroot	smoke	groupCompareFalse	compare_member_false_missing	10	before	1	2	2	2	2	4	0.390792
explicit-group-compare/smoke.json	group-compare	explicit	nonroot	smoke	groupCompareFalse	compare_member_false_missing	10	current	1	2	2	2	2	4	0.43025
explicit-group-compare/smoke.json	group-compare	explicit	nonroot	smoke	groupCompareFalse	compare_member_false_missing	10	openldap	1	2	2	2	2	4	0.32571
explicit-group-compare/smoke.json	group-compare	explicit	nonroot	smoke	groupCompareFalse	compare_member_false_missing	1000	before	1	2	2	2	2	4	0.336874
explicit-group-compare/smoke.json	group-compare	explicit	nonroot	smoke	groupCompareFalse	compare_member_false_missing	1000	current	1	2	2	2	2	4	0.377291
explicit-group-compare/smoke.json	group-compare	explicit	nonroot	smoke	groupCompareFalse	compare_member_false_missing	1000	openldap	1	2	2	2	2	4	0.249999
default-group-compare-retry/groups.json	group-compare	default	nonroot	groups	groupCompareTrueFirst	compare_member_true_first	10	before	1	20	20	20	20	22	2.303538
default-group-compare-retry/groups.json	group-compare	default	nonroot	groups	groupCompareTrueFirst	compare_member_true_first	10	current	1	20	20	20	20	22	2.411834
default-group-compare-retry/groups.json	group-compare	default	nonroot	groups	groupCompareTrueFirst	compare_member_true_first	10	openldap	1	20	20	20	20	22	1.918792
default-group-compare-retry/groups.json	group-compare	default	nonroot	groups	groupCompareTrueFirst	compare_member_true_first	10	before	2	20	20	20	20	22	2.0666650000000004
default-group-compare-retry/groups.json	group-compare	default	nonroot	groups	groupCompareTrueFirst	compare_member_true_first	10	current	2	20	20	20	20	22	1.9367099999999997
default-group-compare-retry/groups.json	group-compare	default	nonroot	groups	groupCompareTrueFirst	compare_member_true_first	10	openldap	2	20	20	20	20	22	1.7418750000000003
default-group-compare-retry/groups.json	group-compare	default	nonroot	groups	groupCompareTrueFirst	compare_member_true_first	10	before	3	20	20	20	20	22	1.891459
default-group-compare-retry/groups.json	group-compare	default	nonroot	groups	groupCompareTrueFirst	compare_member_true_first	10	current	3	20	20	20	20	22	1.8689160000000002
default-group-compare-retry/groups.json	group-compare	default	nonroot	groups	groupCompareTrueFirst	compare_member_true_first	10	openldap	3	20	20	20	20	22	1.4682109999999995
default-group-compare-retry/groups.json	group-compare	default	nonroot	groups	groupCompareTrueFirst	compare_member_true_first	10	before	4	20	20	20	20	22	1.7900410000000002
default-group-compare-retry/groups.json	group-compare	default	nonroot	groups	groupCompareTrueFirst	compare_member_true_first	10	current	4	20	20	20	20	22	1.820123
default-group-compare-retry/groups.json	group-compare	default	nonroot	groups	groupCompareTrueFirst	compare_member_true_first	10	openldap	4	20	20	20	20	22	1.4701659999999999
default-group-compare-retry/groups.json	group-compare	default	nonroot	groups	groupCompareTrueFirst	compare_member_true_first	10	before	5	20	20	20	20	22	1.834291
default-group-compare-retry/groups.json	group-compare	default	nonroot	groups	groupCompareTrueFirst	compare_member_true_first	10	current	5	20	20	20	20	22	1.808831
default-group-compare-retry/groups.json	group-compare	default	nonroot	groups	groupCompareTrueFirst	compare_member_true_first	10	openldap	5	20	20	20	20	22	1.5771259999999994
default-group-compare-retry/groups.json	group-compare	default	nonroot	groups	groupCompareTrueFirst	compare_member_true_first	1000	before	1	20	20	20	20	22	1.658374
default-group-compare-retry/groups.json	group-compare	default	nonroot	groups	groupCompareTrueFirst	compare_member_true_first	1000	current	1	20	20	20	20	22	1.7632510000000003
default-group-compare-retry/groups.json	group-compare	default	nonroot	groups	groupCompareTrueFirst	compare_member_true_first	1000	openldap	1	20	20	20	20	22	1.391625
default-group-compare-retry/groups.json	group-compare	default	nonroot	groups	groupCompareTrueFirst	compare_member_true_first	1000	before	2	20	20	20	20	22	1.8114599999999998
default-group-compare-retry/groups.json	group-compare	default	nonroot	groups	groupCompareTrueFirst	compare_member_true_first	1000	current	2	20	20	20	20	22	1.9738739999999997
default-group-compare-retry/groups.json	group-compare	default	nonroot	groups	groupCompareTrueFirst	compare_member_true_first	1000	openldap	2	20	20	20	20	22	1.9232540000000002
default-group-compare-retry/groups.json	group-compare	default	nonroot	groups	groupCompareTrueFirst	compare_member_true_first	1000	before	3	20	20	20	20	22	1.880873
default-group-compare-retry/groups.json	group-compare	default	nonroot	groups	groupCompareTrueFirst	compare_member_true_first	1000	current	3	20	20	20	20	22	2.119291
default-group-compare-retry/groups.json	group-compare	default	nonroot	groups	groupCompareTrueFirst	compare_member_true_first	1000	openldap	3	20	20	20	20	22	1.6406650000000003
default-group-compare-retry/groups.json	group-compare	default	nonroot	groups	groupCompareTrueFirst	compare_member_true_first	1000	before	4	20	20	20	20	22	1.9746640000000002
default-group-compare-retry/groups.json	group-compare	default	nonroot	groups	groupCompareTrueFirst	compare_member_true_first	1000	current	4	20	20	20	20	22	2.1249550000000004
default-group-compare-retry/groups.json	group-compare	default	nonroot	groups	groupCompareTrueFirst	compare_member_true_first	1000	openldap	4	20	20	20	20	22	1.7946669999999996
default-group-compare-retry/groups.json	group-compare	default	nonroot	groups	groupCompareTrueFirst	compare_member_true_first	1000	before	5	20	20	20	20	22	2.0185389999999996
default-group-compare-retry/groups.json	group-compare	default	nonroot	groups	groupCompareTrueFirst	compare_member_true_first	1000	current	5	20	20	20	20	22	2.1561709999999996
default-group-compare-retry/groups.json	group-compare	default	nonroot	groups	groupCompareTrueFirst	compare_member_true_first	1000	openldap	5	20	20	20	20	22	1.607956
default-group-compare-retry/groups.json	group-compare	default	nonroot	groups	groupCompareTrueLast	compare_member_true_last	10	before	1	20	20	20	20	22	2.2115449999999996
default-group-compare-retry/groups.json	group-compare	default	nonroot	groups	groupCompareTrueLast	compare_member_true_last	10	current	1	20	20	20	20	22	2.070917
default-group-compare-retry/groups.json	group-compare	default	nonroot	groups	groupCompareTrueLast	compare_member_true_last	10	openldap	1	20	20	20	20	22	1.7229189999999996
default-group-compare-retry/groups.json	group-compare	default	nonroot	groups	groupCompareTrueLast	compare_member_true_last	10	before	2	20	20	20	20	22	1.7477939999999998
default-group-compare-retry/groups.json	group-compare	default	nonroot	groups	groupCompareTrueLast	compare_member_true_last	10	current	2	20	20	20	20	22	1.84429
default-group-compare-retry/groups.json	group-compare	default	nonroot	groups	groupCompareTrueLast	compare_member_true_last	10	openldap	2	20	20	20	20	22	1.550538
default-group-compare-retry/groups.json	group-compare	default	nonroot	groups	groupCompareTrueLast	compare_member_true_last	10	before	3	20	20	20	20	22	1.655832
default-group-compare-retry/groups.json	group-compare	default	nonroot	groups	groupCompareTrueLast	compare_member_true_last	10	current	3	20	20	20	20	22	1.7319989999999998
default-group-compare-retry/groups.json	group-compare	default	nonroot	groups	groupCompareTrueLast	compare_member_true_last	10	openldap	3	20	20	20	20	22	1.545584
default-group-compare-retry/groups.json	group-compare	default	nonroot	groups	groupCompareTrueLast	compare_member_true_last	10	before	4	20	20	20	20	22	1.7404160000000004
default-group-compare-retry/groups.json	group-compare	default	nonroot	groups	groupCompareTrueLast	compare_member_true_last	10	current	4	20	20	20	20	22	1.877791
default-group-compare-retry/groups.json	group-compare	default	nonroot	groups	groupCompareTrueLast	compare_member_true_last	10	openldap	4	20	20	20	20	22	1.5142079999999998
default-group-compare-retry/groups.json	group-compare	default	nonroot	groups	groupCompareTrueLast	compare_member_true_last	10	before	5	20	20	20	20	22	1.7108330000000003
default-group-compare-retry/groups.json	group-compare	default	nonroot	groups	groupCompareTrueLast	compare_member_true_last	10	current	5	20	20	20	20	22	1.9067479999999997
default-group-compare-retry/groups.json	group-compare	default	nonroot	groups	groupCompareTrueLast	compare_member_true_last	10	openldap	5	20	20	20	20	22	1.4812089999999998
default-group-compare-retry/groups.json	group-compare	default	nonroot	groups	groupCompareTrueLast	compare_member_true_last	1000	before	1	20	20	20	20	22	2.0326260000000005
default-group-compare-retry/groups.json	group-compare	default	nonroot	groups	groupCompareTrueLast	compare_member_true_last	1000	current	1	20	20	20	20	22	1.980247
default-group-compare-retry/groups.json	group-compare	default	nonroot	groups	groupCompareTrueLast	compare_member_true_last	1000	openldap	1	20	20	20	20	22	1.539333
default-group-compare-retry/groups.json	group-compare	default	nonroot	groups	groupCompareTrueLast	compare_member_true_last	1000	before	2	20	20	20	20	22	2.032248
default-group-compare-retry/groups.json	group-compare	default	nonroot	groups	groupCompareTrueLast	compare_member_true_last	1000	current	2	20	20	20	20	22	2.076585
default-group-compare-retry/groups.json	group-compare	default	nonroot	groups	groupCompareTrueLast	compare_member_true_last	1000	openldap	2	20	20	20	20	22	1.534876
default-group-compare-retry/groups.json	group-compare	default	nonroot	groups	groupCompareTrueLast	compare_member_true_last	1000	before	3	20	20	20	20	22	1.7382510000000004
default-group-compare-retry/groups.json	group-compare	default	nonroot	groups	groupCompareTrueLast	compare_member_true_last	1000	current	3	20	20	20	20	22	1.8040010000000004
default-group-compare-retry/groups.json	group-compare	default	nonroot	groups	groupCompareTrueLast	compare_member_true_last	1000	openldap	3	20	20	20	20	22	1.4647089999999998
default-group-compare-retry/groups.json	group-compare	default	nonroot	groups	groupCompareTrueLast	compare_member_true_last	1000	before	4	20	20	20	20	22	1.7755020000000004
default-group-compare-retry/groups.json	group-compare	default	nonroot	groups	groupCompareTrueLast	compare_member_true_last	1000	current	4	20	20	20	20	22	1.7587080000000002
default-group-compare-retry/groups.json	group-compare	default	nonroot	groups	groupCompareTrueLast	compare_member_true_last	1000	openldap	4	20	20	20	20	22	1.4163339999999998
default-group-compare-retry/groups.json	group-compare	default	nonroot	groups	groupCompareTrueLast	compare_member_true_last	1000	before	5	20	20	20	20	22	2.043583
default-group-compare-retry/groups.json	group-compare	default	nonroot	groups	groupCompareTrueLast	compare_member_true_last	1000	current	5	20	20	20	20	22	2.136583999999999
default-group-compare-retry/groups.json	group-compare	default	nonroot	groups	groupCompareTrueLast	compare_member_true_last	1000	openldap	5	20	20	20	20	22	1.4266230000000002
default-group-compare-retry/groups.json	group-compare	default	nonroot	groups	groupCompareFalse	compare_member_false_missing	10	before	1	20	20	20	20	22	2.2616260000000006
default-group-compare-retry/groups.json	group-compare	default	nonroot	groups	groupCompareFalse	compare_member_false_missing	10	current	1	20	20	20	20	22	2.1654150000000003
default-group-compare-retry/groups.json	group-compare	default	nonroot	groups	groupCompareFalse	compare_member_false_missing	10	openldap	1	20	20	20	20	22	1.4954549999999995
default-group-compare-retry/groups.json	group-compare	default	nonroot	groups	groupCompareFalse	compare_member_false_missing	10	before	2	20	20	20	20	22	2.313915
default-group-compare-retry/groups.json	group-compare	default	nonroot	groups	groupCompareFalse	compare_member_false_missing	10	current	2	20	20	20	20	22	2.2333760000000002
default-group-compare-retry/groups.json	group-compare	default	nonroot	groups	groupCompareFalse	compare_member_false_missing	10	openldap	2	20	20	20	20	22	2.1246630000000004
default-group-compare-retry/groups.json	group-compare	default	nonroot	groups	groupCompareFalse	compare_member_false_missing	10	before	3	20	20	20	20	22	2.346163
default-group-compare-retry/groups.json	group-compare	default	nonroot	groups	groupCompareFalse	compare_member_false_missing	10	current	3	20	20	20	20	22	2.4626680000000003
default-group-compare-retry/groups.json	group-compare	default	nonroot	groups	groupCompareFalse	compare_member_false_missing	10	openldap	3	20	20	20	20	22	1.859211
default-group-compare-retry/groups.json	group-compare	default	nonroot	groups	groupCompareFalse	compare_member_false_missing	10	before	4	20	20	20	20	22	2.129958
default-group-compare-retry/groups.json	group-compare	default	nonroot	groups	groupCompareFalse	compare_member_false_missing	10	current	4	20	20	20	20	22	2.220582
default-group-compare-retry/groups.json	group-compare	default	nonroot	groups	groupCompareFalse	compare_member_false_missing	10	openldap	4	20	20	20	20	22	1.6318750000000002
default-group-compare-retry/groups.json	group-compare	default	nonroot	groups	groupCompareFalse	compare_member_false_missing	10	before	5	20	20	20	20	22	2.19729
default-group-compare-retry/groups.json	group-compare	default	nonroot	groups	groupCompareFalse	compare_member_false_missing	10	current	5	20	20	20	20	22	2.364082
default-group-compare-retry/groups.json	group-compare	default	nonroot	groups	groupCompareFalse	compare_member_false_missing	10	openldap	5	20	20	20	20	22	1.804126
default-group-compare-retry/groups.json	group-compare	default	nonroot	groups	groupCompareFalse	compare_member_false_missing	1000	before	1	20	20	20	20	22	2.4499170000000006
default-group-compare-retry/groups.json	group-compare	default	nonroot	groups	groupCompareFalse	compare_member_false_missing	1000	current	1	20	20	20	20	22	2.2240409999999993
default-group-compare-retry/groups.json	group-compare	default	nonroot	groups	groupCompareFalse	compare_member_false_missing	1000	openldap	1	20	20	20	20	22	1.7775859999999999
default-group-compare-retry/groups.json	group-compare	default	nonroot	groups	groupCompareFalse	compare_member_false_missing	1000	before	2	20	20	20	20	22	2.215375
default-group-compare-retry/groups.json	group-compare	default	nonroot	groups	groupCompareFalse	compare_member_false_missing	1000	current	2	20	20	20	20	22	2.246125
default-group-compare-retry/groups.json	group-compare	default	nonroot	groups	groupCompareFalse	compare_member_false_missing	1000	openldap	2	20	20	20	20	22	1.903002
default-group-compare-retry/groups.json	group-compare	default	nonroot	groups	groupCompareFalse	compare_member_false_missing	1000	before	3	20	20	20	20	22	2.2197080000000002
default-group-compare-retry/groups.json	group-compare	default	nonroot	groups	groupCompareFalse	compare_member_false_missing	1000	current	3	20	20	20	20	22	2.183037
default-group-compare-retry/groups.json	group-compare	default	nonroot	groups	groupCompareFalse	compare_member_false_missing	1000	openldap	3	20	20	20	20	22	1.7922479999999998
default-group-compare-retry/groups.json	group-compare	default	nonroot	groups	groupCompareFalse	compare_member_false_missing	1000	before	4	20	20	20	20	22	2.205667
default-group-compare-retry/groups.json	group-compare	default	nonroot	groups	groupCompareFalse	compare_member_false_missing	1000	current	4	20	20	20	20	22	2.309043
default-group-compare-retry/groups.json	group-compare	default	nonroot	groups	groupCompareFalse	compare_member_false_missing	1000	openldap	4	20	20	20	20	22	1.7313730000000007
default-group-compare-retry/groups.json	group-compare	default	nonroot	groups	groupCompareFalse	compare_member_false_missing	1000	before	5	20	20	20	20	22	2.182252
default-group-compare-retry/groups.json	group-compare	default	nonroot	groups	groupCompareFalse	compare_member_false_missing	1000	current	5	20	20	20	20	22	2.2292080000000007
default-group-compare-retry/groups.json	group-compare	default	nonroot	groups	groupCompareFalse	compare_member_false_missing	1000	openldap	5	20	20	20	20	22	1.6542109999999999
default-group-compare-retry/smoke.json	group-compare	default	nonroot	smoke	groupCompareTrueFirst	compare_member_true_first	10	before	1	2	2	2	2	4	0.495167
default-group-compare-retry/smoke.json	group-compare	default	nonroot	smoke	groupCompareTrueFirst	compare_member_true_first	10	current	1	2	2	2	2	4	0.483835
default-group-compare-retry/smoke.json	group-compare	default	nonroot	smoke	groupCompareTrueFirst	compare_member_true_first	10	openldap	1	2	2	2	2	4	0.24475
default-group-compare-retry/smoke.json	group-compare	default	nonroot	smoke	groupCompareTrueFirst	compare_member_true_first	1000	before	1	2	2	2	2	4	0.30579199999999995
default-group-compare-retry/smoke.json	group-compare	default	nonroot	smoke	groupCompareTrueFirst	compare_member_true_first	1000	current	1	2	2	2	2	4	0.325709
default-group-compare-retry/smoke.json	group-compare	default	nonroot	smoke	groupCompareTrueFirst	compare_member_true_first	1000	openldap	1	2	2	2	2	4	0.274708
default-group-compare-retry/smoke.json	group-compare	default	nonroot	smoke	groupCompareTrueLast	compare_member_true_last	10	before	1	2	2	2	2	4	0.274791
default-group-compare-retry/smoke.json	group-compare	default	nonroot	smoke	groupCompareTrueLast	compare_member_true_last	10	current	1	2	2	2	2	4	0.311043
default-group-compare-retry/smoke.json	group-compare	default	nonroot	smoke	groupCompareTrueLast	compare_member_true_last	10	openldap	1	2	2	2	2	4	0.184292
default-group-compare-retry/smoke.json	group-compare	default	nonroot	smoke	groupCompareTrueLast	compare_member_true_last	1000	before	1	2	2	2	2	4	0.372541
default-group-compare-retry/smoke.json	group-compare	default	nonroot	smoke	groupCompareTrueLast	compare_member_true_last	1000	current	1	2	2	2	2	4	0.423207
default-group-compare-retry/smoke.json	group-compare	default	nonroot	smoke	groupCompareTrueLast	compare_member_true_last	1000	openldap	1	2	2	2	2	4	0.260665
default-group-compare-retry/smoke.json	group-compare	default	nonroot	smoke	groupCompareFalse	compare_member_false_missing	10	before	1	2	2	2	2	4	0.473834
default-group-compare-retry/smoke.json	group-compare	default	nonroot	smoke	groupCompareFalse	compare_member_false_missing	10	current	1	2	2	2	2	4	0.397209
default-group-compare-retry/smoke.json	group-compare	default	nonroot	smoke	groupCompareFalse	compare_member_false_missing	10	openldap	1	2	2	2	2	4	0.301875
default-group-compare-retry/smoke.json	group-compare	default	nonroot	smoke	groupCompareFalse	compare_member_false_missing	1000	before	1	2	2	2	2	4	0.377832
default-group-compare-retry/smoke.json	group-compare	default	nonroot	smoke	groupCompareFalse	compare_member_false_missing	1000	current	1	2	2	2	2	4	0.404917
default-group-compare-retry/smoke.json	group-compare	default	nonroot	smoke	groupCompareFalse	compare_member_false_missing	1000	openldap	1	2	2	2	2	4	0.33566700000000005
