path	suite	access_mode	identity	variant	stage	method	members	endpoint	repeat	operations	completed	requests	latencies	verification_requests	verification_ms
explicit-final/hot.json	common	explicit	nonroot	hot	userBind	simple_bind_ssha	0	before	1	1000	1000	1000	1000	1002	81.33488400000002
explicit-final/hot.json	common	explicit	nonroot	hot	userBind	simple_bind_ssha	0	current	1	1000	1000	1000	1000	1002	83.28842800000002
explicit-final/hot.json	common	explicit	nonroot	hot	userBind	simple_bind_ssha	0	openldap	1	1000	1000	1000	1000	1002	68.38271599999999
explicit-final/hot.json	common	explicit	nonroot	hot	userBind	simple_bind_ssha	0	before	2	1000	1000	1000	1000	1002	83.51313600000006
explicit-final/hot.json	common	explicit	nonroot	hot	userBind	simple_bind_ssha	0	current	2	1000	1000	1000	1000	1002	81.74243100000007
explicit-final/hot.json	common	explicit	nonroot	hot	userBind	simple_bind_ssha	0	openldap	2	1000	1000	1000	1000	1002	69.455847
explicit-final/hot.json	common	explicit	nonroot	hot	userBind	simple_bind_ssha	0	before	3	1000	1000	1000	1000	1002	83.79812500000023
explicit-final/hot.json	common	explicit	nonroot	hot	userBind	simple_bind_ssha	0	current	3	1000	1000	1000	1000	1002	83.2753339999999
explicit-final/hot.json	common	explicit	nonroot	hot	userBind	simple_bind_ssha	0	openldap	3	1000	1000	1000	1000	1002	68.59923800000004
explicit-final/hot.json	common	explicit	nonroot	hot	userBind	simple_bind_plaintext	0	before	1	1000	1000	1000	1000	1002	82.80355599999989
explicit-final/hot.json	common	explicit	nonroot	hot	userBind	simple_bind_plaintext	0	current	1	1000	1000	1000	1000	1002	82.35040099999996
explicit-final/hot.json	common	explicit	nonroot	hot	userBind	simple_bind_plaintext	0	openldap	1	1000	1000	1000	1000	1002	67.6940409999999
explicit-final/hot.json	common	explicit	nonroot	hot	userBind	simple_bind_plaintext	0	before	2	1000	1000	1000	1000	1002	83.87569400000007
explicit-final/hot.json	common	explicit	nonroot	hot	userBind	simple_bind_plaintext	0	current	2	1000	1000	1000	1000	1002	84.45887800000007
explicit-final/hot.json	common	explicit	nonroot	hot	userBind	simple_bind_plaintext	0	openldap	2	1000	1000	1000	1000	1002	68.40516200000003
explicit-final/hot.json	common	explicit	nonroot	hot	userBind	simple_bind_plaintext	0	before	3	1000	1000	1000	1000	1002	83.80516600000014
explicit-final/hot.json	common	explicit	nonroot	hot	userBind	simple_bind_plaintext	0	current	3	1000	1000	1000	1000	1002	83.76839199999999
explicit-final/hot.json	common	explicit	nonroot	hot	userBind	simple_bind_plaintext	0	openldap	3	1000	1000	1000	1000	1002	66.76119400000002
explicit-final/hot.json	common	explicit	nonroot	hot	userBindWrong	simple_bind_ssha	0	before	1	1000	1000	1000	1000	3002	268.82701899999927
explicit-final/hot.json	common	explicit	nonroot	hot	userBindWrong	simple_bind_ssha	0	current	1	1000	1000	1000	1000	3002	269.8737370000004
explicit-final/hot.json	common	explicit	nonroot	hot	userBindWrong	simple_bind_ssha	0	openldap	1	1000	1000	1000	1000	3002	220.86528999999967
explicit-final/hot.json	common	explicit	nonroot	hot	userBindWrong	simple_bind_ssha	0	before	2	1000	1000	1000	1000	3002	255.20511000000002
explicit-final/hot.json	common	explicit	nonroot	hot	userBindWrong	simple_bind_ssha	0	current	2	1000	1000	1000	1000	3002	257.97962199999984
explicit-final/hot.json	common	explicit	nonroot	hot	userBindWrong	simple_bind_ssha	0	openldap	2	1000	1000	1000	1000	3002	211.82217300000016
explicit-final/hot.json	common	explicit	nonroot	hot	userBindWrong	simple_bind_ssha	0	before	3	1000	1000	1000	1000	3002	264.12600099999986
explicit-final/hot.json	common	explicit	nonroot	hot	userBindWrong	simple_bind_ssha	0	current	3	1000	1000	1000	1000	3002	265.4293759999995
explicit-final/hot.json	common	explicit	nonroot	hot	userBindWrong	simple_bind_ssha	0	openldap	3	1000	1000	1000	1000	3002	221.88207200000005
explicit-final/hot.json	common	explicit	nonroot	hot	userBindWrong	simple_bind_plaintext	0	before	1	1000	1000	1000	1000	3002	251.1617559999999
explicit-final/hot.json	common	explicit	nonroot	hot	userBindWrong	simple_bind_plaintext	0	current	1	1000	1000	1000	1000	3002	251.6070640000001
explicit-final/hot.json	common	explicit	nonroot	hot	userBindWrong	simple_bind_plaintext	0	openldap	1	1000	1000	1000	1000	3002	210.04935899999978
explicit-final/hot.json	common	explicit	nonroot	hot	userBindWrong	simple_bind_plaintext	0	before	2	1000	1000	1000	1000	3002	248.81898599999997
explicit-final/hot.json	common	explicit	nonroot	hot	userBindWrong	simple_bind_plaintext	0	current	2	1000	1000	1000	1000	3002	251.44468199999972
explicit-final/hot.json	common	explicit	nonroot	hot	userBindWrong	simple_bind_plaintext	0	openldap	2	1000	1000	1000	1000	3002	209.38855199999983
explicit-final/hot.json	common	explicit	nonroot	hot	userBindWrong	simple_bind_plaintext	0	before	3	1000	1000	1000	1000	3002	245.79734399999938
explicit-final/hot.json	common	explicit	nonroot	hot	userBindWrong	simple_bind_plaintext	0	current	3	1000	1000	1000	1000	3002	244.3606959999999
explicit-final/hot.json	common	explicit	nonroot	hot	userBindWrong	simple_bind_plaintext	0	openldap	3	1000	1000	1000	1000	3002	205.86765699999978
explicit-final/hot.json	common	explicit	nonroot	hot	nonrootBase	search_nonrootBase	0	before	1	1000	1000	1000	1000	1002	78.67228999999993
explicit-final/hot.json	common	explicit	nonroot	hot	nonrootBase	search_nonrootBase	0	current	1	1000	1000	1000	1000	1002	78.670902
explicit-final/hot.json	common	explicit	nonroot	hot	nonrootBase	search_nonrootBase	0	openldap	1	1000	1000	1000	1000	1002	65.95991299999993
explicit-final/hot.json	common	explicit	nonroot	hot	nonrootBase	search_nonrootBase	0	before	2	1000	1000	1000	1000	1002	86.73046299999992
explicit-final/hot.json	common	explicit	nonroot	hot	nonrootBase	search_nonrootBase	0	current	2	1000	1000	1000	1000	1002	87.07432099999994
explicit-final/hot.json	common	explicit	nonroot	hot	nonrootBase	search_nonrootBase	0	openldap	2	1000	1000	1000	1000	1002	70.10846599999992
explicit-final/hot.json	common	explicit	nonroot	hot	nonrootBase	search_nonrootBase	0	before	3	1000	1000	1000	1000	1002	85.24616099999984
explicit-final/hot.json	common	explicit	nonroot	hot	nonrootBase	search_nonrootBase	0	current	3	1000	1000	1000	1000	1002	84.54459499999996
explicit-final/hot.json	common	explicit	nonroot	hot	nonrootBase	search_nonrootBase	0	openldap	3	1000	1000	1000	1000	1002	69.81117199999997
explicit-final/hot.json	common	explicit	nonroot	hot	nonrootEquality	search_nonrootEquality	0	before	1	1000	1000	1000	1000	1002	83.59775199999991
explicit-final/hot.json	common	explicit	nonroot	hot	nonrootEquality	search_nonrootEquality	0	current	1	1000	1000	1000	1000	1002	83.72955900000002
explicit-final/hot.json	common	explicit	nonroot	hot	nonrootEquality	search_nonrootEquality	0	openldap	1	1000	1000	1000	1000	1002	69.82692700000003
explicit-final/hot.json	common	explicit	nonroot	hot	nonrootEquality	search_nonrootEquality	0	before	2	1000	1000	1000	1000	1002	82.98456500000006
explicit-final/hot.json	common	explicit	nonroot	hot	nonrootEquality	search_nonrootEquality	0	current	2	1000	1000	1000	1000	1002	83.51658999999991
explicit-final/hot.json	common	explicit	nonroot	hot	nonrootEquality	search_nonrootEquality	0	openldap	2	1000	1000	1000	1000	1002	69.48979699999998
explicit-final/hot.json	common	explicit	nonroot	hot	nonrootEquality	search_nonrootEquality	0	before	3	1000	1000	1000	1000	1002	82.48188700000007
explicit-final/hot.json	common	explicit	nonroot	hot	nonrootEquality	search_nonrootEquality	0	current	3	1000	1000	1000	1000	1002	84.06165200000001
explicit-final/hot.json	common	explicit	nonroot	hot	nonrootEquality	search_nonrootEquality	0	openldap	3	1000	1000	1000	1000	1002	67.96046000000004
explicit-final/distributed.json	common	explicit	nonroot	distributed	nonrootBase	search_nonrootBase	0	before	1	1000	1000	1000	1000	1002	87.51484400000012
explicit-final/distributed.json	common	explicit	nonroot	distributed	nonrootBase	search_nonrootBase	0	current	1	1000	1000	1000	1000	1002	85.88546800000006
explicit-final/distributed.json	common	explicit	nonroot	distributed	nonrootBase	search_nonrootBase	0	openldap	1	1000	1000	1000	1000	1002	69.81276699999998
explicit-final/distributed.json	common	explicit	nonroot	distributed	nonrootBase	search_nonrootBase	0	before	2	1000	1000	1000	1000	1002	85.62055700000002
explicit-final/distributed.json	common	explicit	nonroot	distributed	nonrootBase	search_nonrootBase	0	current	2	1000	1000	1000	1000	1002	86.45463199999998
explicit-final/distributed.json	common	explicit	nonroot	distributed	nonrootBase	search_nonrootBase	0	openldap	2	1000	1000	1000	1000	1002	69.86118099999996
explicit-final/distributed.json	common	explicit	nonroot	distributed	nonrootBase	search_nonrootBase	0	before	3	1000	1000	1000	1000	1002	86.21459000000006
explicit-final/distributed.json	common	explicit	nonroot	distributed	nonrootBase	search_nonrootBase	0	current	3	1000	1000	1000	1000	1002	84.16883900000012
explicit-final/distributed.json	common	explicit	nonroot	distributed	nonrootBase	search_nonrootBase	0	openldap	3	1000	1000	1000	1000	1002	69.55831500000006
explicit-final/distributed.json	common	explicit	nonroot	distributed	nonrootEquality	search_nonrootEquality	0	before	1	1000	1000	1000	1000	1002	63.63818499999997
explicit-final/distributed.json	common	explicit	nonroot	distributed	nonrootEquality	search_nonrootEquality	0	current	1	1000	1000	1000	1000	1002	64.13796800000009
explicit-final/distributed.json	common	explicit	nonroot	distributed	nonrootEquality	search_nonrootEquality	0	openldap	1	1000	1000	1000	1000	1002	50.535165000000006
explicit-final/distributed.json	common	explicit	nonroot	distributed	nonrootEquality	search_nonrootEquality	0	before	2	1000	1000	1000	1000	1002	84.73619300000007
explicit-final/distributed.json	common	explicit	nonroot	distributed	nonrootEquality	search_nonrootEquality	0	current	2	1000	1000	1000	1000	1002	84.50588900000008
explicit-final/distributed.json	common	explicit	nonroot	distributed	nonrootEquality	search_nonrootEquality	0	openldap	2	1000	1000	1000	1000	1002	69.77974700000007
explicit-final/distributed.json	common	explicit	nonroot	distributed	nonrootEquality	search_nonrootEquality	0	before	3	1000	1000	1000	1000	1002	84.455836
explicit-final/distributed.json	common	explicit	nonroot	distributed	nonrootEquality	search_nonrootEquality	0	current	3	1000	1000	1000	1000	1002	85.238701
explicit-final/distributed.json	common	explicit	nonroot	distributed	nonrootEquality	search_nonrootEquality	0	openldap	3	1000	1000	1000	1000	1002	68.80290800000002
explicit-final/groups.json	common	explicit	nonroot	groups	memberEquality	search_memberEquality	0	before	1	100	100	100	100	102	8.91379
explicit-final/groups.json	common	explicit	nonroot	groups	memberEquality	search_memberEquality	0	current	1	100	100	100	100	102	8.322545999999999
explicit-final/groups.json	common	explicit	nonroot	groups	memberEquality	search_memberEquality	0	openldap	1	100	100	100	100	102	7.033206000000001
explicit-final/groups.json	common	explicit	nonroot	groups	memberEquality	search_memberEquality	0	before	2	100	100	100	100	102	8.330879999999997
explicit-final/groups.json	common	explicit	nonroot	groups	memberEquality	search_memberEquality	0	current	2	100	100	100	100	102	8.777294
explicit-final/groups.json	common	explicit	nonroot	groups	memberEquality	search_memberEquality	0	openldap	2	100	100	100	100	102	7.295127999999998
explicit-final/groups.json	common	explicit	nonroot	groups	memberEquality	search_memberEquality	0	before	3	100	100	100	100	102	8.360216000000005
explicit-final/groups.json	common	explicit	nonroot	groups	memberEquality	search_memberEquality	0	current	3	100	100	100	100	102	8.766584999999997
explicit-final/groups.json	common	explicit	nonroot	groups	memberEquality	search_memberEquality	0	openldap	3	100	100	100	100	102	7.143677000000002
explicit-final/groups.json	common	explicit	nonroot	groups	groupBase	base_member_values	10	before	1	100	100	100	100	102	8.965993000000003
explicit-final/groups.json	common	explicit	nonroot	groups	groupBase	base_member_values	10	current	1	100	100	100	100	102	9.200002000000001
explicit-final/groups.json	common	explicit	nonroot	groups	groupBase	base_member_values	10	openldap	1	100	100	100	100	102	8.842379
explicit-final/groups.json	common	explicit	nonroot	groups	groupBase	base_member_values	10	before	2	100	100	100	100	102	9.517834
explicit-final/groups.json	common	explicit	nonroot	groups	groupBase	base_member_values	10	current	2	100	100	100	100	102	9.384374
explicit-final/groups.json	common	explicit	nonroot	groups	groupBase	base_member_values	10	openldap	2	100	100	100	100	102	7.818324999999998
explicit-final/groups.json	common	explicit	nonroot	groups	groupBase	base_member_values	10	before	3	100	100	100	100	102	8.640789000000003
explicit-final/groups.json	common	explicit	nonroot	groups	groupBase	base_member_values	10	current	3	100	100	100	100	102	8.878458
explicit-final/groups.json	common	explicit	nonroot	groups	groupBase	base_member_values	10	openldap	3	100	100	100	100	102	7.430208
explicit-final/groups.json	common	explicit	nonroot	groups	groupBase	base_member_values	1000	before	1	100	100	100	100	102	19.188997999999998
explicit-final/groups.json	common	explicit	nonroot	groups	groupBase	base_member_values	1000	current	1	100	100	100	100	102	23.803219000000006
explicit-final/groups.json	common	explicit	nonroot	groups	groupBase	base_member_values	1000	openldap	1	100	100	100	100	102	19.571998
explicit-final/groups.json	common	explicit	nonroot	groups	groupBase	base_member_values	1000	before	2	100	100	100	100	102	23.574842000000007
explicit-final/groups.json	common	explicit	nonroot	groups	groupBase	base_member_values	1000	current	2	100	100	100	100	102	24.09841400000001
explicit-final/groups.json	common	explicit	nonroot	groups	groupBase	base_member_values	1000	openldap	2	100	100	100	100	102	22.847256
explicit-final/groups.json	common	explicit	nonroot	groups	groupBase	base_member_values	1000	before	3	100	100	100	100	102	24.017538999999992
explicit-final/groups.json	common	explicit	nonroot	groups	groupBase	base_member_values	1000	current	3	100	100	100	100	102	23.025255
explicit-final/groups.json	common	explicit	nonroot	groups	groupBase	base_member_values	1000	openldap	3	100	100	100	100	102	22.128458999999996
explicit-final/groups.json	common	explicit	nonroot	groups	nestedMembership	client_bfs_member_equality	0	before	1	100	100	417	100	419	35.46278700000001
explicit-final/groups.json	common	explicit	nonroot	groups	nestedMembership	client_bfs_member_equality	0	current	1	100	100	417	100	419	35.398923000000025
explicit-final/groups.json	common	explicit	nonroot	groups	nestedMembership	client_bfs_member_equality	0	openldap	1	100	100	417	100	419	30.110042000000004
explicit-final/groups.json	common	explicit	nonroot	groups	nestedMembership	client_bfs_member_equality	0	before	2	100	100	417	100	419	33.81024699999999
explicit-final/groups.json	common	explicit	nonroot	groups	nestedMembership	client_bfs_member_equality	0	current	2	100	100	417	100	419	33.67008899999998
explicit-final/groups.json	common	explicit	nonroot	groups	nestedMembership	client_bfs_member_equality	0	openldap	2	100	100	417	100	419	27.521049000000012
explicit-final/groups.json	common	explicit	nonroot	groups	nestedMembership	client_bfs_member_equality	0	before	3	100	100	417	100	419	33.045872999999986
explicit-final/groups.json	common	explicit	nonroot	groups	nestedMembership	client_bfs_member_equality	0	current	3	100	100	417	100	419	33.988241000000016
explicit-final/groups.json	common	explicit	nonroot	groups	nestedMembership	client_bfs_member_equality	0	openldap	3	100	100	417	100	419	27.152181000000017
explicit-final/smoke.json	common	explicit	nonroot	smoke	userBind	simple_bind_ssha	0	before	1	2	2	2	2	4	0.535083
explicit-final/smoke.json	common	explicit	nonroot	smoke	userBind	simple_bind_ssha	0	current	1	2	2	2	2	4	0.473583
explicit-final/smoke.json	common	explicit	nonroot	smoke	userBind	simple_bind_ssha	0	openldap	1	2	2	2	2	4	0.316958
explicit-final/smoke.json	common	explicit	nonroot	smoke	userBind	simple_bind_plaintext	0	before	1	2	2	2	2	4	0.42033400000000004
explicit-final/smoke.json	common	explicit	nonroot	smoke	userBind	simple_bind_plaintext	0	current	1	2	2	2	2	4	0.399084
explicit-final/smoke.json	common	explicit	nonroot	smoke	userBind	simple_bind_plaintext	0	openldap	1	2	2	2	2	4	0.26904
explicit-final/smoke.json	common	explicit	nonroot	smoke	userBindWrong	simple_bind_ssha	0	before	1	2	2	2	2	8	0.678166
explicit-final/smoke.json	common	explicit	nonroot	smoke	userBindWrong	simple_bind_ssha	0	current	1	2	2	2	2	8	0.651375
explicit-final/smoke.json	common	explicit	nonroot	smoke	userBindWrong	simple_bind_ssha	0	openldap	1	2	2	2	2	8	0.595998
explicit-final/smoke.json	common	explicit	nonroot	smoke	userBindWrong	simple_bind_plaintext	0	before	1	2	2	2	2	8	0.6705009999999999
explicit-final/smoke.json	common	explicit	nonroot	smoke	userBindWrong	simple_bind_plaintext	0	current	1	2	2	2	2	8	0.679666
explicit-final/smoke.json	common	explicit	nonroot	smoke	userBindWrong	simple_bind_plaintext	0	openldap	1	2	2	2	2	8	0.540874
explicit-final/smoke.json	common	explicit	nonroot	smoke	nonrootBase	search_nonrootBase	0	before	1	2	2	2	2	4	0.3835
explicit-final/smoke.json	common	explicit	nonroot	smoke	nonrootBase	search_nonrootBase	0	current	1	2	2	2	2	4	0.373042
explicit-final/smoke.json	common	explicit	nonroot	smoke	nonrootBase	search_nonrootBase	0	openldap	1	2	2	2	2	4	0.315249
explicit-final/smoke.json	common	explicit	nonroot	smoke	nonrootEquality	search_nonrootEquality	0	before	1	2	2	2	2	4	0.282082
explicit-final/smoke.json	common	explicit	nonroot	smoke	nonrootEquality	search_nonrootEquality	0	current	1	2	2	2	2	4	0.294751
explicit-final/smoke.json	common	explicit	nonroot	smoke	nonrootEquality	search_nonrootEquality	0	openldap	1	2	2	2	2	4	0.276458
explicit-final/smoke.json	common	explicit	nonroot	smoke	memberEquality	search_memberEquality	0	before	1	2	2	2	2	4	0.258625
explicit-final/smoke.json	common	explicit	nonroot	smoke	memberEquality	search_memberEquality	0	current	1	2	2	2	2	4	0.280584
explicit-final/smoke.json	common	explicit	nonroot	smoke	memberEquality	search_memberEquality	0	openldap	1	2	2	2	2	4	0.242791
explicit-final/smoke.json	common	explicit	nonroot	smoke	groupBase	base_member_values	10	before	1	2	2	2	2	4	0.295625
explicit-final/smoke.json	common	explicit	nonroot	smoke	groupBase	base_member_values	10	current	1	2	2	2	2	4	0.321376
explicit-final/smoke.json	common	explicit	nonroot	smoke	groupBase	base_member_values	10	openldap	1	2	2	2	2	4	0.23483200000000004
explicit-final/smoke.json	common	explicit	nonroot	smoke	groupBase	base_member_values	1000	before	1	2	2	2	2	4	0.370332
explicit-final/smoke.json	common	explicit	nonroot	smoke	groupBase	base_member_values	1000	current	1	2	2	2	2	4	0.454208
explicit-final/smoke.json	common	explicit	nonroot	smoke	groupBase	base_member_values	1000	openldap	1	2	2	2	2	4	0.368041
explicit-final/smoke.json	common	explicit	nonroot	smoke	nestedMembership	client_bfs_member_equality	0	before	1	2	2	12	2	14	1.3445820000000002
explicit-final/smoke.json	common	explicit	nonroot	smoke	nestedMembership	client_bfs_member_equality	0	current	1	2	2	12	2	14	1.5665029999999998
explicit-final/smoke.json	common	explicit	nonroot	smoke	nestedMembership	client_bfs_member_equality	0	openldap	1	2	2	12	2	14	1.044833
default-final/hot.json	common	default	nonroot	hot	userBind	simple_bind_ssha	0	before	1	1000	1000	1000	1000	1002	81.67290800000004
default-final/hot.json	common	default	nonroot	hot	userBind	simple_bind_ssha	0	current	1	1000	1000	1000	1000	1002	82.51969099999997
default-final/hot.json	common	default	nonroot	hot	userBind	simple_bind_ssha	0	openldap	1	1000	1000	1000	1000	1002	70.25946000000005
default-final/hot.json	common	default	nonroot	hot	userBind	simple_bind_ssha	0	before	2	1000	1000	1000	1000	1002	77.02632399999997
default-final/hot.json	common	default	nonroot	hot	userBind	simple_bind_ssha	0	current	2	1000	1000	1000	1000	1002	79.27635499999997
default-final/hot.json	common	default	nonroot	hot	userBind	simple_bind_ssha	0	openldap	2	1000	1000	1000	1000	1002	65.98232799999998
default-final/hot.json	common	default	nonroot	hot	userBind	simple_bind_ssha	0	before	3	1000	1000	1000	1000	1002	77.48157599999996
default-final/hot.json	common	default	nonroot	hot	userBind	simple_bind_ssha	0	current	3	1000	1000	1000	1000	1002	77.92817600000005
default-final/hot.json	common	default	nonroot	hot	userBind	simple_bind_ssha	0	openldap	3	1000	1000	1000	1000	1002	64.576957
default-final/hot.json	common	default	nonroot	hot	userBind	simple_bind_plaintext	0	before	1	1000	1000	1000	1000	1002	89.63786300000007
default-final/hot.json	common	default	nonroot	hot	userBind	simple_bind_plaintext	0	current	1	1000	1000	1000	1000	1002	92.0162880000002
default-final/hot.json	common	default	nonroot	hot	userBind	simple_bind_plaintext	0	openldap	1	1000	1000	1000	1000	1002	75.92101200000005
default-final/hot.json	common	default	nonroot	hot	userBind	simple_bind_plaintext	0	before	2	1000	1000	1000	1000	1002	83.54317400000012
default-final/hot.json	common	default	nonroot	hot	userBind	simple_bind_plaintext	0	current	2	1000	1000	1000	1000	1002	83.26024999999993
default-final/hot.json	common	default	nonroot	hot	userBind	simple_bind_plaintext	0	openldap	2	1000	1000	1000	1000	1002	68.51242199999996
default-final/hot.json	common	default	nonroot	hot	userBind	simple_bind_plaintext	0	before	3	1000	1000	1000	1000	1002	83.10210799999997
default-final/hot.json	common	default	nonroot	hot	userBind	simple_bind_plaintext	0	current	3	1000	1000	1000	1000	1002	85.01646399999998
default-final/hot.json	common	default	nonroot	hot	userBind	simple_bind_plaintext	0	openldap	3	1000	1000	1000	1000	1002	68.79613199999996
default-final/hot.json	common	default	nonroot	hot	userBindWrong	simple_bind_ssha	0	before	1	1000	1000	1000	1000	3002	253.54359699999955
default-final/hot.json	common	default	nonroot	hot	userBindWrong	simple_bind_ssha	0	current	1	1000	1000	1000	1000	3002	254.76031200000043
default-final/hot.json	common	default	nonroot	hot	userBindWrong	simple_bind_ssha	0	openldap	1	1000	1000	1000	1000	3002	211.28580200000005
default-final/hot.json	common	default	nonroot	hot	userBindWrong	simple_bind_ssha	0	before	2	1000	1000	1000	1000	3002	248.26914400000038
default-final/hot.json	common	default	nonroot	hot	userBindWrong	simple_bind_ssha	0	current	2	1000	1000	1000	1000	3002	255.2490089999998
default-final/hot.json	common	default	nonroot	hot	userBindWrong	simple_bind_ssha	0	openldap	2	1000	1000	1000	1000	3002	208.6198590000001
default-final/hot.json	common	default	nonroot	hot	userBindWrong	simple_bind_ssha	0	before	3	1000	1000	1000	1000	3002	245.90700100000018
default-final/hot.json	common	default	nonroot	hot	userBindWrong	simple_bind_ssha	0	current	3	1000	1000	1000	1000	3002	245.79123000000024
default-final/hot.json	common	default	nonroot	hot	userBindWrong	simple_bind_ssha	0	openldap	3	1000	1000	1000	1000	3002	205.46737700000057
default-final/hot.json	common	default	nonroot	hot	userBindWrong	simple_bind_plaintext	0	before	1	1000	1000	1000	1000	3002	246.23774699999996
default-final/hot.json	common	default	nonroot	hot	userBindWrong	simple_bind_plaintext	0	current	1	1000	1000	1000	1000	3002	247.66170999999994
default-final/hot.json	common	default	nonroot	hot	userBindWrong	simple_bind_plaintext	0	openldap	1	1000	1000	1000	1000	3002	208.8768679999997
default-final/hot.json	common	default	nonroot	hot	userBindWrong	simple_bind_plaintext	0	before	2	1000	1000	1000	1000	3002	250.79253200000107
default-final/hot.json	common	default	nonroot	hot	userBindWrong	simple_bind_plaintext	0	current	2	1000	1000	1000	1000	3002	250.59705000000037
default-final/hot.json	common	default	nonroot	hot	userBindWrong	simple_bind_plaintext	0	openldap	2	1000	1000	1000	1000	3002	208.9827489999999
default-final/hot.json	common	default	nonroot	hot	userBindWrong	simple_bind_plaintext	0	before	3	1000	1000	1000	1000	3002	236.05170000000035
default-final/hot.json	common	default	nonroot	hot	userBindWrong	simple_bind_plaintext	0	current	3	1000	1000	1000	1000	3002	236.21924599999994
default-final/hot.json	common	default	nonroot	hot	userBindWrong	simple_bind_plaintext	0	openldap	3	1000	1000	1000	1000	3002	200.7960159999999
default-final/hot.json	common	default	nonroot	hot	nonrootBase	search_nonrootBase	0	before	1	1000	1000	1000	1000	1002	79.2048160000001
default-final/hot.json	common	default	nonroot	hot	nonrootBase	search_nonrootBase	0	current	1	1000	1000	1000	1000	1002	79.784403
default-final/hot.json	common	default	nonroot	hot	nonrootBase	search_nonrootBase	0	openldap	1	1000	1000	1000	1000	1002	65.97665299999998
default-final/hot.json	common	default	nonroot	hot	nonrootBase	search_nonrootBase	0	before	2	1000	1000	1000	1000	1002	82.13363099999985
default-final/hot.json	common	default	nonroot	hot	nonrootBase	search_nonrootBase	0	current	2	1000	1000	1000	1000	1002	83.00533500000012
default-final/hot.json	common	default	nonroot	hot	nonrootBase	search_nonrootBase	0	openldap	2	1000	1000	1000	1000	1002	67.21243999999996
default-final/hot.json	common	default	nonroot	hot	nonrootBase	search_nonrootBase	0	before	3	1000	1000	1000	1000	1002	87.50305400000002
default-final/hot.json	common	default	nonroot	hot	nonrootBase	search_nonrootBase	0	current	3	1000	1000	1000	1000	1002	82.14920700000015
default-final/hot.json	common	default	nonroot	hot	nonrootBase	search_nonrootBase	0	openldap	3	1000	1000	1000	1000	1002	66.56602400000001
default-final/hot.json	common	default	nonroot	hot	nonrootEquality	search_nonrootEquality	0	before	1	1000	1000	1000	1000	1002	132.53271500000002
default-final/hot.json	common	default	nonroot	hot	nonrootEquality	search_nonrootEquality	0	current	1	1000	1000	1000	1000	1002	104.19746399999994
default-final/hot.json	common	default	nonroot	hot	nonrootEquality	search_nonrootEquality	0	openldap	1	1000	1000	1000	1000	1002	94.85887199999996
default-final/hot.json	common	default	nonroot	hot	nonrootEquality	search_nonrootEquality	0	before	2	1000	1000	1000	1000	1002	95.60590699999995
default-final/hot.json	common	default	nonroot	hot	nonrootEquality	search_nonrootEquality	0	current	2	1000	1000	1000	1000	1002	91.87667500000013
default-final/hot.json	common	default	nonroot	hot	nonrootEquality	search_nonrootEquality	0	openldap	2	1000	1000	1000	1000	1002	72.28450600000002
default-final/hot.json	common	default	nonroot	hot	nonrootEquality	search_nonrootEquality	0	before	3	1000	1000	1000	1000	1002	86.32232600000005
default-final/hot.json	common	default	nonroot	hot	nonrootEquality	search_nonrootEquality	0	current	3	1000	1000	1000	1000	1002	86.51275000000008
default-final/hot.json	common	default	nonroot	hot	nonrootEquality	search_nonrootEquality	0	openldap	3	1000	1000	1000	1000	1002	69.85571999999999
default-final/distributed.json	common	default	nonroot	distributed	nonrootBase	search_nonrootBase	0	before	1	1000	1000	1000	1000	1002	86.95040599999997
default-final/distributed.json	common	default	nonroot	distributed	nonrootBase	search_nonrootBase	0	current	1	1000	1000	1000	1000	1002	85.79357200000007
default-final/distributed.json	common	default	nonroot	distributed	nonrootBase	search_nonrootBase	0	openldap	1	1000	1000	1000	1000	1002	69.53316299999996
default-final/distributed.json	common	default	nonroot	distributed	nonrootBase	search_nonrootBase	0	before	2	1000	1000	1000	1000	1002	89.29883699999996
default-final/distributed.json	common	default	nonroot	distributed	nonrootBase	search_nonrootBase	0	current	2	1000	1000	1000	1000	1002	86.50959400000008
default-final/distributed.json	common	default	nonroot	distributed	nonrootBase	search_nonrootBase	0	openldap	2	1000	1000	1000	1000	1002	73.165259
default-final/distributed.json	common	default	nonroot	distributed	nonrootBase	search_nonrootBase	0	before	3	1000	1000	1000	1000	1002	89.77001000000014
default-final/distributed.json	common	default	nonroot	distributed	nonrootBase	search_nonrootBase	0	current	3	1000	1000	1000	1000	1002	86.56314499999995
default-final/distributed.json	common	default	nonroot	distributed	nonrootBase	search_nonrootBase	0	openldap	3	1000	1000	1000	1000	1002	71.38954199999999
default-final/distributed.json	common	default	nonroot	distributed	nonrootEquality	search_nonrootEquality	0	before	1	1000	1000	1000	1000	1002	66.96310500000011
default-final/distributed.json	common	default	nonroot	distributed	nonrootEquality	search_nonrootEquality	0	current	1	1000	1000	1000	1000	1002	66.30987299999994
default-final/distributed.json	common	default	nonroot	distributed	nonrootEquality	search_nonrootEquality	0	openldap	1	1000	1000	1000	1000	1002	52.03310999999995
default-final/distributed.json	common	default	nonroot	distributed	nonrootEquality	search_nonrootEquality	0	before	2	1000	1000	1000	1000	1002	81.94481299999994
default-final/distributed.json	common	default	nonroot	distributed	nonrootEquality	search_nonrootEquality	0	current	2	1000	1000	1000	1000	1002	84.13371800000004
default-final/distributed.json	common	default	nonroot	distributed	nonrootEquality	search_nonrootEquality	0	openldap	2	1000	1000	1000	1000	1002	69.31612699999995
default-final/distributed.json	common	default	nonroot	distributed	nonrootEquality	search_nonrootEquality	0	before	3	1000	1000	1000	1000	1002	84.03997800000006
default-final/distributed.json	common	default	nonroot	distributed	nonrootEquality	search_nonrootEquality	0	current	3	1000	1000	1000	1000	1002	84.21710300000015
default-final/distributed.json	common	default	nonroot	distributed	nonrootEquality	search_nonrootEquality	0	openldap	3	1000	1000	1000	1000	1002	67.50285499999997
default-final/groups.json	common	default	nonroot	groups	memberEquality	search_memberEquality	0	before	1	100	100	100	100	102	9.371199000000002
default-final/groups.json	common	default	nonroot	groups	memberEquality	search_memberEquality	0	current	1	100	100	100	100	102	8.861205999999997
default-final/groups.json	common	default	nonroot	groups	memberEquality	search_memberEquality	0	openldap	1	100	100	100	100	102	7.059543999999998
default-final/groups.json	common	default	nonroot	groups	memberEquality	search_memberEquality	0	before	2	100	100	100	100	102	8.657002
default-final/groups.json	common	default	nonroot	groups	memberEquality	search_memberEquality	0	current	2	100	100	100	100	102	8.563915999999999
default-final/groups.json	common	default	nonroot	groups	memberEquality	search_memberEquality	0	openldap	2	100	100	100	100	102	7.528875
default-final/groups.json	common	default	nonroot	groups	memberEquality	search_memberEquality	0	before	3	100	100	100	100	102	8.720248999999997
default-final/groups.json	common	default	nonroot	groups	memberEquality	search_memberEquality	0	current	3	100	100	100	100	102	8.562835000000002
default-final/groups.json	common	default	nonroot	groups	memberEquality	search_memberEquality	0	openldap	3	100	100	100	100	102	7.164375
default-final/groups.json	common	default	nonroot	groups	groupBase	base_member_values	10	before	1	100	100	100	100	102	8.383622000000003
default-final/groups.json	common	default	nonroot	groups	groupBase	base_member_values	10	current	1	100	100	100	100	102	8.352207999999997
default-final/groups.json	common	default	nonroot	groups	groupBase	base_member_values	10	openldap	1	100	100	100	100	102	7.022621999999999
default-final/groups.json	common	default	nonroot	groups	groupBase	base_member_values	10	before	2	100	100	100	100	102	8.715419000000002
default-final/groups.json	common	default	nonroot	groups	groupBase	base_member_values	10	current	2	100	100	100	100	102	8.423205999999999
default-final/groups.json	common	default	nonroot	groups	groupBase	base_member_values	10	openldap	2	100	100	100	100	102	7.195919000000001
default-final/groups.json	common	default	nonroot	groups	groupBase	base_member_values	10	before	3	100	100	100	100	102	8.613622000000001
default-final/groups.json	common	default	nonroot	groups	groupBase	base_member_values	10	current	3	100	100	100	100	102	8.043173999999997
default-final/groups.json	common	default	nonroot	groups	groupBase	base_member_values	10	openldap	3	100	100	100	100	102	6.621373999999999
default-final/groups.json	common	default	nonroot	groups	groupBase	base_member_values	1000	before	1	100	100	100	100	102	24.488917
default-final/groups.json	common	default	nonroot	groups	groupBase	base_member_values	1000	current	1	100	100	100	100	102	27.772828000000004
default-final/groups.json	common	default	nonroot	groups	groupBase	base_member_values	1000	openldap	1	100	100	100	100	102	24.24182700000001
default-final/groups.json	common	default	nonroot	groups	groupBase	base_member_values	1000	before	2	100	100	100	100	102	25.86154199999999
default-final/groups.json	common	default	nonroot	groups	groupBase	base_member_values	1000	current	2	100	100	100	100	102	26.83829099999999
default-final/groups.json	common	default	nonroot	groups	groupBase	base_member_values	1000	openldap	2	100	100	100	100	102	25.186956000000013
default-final/groups.json	common	default	nonroot	groups	groupBase	base_member_values	1000	before	3	100	100	100	100	102	25.275122999999997
default-final/groups.json	common	default	nonroot	groups	groupBase	base_member_values	1000	current	3	100	100	100	100	102	25.622751000000004
default-final/groups.json	common	default	nonroot	groups	groupBase	base_member_values	1000	openldap	3	100	100	100	100	102	24.016706000000013
default-final/groups.json	common	default	nonroot	groups	nestedMembership	client_bfs_member_equality	0	before	1	100	100	417	100	419	37.90150100000001
default-final/groups.json	common	default	nonroot	groups	nestedMembership	client_bfs_member_equality	0	current	1	100	100	417	100	419	37.850562000000025
default-final/groups.json	common	default	nonroot	groups	nestedMembership	client_bfs_member_equality	0	openldap	1	100	100	417	100	419	30.069233999999998
default-final/groups.json	common	default	nonroot	groups	nestedMembership	client_bfs_member_equality	0	before	2	100	100	417	100	419	36.42769499999998
default-final/groups.json	common	default	nonroot	groups	nestedMembership	client_bfs_member_equality	0	current	2	100	100	417	100	419	36.430123000000044
default-final/groups.json	common	default	nonroot	groups	nestedMembership	client_bfs_member_equality	0	openldap	2	100	100	417	100	419	30.035461999999995
default-final/groups.json	common	default	nonroot	groups	nestedMembership	client_bfs_member_equality	0	before	3	100	100	417	100	419	36.24709400000001
default-final/groups.json	common	default	nonroot	groups	nestedMembership	client_bfs_member_equality	0	current	3	100	100	417	100	419	35.732456000000035
default-final/groups.json	common	default	nonroot	groups	nestedMembership	client_bfs_member_equality	0	openldap	3	100	100	417	100	419	29.218541000000023
default-final/smoke.json	common	default	nonroot	smoke	userBind	simple_bind_ssha	0	before	1	2	2	2	2	4	0.496875
default-final/smoke.json	common	default	nonroot	smoke	userBind	simple_bind_ssha	0	current	1	2	2	2	2	4	0.46791599999999994
default-final/smoke.json	common	default	nonroot	smoke	userBind	simple_bind_ssha	0	openldap	1	2	2	2	2	4	0.281082
default-final/smoke.json	common	default	nonroot	smoke	userBind	simple_bind_plaintext	0	before	1	2	2	2	2	4	0.33420700000000003
default-final/smoke.json	common	default	nonroot	smoke	userBind	simple_bind_plaintext	0	current	1	2	2	2	2	4	0.334
default-final/smoke.json	common	default	nonroot	smoke	userBind	simple_bind_plaintext	0	openldap	1	2	2	2	2	4	0.256709
default-final/smoke.json	common	default	nonroot	smoke	userBindWrong	simple_bind_ssha	0	before	1	2	2	2	2	8	0.766166
default-final/smoke.json	common	default	nonroot	smoke	userBindWrong	simple_bind_ssha	0	current	1	2	2	2	2	8	0.7883739999999999
default-final/smoke.json	common	default	nonroot	smoke	userBindWrong	simple_bind_ssha	0	openldap	1	2	2	2	2	8	0.537167
default-final/smoke.json	common	default	nonroot	smoke	userBindWrong	simple_bind_plaintext	0	before	1	2	2	2	2	8	0.759292
default-final/smoke.json	common	default	nonroot	smoke	userBindWrong	simple_bind_plaintext	0	current	1	2	2	2	2	8	0.7887060000000001
default-final/smoke.json	common	default	nonroot	smoke	userBindWrong	simple_bind_plaintext	0	openldap	1	2	2	2	2	8	0.584458
default-final/smoke.json	common	default	nonroot	smoke	nonrootBase	search_nonrootBase	0	before	1	2	2	2	2	4	0.326083
default-final/smoke.json	common	default	nonroot	smoke	nonrootBase	search_nonrootBase	0	current	1	2	2	2	2	4	0.3395
default-final/smoke.json	common	default	nonroot	smoke	nonrootBase	search_nonrootBase	0	openldap	1	2	2	2	2	4	0.29454199999999997
default-final/smoke.json	common	default	nonroot	smoke	nonrootEquality	search_nonrootEquality	0	before	1	2	2	2	2	4	0.24675000000000002
default-final/smoke.json	common	default	nonroot	smoke	nonrootEquality	search_nonrootEquality	0	current	1	2	2	2	2	4	0.37991700000000006
default-final/smoke.json	common	default	nonroot	smoke	nonrootEquality	search_nonrootEquality	0	openldap	1	2	2	2	2	4	0.256167
default-final/smoke.json	common	default	nonroot	smoke	memberEquality	search_memberEquality	0	before	1	2	2	2	2	4	0.28625
default-final/smoke.json	common	default	nonroot	smoke	memberEquality	search_memberEquality	0	current	1	2	2	2	2	4	0.32970900000000003
default-final/smoke.json	common	default	nonroot	smoke	memberEquality	search_memberEquality	0	openldap	1	2	2	2	2	4	0.239875
default-final/smoke.json	common	default	nonroot	smoke	groupBase	base_member_values	10	before	1	2	2	2	2	4	0.27125
default-final/smoke.json	common	default	nonroot	smoke	groupBase	base_member_values	10	current	1	2	2	2	2	4	0.39196
default-final/smoke.json	common	default	nonroot	smoke	groupBase	base_member_values	10	openldap	1	2	2	2	2	4	0.22133399999999998
default-final/smoke.json	common	default	nonroot	smoke	groupBase	base_member_values	1000	before	1	2	2	2	2	4	0.43816700000000003
default-final/smoke.json	common	default	nonroot	smoke	groupBase	base_member_values	1000	current	1	2	2	2	2	4	0.522918
default-final/smoke.json	common	default	nonroot	smoke	groupBase	base_member_values	1000	openldap	1	2	2	2	2	4	0.33983199999999997
default-final/smoke.json	common	default	nonroot	smoke	nestedMembership	client_bfs_member_equality	0	before	1	2	2	12	2	14	1.424292
default-final/smoke.json	common	default	nonroot	smoke	nestedMembership	client_bfs_member_equality	0	current	1	2	2	12	2	14	1.4068349999999998
default-final/smoke.json	common	default	nonroot	smoke	nestedMembership	client_bfs_member_equality	0	openldap	1	2	2	12	2	14	1.0370819999999998
root-paired/literal.json	root	default	root	literal	rootBind	simple_bind_root	0	before	1	1000	1000	1000	1000	1002	191.2114839999999
root-paired/literal.json	root	default	root	literal	rootBind	simple_bind_root	0	current	1	1000	1000	1000	1000	1002	181.29896999999988
root-paired/literal.json	root	default	root	literal	rootBind	simple_bind_root	0	openldap	1	1000	1000	1000	1000	1002	189.85359499999998
root-paired/literal.json	root	default	root	literal	rootBind	simple_bind_root	0	before	2	1000	1000	1000	1000	1002	96.82664600000008
root-paired/literal.json	root	default	root	literal	rootBind	simple_bind_root	0	current	2	1000	1000	1000	1000	1002	98.10030100000013
root-paired/literal.json	root	default	root	literal	rootBind	simple_bind_root	0	openldap	2	1000	1000	1000	1000	1002	78.95004700000011
root-paired/literal.json	root	default	root	literal	rootBind	simple_bind_root	0	before	3	1000	1000	1000	1000	1002	76.60579700000008
root-paired/literal.json	root	default	root	literal	rootBind	simple_bind_root	0	current	3	1000	1000	1000	1000	1002	76.1536679999999
root-paired/literal.json	root	default	root	literal	rootBind	simple_bind_root	0	openldap	3	1000	1000	1000	1000	1002	60.935835000000004
root-paired/literal.json	root	default	root	literal	rootBind	simple_bind_root	0	before	4	1000	1000	1000	1000	1002	74.15794000000008
root-paired/literal.json	root	default	root	literal	rootBind	simple_bind_root	0	current	4	1000	1000	1000	1000	1002	77.73836499999993
root-paired/literal.json	root	default	root	literal	rootBind	simple_bind_root	0	openldap	4	1000	1000	1000	1000	1002	59.70236100000005
root-paired/literal.json	root	default	root	literal	rootBind	simple_bind_root	0	before	5	1000	1000	1000	1000	1002	93.93862499999992
root-paired/literal.json	root	default	root	literal	rootBind	simple_bind_root	0	current	5	1000	1000	1000	1000	1002	88.87317099999983
root-paired/literal.json	root	default	root	literal	rootBind	simple_bind_root	0	openldap	5	1000	1000	1000	1000	1002	71.40903899999991
root-paired/literal.json	root	default	root	literal	rootBind	simple_bind_root	0	before	6	1000	1000	1000	1000	1002	73.31501899999994
root-paired/literal.json	root	default	root	literal	rootBind	simple_bind_root	0	current	6	1000	1000	1000	1000	1002	72.97071899999996
root-paired/literal.json	root	default	root	literal	rootBind	simple_bind_root	0	openldap	6	1000	1000	1000	1000	1002	56.79329600000003
root-paired/literal.json	root	default	root	literal	rootBind	simple_bind_root	0	before	7	1000	1000	1000	1000	1002	72.21564800000012
root-paired/literal.json	root	default	root	literal	rootBind	simple_bind_root	0	current	7	1000	1000	1000	1000	1002	72.58777699999999
root-paired/literal.json	root	default	root	literal	rootBind	simple_bind_root	0	openldap	7	1000	1000	1000	1000	1002	59.61064099999995
root-paired/literal.json	root	default	root	literal	rootBase	base_objectclass_root	0	before	1	1000	1000	1000	1000	1002	74.11405500000006
root-paired/literal.json	root	default	root	literal	rootBase	base_objectclass_root	0	current	1	1000	1000	1000	1000	1002	74.03673599999995
root-paired/literal.json	root	default	root	literal	rootBase	base_objectclass_root	0	openldap	1	1000	1000	1000	1000	1002	59.08977800000003
root-paired/literal.json	root	default	root	literal	rootBase	base_objectclass_root	0	before	2	1000	1000	1000	1000	1002	78.53016200000003
root-paired/literal.json	root	default	root	literal	rootBase	base_objectclass_root	0	current	2	1000	1000	1000	1000	1002	76.64463800000001
root-paired/literal.json	root	default	root	literal	rootBase	base_objectclass_root	0	openldap	2	1000	1000	1000	1000	1002	64.94754999999995
root-paired/literal.json	root	default	root	literal	rootBase	base_objectclass_root	0	before	3	1000	1000	1000	1000	1002	77.032519
root-paired/literal.json	root	default	root	literal	rootBase	base_objectclass_root	0	current	3	1000	1000	1000	1000	1002	77.88716600000006
root-paired/literal.json	root	default	root	literal	rootBase	base_objectclass_root	0	openldap	3	1000	1000	1000	1000	1002	65.55636000000001
root-paired/literal.json	root	default	root	literal	rootBase	base_objectclass_root	0	before	4	1000	1000	1000	1000	1002	76.83134899999992
root-paired/literal.json	root	default	root	literal	rootBase	base_objectclass_root	0	current	4	1000	1000	1000	1000	1002	79.22655199999991
root-paired/literal.json	root	default	root	literal	rootBase	base_objectclass_root	0	openldap	4	1000	1000	1000	1000	1002	64.96625500000002
root-paired/literal.json	root	default	root	literal	rootBase	base_objectclass_root	0	before	5	1000	1000	1000	1000	1002	77.46442599999992
root-paired/literal.json	root	default	root	literal	rootBase	base_objectclass_root	0	current	5	1000	1000	1000	1000	1002	77.63208299999997
root-paired/literal.json	root	default	root	literal	rootBase	base_objectclass_root	0	openldap	5	1000	1000	1000	1000	1002	66.4065089999999
root-paired/literal.json	root	default	root	literal	rootBase	base_objectclass_root	0	before	6	1000	1000	1000	1000	1002	80.24841999999997
root-paired/literal.json	root	default	root	literal	rootBase	base_objectclass_root	0	current	6	1000	1000	1000	1000	1002	80.35990799999988
root-paired/literal.json	root	default	root	literal	rootBase	base_objectclass_root	0	openldap	6	1000	1000	1000	1000	1002	67.02960000000006
root-paired/literal.json	root	default	root	literal	rootBase	base_objectclass_root	0	before	7	1000	1000	1000	1000	1002	75.94858899999991
root-paired/literal.json	root	default	root	literal	rootBase	base_objectclass_root	0	current	7	1000	1000	1000	1000	1002	77.19085599999994
root-paired/literal.json	root	default	root	literal	rootBase	base_objectclass_root	0	openldap	7	1000	1000	1000	1000	1002	64.738487
root-paired/literal.json	root	default	root	literal	rootEquality	subtree_uid_equality_root	0	before	1	1000	1000	1000	1000	1002	62.73650100000003
root-paired/literal.json	root	default	root	literal	rootEquality	subtree_uid_equality_root	0	current	1	1000	1000	1000	1000	1002	65.70904199999998
root-paired/literal.json	root	default	root	literal	rootEquality	subtree_uid_equality_root	0	openldap	1	1000	1000	1000	1000	1002	51.5734939999999
root-paired/literal.json	root	default	root	literal	rootEquality	subtree_uid_equality_root	0	before	2	1000	1000	1000	1000	1002	81.97647899999996
root-paired/literal.json	root	default	root	literal	rootEquality	subtree_uid_equality_root	0	current	2	1000	1000	1000	1000	1002	79.98133400000016
root-paired/literal.json	root	default	root	literal	rootEquality	subtree_uid_equality_root	0	openldap	2	1000	1000	1000	1000	1002	66.43042499999997
root-paired/literal.json	root	default	root	literal	rootEquality	subtree_uid_equality_root	0	before	3	1000	1000	1000	1000	1002	83.15652499999996
root-paired/literal.json	root	default	root	literal	rootEquality	subtree_uid_equality_root	0	current	3	1000	1000	1000	1000	1002	83.45375200000008
root-paired/literal.json	root	default	root	literal	rootEquality	subtree_uid_equality_root	0	openldap	3	1000	1000	1000	1000	1002	68.69753700000003
root-paired/literal.json	root	default	root	literal	rootEquality	subtree_uid_equality_root	0	before	4	1000	1000	1000	1000	1002	85.27596200000005
root-paired/literal.json	root	default	root	literal	rootEquality	subtree_uid_equality_root	0	current	4	1000	1000	1000	1000	1002	88.18917799999984
root-paired/literal.json	root	default	root	literal	rootEquality	subtree_uid_equality_root	0	openldap	4	1000	1000	1000	1000	1002	69.22224299999998
root-paired/literal.json	root	default	root	literal	rootEquality	subtree_uid_equality_root	0	before	5	1000	1000	1000	1000	1002	82.53069400000004
root-paired/literal.json	root	default	root	literal	rootEquality	subtree_uid_equality_root	0	current	5	1000	1000	1000	1000	1002	82.65214000000013
root-paired/literal.json	root	default	root	literal	rootEquality	subtree_uid_equality_root	0	openldap	5	1000	1000	1000	1000	1002	67.15337599999994
root-paired/literal.json	root	default	root	literal	rootEquality	subtree_uid_equality_root	0	before	6	1000	1000	1000	1000	1002	90.97927800000004
root-paired/literal.json	root	default	root	literal	rootEquality	subtree_uid_equality_root	0	current	6	1000	1000	1000	1000	1002	85.05829299999995
root-paired/literal.json	root	default	root	literal	rootEquality	subtree_uid_equality_root	0	openldap	6	1000	1000	1000	1000	1002	69.50692200000005
root-paired/literal.json	root	default	root	literal	rootEquality	subtree_uid_equality_root	0	before	7	1000	1000	1000	1000	1002	82.48736499999997
root-paired/literal.json	root	default	root	literal	rootEquality	subtree_uid_equality_root	0	current	7	1000	1000	1000	1000	1002	82.20167700000006
root-paired/literal.json	root	default	root	literal	rootEquality	subtree_uid_equality_root	0	openldap	7	1000	1000	1000	1000	1002	67.19832300000007
root-paired/literal.json	root	default	root	literal	rootCompareTrue	compare_uid_true_root	0	before	1	1000	1000	1000	1000	1002	94.67996399999994
root-paired/literal.json	root	default	root	literal	rootCompareTrue	compare_uid_true_root	0	current	1	1000	1000	1000	1000	1002	93.01787500000006
root-paired/literal.json	root	default	root	literal	rootCompareTrue	compare_uid_true_root	0	openldap	1	1000	1000	1000	1000	1002	79.02874399999993
root-paired/literal.json	root	default	root	literal	rootCompareTrue	compare_uid_true_root	0	before	2	1000	1000	1000	1000	1002	83.68577900000001
root-paired/literal.json	root	default	root	literal	rootCompareTrue	compare_uid_true_root	0	current	2	1000	1000	1000	1000	1002	85.60067499999991
root-paired/literal.json	root	default	root	literal	rootCompareTrue	compare_uid_true_root	0	openldap	2	1000	1000	1000	1000	1002	71.3981690000001
root-paired/literal.json	root	default	root	literal	rootCompareTrue	compare_uid_true_root	0	before	3	1000	1000	1000	1000	1002	81.16357500000001
root-paired/literal.json	root	default	root	literal	rootCompareTrue	compare_uid_true_root	0	current	3	1000	1000	1000	1000	1002	82.70536700000005
root-paired/literal.json	root	default	root	literal	rootCompareTrue	compare_uid_true_root	0	openldap	3	1000	1000	1000	1000	1002	70.39830599999998
root-paired/literal.json	root	default	root	literal	rootCompareTrue	compare_uid_true_root	0	before	4	1000	1000	1000	1000	1002	81.27885699999995
root-paired/literal.json	root	default	root	literal	rootCompareTrue	compare_uid_true_root	0	current	4	1000	1000	1000	1000	1002	85.28975899999986
root-paired/literal.json	root	default	root	literal	rootCompareTrue	compare_uid_true_root	0	openldap	4	1000	1000	1000	1000	1002	68.40284300000003
root-paired/literal.json	root	default	root	literal	rootCompareTrue	compare_uid_true_root	0	before	5	1000	1000	1000	1000	1002	80.64475499999985
root-paired/literal.json	root	default	root	literal	rootCompareTrue	compare_uid_true_root	0	current	5	1000	1000	1000	1000	1002	80.2028029999999
root-paired/literal.json	root	default	root	literal	rootCompareTrue	compare_uid_true_root	0	openldap	5	1000	1000	1000	1000	1002	65.03879400000001
root-paired/literal.json	root	default	root	literal	rootCompareTrue	compare_uid_true_root	0	before	6	1000	1000	1000	1000	1002	85.39351399999993
root-paired/literal.json	root	default	root	literal	rootCompareTrue	compare_uid_true_root	0	current	6	1000	1000	1000	1000	1002	82.60808300000004
root-paired/literal.json	root	default	root	literal	rootCompareTrue	compare_uid_true_root	0	openldap	6	1000	1000	1000	1000	1002	67.15995099999996
root-paired/literal.json	root	default	root	literal	rootCompareTrue	compare_uid_true_root	0	before	7	1000	1000	1000	1000	1002	79.78417500000008
root-paired/literal.json	root	default	root	literal	rootCompareTrue	compare_uid_true_root	0	current	7	1000	1000	1000	1000	1002	79.8359600000001
root-paired/literal.json	root	default	root	literal	rootCompareTrue	compare_uid_true_root	0	openldap	7	1000	1000	1000	1000	1002	65.97644799999999
root-paired/literal.json	root	default	root	literal	rootCompareFalse	compare_uid_false_root	0	before	1	1000	1000	1000	1000	1002	79.16159300000001
root-paired/literal.json	root	default	root	literal	rootCompareFalse	compare_uid_false_root	0	current	1	1000	1000	1000	1000	1002	84.67522000000002
root-paired/literal.json	root	default	root	literal	rootCompareFalse	compare_uid_false_root	0	openldap	1	1000	1000	1000	1000	1002	66.53229800000017
root-paired/literal.json	root	default	root	literal	rootCompareFalse	compare_uid_false_root	0	before	2	1000	1000	1000	1000	1002	79.32134300000003
root-paired/literal.json	root	default	root	literal	rootCompareFalse	compare_uid_false_root	0	current	2	1000	1000	1000	1000	1002	79.79404899999987
root-paired/literal.json	root	default	root	literal	rootCompareFalse	compare_uid_false_root	0	openldap	2	1000	1000	1000	1000	1002	66.81846799999997
root-paired/literal.json	root	default	root	literal	rootCompareFalse	compare_uid_false_root	0	before	3	1000	1000	1000	1000	1002	79.428951
root-paired/literal.json	root	default	root	literal	rootCompareFalse	compare_uid_false_root	0	current	3	1000	1000	1000	1000	1002	79.36058899999992
root-paired/literal.json	root	default	root	literal	rootCompareFalse	compare_uid_false_root	0	openldap	3	1000	1000	1000	1000	1002	66.34083800000008
root-paired/literal.json	root	default	root	literal	rootCompareFalse	compare_uid_false_root	0	before	4	1000	1000	1000	1000	1002	80.71824800000007
root-paired/literal.json	root	default	root	literal	rootCompareFalse	compare_uid_false_root	0	current	4	1000	1000	1000	1000	1002	78.69497599999991
root-paired/literal.json	root	default	root	literal	rootCompareFalse	compare_uid_false_root	0	openldap	4	1000	1000	1000	1000	1002	66.28604399999996
root-paired/literal.json	root	default	root	literal	rootCompareFalse	compare_uid_false_root	0	before	5	1000	1000	1000	1000	1002	74.26400400000004
root-paired/literal.json	root	default	root	literal	rootCompareFalse	compare_uid_false_root	0	current	5	1000	1000	1000	1000	1002	77.21393599999999
root-paired/literal.json	root	default	root	literal	rootCompareFalse	compare_uid_false_root	0	openldap	5	1000	1000	1000	1000	1002	61.775280000000066
root-paired/literal.json	root	default	root	literal	rootCompareFalse	compare_uid_false_root	0	before	6	1000	1000	1000	1000	1002	76.12475099999996
root-paired/literal.json	root	default	root	literal	rootCompareFalse	compare_uid_false_root	0	current	6	1000	1000	1000	1000	1002	75.87697599999986
root-paired/literal.json	root	default	root	literal	rootCompareFalse	compare_uid_false_root	0	openldap	6	1000	1000	1000	1000	1002	63.37483299999996
root-paired/literal.json	root	default	root	literal	rootCompareFalse	compare_uid_false_root	0	before	7	1000	1000	1000	1000	1002	79.07833000000002
root-paired/literal.json	root	default	root	literal	rootCompareFalse	compare_uid_false_root	0	current	7	1000	1000	1000	1000	1002	79.46284900000002
root-paired/literal.json	root	default	root	literal	rootCompareFalse	compare_uid_false_root	0	openldap	7	1000	1000	1000	1000	1002	64.73839499999997
root-paired/literal-smoke.json	root	default	root	literal-smoke	rootBind	simple_bind_root	0	before	1	2	2	2	2	4	0.480042
root-paired/literal-smoke.json	root	default	root	literal-smoke	rootBind	simple_bind_root	0	current	1	2	2	2	2	4	0.524499
root-paired/literal-smoke.json	root	default	root	literal-smoke	rootBind	simple_bind_root	0	openldap	1	2	2	2	2	4	0.316542
root-paired/literal-smoke.json	root	default	root	literal-smoke	rootBase	base_objectclass_root	0	before	1	2	2	2	2	4	0.375751
root-paired/literal-smoke.json	root	default	root	literal-smoke	rootBase	base_objectclass_root	0	current	1	2	2	2	2	4	0.332708
root-paired/literal-smoke.json	root	default	root	literal-smoke	rootBase	base_objectclass_root	0	openldap	1	2	2	2	2	4	0.29216600000000004
root-paired/literal-smoke.json	root	default	root	literal-smoke	rootEquality	subtree_uid_equality_root	0	before	1	2	2	2	2	4	0.222292
root-paired/literal-smoke.json	root	default	root	literal-smoke	rootEquality	subtree_uid_equality_root	0	current	1	2	2	2	2	4	0.21854099999999999
root-paired/literal-smoke.json	root	default	root	literal-smoke	rootEquality	subtree_uid_equality_root	0	openldap	1	2	2	2	2	4	0.178584
root-paired/literal-smoke.json	root	default	root	literal-smoke	rootCompareTrue	compare_uid_true_root	0	before	1	2	2	2	2	4	0.399626
root-paired/literal-smoke.json	root	default	root	literal-smoke	rootCompareTrue	compare_uid_true_root	0	current	1	2	2	2	2	4	0.35104100000000005
root-paired/literal-smoke.json	root	default	root	literal-smoke	rootCompareTrue	compare_uid_true_root	0	openldap	1	2	2	2	2	4	0.30087600000000003
root-paired/literal-smoke.json	root	default	root	literal-smoke	rootCompareFalse	compare_uid_false_root	0	before	1	2	2	2	2	4	0.339958
root-paired/literal-smoke.json	root	default	root	literal-smoke	rootCompareFalse	compare_uid_false_root	0	current	1	2	2	2	2	4	0.38591600000000004
root-paired/literal-smoke.json	root	default	root	literal-smoke	rootCompareFalse	compare_uid_false_root	0	openldap	1	2	2	2	2	4	0.299126
root-paired/normalized.json	root	default	root	normalized	rootBind	simple_bind_root	0	before	1	1000	1000	1000	1000	1002	85.97539099999996
root-paired/normalized.json	root	default	root	normalized	rootBind	simple_bind_root	0	current	1	1000	1000	1000	1000	1002	83.96825500000008
root-paired/normalized.json	root	default	root	normalized	rootBind	simple_bind_root	0	openldap	1	1000	1000	1000	1000	1002	69.45308500000016
root-paired/normalized.json	root	default	root	normalized	rootBind	simple_bind_root	0	before	2	1000	1000	1000	1000	1002	79.91632500000004
root-paired/normalized.json	root	default	root	normalized	rootBind	simple_bind_root	0	current	2	1000	1000	1000	1000	1002	77.87185700000006
root-paired/normalized.json	root	default	root	normalized	rootBind	simple_bind_root	0	openldap	2	1000	1000	1000	1000	1002	64.58184699999995
root-paired/normalized.json	root	default	root	normalized	rootBind	simple_bind_root	0	before	3	1000	1000	1000	1000	1002	87.12311000000012
root-paired/normalized.json	root	default	root	normalized	rootBind	simple_bind_root	0	current	3	1000	1000	1000	1000	1002	87.17913499999996
root-paired/normalized.json	root	default	root	normalized	rootBind	simple_bind_root	0	openldap	3	1000	1000	1000	1000	1002	71.29988400000013
root-paired/normalized.json	root	default	root	normalized	rootBind	simple_bind_root	0	before	4	1000	1000	1000	1000	1002	77.1733470000001
root-paired/normalized.json	root	default	root	normalized	rootBind	simple_bind_root	0	current	4	1000	1000	1000	1000	1002	77.74696
root-paired/normalized.json	root	default	root	normalized	rootBind	simple_bind_root	0	openldap	4	1000	1000	1000	1000	1002	65.12463699999999
root-paired/normalized.json	root	default	root	normalized	rootBind	simple_bind_root	0	before	5	1000	1000	1000	1000	1002	77.51978599999995
root-paired/normalized.json	root	default	root	normalized	rootBind	simple_bind_root	0	current	5	1000	1000	1000	1000	1002	77.68306500000001
root-paired/normalized.json	root	default	root	normalized	rootBind	simple_bind_root	0	openldap	5	1000	1000	1000	1000	1002	63.74257800000007
root-paired/normalized.json	root	default	root	normalized	rootBind	simple_bind_root	0	before	6	1000	1000	1000	1000	1002	78.58834700000004
root-paired/normalized.json	root	default	root	normalized	rootBind	simple_bind_root	0	current	6	1000	1000	1000	1000	1002	78.76881899999991
root-paired/normalized.json	root	default	root	normalized	rootBind	simple_bind_root	0	openldap	6	1000	1000	1000	1000	1002	65.14229600000003
root-paired/normalized.json	root	default	root	normalized	rootBind	simple_bind_root	0	before	7	1000	1000	1000	1000	1002	79.91341600000007
root-paired/normalized.json	root	default	root	normalized	rootBind	simple_bind_root	0	current	7	1000	1000	1000	1000	1002	78.8444600000001
root-paired/normalized.json	root	default	root	normalized	rootBind	simple_bind_root	0	openldap	7	1000	1000	1000	1000	1002	70.48703499999998
root-paired/normalized.json	root	default	root	normalized	rootBase	base_objectclass_root	0	before	1	1000	1000	1000	1000	1002	79.34550499999996
root-paired/normalized.json	root	default	root	normalized	rootBase	base_objectclass_root	0	current	1	1000	1000	1000	1000	1002	78.90424399999999
root-paired/normalized.json	root	default	root	normalized	rootBase	base_objectclass_root	0	openldap	1	1000	1000	1000	1000	1002	66.43420300000002
root-paired/normalized.json	root	default	root	normalized	rootBase	base_objectclass_root	0	before	2	1000	1000	1000	1000	1002	78.37090600000003
root-paired/normalized.json	root	default	root	normalized	rootBase	base_objectclass_root	0	current	2	1000	1000	1000	1000	1002	76.03178499999981
root-paired/normalized.json	root	default	root	normalized	rootBase	base_objectclass_root	0	openldap	2	1000	1000	1000	1000	1002	64.829945
root-paired/normalized.json	root	default	root	normalized	rootBase	base_objectclass_root	0	before	3	1000	1000	1000	1000	1002	86.907532
root-paired/normalized.json	root	default	root	normalized	rootBase	base_objectclass_root	0	current	3	1000	1000	1000	1000	1002	82.41043899999995
root-paired/normalized.json	root	default	root	normalized	rootBase	base_objectclass_root	0	openldap	3	1000	1000	1000	1000	1002	66.67721100000001
root-paired/normalized.json	root	default	root	normalized	rootBase	base_objectclass_root	0	before	4	1000	1000	1000	1000	1002	75.93240700000001
root-paired/normalized.json	root	default	root	normalized	rootBase	base_objectclass_root	0	current	4	1000	1000	1000	1000	1002	76.58967799999999
root-paired/normalized.json	root	default	root	normalized	rootBase	base_objectclass_root	0	openldap	4	1000	1000	1000	1000	1002	63.033833000000016
root-paired/normalized.json	root	default	root	normalized	rootBase	base_objectclass_root	0	before	5	1000	1000	1000	1000	1002	77.93007900000016
root-paired/normalized.json	root	default	root	normalized	rootBase	base_objectclass_root	0	current	5	1000	1000	1000	1000	1002	76.28848900000008
root-paired/normalized.json	root	default	root	normalized	rootBase	base_objectclass_root	0	openldap	5	1000	1000	1000	1000	1002	64.10532300000006
root-paired/normalized.json	root	default	root	normalized	rootBase	base_objectclass_root	0	before	6	1000	1000	1000	1000	1002	76.89099999999996
root-paired/normalized.json	root	default	root	normalized	rootBase	base_objectclass_root	0	current	6	1000	1000	1000	1000	1002	76.07250199999999
root-paired/normalized.json	root	default	root	normalized	rootBase	base_objectclass_root	0	openldap	6	1000	1000	1000	1000	1002	63.716882999999974
root-paired/normalized.json	root	default	root	normalized	rootBase	base_objectclass_root	0	before	7	1000	1000	1000	1000	1002	74.09941300000014
root-paired/normalized.json	root	default	root	normalized	rootBase	base_objectclass_root	0	current	7	1000	1000	1000	1000	1002	74.46000299999992
root-paired/normalized.json	root	default	root	normalized	rootBase	base_objectclass_root	0	openldap	7	1000	1000	1000	1000	1002	63.80200000000007
root-paired/normalized.json	root	default	root	normalized	rootEquality	subtree_uid_equality_root	0	before	1	1000	1000	1000	1000	1002	78.64838300000002
root-paired/normalized.json	root	default	root	normalized	rootEquality	subtree_uid_equality_root	0	current	1	1000	1000	1000	1000	1002	79.40597999999984
root-paired/normalized.json	root	default	root	normalized	rootEquality	subtree_uid_equality_root	0	openldap	1	1000	1000	1000	1000	1002	65.19550699999992
root-paired/normalized.json	root	default	root	normalized	rootEquality	subtree_uid_equality_root	0	before	2	1000	1000	1000	1000	1002	77.55271299999994
root-paired/normalized.json	root	default	root	normalized	rootEquality	subtree_uid_equality_root	0	current	2	1000	1000	1000	1000	1002	77.349457
root-paired/normalized.json	root	default	root	normalized	rootEquality	subtree_uid_equality_root	0	openldap	2	1000	1000	1000	1000	1002	64.94780300000004
root-paired/normalized.json	root	default	root	normalized	rootEquality	subtree_uid_equality_root	0	before	3	1000	1000	1000	1000	1002	77.97199700000013
root-paired/normalized.json	root	default	root	normalized	rootEquality	subtree_uid_equality_root	0	current	3	1000	1000	1000	1000	1002	77.644319
root-paired/normalized.json	root	default	root	normalized	rootEquality	subtree_uid_equality_root	0	openldap	3	1000	1000	1000	1000	1002	67.93799900000003
root-paired/normalized.json	root	default	root	normalized	rootEquality	subtree_uid_equality_root	0	before	4	1000	1000	1000	1000	1002	88.99969299999987
root-paired/normalized.json	root	default	root	normalized	rootEquality	subtree_uid_equality_root	0	current	4	1000	1000	1000	1000	1002	97.61128599999988
root-paired/normalized.json	root	default	root	normalized	rootEquality	subtree_uid_equality_root	0	openldap	4	1000	1000	1000	1000	1002	72.50260700000001
root-paired/normalized.json	root	default	root	normalized	rootEquality	subtree_uid_equality_root	0	before	5	1000	1000	1000	1000	1002	79.243446
root-paired/normalized.json	root	default	root	normalized	rootEquality	subtree_uid_equality_root	0	current	5	1000	1000	1000	1000	1002	79.29636799999993
root-paired/normalized.json	root	default	root	normalized	rootEquality	subtree_uid_equality_root	0	openldap	5	1000	1000	1000	1000	1002	65.75695599999997
root-paired/normalized.json	root	default	root	normalized	rootEquality	subtree_uid_equality_root	0	before	6	1000	1000	1000	1000	1002	84.60178899999997
root-paired/normalized.json	root	default	root	normalized	rootEquality	subtree_uid_equality_root	0	current	6	1000	1000	1000	1000	1002	83.40290799999997
root-paired/normalized.json	root	default	root	normalized	rootEquality	subtree_uid_equality_root	0	openldap	6	1000	1000	1000	1000	1002	68.70204900000003
root-paired/normalized.json	root	default	root	normalized	rootEquality	subtree_uid_equality_root	0	before	7	1000	1000	1000	1000	1002	75.22005500000009
root-paired/normalized.json	root	default	root	normalized	rootEquality	subtree_uid_equality_root	0	current	7	1000	1000	1000	1000	1002	76.41007300000014
root-paired/normalized.json	root	default	root	normalized	rootEquality	subtree_uid_equality_root	0	openldap	7	1000	1000	1000	1000	1002	63.70395599999994
root-paired/normalized.json	root	default	root	normalized	rootCompareTrue	compare_uid_true_root	0	before	1	1000	1000	1000	1000	1002	77.96840699999998
root-paired/normalized.json	root	default	root	normalized	rootCompareTrue	compare_uid_true_root	0	current	1	1000	1000	1000	1000	1002	83.12513499999997
root-paired/normalized.json	root	default	root	normalized	rootCompareTrue	compare_uid_true_root	0	openldap	1	1000	1000	1000	1000	1002	68.32778899999998
root-paired/normalized.json	root	default	root	normalized	rootCompareTrue	compare_uid_true_root	0	before	2	1000	1000	1000	1000	1002	74.44893999999996
root-paired/normalized.json	root	default	root	normalized	rootCompareTrue	compare_uid_true_root	0	current	2	1000	1000	1000	1000	1002	73.86671799999995
root-paired/normalized.json	root	default	root	normalized	rootCompareTrue	compare_uid_true_root	0	openldap	2	1000	1000	1000	1000	1002	62.49941000000006
root-paired/normalized.json	root	default	root	normalized	rootCompareTrue	compare_uid_true_root	0	before	3	1000	1000	1000	1000	1002	74.20057899999986
root-paired/normalized.json	root	default	root	normalized	rootCompareTrue	compare_uid_true_root	0	current	3	1000	1000	1000	1000	1002	73.82126300000003
root-paired/normalized.json	root	default	root	normalized	rootCompareTrue	compare_uid_true_root	0	openldap	3	1000	1000	1000	1000	1002	62.86785499999997
root-paired/normalized.json	root	default	root	normalized	rootCompareTrue	compare_uid_true_root	0	before	4	1000	1000	1000	1000	1002	82.010378
root-paired/normalized.json	root	default	root	normalized	rootCompareTrue	compare_uid_true_root	0	current	4	1000	1000	1000	1000	1002	82.22079699999999
root-paired/normalized.json	root	default	root	normalized	rootCompareTrue	compare_uid_true_root	0	openldap	4	1000	1000	1000	1000	1002	70.08904300000003
root-paired/normalized.json	root	default	root	normalized	rootCompareTrue	compare_uid_true_root	0	before	5	1000	1000	1000	1000	1002	89.15509199999994
root-paired/normalized.json	root	default	root	normalized	rootCompareTrue	compare_uid_true_root	0	current	5	1000	1000	1000	1000	1002	87.51666800000018
root-paired/normalized.json	root	default	root	normalized	rootCompareTrue	compare_uid_true_root	0	openldap	5	1000	1000	1000	1000	1002	79.71355400000004
root-paired/normalized.json	root	default	root	normalized	rootCompareTrue	compare_uid_true_root	0	before	6	1000	1000	1000	1000	1002	94.28620299999992
root-paired/normalized.json	root	default	root	normalized	rootCompareTrue	compare_uid_true_root	0	current	6	1000	1000	1000	1000	1002	94.32265900000009
root-paired/normalized.json	root	default	root	normalized	rootCompareTrue	compare_uid_true_root	0	openldap	6	1000	1000	1000	1000	1002	80.01521300000006
root-paired/normalized.json	root	default	root	normalized	rootCompareTrue	compare_uid_true_root	0	before	7	1000	1000	1000	1000	1002	82.92087899999983
root-paired/normalized.json	root	default	root	normalized	rootCompareTrue	compare_uid_true_root	0	current	7	1000	1000	1000	1000	1002	83.98588500000008
root-paired/normalized.json	root	default	root	normalized	rootCompareTrue	compare_uid_true_root	0	openldap	7	1000	1000	1000	1000	1002	74.53808400000005
root-paired/normalized.json	root	default	root	normalized	rootCompareFalse	compare_uid_false_root	0	before	1	1000	1000	1000	1000	1002	78.22656500000011
root-paired/normalized.json	root	default	root	normalized	rootCompareFalse	compare_uid_false_root	0	current	1	1000	1000	1000	1000	1002	80.50287399999989
root-paired/normalized.json	root	default	root	normalized	rootCompareFalse	compare_uid_false_root	0	openldap	1	1000	1000	1000	1000	1002	65.34065900000003
root-paired/normalized.json	root	default	root	normalized	rootCompareFalse	compare_uid_false_root	0	before	2	1000	1000	1000	1000	1002	84.07094999999998
root-paired/normalized.json	root	default	root	normalized	rootCompareFalse	compare_uid_false_root	0	current	2	1000	1000	1000	1000	1002	83.04126399999994
root-paired/normalized.json	root	default	root	normalized	rootCompareFalse	compare_uid_false_root	0	openldap	2	1000	1000	1000	1000	1002	69.38411800000006
root-paired/normalized.json	root	default	root	normalized	rootCompareFalse	compare_uid_false_root	0	before	3	1000	1000	1000	1000	1002	83.49207399999997
root-paired/normalized.json	root	default	root	normalized	rootCompareFalse	compare_uid_false_root	0	current	3	1000	1000	1000	1000	1002	81.33625000000012
root-paired/normalized.json	root	default	root	normalized	rootCompareFalse	compare_uid_false_root	0	openldap	3	1000	1000	1000	1000	1002	67.62793599999993
root-paired/normalized.json	root	default	root	normalized	rootCompareFalse	compare_uid_false_root	0	before	4	1000	1000	1000	1000	1002	79.61134699999998
root-paired/normalized.json	root	default	root	normalized	rootCompareFalse	compare_uid_false_root	0	current	4	1000	1000	1000	1000	1002	80.59854099999995
root-paired/normalized.json	root	default	root	normalized	rootCompareFalse	compare_uid_false_root	0	openldap	4	1000	1000	1000	1000	1002	66.56232900000008
root-paired/normalized.json	root	default	root	normalized	rootCompareFalse	compare_uid_false_root	0	before	5	1000	1000	1000	1000	1002	78.1676830000001
root-paired/normalized.json	root	default	root	normalized	rootCompareFalse	compare_uid_false_root	0	current	5	1000	1000	1000	1000	1002	79.21253400000008
root-paired/normalized.json	root	default	root	normalized	rootCompareFalse	compare_uid_false_root	0	openldap	5	1000	1000	1000	1000	1002	64.91792299999986
root-paired/normalized.json	root	default	root	normalized	rootCompareFalse	compare_uid_false_root	0	before	6	1000	1000	1000	1000	1002	82.81023699999993
root-paired/normalized.json	root	default	root	normalized	rootCompareFalse	compare_uid_false_root	0	current	6	1000	1000	1000	1000	1002	83.40283900000009
root-paired/normalized.json	root	default	root	normalized	rootCompareFalse	compare_uid_false_root	0	openldap	6	1000	1000	1000	1000	1002	69.22432700000006
root-paired/normalized.json	root	default	root	normalized	rootCompareFalse	compare_uid_false_root	0	before	7	1000	1000	1000	1000	1002	79.72479500000006
root-paired/normalized.json	root	default	root	normalized	rootCompareFalse	compare_uid_false_root	0	current	7	1000	1000	1000	1000	1002	79.59702700000015
root-paired/normalized.json	root	default	root	normalized	rootCompareFalse	compare_uid_false_root	0	openldap	7	1000	1000	1000	1000	1002	67.10762700000004
root-paired/normalized-smoke.json	root	default	root	normalized-smoke	rootBind	simple_bind_root	0	before	1	2	2	2	2	4	0.491458
root-paired/normalized-smoke.json	root	default	root	normalized-smoke	rootBind	simple_bind_root	0	current	1	2	2	2	2	4	0.5473319999999999
root-paired/normalized-smoke.json	root	default	root	normalized-smoke	rootBind	simple_bind_root	0	openldap	1	2	2	2	2	4	0.28825199999999995
root-paired/normalized-smoke.json	root	default	root	normalized-smoke	rootBase	base_objectclass_root	0	before	1	2	2	2	2	4	0.319748
root-paired/normalized-smoke.json	root	default	root	normalized-smoke	rootBase	base_objectclass_root	0	current	1	2	2	2	2	4	0.34745799999999993
root-paired/normalized-smoke.json	root	default	root	normalized-smoke	rootBase	base_objectclass_root	0	openldap	1	2	2	2	2	4	0.309542
root-paired/normalized-smoke.json	root	default	root	normalized-smoke	rootEquality	subtree_uid_equality_root	0	before	1	2	2	2	2	4	0.303333
root-paired/normalized-smoke.json	root	default	root	normalized-smoke	rootEquality	subtree_uid_equality_root	0	current	1	2	2	2	2	4	0.283874
root-paired/normalized-smoke.json	root	default	root	normalized-smoke	rootEquality	subtree_uid_equality_root	0	openldap	1	2	2	2	2	4	0.179418
root-paired/normalized-smoke.json	root	default	root	normalized-smoke	rootCompareTrue	compare_uid_true_root	0	before	1	2	2	2	2	4	0.2875
root-paired/normalized-smoke.json	root	default	root	normalized-smoke	rootCompareTrue	compare_uid_true_root	0	current	1	2	2	2	2	4	0.291292
root-paired/normalized-smoke.json	root	default	root	normalized-smoke	rootCompareTrue	compare_uid_true_root	0	openldap	1	2	2	2	2	4	0.211166
root-paired/normalized-smoke.json	root	default	root	normalized-smoke	rootCompareFalse	compare_uid_false_root	0	before	1	2	2	2	2	4	0.286126
root-paired/normalized-smoke.json	root	default	root	normalized-smoke	rootCompareFalse	compare_uid_false_root	0	current	1	2	2	2	2	4	0.286959
root-paired/normalized-smoke.json	root	default	root	normalized-smoke	rootCompareFalse	compare_uid_false_root	0	openldap	1	2	2	2	2	4	0.21062600000000004
explicit-group-compare/groups.json	group-compare	explicit	nonroot	groups	groupCompareTrueFirst	compare_member_true_first	10	before	1	1000	1000	1000	1000	1002	81.40085700000009
explicit-group-compare/groups.json	group-compare	explicit	nonroot	groups	groupCompareTrueFirst	compare_member_true_first	10	current	1	1000	1000	1000	1000	1002	84.34427999999996
explicit-group-compare/groups.json	group-compare	explicit	nonroot	groups	groupCompareTrueFirst	compare_member_true_first	10	openldap	1	1000	1000	1000	1000	1002	64.85609300000007
explicit-group-compare/groups.json	group-compare	explicit	nonroot	groups	groupCompareTrueFirst	compare_member_true_first	10	before	2	1000	1000	1000	1000	1002	80.5960390000001
explicit-group-compare/groups.json	group-compare	explicit	nonroot	groups	groupCompareTrueFirst	compare_member_true_first	10	current	2	1000	1000	1000	1000	1002	80.5690409999999
explicit-group-compare/groups.json	group-compare	explicit	nonroot	groups	groupCompareTrueFirst	compare_member_true_first	10	openldap	2	1000	1000	1000	1000	1002	65.22073399999996
explicit-group-compare/groups.json	group-compare	explicit	nonroot	groups	groupCompareTrueFirst	compare_member_true_first	10	before	3	1000	1000	1000	1000	1002	81.12595700000004
explicit-group-compare/groups.json	group-compare	explicit	nonroot	groups	groupCompareTrueFirst	compare_member_true_first	10	current	3	1000	1000	1000	1000	1002	78.1284250000001
explicit-group-compare/groups.json	group-compare	explicit	nonroot	groups	groupCompareTrueFirst	compare_member_true_first	10	openldap	3	1000	1000	1000	1000	1002	62.96958700000003
explicit-group-compare/groups.json	group-compare	explicit	nonroot	groups	groupCompareTrueFirst	compare_member_true_first	10	before	4	1000	1000	1000	1000	1002	78.92175300000007
explicit-group-compare/groups.json	group-compare	explicit	nonroot	groups	groupCompareTrueFirst	compare_member_true_first	10	current	4	1000	1000	1000	1000	1002	80.05707399999994
explicit-group-compare/groups.json	group-compare	explicit	nonroot	groups	groupCompareTrueFirst	compare_member_true_first	10	openldap	4	1000	1000	1000	1000	1002	63.305649000000045
explicit-group-compare/groups.json	group-compare	explicit	nonroot	groups	groupCompareTrueFirst	compare_member_true_first	10	before	5	1000	1000	1000	1000	1002	81.53947300000009
explicit-group-compare/groups.json	group-compare	explicit	nonroot	groups	groupCompareTrueFirst	compare_member_true_first	10	current	5	1000	1000	1000	1000	1002	80.52853599999997
explicit-group-compare/groups.json	group-compare	explicit	nonroot	groups	groupCompareTrueFirst	compare_member_true_first	10	openldap	5	1000	1000	1000	1000	1002	64.28628899999998
explicit-group-compare/groups.json	group-compare	explicit	nonroot	groups	groupCompareTrueFirst	compare_member_true_first	10	before	6	1000	1000	1000	1000	1002	81.37592799999997
explicit-group-compare/groups.json	group-compare	explicit	nonroot	groups	groupCompareTrueFirst	compare_member_true_first	10	current	6	1000	1000	1000	1000	1002	82.94367299999999
explicit-group-compare/groups.json	group-compare	explicit	nonroot	groups	groupCompareTrueFirst	compare_member_true_first	10	openldap	6	1000	1000	1000	1000	1002	65.72133699999998
explicit-group-compare/groups.json	group-compare	explicit	nonroot	groups	groupCompareTrueFirst	compare_member_true_first	10	before	7	1000	1000	1000	1000	1002	82.61353799999988
explicit-group-compare/groups.json	group-compare	explicit	nonroot	groups	groupCompareTrueFirst	compare_member_true_first	10	current	7	1000	1000	1000	1000	1002	81.82847
explicit-group-compare/groups.json	group-compare	explicit	nonroot	groups	groupCompareTrueFirst	compare_member_true_first	10	openldap	7	1000	1000	1000	1000	1002	66.44847500000004
explicit-group-compare/groups.json	group-compare	explicit	nonroot	groups	groupCompareTrueFirst	compare_member_true_first	1000	before	1	1000	1000	1000	1000	1002	83.77378599999996
explicit-group-compare/groups.json	group-compare	explicit	nonroot	groups	groupCompareTrueFirst	compare_member_true_first	1000	current	1	1000	1000	1000	1000	1002	83.48900400000012
explicit-group-compare/groups.json	group-compare	explicit	nonroot	groups	groupCompareTrueFirst	compare_member_true_first	1000	openldap	1	1000	1000	1000	1000	1002	66.62216400000005
explicit-group-compare/groups.json	group-compare	explicit	nonroot	groups	groupCompareTrueFirst	compare_member_true_first	1000	before	2	1000	1000	1000	1000	1002	82.74716400000007
explicit-group-compare/groups.json	group-compare	explicit	nonroot	groups	groupCompareTrueFirst	compare_member_true_first	1000	current	2	1000	1000	1000	1000	1002	83.04253299999998
explicit-group-compare/groups.json	group-compare	explicit	nonroot	groups	groupCompareTrueFirst	compare_member_true_first	1000	openldap	2	1000	1000	1000	1000	1002	66.70010100000005
explicit-group-compare/groups.json	group-compare	explicit	nonroot	groups	groupCompareTrueFirst	compare_member_true_first	1000	before	3	1000	1000	1000	1000	1002	81.37834099999995
explicit-group-compare/groups.json	group-compare	explicit	nonroot	groups	groupCompareTrueFirst	compare_member_true_first	1000	current	3	1000	1000	1000	1000	1002	82.964049
explicit-group-compare/groups.json	group-compare	explicit	nonroot	groups	groupCompareTrueFirst	compare_member_true_first	1000	openldap	3	1000	1000	1000	1000	1002	64.44288399999995
explicit-group-compare/groups.json	group-compare	explicit	nonroot	groups	groupCompareTrueFirst	compare_member_true_first	1000	before	4	1000	1000	1000	1000	1002	82.49204600000004
explicit-group-compare/groups.json	group-compare	explicit	nonroot	groups	groupCompareTrueFirst	compare_member_true_first	1000	current	4	1000	1000	1000	1000	1002	83.33670000000002
explicit-group-compare/groups.json	group-compare	explicit	nonroot	groups	groupCompareTrueFirst	compare_member_true_first	1000	openldap	4	1000	1000	1000	1000	1002	68.56336700000004
explicit-group-compare/groups.json	group-compare	explicit	nonroot	groups	groupCompareTrueFirst	compare_member_true_first	1000	before	5	1000	1000	1000	1000	1002	82.554332
explicit-group-compare/groups.json	group-compare	explicit	nonroot	groups	groupCompareTrueFirst	compare_member_true_first	1000	current	5	1000	1000	1000	1000	1002	84.82789399999989
explicit-group-compare/groups.json	group-compare	explicit	nonroot	groups	groupCompareTrueFirst	compare_member_true_first	1000	openldap	5	1000	1000	1000	1000	1002	66.85341999999994
explicit-group-compare/groups.json	group-compare	explicit	nonroot	groups	groupCompareTrueFirst	compare_member_true_first	1000	before	6	1000	1000	1000	1000	1002	80.94463699999999
explicit-group-compare/groups.json	group-compare	explicit	nonroot	groups	groupCompareTrueFirst	compare_member_true_first	1000	current	6	1000	1000	1000	1000	1002	81.37104900000007
explicit-group-compare/groups.json	group-compare	explicit	nonroot	groups	groupCompareTrueFirst	compare_member_true_first	1000	openldap	6	1000	1000	1000	1000	1002	66.44484200000002
explicit-group-compare/groups.json	group-compare	explicit	nonroot	groups	groupCompareTrueFirst	compare_member_true_first	1000	before	7	1000	1000	1000	1000	1002	85.38039800000011
explicit-group-compare/groups.json	group-compare	explicit	nonroot	groups	groupCompareTrueFirst	compare_member_true_first	1000	current	7	1000	1000	1000	1000	1002	86.29750999999997
explicit-group-compare/groups.json	group-compare	explicit	nonroot	groups	groupCompareTrueFirst	compare_member_true_first	1000	openldap	7	1000	1000	1000	1000	1002	68.72501500000006
explicit-group-compare/groups.json	group-compare	explicit	nonroot	groups	groupCompareTrueLast	compare_member_true_last	10	before	1	1000	1000	1000	1000	1002	80.72480899999991
explicit-group-compare/groups.json	group-compare	explicit	nonroot	groups	groupCompareTrueLast	compare_member_true_last	10	current	1	1000	1000	1000	1000	1002	82.42478399999997
explicit-group-compare/groups.json	group-compare	explicit	nonroot	groups	groupCompareTrueLast	compare_member_true_last	10	openldap	1	1000	1000	1000	1000	1002	66.888209
explicit-group-compare/groups.json	group-compare	explicit	nonroot	groups	groupCompareTrueLast	compare_member_true_last	10	before	2	1000	1000	1000	1000	1002	78.94339700000003
explicit-group-compare/groups.json	group-compare	explicit	nonroot	groups	groupCompareTrueLast	compare_member_true_last	10	current	2	1000	1000	1000	1000	1002	79.85881000000003
explicit-group-compare/groups.json	group-compare	explicit	nonroot	groups	groupCompareTrueLast	compare_member_true_last	10	openldap	2	1000	1000	1000	1000	1002	65.63204400000002
explicit-group-compare/groups.json	group-compare	explicit	nonroot	groups	groupCompareTrueLast	compare_member_true_last	10	before	3	1000	1000	1000	1000	1002	80.58626400000014
explicit-group-compare/groups.json	group-compare	explicit	nonroot	groups	groupCompareTrueLast	compare_member_true_last	10	current	3	1000	1000	1000	1000	1002	80.34706600000001
explicit-group-compare/groups.json	group-compare	explicit	nonroot	groups	groupCompareTrueLast	compare_member_true_last	10	openldap	3	1000	1000	1000	1000	1002	65.37575499999997
explicit-group-compare/groups.json	group-compare	explicit	nonroot	groups	groupCompareTrueLast	compare_member_true_last	10	before	4	1000	1000	1000	1000	1002	80.18134600000006
explicit-group-compare/groups.json	group-compare	explicit	nonroot	groups	groupCompareTrueLast	compare_member_true_last	10	current	4	1000	1000	1000	1000	1002	79.72081199999997
explicit-group-compare/groups.json	group-compare	explicit	nonroot	groups	groupCompareTrueLast	compare_member_true_last	10	openldap	4	1000	1000	1000	1000	1002	65.09713500000002
explicit-group-compare/groups.json	group-compare	explicit	nonroot	groups	groupCompareTrueLast	compare_member_true_last	10	before	5	1000	1000	1000	1000	1002	80.64523600000007
explicit-group-compare/groups.json	group-compare	explicit	nonroot	groups	groupCompareTrueLast	compare_member_true_last	10	current	5	1000	1000	1000	1000	1002	81.28117399999991
explicit-group-compare/groups.json	group-compare	explicit	nonroot	groups	groupCompareTrueLast	compare_member_true_last	10	openldap	5	1000	1000	1000	1000	1002	65.69936099999998
explicit-group-compare/groups.json	group-compare	explicit	nonroot	groups	groupCompareTrueLast	compare_member_true_last	10	before	6	1000	1000	1000	1000	1002	80.17035599999987
explicit-group-compare/groups.json	group-compare	explicit	nonroot	groups	groupCompareTrueLast	compare_member_true_last	10	current	6	1000	1000	1000	1000	1002	80.26288499999988
explicit-group-compare/groups.json	group-compare	explicit	nonroot	groups	groupCompareTrueLast	compare_member_true_last	10	openldap	6	1000	1000	1000	1000	1002	65.799131
explicit-group-compare/groups.json	group-compare	explicit	nonroot	groups	groupCompareTrueLast	compare_member_true_last	10	before	7	1000	1000	1000	1000	1002	77.11498399999995
explicit-group-compare/groups.json	group-compare	explicit	nonroot	groups	groupCompareTrueLast	compare_member_true_last	10	current	7	1000	1000	1000	1000	1002	78.05771300000002
explicit-group-compare/groups.json	group-compare	explicit	nonroot	groups	groupCompareTrueLast	compare_member_true_last	10	openldap	7	1000	1000	1000	1000	1002	64.07679199999998
explicit-group-compare/groups.json	group-compare	explicit	nonroot	groups	groupCompareTrueLast	compare_member_true_last	1000	before	1	1000	1000	1000	1000	1002	78.52883900000005
explicit-group-compare/groups.json	group-compare	explicit	nonroot	groups	groupCompareTrueLast	compare_member_true_last	1000	current	1	1000	1000	1000	1000	1002	81.78716200000017
explicit-group-compare/groups.json	group-compare	explicit	nonroot	groups	groupCompareTrueLast	compare_member_true_last	1000	openldap	1	1000	1000	1000	1000	1002	66.32416299999994
explicit-group-compare/groups.json	group-compare	explicit	nonroot	groups	groupCompareTrueLast	compare_member_true_last	1000	before	2	1000	1000	1000	1000	1002	77.37505600000001
explicit-group-compare/groups.json	group-compare	explicit	nonroot	groups	groupCompareTrueLast	compare_member_true_last	1000	current	2	1000	1000	1000	1000	1002	78.43199999999995
explicit-group-compare/groups.json	group-compare	explicit	nonroot	groups	groupCompareTrueLast	compare_member_true_last	1000	openldap	2	1000	1000	1000	1000	1002	62.160461000000055
explicit-group-compare/groups.json	group-compare	explicit	nonroot	groups	groupCompareTrueLast	compare_member_true_last	1000	before	3	1000	1000	1000	1000	1002	80.35279199999987
explicit-group-compare/groups.json	group-compare	explicit	nonroot	groups	groupCompareTrueLast	compare_member_true_last	1000	current	3	1000	1000	1000	1000	1002	83.60836300000004
explicit-group-compare/groups.json	group-compare	explicit	nonroot	groups	groupCompareTrueLast	compare_member_true_last	1000	openldap	3	1000	1000	1000	1000	1002	65.08850300000003
explicit-group-compare/groups.json	group-compare	explicit	nonroot	groups	groupCompareTrueLast	compare_member_true_last	1000	before	4	1000	1000	1000	1000	1002	80.0910780000001
explicit-group-compare/groups.json	group-compare	explicit	nonroot	groups	groupCompareTrueLast	compare_member_true_last	1000	current	4	1000	1000	1000	1000	1002	80.64504200000003
explicit-group-compare/groups.json	group-compare	explicit	nonroot	groups	groupCompareTrueLast	compare_member_true_last	1000	openldap	4	1000	1000	1000	1000	1002	65.94216399999995
explicit-group-compare/groups.json	group-compare	explicit	nonroot	groups	groupCompareTrueLast	compare_member_true_last	1000	before	5	1000	1000	1000	1000	1002	79.557503
explicit-group-compare/groups.json	group-compare	explicit	nonroot	groups	groupCompareTrueLast	compare_member_true_last	1000	current	5	1000	1000	1000	1000	1002	80.50487000000004
explicit-group-compare/groups.json	group-compare	explicit	nonroot	groups	groupCompareTrueLast	compare_member_true_last	1000	openldap	5	1000	1000	1000	1000	1002	64.93722199999999
explicit-group-compare/groups.json	group-compare	explicit	nonroot	groups	groupCompareTrueLast	compare_member_true_last	1000	before	6	1000	1000	1000	1000	1002	79.10116499999998
explicit-group-compare/groups.json	group-compare	explicit	nonroot	groups	groupCompareTrueLast	compare_member_true_last	1000	current	6	1000	1000	1000	1000	1002	81.35076099999993
explicit-group-compare/groups.json	group-compare	explicit	nonroot	groups	groupCompareTrueLast	compare_member_true_last	1000	openldap	6	1000	1000	1000	1000	1002	65.01561300000003
explicit-group-compare/groups.json	group-compare	explicit	nonroot	groups	groupCompareTrueLast	compare_member_true_last	1000	before	7	1000	1000	1000	1000	1002	79.63565400000002
explicit-group-compare/groups.json	group-compare	explicit	nonroot	groups	groupCompareTrueLast	compare_member_true_last	1000	current	7	1000	1000	1000	1000	1002	80.27115100000002
explicit-group-compare/groups.json	group-compare	explicit	nonroot	groups	groupCompareTrueLast	compare_member_true_last	1000	openldap	7	1000	1000	1000	1000	1002	64.604901
explicit-group-compare/groups.json	group-compare	explicit	nonroot	groups	groupCompareFalse	compare_member_false_missing	10	before	1	1000	1000	1000	1000	1002	90.11473000000011
explicit-group-compare/groups.json	group-compare	explicit	nonroot	groups	groupCompareFalse	compare_member_false_missing	10	current	1	1000	1000	1000	1000	1002	82.72037600000003
explicit-group-compare/groups.json	group-compare	explicit	nonroot	groups	groupCompareFalse	compare_member_false_missing	10	openldap	1	1000	1000	1000	1000	1002	68.48905099999999
explicit-group-compare/groups.json	group-compare	explicit	nonroot	groups	groupCompareFalse	compare_member_false_missing	10	before	2	1000	1000	1000	1000	1002	86.49429699999986
explicit-group-compare/groups.json	group-compare	explicit	nonroot	groups	groupCompareFalse	compare_member_false_missing	10	current	2	1000	1000	1000	1000	1002	87.59591599999995
explicit-group-compare/groups.json	group-compare	explicit	nonroot	groups	groupCompareFalse	compare_member_false_missing	10	openldap	2	1000	1000	1000	1000	1002	69.98689600000003
explicit-group-compare/groups.json	group-compare	explicit	nonroot	groups	groupCompareFalse	compare_member_false_missing	10	before	3	1000	1000	1000	1000	1002	83.57046000000001
explicit-group-compare/groups.json	group-compare	explicit	nonroot	groups	groupCompareFalse	compare_member_false_missing	10	current	3	1000	1000	1000	1000	1002	81.97099499999995
explicit-group-compare/groups.json	group-compare	explicit	nonroot	groups	groupCompareFalse	compare_member_false_missing	10	openldap	3	1000	1000	1000	1000	1002	65.68311899999996
explicit-group-compare/groups.json	group-compare	explicit	nonroot	groups	groupCompareFalse	compare_member_false_missing	10	before	4	1000	1000	1000	1000	1002	99.93652000000002
explicit-group-compare/groups.json	group-compare	explicit	nonroot	groups	groupCompareFalse	compare_member_false_missing	10	current	4	1000	1000	1000	1000	1002	94.71427999999997
explicit-group-compare/groups.json	group-compare	explicit	nonroot	groups	groupCompareFalse	compare_member_false_missing	10	openldap	4	1000	1000	1000	1000	1002	78.19736699999999
explicit-group-compare/groups.json	group-compare	explicit	nonroot	groups	groupCompareFalse	compare_member_false_missing	10	before	5	1000	1000	1000	1000	1002	78.69218500000004
explicit-group-compare/groups.json	group-compare	explicit	nonroot	groups	groupCompareFalse	compare_member_false_missing	10	current	5	1000	1000	1000	1000	1002	80.39311700000007
explicit-group-compare/groups.json	group-compare	explicit	nonroot	groups	groupCompareFalse	compare_member_false_missing	10	openldap	5	1000	1000	1000	1000	1002	63.58528100000003
explicit-group-compare/groups.json	group-compare	explicit	nonroot	groups	groupCompareFalse	compare_member_false_missing	10	before	6	1000	1000	1000	1000	1002	81.63183900000014
explicit-group-compare/groups.json	group-compare	explicit	nonroot	groups	groupCompareFalse	compare_member_false_missing	10	current	6	1000	1000	1000	1000	1002	82.44348699999982
explicit-group-compare/groups.json	group-compare	explicit	nonroot	groups	groupCompareFalse	compare_member_false_missing	10	openldap	6	1000	1000	1000	1000	1002	66.360953
explicit-group-compare/groups.json	group-compare	explicit	nonroot	groups	groupCompareFalse	compare_member_false_missing	10	before	7	1000	1000	1000	1000	1002	84.41991199999991
explicit-group-compare/groups.json	group-compare	explicit	nonroot	groups	groupCompareFalse	compare_member_false_missing	10	current	7	1000	1000	1000	1000	1002	82.38366099999986
explicit-group-compare/groups.json	group-compare	explicit	nonroot	groups	groupCompareFalse	compare_member_false_missing	10	openldap	7	1000	1000	1000	1000	1002	66.72973699999997
explicit-group-compare/groups.json	group-compare	explicit	nonroot	groups	groupCompareFalse	compare_member_false_missing	1000	before	1	1000	1000	1000	1000	1002	80.35648300000017
explicit-group-compare/groups.json	group-compare	explicit	nonroot	groups	groupCompareFalse	compare_member_false_missing	1000	current	1	1000	1000	1000	1000	1002	83.22879200000003
explicit-group-compare/groups.json	group-compare	explicit	nonroot	groups	groupCompareFalse	compare_member_false_missing	1000	openldap	1	1000	1000	1000	1000	1002	66.13536599999995
explicit-group-compare/groups.json	group-compare	explicit	nonroot	groups	groupCompareFalse	compare_member_false_missing	1000	before	2	1000	1000	1000	1000	1002	79.74875700000008
explicit-group-compare/groups.json	group-compare	explicit	nonroot	groups	groupCompareFalse	compare_member_false_missing	1000	current	2	1000	1000	1000	1000	1002	84.56422199999992
explicit-group-compare/groups.json	group-compare	explicit	nonroot	groups	groupCompareFalse	compare_member_false_missing	1000	openldap	2	1000	1000	1000	1000	1002	65.22266800000006
explicit-group-compare/groups.json	group-compare	explicit	nonroot	groups	groupCompareFalse	compare_member_false_missing	1000	before	3	1000	1000	1000	1000	1002	81.02379400000012
explicit-group-compare/groups.json	group-compare	explicit	nonroot	groups	groupCompareFalse	compare_member_false_missing	1000	current	3	1000	1000	1000	1000	1002	83.03269799999998
explicit-group-compare/groups.json	group-compare	explicit	nonroot	groups	groupCompareFalse	compare_member_false_missing	1000	openldap	3	1000	1000	1000	1000	1002	65.59685099999996
explicit-group-compare/groups.json	group-compare	explicit	nonroot	groups	groupCompareFalse	compare_member_false_missing	1000	before	4	1000	1000	1000	1000	1002	81.13708399999993
explicit-group-compare/groups.json	group-compare	explicit	nonroot	groups	groupCompareFalse	compare_member_false_missing	1000	current	4	1000	1000	1000	1000	1002	82.70961000000004
explicit-group-compare/groups.json	group-compare	explicit	nonroot	groups	groupCompareFalse	compare_member_false_missing	1000	openldap	4	1000	1000	1000	1000	1002	66.09577500000002
explicit-group-compare/groups.json	group-compare	explicit	nonroot	groups	groupCompareFalse	compare_member_false_missing	1000	before	5	1000	1000	1000	1000	1002	79.15578700000007
explicit-group-compare/groups.json	group-compare	explicit	nonroot	groups	groupCompareFalse	compare_member_false_missing	1000	current	5	1000	1000	1000	1000	1002	80.22940300000006
explicit-group-compare/groups.json	group-compare	explicit	nonroot	groups	groupCompareFalse	compare_member_false_missing	1000	openldap	5	1000	1000	1000	1000	1002	64.73348800000001
explicit-group-compare/groups.json	group-compare	explicit	nonroot	groups	groupCompareFalse	compare_member_false_missing	1000	before	6	1000	1000	1000	1000	1002	80.253499
explicit-group-compare/groups.json	group-compare	explicit	nonroot	groups	groupCompareFalse	compare_member_false_missing	1000	current	6	1000	1000	1000	1000	1002	82.45209499999996
explicit-group-compare/groups.json	group-compare	explicit	nonroot	groups	groupCompareFalse	compare_member_false_missing	1000	openldap	6	1000	1000	1000	1000	1002	64.76382500000003
explicit-group-compare/groups.json	group-compare	explicit	nonroot	groups	groupCompareFalse	compare_member_false_missing	1000	before	7	1000	1000	1000	1000	1002	81.20775900000011
explicit-group-compare/groups.json	group-compare	explicit	nonroot	groups	groupCompareFalse	compare_member_false_missing	1000	current	7	1000	1000	1000	1000	1002	79.49600800000002
explicit-group-compare/groups.json	group-compare	explicit	nonroot	groups	groupCompareFalse	compare_member_false_missing	1000	openldap	7	1000	1000	1000	1000	1002	63.93719899999998
explicit-group-compare/smoke.json	group-compare	explicit	nonroot	smoke	groupCompareTrueFirst	compare_member_true_first	10	before	1	2	2	2	2	4	0.486876
explicit-group-compare/smoke.json	group-compare	explicit	nonroot	smoke	groupCompareTrueFirst	compare_member_true_first	10	current	1	2	2	2	2	4	0.42920800000000003
explicit-group-compare/smoke.json	group-compare	explicit	nonroot	smoke	groupCompareTrueFirst	compare_member_true_first	10	openldap	1	2	2	2	2	4	0.23116599999999998
explicit-group-compare/smoke.json	group-compare	explicit	nonroot	smoke	groupCompareTrueFirst	compare_member_true_first	1000	before	1	2	2	2	2	4	0.32112399999999997
explicit-group-compare/smoke.json	group-compare	explicit	nonroot	smoke	groupCompareTrueFirst	compare_member_true_first	1000	current	1	2	2	2	2	4	0.384584
explicit-group-compare/smoke.json	group-compare	explicit	nonroot	smoke	groupCompareTrueFirst	compare_member_true_first	1000	openldap	1	2	2	2	2	4	0.280167
explicit-group-compare/smoke.json	group-compare	explicit	nonroot	smoke	groupCompareTrueLast	compare_member_true_last	10	before	1	2	2	2	2	4	0.282332
explicit-group-compare/smoke.json	group-compare	explicit	nonroot	smoke	groupCompareTrueLast	compare_member_true_last	10	current	1	2	2	2	2	4	0.278417
explicit-group-compare/smoke.json	group-compare	explicit	nonroot	smoke	groupCompareTrueLast	compare_member_true_last	10	openldap	1	2	2	2	2	4	0.21920800000000001
explicit-group-compare/smoke.json	group-compare	explicit	nonroot	smoke	groupCompareTrueLast	compare_member_true_last	1000	before	1	2	2	2	2	4	0.252083
explicit-group-compare/smoke.json	group-compare	explicit	nonroot	smoke	groupCompareTrueLast	compare_member_true_last	1000	current	1	2	2	2	2	4	0.270667
explicit-group-compare/smoke.json	group-compare	explicit	nonroot	smoke	groupCompareTrueLast	compare_member_true_last	1000	openldap	1	2	2	2	2	4	0.23050099999999998
explicit-group-compare/smoke.json	group-compare	explicit	nonroot	smoke	groupCompareFalse	compare_member_false_missing	10	before	1	2	2	2	2	4	0.32916599999999996
explicit-group-compare/smoke.json	group-compare	explicit	nonroot	smoke	groupCompareFalse	compare_member_false_missing	10	current	1	2	2	2	2	4	0.288333
explicit-group-compare/smoke.json	group-compare	explicit	nonroot	smoke	groupCompareFalse	compare_member_false_missing	10	openldap	1	2	2	2	2	4	0.212376
explicit-group-compare/smoke.json	group-compare	explicit	nonroot	smoke	groupCompareFalse	compare_member_false_missing	1000	before	1	2	2	2	2	4	0.297959
explicit-group-compare/smoke.json	group-compare	explicit	nonroot	smoke	groupCompareFalse	compare_member_false_missing	1000	current	1	2	2	2	2	4	0.293416
explicit-group-compare/smoke.json	group-compare	explicit	nonroot	smoke	groupCompareFalse	compare_member_false_missing	1000	openldap	1	2	2	2	2	4	0.206665
default-group-compare/groups.json	group-compare	default	nonroot	groups	groupCompareTrueFirst	compare_member_true_first	10	before	1	1000	1000	1000	1000	1002	81.05740400000005
default-group-compare/groups.json	group-compare	default	nonroot	groups	groupCompareTrueFirst	compare_member_true_first	10	current	1	1000	1000	1000	1000	1002	82.57771200000005
default-group-compare/groups.json	group-compare	default	nonroot	groups	groupCompareTrueFirst	compare_member_true_first	10	openldap	1	1000	1000	1000	1000	1002	65.96005199999992
default-group-compare/groups.json	group-compare	default	nonroot	groups	groupCompareTrueFirst	compare_member_true_first	10	before	2	1000	1000	1000	1000	1002	82.6604379999999
default-group-compare/groups.json	group-compare	default	nonroot	groups	groupCompareTrueFirst	compare_member_true_first	10	current	2	1000	1000	1000	1000	1002	82.16088300000003
default-group-compare/groups.json	group-compare	default	nonroot	groups	groupCompareTrueFirst	compare_member_true_first	10	openldap	2	1000	1000	1000	1000	1002	65.96361599999993
default-group-compare/groups.json	group-compare	default	nonroot	groups	groupCompareTrueFirst	compare_member_true_first	10	before	3	1000	1000	1000	1000	1002	86.19548100000004
default-group-compare/groups.json	group-compare	default	nonroot	groups	groupCompareTrueFirst	compare_member_true_first	10	current	3	1000	1000	1000	1000	1002	85.36305000000003
default-group-compare/groups.json	group-compare	default	nonroot	groups	groupCompareTrueFirst	compare_member_true_first	10	openldap	3	1000	1000	1000	1000	1002	69.365924
default-group-compare/groups.json	group-compare	default	nonroot	groups	groupCompareTrueFirst	compare_member_true_first	10	before	4	1000	1000	1000	1000	1002	80.26808300000003
default-group-compare/groups.json	group-compare	default	nonroot	groups	groupCompareTrueFirst	compare_member_true_first	10	current	4	1000	1000	1000	1000	1002	82.98569099999995
default-group-compare/groups.json	group-compare	default	nonroot	groups	groupCompareTrueFirst	compare_member_true_first	10	openldap	4	1000	1000	1000	1000	1002	65.10606599999998
default-group-compare/groups.json	group-compare	default	nonroot	groups	groupCompareTrueFirst	compare_member_true_first	10	before	5	1000	1000	1000	1000	1002	82.78665999999993
default-group-compare/groups.json	group-compare	default	nonroot	groups	groupCompareTrueFirst	compare_member_true_first	10	current	5	1000	1000	1000	1000	1002	82.59803600000002
default-group-compare/groups.json	group-compare	default	nonroot	groups	groupCompareTrueFirst	compare_member_true_first	10	openldap	5	1000	1000	1000	1000	1002	67.59967799999994
default-group-compare/groups.json	group-compare	default	nonroot	groups	groupCompareTrueFirst	compare_member_true_first	10	before	6	1000	1000	1000	1000	1002	81.31730399999992
default-group-compare/groups.json	group-compare	default	nonroot	groups	groupCompareTrueFirst	compare_member_true_first	10	current	6	1000	1000	1000	1000	1002	80.59716899999994
default-group-compare/groups.json	group-compare	default	nonroot	groups	groupCompareTrueFirst	compare_member_true_first	10	openldap	6	1000	1000	1000	1000	1002	65.53966299999996
default-group-compare/groups.json	group-compare	default	nonroot	groups	groupCompareTrueFirst	compare_member_true_first	10	before	7	1000	1000	1000	1000	1002	80.80796400000004
default-group-compare/groups.json	group-compare	default	nonroot	groups	groupCompareTrueFirst	compare_member_true_first	10	current	7	1000	1000	1000	1000	1002	81.38450900000014
default-group-compare/groups.json	group-compare	default	nonroot	groups	groupCompareTrueFirst	compare_member_true_first	10	openldap	7	1000	1000	1000	1000	1002	65.47695399999996
default-group-compare/groups.json	group-compare	default	nonroot	groups	groupCompareTrueFirst	compare_member_true_first	1000	before	1	1000	1000	1000	1000	1002	82.20553600000005
default-group-compare/groups.json	group-compare	default	nonroot	groups	groupCompareTrueFirst	compare_member_true_first	1000	current	1	1000	1000	1000	1000	1002	81.30671600000004
default-group-compare/groups.json	group-compare	default	nonroot	groups	groupCompareTrueFirst	compare_member_true_first	1000	openldap	1	1000	1000	1000	1000	1002	67.92539699999992
default-group-compare/groups.json	group-compare	default	nonroot	groups	groupCompareTrueFirst	compare_member_true_first	1000	before	2	1000	1000	1000	1000	1002	87.28825899999993
default-group-compare/groups.json	group-compare	default	nonroot	groups	groupCompareTrueFirst	compare_member_true_first	1000	current	2	1000	1000	1000	1000	1002	88.55876900000013
default-group-compare/groups.json	group-compare	default	nonroot	groups	groupCompareTrueFirst	compare_member_true_first	1000	openldap	2	1000	1000	1000	1000	1002	69.83127599999995
default-group-compare/groups.json	group-compare	default	nonroot	groups	groupCompareTrueFirst	compare_member_true_first	1000	before	3	1000	1000	1000	1000	1002	80.83228899999995
default-group-compare/groups.json	group-compare	default	nonroot	groups	groupCompareTrueFirst	compare_member_true_first	1000	current	3	1000	1000	1000	1000	1002	81.65809200000008
default-group-compare/groups.json	group-compare	default	nonroot	groups	groupCompareTrueFirst	compare_member_true_first	1000	openldap	3	1000	1000	1000	1000	1002	66.33183600000004
default-group-compare/groups.json	group-compare	default	nonroot	groups	groupCompareTrueFirst	compare_member_true_first	1000	before	4	1000	1000	1000	1000	1002	82.13537600000018
default-group-compare/groups.json	group-compare	default	nonroot	groups	groupCompareTrueFirst	compare_member_true_first	1000	current	4	1000	1000	1000	1000	1002	80.85749900000015
default-group-compare/groups.json	group-compare	default	nonroot	groups	groupCompareTrueFirst	compare_member_true_first	1000	openldap	4	1000	1000	1000	1000	1002	67.15482700000001
default-group-compare/groups.json	group-compare	default	nonroot	groups	groupCompareTrueFirst	compare_member_true_first	1000	before	5	1000	1000	1000	1000	1002	84.05073100000006
default-group-compare/groups.json	group-compare	default	nonroot	groups	groupCompareTrueFirst	compare_member_true_first	1000	current	5	1000	1000	1000	1000	1002	83.19604799999999
default-group-compare/groups.json	group-compare	default	nonroot	groups	groupCompareTrueFirst	compare_member_true_first	1000	openldap	5	1000	1000	1000	1000	1002	67.26691699999998
default-group-compare/groups.json	group-compare	default	nonroot	groups	groupCompareTrueFirst	compare_member_true_first	1000	before	6	1000	1000	1000	1000	1002	85.65712499999992
default-group-compare/groups.json	group-compare	default	nonroot	groups	groupCompareTrueFirst	compare_member_true_first	1000	current	6	1000	1000	1000	1000	1002	85.53220299999991
default-group-compare/groups.json	group-compare	default	nonroot	groups	groupCompareTrueFirst	compare_member_true_first	1000	openldap	6	1000	1000	1000	1000	1002	65.78771000000015
default-group-compare/groups.json	group-compare	default	nonroot	groups	groupCompareTrueFirst	compare_member_true_first	1000	before	7	1000	1000	1000	1000	1002	83.50417299999998
default-group-compare/groups.json	group-compare	default	nonroot	groups	groupCompareTrueFirst	compare_member_true_first	1000	current	7	1000	1000	1000	1000	1002	83.29159299999999
default-group-compare/groups.json	group-compare	default	nonroot	groups	groupCompareTrueFirst	compare_member_true_first	1000	openldap	7	1000	1000	1000	1000	1002	70.16340899999997
default-group-compare/groups.json	group-compare	default	nonroot	groups	groupCompareTrueLast	compare_member_true_last	10	before	1	1000	1000	1000	1000	1002	81.71523999999988
default-group-compare/groups.json	group-compare	default	nonroot	groups	groupCompareTrueLast	compare_member_true_last	10	current	1	1000	1000	1000	1000	1002	82.4277769999999
default-group-compare/groups.json	group-compare	default	nonroot	groups	groupCompareTrueLast	compare_member_true_last	10	openldap	1	1000	1000	1000	1000	1002	66.32965500000002
default-group-compare/groups.json	group-compare	default	nonroot	groups	groupCompareTrueLast	compare_member_true_last	10	before	2	1000	1000	1000	1000	1002	82.33554099999998
default-group-compare/groups.json	group-compare	default	nonroot	groups	groupCompareTrueLast	compare_member_true_last	10	current	2	1000	1000	1000	1000	1002	81.88059200000016
default-group-compare/groups.json	group-compare	default	nonroot	groups	groupCompareTrueLast	compare_member_true_last	10	openldap	2	1000	1000	1000	1000	1002	65.53637900000007
default-group-compare/groups.json	group-compare	default	nonroot	groups	groupCompareTrueLast	compare_member_true_last	10	before	3	1000	1000	1000	1000	1002	80.38035600000002
default-group-compare/groups.json	group-compare	default	nonroot	groups	groupCompareTrueLast	compare_member_true_last	10	current	3	1000	1000	1000	1000	1002	79.69584200000011
default-group-compare/groups.json	group-compare	default	nonroot	groups	groupCompareTrueLast	compare_member_true_last	10	openldap	3	1000	1000	1000	1000	1002	64.59182899999988
default-group-compare/groups.json	group-compare	default	nonroot	groups	groupCompareTrueLast	compare_member_true_last	10	before	4	1000	1000	1000	1000	1002	82.93474199999999
default-group-compare/groups.json	group-compare	default	nonroot	groups	groupCompareTrueLast	compare_member_true_last	10	current	4	1000	1000	1000	1000	1002	82.574445
default-group-compare/groups.json	group-compare	default	nonroot	groups	groupCompareTrueLast	compare_member_true_last	10	openldap	4	1000	1000	1000	1000	1002	66.32961799999998
default-group-compare/groups.json	group-compare	default	nonroot	groups	groupCompareTrueLast	compare_member_true_last	10	before	5	1000	1000	1000	1000	1002	79.14838699999991
default-group-compare/groups.json	group-compare	default	nonroot	groups	groupCompareTrueLast	compare_member_true_last	10	current	5	1000	1000	1000	1000	1002	77.89036800000005
default-group-compare/groups.json	group-compare	default	nonroot	groups	groupCompareTrueLast	compare_member_true_last	10	openldap	5	1000	1000	1000	1000	1002	62.76245699999994
default-group-compare/groups.json	group-compare	default	nonroot	groups	groupCompareTrueLast	compare_member_true_last	10	before	6	1000	1000	1000	1000	1002	79.11686899999998
default-group-compare/groups.json	group-compare	default	nonroot	groups	groupCompareTrueLast	compare_member_true_last	10	current	6	1000	1000	1000	1000	1002	80.55573900000005
default-group-compare/groups.json	group-compare	default	nonroot	groups	groupCompareTrueLast	compare_member_true_last	10	openldap	6	1000	1000	1000	1000	1002	67.39760100000001
default-group-compare/groups.json	group-compare	default	nonroot	groups	groupCompareTrueLast	compare_member_true_last	10	before	7	1000	1000	1000	1000	1002	83.75557900000004
default-group-compare/groups.json	group-compare	default	nonroot	groups	groupCompareTrueLast	compare_member_true_last	10	current	7	1000	1000	1000	1000	1002	82.02974599999993
default-group-compare/groups.json	group-compare	default	nonroot	groups	groupCompareTrueLast	compare_member_true_last	10	openldap	7	1000	1000	1000	1000	1002	66.94349100000004
default-group-compare/groups.json	group-compare	default	nonroot	groups	groupCompareTrueLast	compare_member_true_last	1000	before	1	1000	1000	1000	1000	1002	85.29961199999993
default-group-compare/groups.json	group-compare	default	nonroot	groups	groupCompareTrueLast	compare_member_true_last	1000	current	1	1000	1000	1000	1000	1002	84.80966199999996
default-group-compare/groups.json	group-compare	default	nonroot	groups	groupCompareTrueLast	compare_member_true_last	1000	openldap	1	1000	1000	1000	1000	1002	66.73663399999997
default-group-compare/groups.json	group-compare	default	nonroot	groups	groupCompareTrueLast	compare_member_true_last	1000	before	2	1000	1000	1000	1000	1002	80.3723399999999
default-group-compare/groups.json	group-compare	default	nonroot	groups	groupCompareTrueLast	compare_member_true_last	1000	current	2	1000	1000	1000	1000	1002	80.86028700000006
default-group-compare/groups.json	group-compare	default	nonroot	groups	groupCompareTrueLast	compare_member_true_last	1000	openldap	2	1000	1000	1000	1000	1002	66.22005200000001
default-group-compare/groups.json	group-compare	default	nonroot	groups	groupCompareTrueLast	compare_member_true_last	1000	before	3	1000	1000	1000	1000	1002	81.29006500000004
default-group-compare/groups.json	group-compare	default	nonroot	groups	groupCompareTrueLast	compare_member_true_last	1000	current	3	1000	1000	1000	1000	1002	81.12811300000001
default-group-compare/groups.json	group-compare	default	nonroot	groups	groupCompareTrueLast	compare_member_true_last	1000	openldap	3	1000	1000	1000	1000	1002	68.33137900000006
default-group-compare/groups.json	group-compare	default	nonroot	groups	groupCompareTrueLast	compare_member_true_last	1000	before	4	1000	1000	1000	1000	1002	79.63261900000002
default-group-compare/groups.json	group-compare	default	nonroot	groups	groupCompareTrueLast	compare_member_true_last	1000	current	4	1000	1000	1000	1000	1002	78.38349299999997
default-group-compare/groups.json	group-compare	default	nonroot	groups	groupCompareTrueLast	compare_member_true_last	1000	openldap	4	1000	1000	1000	1000	1002	64.69161099999998
default-group-compare/groups.json	group-compare	default	nonroot	groups	groupCompareTrueLast	compare_member_true_last	1000	before	5	1000	1000	1000	1000	1002	81.73729599999996
default-group-compare/groups.json	group-compare	default	nonroot	groups	groupCompareTrueLast	compare_member_true_last	1000	current	5	1000	1000	1000	1000	1002	84.51887100000005
default-group-compare/groups.json	group-compare	default	nonroot	groups	groupCompareTrueLast	compare_member_true_last	1000	openldap	5	1000	1000	1000	1000	1002	67.10701000000002
default-group-compare/groups.json	group-compare	default	nonroot	groups	groupCompareTrueLast	compare_member_true_last	1000	before	6	1000	1000	1000	1000	1002	92.52471699999995
default-group-compare/groups.json	group-compare	default	nonroot	groups	groupCompareTrueLast	compare_member_true_last	1000	current	6	1000	1000	1000	1000	1002	86.18441800000015
default-group-compare/groups.json	group-compare	default	nonroot	groups	groupCompareTrueLast	compare_member_true_last	1000	openldap	6	1000	1000	1000	1000	1002	70.04468100000004
default-group-compare/groups.json	group-compare	default	nonroot	groups	groupCompareTrueLast	compare_member_true_last	1000	before	7	1000	1000	1000	1000	1002	84.7290059999999
default-group-compare/groups.json	group-compare	default	nonroot	groups	groupCompareTrueLast	compare_member_true_last	1000	current	7	1000	1000	1000	1000	1002	87.2499350000001
default-group-compare/groups.json	group-compare	default	nonroot	groups	groupCompareTrueLast	compare_member_true_last	1000	openldap	7	1000	1000	1000	1000	1002	72.17645200000008
default-group-compare/groups.json	group-compare	default	nonroot	groups	groupCompareFalse	compare_member_false_missing	10	before	1	1000	1000	1000	1000	1002	79.928548
default-group-compare/groups.json	group-compare	default	nonroot	groups	groupCompareFalse	compare_member_false_missing	10	current	1	1000	1000	1000	1000	1002	79.90496499999993
default-group-compare/groups.json	group-compare	default	nonroot	groups	groupCompareFalse	compare_member_false_missing	10	openldap	1	1000	1000	1000	1000	1002	64.81989299999996
default-group-compare/groups.json	group-compare	default	nonroot	groups	groupCompareFalse	compare_member_false_missing	10	before	2	1000	1000	1000	1000	1002	85.20667600000007
default-group-compare/groups.json	group-compare	default	nonroot	groups	groupCompareFalse	compare_member_false_missing	10	current	2	1000	1000	1000	1000	1002	87.56588200000007
default-group-compare/groups.json	group-compare	default	nonroot	groups	groupCompareFalse	compare_member_false_missing	10	openldap	2	1000	1000	1000	1000	1002	68.82599999999998
default-group-compare/groups.json	group-compare	default	nonroot	groups	groupCompareFalse	compare_member_false_missing	10	before	3	1000	1000	1000	1000	1002	100.97952599999985
default-group-compare/groups.json	group-compare	default	nonroot	groups	groupCompareFalse	compare_member_false_missing	10	current	3	1000	1000	1000	1000	1002	96.28725200000002
default-group-compare/groups.json	group-compare	default	nonroot	groups	groupCompareFalse	compare_member_false_missing	10	openldap	3	1000	1000	1000	1000	1002	75.28646400000001
default-group-compare/groups.json	group-compare	default	nonroot	groups	groupCompareFalse	compare_member_false_missing	10	before	4	1000	1000	1000	1000	1002	83.12199399999993
default-group-compare/groups.json	group-compare	default	nonroot	groups	groupCompareFalse	compare_member_false_missing	10	current	4	1000	1000	1000	1000	1002	82.14857400000004
default-group-compare/groups.json	group-compare	default	nonroot	groups	groupCompareFalse	compare_member_false_missing	10	openldap	4	1000	1000	1000	1000	1002	66.06313
default-group-compare/groups.json	group-compare	default	nonroot	groups	groupCompareFalse	compare_member_false_missing	10	before	5	1000	1000	1000	1000	1002	80.75954200000001
default-group-compare/groups.json	group-compare	default	nonroot	groups	groupCompareFalse	compare_member_false_missing	10	current	5	1000	1000	1000	1000	1002	83.32050000000008
default-group-compare/groups.json	group-compare	default	nonroot	groups	groupCompareFalse	compare_member_false_missing	10	openldap	5	1000	1000	1000	1000	1002	66.62007499999993
default-group-compare/groups.json	group-compare	default	nonroot	groups	groupCompareFalse	compare_member_false_missing	10	before	6	1000	1000	1000	1000	1002	82.79524399999994
default-group-compare/groups.json	group-compare	default	nonroot	groups	groupCompareFalse	compare_member_false_missing	10	current	6	1000	1000	1000	1000	1002	82.62158200000003
default-group-compare/groups.json	group-compare	default	nonroot	groups	groupCompareFalse	compare_member_false_missing	10	openldap	6	1000	1000	1000	1000	1002	65.98791899999998
default-group-compare/groups.json	group-compare	default	nonroot	groups	groupCompareFalse	compare_member_false_missing	10	before	7	1000	1000	1000	1000	1002	80.33555399999997
default-group-compare/groups.json	group-compare	default	nonroot	groups	groupCompareFalse	compare_member_false_missing	10	current	7	1000	1000	1000	1000	1002	80.78759600000006
default-group-compare/groups.json	group-compare	default	nonroot	groups	groupCompareFalse	compare_member_false_missing	10	openldap	7	1000	1000	1000	1000	1002	65.1324270000001
default-group-compare/groups.json	group-compare	default	nonroot	groups	groupCompareFalse	compare_member_false_missing	1000	before	1	1000	1000	1000	1000	1002	80.41018599999992
default-group-compare/groups.json	group-compare	default	nonroot	groups	groupCompareFalse	compare_member_false_missing	1000	current	1	1000	1000	1000	1000	1002	80.78125499999996
default-group-compare/groups.json	group-compare	default	nonroot	groups	groupCompareFalse	compare_member_false_missing	1000	openldap	1	1000	1000	1000	1000	1002	65.42048200000008
default-group-compare/groups.json	group-compare	default	nonroot	groups	groupCompareFalse	compare_member_false_missing	1000	before	2	1000	1000	1000	1000	1002	78.84852900000011
default-group-compare/groups.json	group-compare	default	nonroot	groups	groupCompareFalse	compare_member_false_missing	1000	current	2	1000	1000	1000	1000	1002	80.44928300000004
default-group-compare/groups.json	group-compare	default	nonroot	groups	groupCompareFalse	compare_member_false_missing	1000	openldap	2	1000	1000	1000	1000	1002	62.52178700000007
default-group-compare/groups.json	group-compare	default	nonroot	groups	groupCompareFalse	compare_member_false_missing	1000	before	3	1000	1000	1000	1000	1002	86.65258599999993
default-group-compare/groups.json	group-compare	default	nonroot	groups	groupCompareFalse	compare_member_false_missing	1000	current	3	1000	1000	1000	1000	1002	81.3126230000001
default-group-compare/groups.json	group-compare	default	nonroot	groups	groupCompareFalse	compare_member_false_missing	1000	openldap	3	1000	1000	1000	1000	1002	66.01979499999999
default-group-compare/groups.json	group-compare	default	nonroot	groups	groupCompareFalse	compare_member_false_missing	1000	before	4	1000	1000	1000	1000	1002	82.30248800000003
default-group-compare/groups.json	group-compare	default	nonroot	groups	groupCompareFalse	compare_member_false_missing	1000	current	4	1000	1000	1000	1000	1002	83.02674799999988
default-group-compare/groups.json	group-compare	default	nonroot	groups	groupCompareFalse	compare_member_false_missing	1000	openldap	4	1000	1000	1000	1000	1002	68.3178930000001
default-group-compare/groups.json	group-compare	default	nonroot	groups	groupCompareFalse	compare_member_false_missing	1000	before	5	1000	1000	1000	1000	1002	80.38772999999995
default-group-compare/groups.json	group-compare	default	nonroot	groups	groupCompareFalse	compare_member_false_missing	1000	current	5	1000	1000	1000	1000	1002	84.17148600000012
default-group-compare/groups.json	group-compare	default	nonroot	groups	groupCompareFalse	compare_member_false_missing	1000	openldap	5	1000	1000	1000	1000	1002	65.37560500000009
default-group-compare/groups.json	group-compare	default	nonroot	groups	groupCompareFalse	compare_member_false_missing	1000	before	6	1000	1000	1000	1000	1002	79.70791199999998
default-group-compare/groups.json	group-compare	default	nonroot	groups	groupCompareFalse	compare_member_false_missing	1000	current	6	1000	1000	1000	1000	1002	80.79102199999998
default-group-compare/groups.json	group-compare	default	nonroot	groups	groupCompareFalse	compare_member_false_missing	1000	openldap	6	1000	1000	1000	1000	1002	68.734323
default-group-compare/groups.json	group-compare	default	nonroot	groups	groupCompareFalse	compare_member_false_missing	1000	before	7	1000	1000	1000	1000	1002	81.46037199999995
default-group-compare/groups.json	group-compare	default	nonroot	groups	groupCompareFalse	compare_member_false_missing	1000	current	7	1000	1000	1000	1000	1002	79.91166200000005
default-group-compare/groups.json	group-compare	default	nonroot	groups	groupCompareFalse	compare_member_false_missing	1000	openldap	7	1000	1000	1000	1000	1002	65.6563740000001
default-group-compare/smoke.json	group-compare	default	nonroot	smoke	groupCompareTrueFirst	compare_member_true_first	10	before	1	2	2	2	2	4	0.515417
default-group-compare/smoke.json	group-compare	default	nonroot	smoke	groupCompareTrueFirst	compare_member_true_first	10	current	1	2	2	2	2	4	0.653292
default-group-compare/smoke.json	group-compare	default	nonroot	smoke	groupCompareTrueFirst	compare_member_true_first	10	openldap	1	2	2	2	2	4	0.292125
default-group-compare/smoke.json	group-compare	default	nonroot	smoke	groupCompareTrueFirst	compare_member_true_first	1000	before	1	2	2	2	2	4	0.330333
default-group-compare/smoke.json	group-compare	default	nonroot	smoke	groupCompareTrueFirst	compare_member_true_first	1000	current	1	2	2	2	2	4	0.393417
default-group-compare/smoke.json	group-compare	default	nonroot	smoke	groupCompareTrueFirst	compare_member_true_first	1000	openldap	1	2	2	2	2	4	0.23616700000000002
default-group-compare/smoke.json	group-compare	default	nonroot	smoke	groupCompareTrueLast	compare_member_true_last	10	before	1	2	2	2	2	4	0.368791
default-group-compare/smoke.json	group-compare	default	nonroot	smoke	groupCompareTrueLast	compare_member_true_last	10	current	1	2	2	2	2	4	0.30116699999999996
default-group-compare/smoke.json	group-compare	default	nonroot	smoke	groupCompareTrueLast	compare_member_true_last	10	openldap	1	2	2	2	2	4	0.248749
default-group-compare/smoke.json	group-compare	default	nonroot	smoke	groupCompareTrueLast	compare_member_true_last	1000	before	1	2	2	2	2	4	0.327542
default-group-compare/smoke.json	group-compare	default	nonroot	smoke	groupCompareTrueLast	compare_member_true_last	1000	current	1	2	2	2	2	4	0.376293
default-group-compare/smoke.json	group-compare	default	nonroot	smoke	groupCompareTrueLast	compare_member_true_last	1000	openldap	1	2	2	2	2	4	0.303874
default-group-compare/smoke.json	group-compare	default	nonroot	smoke	groupCompareFalse	compare_member_false_missing	10	before	1	2	2	2	2	4	0.328458
default-group-compare/smoke.json	group-compare	default	nonroot	smoke	groupCompareFalse	compare_member_false_missing	10	current	1	2	2	2	2	4	0.38320800000000005
default-group-compare/smoke.json	group-compare	default	nonroot	smoke	groupCompareFalse	compare_member_false_missing	10	openldap	1	2	2	2	2	4	0.31
default-group-compare/smoke.json	group-compare	default	nonroot	smoke	groupCompareFalse	compare_member_false_missing	1000	before	1	2	2	2	2	4	0.27196000000000004
default-group-compare/smoke.json	group-compare	default	nonroot	smoke	groupCompareFalse	compare_member_false_missing	1000	current	1	2	2	2	2	4	0.32371
default-group-compare/smoke.json	group-compare	default	nonroot	smoke	groupCompareFalse	compare_member_false_missing	1000	openldap	1	2	2	2	2	4	0.21841700000000003
