suite	access_mode	identity	variant	stage	method	members	endpoint	repeat	operations	total_ms	source
common	explicit	nonroot	hot	userBind	simple_bind_ssha	0	before	1	1000	98.02576599999996	explicit-final/hot.json
common	explicit	nonroot	hot	userBind	simple_bind_ssha	0	current	1	1000	112.27776100000011	explicit-final/hot.json
common	explicit	nonroot	hot	userBind	simple_bind_ssha	0	openldap	1	1000	81.32402600000012	explicit-final/hot.json
common	explicit	nonroot	hot	userBind	simple_bind_ssha	0	before	2	1000	94.21158799999995	explicit-final/hot.json
common	explicit	nonroot	hot	userBind	simple_bind_ssha	0	current	2	1000	97.09473500000007	explicit-final/hot.json
common	explicit	nonroot	hot	userBind	simple_bind_ssha	0	openldap	2	1000	76.31498999999982	explicit-final/hot.json
common	explicit	nonroot	hot	userBind	simple_bind_ssha	0	before	3	1000	88.87126300000006	explicit-final/hot.json
common	explicit	nonroot	hot	userBind	simple_bind_ssha	0	current	3	1000	89.89129699999998	explicit-final/hot.json
common	explicit	nonroot	hot	userBind	simple_bind_ssha	0	openldap	3	1000	72.10950000000005	explicit-final/hot.json
common	explicit	nonroot	hot	userBind	simple_bind_ssha	0	before	4	1000	88.54051200000006	explicit-final/hot.json
common	explicit	nonroot	hot	userBind	simple_bind_ssha	0	current	4	1000	89.36962399999999	explicit-final/hot.json
common	explicit	nonroot	hot	userBind	simple_bind_ssha	0	openldap	4	1000	71.20269999999996	explicit-final/hot.json
common	explicit	nonroot	hot	userBind	simple_bind_ssha	0	before	5	1000	100.37558199999994	explicit-final/hot.json
common	explicit	nonroot	hot	userBind	simple_bind_ssha	0	current	5	1000	104.49441000000012	explicit-final/hot.json
common	explicit	nonroot	hot	userBind	simple_bind_ssha	0	openldap	5	1000	82.10734800000004	explicit-final/hot.json
common	explicit	nonroot	hot	userBind	simple_bind_ssha	0	before	6	1000	102.21766800000019	explicit-final/hot.json
common	explicit	nonroot	hot	userBind	simple_bind_ssha	0	current	6	1000	108.91866600000013	explicit-final/hot.json
common	explicit	nonroot	hot	userBind	simple_bind_ssha	0	openldap	6	1000	84.28390399999994	explicit-final/hot.json
common	explicit	nonroot	hot	userBind	simple_bind_ssha	0	before	7	1000	104.04354000000004	explicit-final/hot.json
common	explicit	nonroot	hot	userBind	simple_bind_ssha	0	current	7	1000	103.84162	explicit-final/hot.json
common	explicit	nonroot	hot	userBind	simple_bind_ssha	0	openldap	7	1000	84.11734200000008	explicit-final/hot.json
common	explicit	nonroot	hot	userBind	simple_bind_plaintext	0	before	1	1000	99.50565700000001	explicit-final/hot.json
common	explicit	nonroot	hot	userBind	simple_bind_plaintext	0	current	1	1000	98.76867599999996	explicit-final/hot.json
common	explicit	nonroot	hot	userBind	simple_bind_plaintext	0	openldap	1	1000	79.85742700000016	explicit-final/hot.json
common	explicit	nonroot	hot	userBind	simple_bind_plaintext	0	before	2	1000	94.19780900000002	explicit-final/hot.json
common	explicit	nonroot	hot	userBind	simple_bind_plaintext	0	current	2	1000	93.05150600000012	explicit-final/hot.json
common	explicit	nonroot	hot	userBind	simple_bind_plaintext	0	openldap	2	1000	77.02132700000001	explicit-final/hot.json
common	explicit	nonroot	hot	userBind	simple_bind_plaintext	0	before	3	1000	92.37670699999987	explicit-final/hot.json
common	explicit	nonroot	hot	userBind	simple_bind_plaintext	0	current	3	1000	88.49950200000006	explicit-final/hot.json
common	explicit	nonroot	hot	userBind	simple_bind_plaintext	0	openldap	3	1000	71.14035099999995	explicit-final/hot.json
common	explicit	nonroot	hot	userBind	simple_bind_plaintext	0	before	4	1000	104.35695299999983	explicit-final/hot.json
common	explicit	nonroot	hot	userBind	simple_bind_plaintext	0	current	4	1000	105.54582999999988	explicit-final/hot.json
common	explicit	nonroot	hot	userBind	simple_bind_plaintext	0	openldap	4	1000	84.72043200000009	explicit-final/hot.json
common	explicit	nonroot	hot	userBind	simple_bind_plaintext	0	before	5	1000	94.16599599999986	explicit-final/hot.json
common	explicit	nonroot	hot	userBind	simple_bind_plaintext	0	current	5	1000	93.62017799999983	explicit-final/hot.json
common	explicit	nonroot	hot	userBind	simple_bind_plaintext	0	openldap	5	1000	76.526571	explicit-final/hot.json
common	explicit	nonroot	hot	userBind	simple_bind_plaintext	0	before	6	1000	99.546746	explicit-final/hot.json
common	explicit	nonroot	hot	userBind	simple_bind_plaintext	0	current	6	1000	98.10599299999998	explicit-final/hot.json
common	explicit	nonroot	hot	userBind	simple_bind_plaintext	0	openldap	6	1000	76.83850700000004	explicit-final/hot.json
common	explicit	nonroot	hot	userBind	simple_bind_plaintext	0	before	7	1000	159.954666	explicit-final/hot.json
common	explicit	nonroot	hot	userBind	simple_bind_plaintext	0	current	7	1000	115.38129499999998	explicit-final/hot.json
common	explicit	nonroot	hot	userBind	simple_bind_plaintext	0	openldap	7	1000	97.22925599999989	explicit-final/hot.json
common	explicit	nonroot	hot	userBindWrong	simple_bind_ssha	0	before	1	1000	96.96850899999994	explicit-final/hot.json
common	explicit	nonroot	hot	userBindWrong	simple_bind_ssha	0	current	1	1000	95.50793199999997	explicit-final/hot.json
common	explicit	nonroot	hot	userBindWrong	simple_bind_ssha	0	openldap	1	1000	76.02823999999995	explicit-final/hot.json
common	explicit	nonroot	hot	userBindWrong	simple_bind_ssha	0	before	2	1000	95.84650900000004	explicit-final/hot.json
common	explicit	nonroot	hot	userBindWrong	simple_bind_ssha	0	current	2	1000	92.36229	explicit-final/hot.json
common	explicit	nonroot	hot	userBindWrong	simple_bind_ssha	0	openldap	2	1000	77.34486699999997	explicit-final/hot.json
common	explicit	nonroot	hot	userBindWrong	simple_bind_ssha	0	before	3	1000	103.58580400000012	explicit-final/hot.json
common	explicit	nonroot	hot	userBindWrong	simple_bind_ssha	0	current	3	1000	98.66613400000003	explicit-final/hot.json
common	explicit	nonroot	hot	userBindWrong	simple_bind_ssha	0	openldap	3	1000	77.5160400000001	explicit-final/hot.json
common	explicit	nonroot	hot	userBindWrong	simple_bind_ssha	0	before	4	1000	94.02879200000011	explicit-final/hot.json
common	explicit	nonroot	hot	userBindWrong	simple_bind_ssha	0	current	4	1000	95.15931900000004	explicit-final/hot.json
common	explicit	nonroot	hot	userBindWrong	simple_bind_ssha	0	openldap	4	1000	76.11735199999995	explicit-final/hot.json
common	explicit	nonroot	hot	userBindWrong	simple_bind_ssha	0	before	5	1000	94.58968199999987	explicit-final/hot.json
common	explicit	nonroot	hot	userBindWrong	simple_bind_ssha	0	current	5	1000	96.79070199999984	explicit-final/hot.json
common	explicit	nonroot	hot	userBindWrong	simple_bind_ssha	0	openldap	5	1000	78.01262300000005	explicit-final/hot.json
common	explicit	nonroot	hot	userBindWrong	simple_bind_ssha	0	before	6	1000	95.01240500000011	explicit-final/hot.json
common	explicit	nonroot	hot	userBindWrong	simple_bind_ssha	0	current	6	1000	97.41709500000009	explicit-final/hot.json
common	explicit	nonroot	hot	userBindWrong	simple_bind_ssha	0	openldap	6	1000	79.85713700000008	explicit-final/hot.json
common	explicit	nonroot	hot	userBindWrong	simple_bind_ssha	0	before	7	1000	92.00932700000023	explicit-final/hot.json
common	explicit	nonroot	hot	userBindWrong	simple_bind_ssha	0	current	7	1000	89.60594899999998	explicit-final/hot.json
common	explicit	nonroot	hot	userBindWrong	simple_bind_ssha	0	openldap	7	1000	73.09848800000013	explicit-final/hot.json
common	explicit	nonroot	hot	userBindWrong	simple_bind_plaintext	0	before	1	1000	96.20784600000003	explicit-final/hot.json
common	explicit	nonroot	hot	userBindWrong	simple_bind_plaintext	0	current	1	1000	97.89966400000002	explicit-final/hot.json
common	explicit	nonroot	hot	userBindWrong	simple_bind_plaintext	0	openldap	1	1000	78.83796500000001	explicit-final/hot.json
common	explicit	nonroot	hot	userBindWrong	simple_bind_plaintext	0	before	2	1000	95.81788399999992	explicit-final/hot.json
common	explicit	nonroot	hot	userBindWrong	simple_bind_plaintext	0	current	2	1000	92.09975200000005	explicit-final/hot.json
common	explicit	nonroot	hot	userBindWrong	simple_bind_plaintext	0	openldap	2	1000	73.91488300000006	explicit-final/hot.json
common	explicit	nonroot	hot	userBindWrong	simple_bind_plaintext	0	before	3	1000	89.66760499999997	explicit-final/hot.json
common	explicit	nonroot	hot	userBindWrong	simple_bind_plaintext	0	current	3	1000	89.96891100000002	explicit-final/hot.json
common	explicit	nonroot	hot	userBindWrong	simple_bind_plaintext	0	openldap	3	1000	74.34796100000011	explicit-final/hot.json
common	explicit	nonroot	hot	userBindWrong	simple_bind_plaintext	0	before	4	1000	98.97921000000002	explicit-final/hot.json
common	explicit	nonroot	hot	userBindWrong	simple_bind_plaintext	0	current	4	1000	95.0587350000001	explicit-final/hot.json
common	explicit	nonroot	hot	userBindWrong	simple_bind_plaintext	0	openldap	4	1000	75.19050899999993	explicit-final/hot.json
common	explicit	nonroot	hot	userBindWrong	simple_bind_plaintext	0	before	5	1000	90.43307299999987	explicit-final/hot.json
common	explicit	nonroot	hot	userBindWrong	simple_bind_plaintext	0	current	5	1000	92.210998	explicit-final/hot.json
common	explicit	nonroot	hot	userBindWrong	simple_bind_plaintext	0	openldap	5	1000	72.55783499999998	explicit-final/hot.json
common	explicit	nonroot	hot	userBindWrong	simple_bind_plaintext	0	before	6	1000	102.64061899999994	explicit-final/hot.json
common	explicit	nonroot	hot	userBindWrong	simple_bind_plaintext	0	current	6	1000	101.03834500000012	explicit-final/hot.json
common	explicit	nonroot	hot	userBindWrong	simple_bind_plaintext	0	openldap	6	1000	82.0910809999999	explicit-final/hot.json
common	explicit	nonroot	hot	userBindWrong	simple_bind_plaintext	0	before	7	1000	108.2292760000001	explicit-final/hot.json
common	explicit	nonroot	hot	userBindWrong	simple_bind_plaintext	0	current	7	1000	102.21224800000006	explicit-final/hot.json
common	explicit	nonroot	hot	userBindWrong	simple_bind_plaintext	0	openldap	7	1000	82.8219080000001	explicit-final/hot.json
common	explicit	nonroot	hot	nonrootBase	search_nonrootBase	0	before	1	1000	103.44881400000003	explicit-final/hot.json
common	explicit	nonroot	hot	nonrootBase	search_nonrootBase	0	current	1	1000	102.41303399999993	explicit-final/hot.json
common	explicit	nonroot	hot	nonrootBase	search_nonrootBase	0	openldap	1	1000	80.67058199999997	explicit-final/hot.json
common	explicit	nonroot	hot	nonrootBase	search_nonrootBase	0	before	2	1000	127.2936620000001	explicit-final/hot.json
common	explicit	nonroot	hot	nonrootBase	search_nonrootBase	0	current	2	1000	126.37638399999996	explicit-final/hot.json
common	explicit	nonroot	hot	nonrootBase	search_nonrootBase	0	openldap	2	1000	98.05737099999997	explicit-final/hot.json
common	explicit	nonroot	hot	nonrootBase	search_nonrootBase	0	before	3	1000	123.73860499999996	explicit-final/hot.json
common	explicit	nonroot	hot	nonrootBase	search_nonrootBase	0	current	3	1000	124.69572399999973	explicit-final/hot.json
common	explicit	nonroot	hot	nonrootBase	search_nonrootBase	0	openldap	3	1000	101.40979200000007	explicit-final/hot.json
common	explicit	nonroot	hot	nonrootBase	search_nonrootBase	0	before	4	1000	113.13172199999994	explicit-final/hot.json
common	explicit	nonroot	hot	nonrootBase	search_nonrootBase	0	current	4	1000	115.13612300000004	explicit-final/hot.json
common	explicit	nonroot	hot	nonrootBase	search_nonrootBase	0	openldap	4	1000	92.27234400000017	explicit-final/hot.json
common	explicit	nonroot	hot	nonrootBase	search_nonrootBase	0	before	5	1000	107.49597199999994	explicit-final/hot.json
common	explicit	nonroot	hot	nonrootBase	search_nonrootBase	0	current	5	1000	108.80504699999999	explicit-final/hot.json
common	explicit	nonroot	hot	nonrootBase	search_nonrootBase	0	openldap	5	1000	87.35034199999987	explicit-final/hot.json
common	explicit	nonroot	hot	nonrootBase	search_nonrootBase	0	before	6	1000	111.27766700000002	explicit-final/hot.json
common	explicit	nonroot	hot	nonrootBase	search_nonrootBase	0	current	6	1000	106.20306900000004	explicit-final/hot.json
common	explicit	nonroot	hot	nonrootBase	search_nonrootBase	0	openldap	6	1000	85.37528400000001	explicit-final/hot.json
common	explicit	nonroot	hot	nonrootBase	search_nonrootBase	0	before	7	1000	113.18160999999998	explicit-final/hot.json
common	explicit	nonroot	hot	nonrootBase	search_nonrootBase	0	current	7	1000	112.38354900000003	explicit-final/hot.json
common	explicit	nonroot	hot	nonrootBase	search_nonrootBase	0	openldap	7	1000	90.00067899999992	explicit-final/hot.json
common	explicit	nonroot	hot	nonrootEquality	search_nonrootEquality	0	before	1	1000	109.06679299999998	explicit-final/hot.json
common	explicit	nonroot	hot	nonrootEquality	search_nonrootEquality	0	current	1	1000	104.9020169999999	explicit-final/hot.json
common	explicit	nonroot	hot	nonrootEquality	search_nonrootEquality	0	openldap	1	1000	81.31617400000007	explicit-final/hot.json
common	explicit	nonroot	hot	nonrootEquality	search_nonrootEquality	0	before	2	1000	112.25929100000002	explicit-final/hot.json
common	explicit	nonroot	hot	nonrootEquality	search_nonrootEquality	0	current	2	1000	111.92696200000012	explicit-final/hot.json
common	explicit	nonroot	hot	nonrootEquality	search_nonrootEquality	0	openldap	2	1000	85.41125499999997	explicit-final/hot.json
common	explicit	nonroot	hot	nonrootEquality	search_nonrootEquality	0	before	3	1000	103.91609300000007	explicit-final/hot.json
common	explicit	nonroot	hot	nonrootEquality	search_nonrootEquality	0	current	3	1000	103.71835899999999	explicit-final/hot.json
common	explicit	nonroot	hot	nonrootEquality	search_nonrootEquality	0	openldap	3	1000	80.59771200000002	explicit-final/hot.json
common	explicit	nonroot	hot	nonrootEquality	search_nonrootEquality	0	before	4	1000	118.38708299999989	explicit-final/hot.json
common	explicit	nonroot	hot	nonrootEquality	search_nonrootEquality	0	current	4	1000	118.00900100000003	explicit-final/hot.json
common	explicit	nonroot	hot	nonrootEquality	search_nonrootEquality	0	openldap	4	1000	93.08667500000003	explicit-final/hot.json
common	explicit	nonroot	hot	nonrootEquality	search_nonrootEquality	0	before	5	1000	109.94354900000009	explicit-final/hot.json
common	explicit	nonroot	hot	nonrootEquality	search_nonrootEquality	0	current	5	1000	109.83462699999978	explicit-final/hot.json
common	explicit	nonroot	hot	nonrootEquality	search_nonrootEquality	0	openldap	5	1000	84.9989580000001	explicit-final/hot.json
common	explicit	nonroot	hot	nonrootEquality	search_nonrootEquality	0	before	6	1000	104.59290299999992	explicit-final/hot.json
common	explicit	nonroot	hot	nonrootEquality	search_nonrootEquality	0	current	6	1000	107.81524600000013	explicit-final/hot.json
common	explicit	nonroot	hot	nonrootEquality	search_nonrootEquality	0	openldap	6	1000	80.57363299999993	explicit-final/hot.json
common	explicit	nonroot	hot	nonrootEquality	search_nonrootEquality	0	before	7	1000	116.48771100000012	explicit-final/hot.json
common	explicit	nonroot	hot	nonrootEquality	search_nonrootEquality	0	current	7	1000	117.08767799999998	explicit-final/hot.json
common	explicit	nonroot	hot	nonrootEquality	search_nonrootEquality	0	openldap	7	1000	90.96249000000003	explicit-final/hot.json
common	explicit	nonroot	distributed	nonrootBase	search_nonrootBase	0	before	1	1000	118.40365900000006	explicit-final/distributed.json
common	explicit	nonroot	distributed	nonrootBase	search_nonrootBase	0	current	1	1000	118.76605100000003	explicit-final/distributed.json
common	explicit	nonroot	distributed	nonrootBase	search_nonrootBase	0	openldap	1	1000	83.835259	explicit-final/distributed.json
common	explicit	nonroot	distributed	nonrootBase	search_nonrootBase	0	before	2	1000	116.53086999999974	explicit-final/distributed.json
common	explicit	nonroot	distributed	nonrootBase	search_nonrootBase	0	current	2	1000	118.37739199999996	explicit-final/distributed.json
common	explicit	nonroot	distributed	nonrootBase	search_nonrootBase	0	openldap	2	1000	82.41658899999999	explicit-final/distributed.json
common	explicit	nonroot	distributed	nonrootBase	search_nonrootBase	0	before	3	1000	119.08487800000016	explicit-final/distributed.json
common	explicit	nonroot	distributed	nonrootBase	search_nonrootBase	0	current	3	1000	118.59432100000011	explicit-final/distributed.json
common	explicit	nonroot	distributed	nonrootBase	search_nonrootBase	0	openldap	3	1000	84.23805299999995	explicit-final/distributed.json
common	explicit	nonroot	distributed	nonrootEquality	search_nonrootEquality	0	before	1	1000	260.5789069999999	explicit-final/distributed.json
common	explicit	nonroot	distributed	nonrootEquality	search_nonrootEquality	0	current	1	1000	238.7638459999999	explicit-final/distributed.json
common	explicit	nonroot	distributed	nonrootEquality	search_nonrootEquality	0	openldap	1	1000	151.92658599999984	explicit-final/distributed.json
common	explicit	nonroot	distributed	nonrootEquality	search_nonrootEquality	0	before	2	1000	111.36511400000023	explicit-final/distributed.json
common	explicit	nonroot	distributed	nonrootEquality	search_nonrootEquality	0	current	2	1000	112.34051399999991	explicit-final/distributed.json
common	explicit	nonroot	distributed	nonrootEquality	search_nonrootEquality	0	openldap	2	1000	82.05801200000006	explicit-final/distributed.json
common	explicit	nonroot	distributed	nonrootEquality	search_nonrootEquality	0	before	3	1000	118.82919099999998	explicit-final/distributed.json
common	explicit	nonroot	distributed	nonrootEquality	search_nonrootEquality	0	current	3	1000	118.63547700000011	explicit-final/distributed.json
common	explicit	nonroot	distributed	nonrootEquality	search_nonrootEquality	0	openldap	3	1000	86.68628999999999	explicit-final/distributed.json
common	explicit	nonroot	groups	memberEquality	search_memberEquality	0	before	1	100	16.037879999999998	explicit-final/groups.json
common	explicit	nonroot	groups	memberEquality	search_memberEquality	0	current	1	100	15.480947000000004	explicit-final/groups.json
common	explicit	nonroot	groups	memberEquality	search_memberEquality	0	openldap	1	100	11.456292	explicit-final/groups.json
common	explicit	nonroot	groups	memberEquality	search_memberEquality	0	before	2	100	15.921205999999998	explicit-final/groups.json
common	explicit	nonroot	groups	memberEquality	search_memberEquality	0	current	2	100	15.981664	explicit-final/groups.json
common	explicit	nonroot	groups	memberEquality	search_memberEquality	0	openldap	2	100	11.281703000000006	explicit-final/groups.json
common	explicit	nonroot	groups	memberEquality	search_memberEquality	0	before	3	100	15.490872000000005	explicit-final/groups.json
common	explicit	nonroot	groups	memberEquality	search_memberEquality	0	current	3	100	15.614373999999998	explicit-final/groups.json
common	explicit	nonroot	groups	memberEquality	search_memberEquality	0	openldap	3	100	11.263081	explicit-final/groups.json
common	explicit	nonroot	groups	groupBase	base_member_values	10	before	1	100	13.825369000000002	explicit-final/groups.json
common	explicit	nonroot	groups	groupBase	base_member_values	10	current	1	100	13.328703000000012	explicit-final/groups.json
common	explicit	nonroot	groups	groupBase	base_member_values	10	openldap	1	100	10.300912000000002	explicit-final/groups.json
common	explicit	nonroot	groups	groupBase	base_member_values	10	before	2	100	12.503917000000001	explicit-final/groups.json
common	explicit	nonroot	groups	groupBase	base_member_values	10	current	2	100	12.701370999999998	explicit-final/groups.json
common	explicit	nonroot	groups	groupBase	base_member_values	10	openldap	2	100	9.910750999999994	explicit-final/groups.json
common	explicit	nonroot	groups	groupBase	base_member_values	10	before	3	100	12.451868999999993	explicit-final/groups.json
common	explicit	nonroot	groups	groupBase	base_member_values	10	current	3	100	12.570418999999996	explicit-final/groups.json
common	explicit	nonroot	groups	groupBase	base_member_values	10	openldap	3	100	9.825293999999998	explicit-final/groups.json
common	explicit	nonroot	groups	groupBase	base_member_values	1000	before	1	100	88.86787699999996	explicit-final/groups.json
common	explicit	nonroot	groups	groupBase	base_member_values	1000	current	1	100	93.28146399999999	explicit-final/groups.json
common	explicit	nonroot	groups	groupBase	base_member_values	1000	openldap	1	100	83.75466200000001	explicit-final/groups.json
common	explicit	nonroot	groups	groupBase	base_member_values	1000	before	2	100	89.42446	explicit-final/groups.json
common	explicit	nonroot	groups	groupBase	base_member_values	1000	current	2	100	86.59070700000005	explicit-final/groups.json
common	explicit	nonroot	groups	groupBase	base_member_values	1000	openldap	2	100	85.19429199999996	explicit-final/groups.json
common	explicit	nonroot	groups	groupBase	base_member_values	1000	before	3	100	94.77329999999999	explicit-final/groups.json
common	explicit	nonroot	groups	groupBase	base_member_values	1000	current	3	100	92.89683600000004	explicit-final/groups.json
common	explicit	nonroot	groups	groupBase	base_member_values	1000	openldap	3	100	85.65620499999999	explicit-final/groups.json
common	explicit	nonroot	groups	nestedMembership	client_bfs_member_equality	0	before	1	100	57.51650799999996	explicit-final/groups.json
common	explicit	nonroot	groups	nestedMembership	client_bfs_member_equality	0	current	1	100	54.18584299999998	explicit-final/groups.json
common	explicit	nonroot	groups	nestedMembership	client_bfs_member_equality	0	openldap	1	100	44.335503	explicit-final/groups.json
common	explicit	nonroot	groups	nestedMembership	client_bfs_member_equality	0	before	2	100	49.156045999999975	explicit-final/groups.json
common	explicit	nonroot	groups	nestedMembership	client_bfs_member_equality	0	current	2	100	51.25717399999996	explicit-final/groups.json
common	explicit	nonroot	groups	nestedMembership	client_bfs_member_equality	0	openldap	2	100	40.073668000000055	explicit-final/groups.json
common	explicit	nonroot	groups	nestedMembership	client_bfs_member_equality	0	before	3	100	47.062371999999996	explicit-final/groups.json
common	explicit	nonroot	groups	nestedMembership	client_bfs_member_equality	0	current	3	100	46.524502	explicit-final/groups.json
common	explicit	nonroot	groups	nestedMembership	client_bfs_member_equality	0	openldap	3	100	38.79158900000002	explicit-final/groups.json
concurrent	explicit	root	8-workers	uidEquality	ldapsearch	0	before	1	8000	303	explicit-final/concurrent.tsv
concurrent	explicit	root	8-workers	uidEquality	ldapsearch	0	current	1	8000	294	explicit-final/concurrent.tsv
concurrent	explicit	root	8-workers	uidEquality	ldapsearch	0	openldap	1	8000	444	explicit-final/concurrent.tsv
concurrent	explicit	root	8-workers	uidEquality	ldapsearch	0	current	2	8000	307	explicit-final/concurrent.tsv
concurrent	explicit	root	8-workers	uidEquality	ldapsearch	0	openldap	2	8000	309	explicit-final/concurrent.tsv
concurrent	explicit	root	8-workers	uidEquality	ldapsearch	0	before	2	8000	296	explicit-final/concurrent.tsv
concurrent	explicit	root	8-workers	uidEquality	ldapsearch	0	openldap	3	8000	302	explicit-final/concurrent.tsv
concurrent	explicit	root	8-workers	uidEquality	ldapsearch	0	before	3	8000	305	explicit-final/concurrent.tsv
concurrent	explicit	root	8-workers	uidEquality	ldapsearch	0	current	3	8000	331	explicit-final/concurrent.tsv
common	default	nonroot	hot	userBind	simple_bind_ssha	0	before	1	1000	88.01909600000005	default-final/hot.json
common	default	nonroot	hot	userBind	simple_bind_ssha	0	current	1	1000	89.60349699999999	default-final/hot.json
common	default	nonroot	hot	userBind	simple_bind_ssha	0	openldap	1	1000	70.78454999999995	default-final/hot.json
common	default	nonroot	hot	userBind	simple_bind_ssha	0	before	2	1000	87.70907399999992	default-final/hot.json
common	default	nonroot	hot	userBind	simple_bind_ssha	0	current	2	1000	87.74832200000003	default-final/hot.json
common	default	nonroot	hot	userBind	simple_bind_ssha	0	openldap	2	1000	70.69952900000001	default-final/hot.json
common	default	nonroot	hot	userBind	simple_bind_ssha	0	before	3	1000	89.78274999999995	default-final/hot.json
common	default	nonroot	hot	userBind	simple_bind_ssha	0	current	3	1000	90.5196170000001	default-final/hot.json
common	default	nonroot	hot	userBind	simple_bind_ssha	0	openldap	3	1000	72.90545499999993	default-final/hot.json
common	default	nonroot	hot	userBind	simple_bind_ssha	0	before	4	1000	87.08378199999991	default-final/hot.json
common	default	nonroot	hot	userBind	simple_bind_ssha	0	current	4	1000	87.89720600000012	default-final/hot.json
common	default	nonroot	hot	userBind	simple_bind_ssha	0	openldap	4	1000	71.218926	default-final/hot.json
common	default	nonroot	hot	userBind	simple_bind_ssha	0	before	5	1000	87.62874000000002	default-final/hot.json
common	default	nonroot	hot	userBind	simple_bind_ssha	0	current	5	1000	87.849873	default-final/hot.json
common	default	nonroot	hot	userBind	simple_bind_ssha	0	openldap	5	1000	70.94300400000016	default-final/hot.json
common	default	nonroot	hot	userBind	simple_bind_ssha	0	before	6	1000	91.53406800000008	default-final/hot.json
common	default	nonroot	hot	userBind	simple_bind_ssha	0	current	6	1000	91.39393999999994	default-final/hot.json
common	default	nonroot	hot	userBind	simple_bind_ssha	0	openldap	6	1000	73.51793300000003	default-final/hot.json
common	default	nonroot	hot	userBind	simple_bind_ssha	0	before	7	1000	95.84695500000015	default-final/hot.json
common	default	nonroot	hot	userBind	simple_bind_ssha	0	current	7	1000	99.12625799999996	default-final/hot.json
common	default	nonroot	hot	userBind	simple_bind_ssha	0	openldap	7	1000	79.2347080000001	default-final/hot.json
common	default	nonroot	hot	userBind	simple_bind_plaintext	0	before	1	1000	86.877951	default-final/hot.json
common	default	nonroot	hot	userBind	simple_bind_plaintext	0	current	1	1000	85.88634200000006	default-final/hot.json
common	default	nonroot	hot	userBind	simple_bind_plaintext	0	openldap	1	1000	72.45572200000012	default-final/hot.json
common	default	nonroot	hot	userBind	simple_bind_plaintext	0	before	2	1000	85.91531699999996	default-final/hot.json
common	default	nonroot	hot	userBind	simple_bind_plaintext	0	current	2	1000	85.84547600000002	default-final/hot.json
common	default	nonroot	hot	userBind	simple_bind_plaintext	0	openldap	2	1000	69.49900399999997	default-final/hot.json
common	default	nonroot	hot	userBind	simple_bind_plaintext	0	before	3	1000	88.01234099999996	default-final/hot.json
common	default	nonroot	hot	userBind	simple_bind_plaintext	0	current	3	1000	88.31805300000003	default-final/hot.json
common	default	nonroot	hot	userBind	simple_bind_plaintext	0	openldap	3	1000	70.62084500000003	default-final/hot.json
common	default	nonroot	hot	userBind	simple_bind_plaintext	0	before	4	1000	88.29441899999998	default-final/hot.json
common	default	nonroot	hot	userBind	simple_bind_plaintext	0	current	4	1000	89.09583900000001	default-final/hot.json
common	default	nonroot	hot	userBind	simple_bind_plaintext	0	openldap	4	1000	71.69594099999999	default-final/hot.json
common	default	nonroot	hot	userBind	simple_bind_plaintext	0	before	5	1000	83.03423799999979	default-final/hot.json
common	default	nonroot	hot	userBind	simple_bind_plaintext	0	current	5	1000	83.97032599999999	default-final/hot.json
common	default	nonroot	hot	userBind	simple_bind_plaintext	0	openldap	5	1000	67.27354999999996	default-final/hot.json
common	default	nonroot	hot	userBind	simple_bind_plaintext	0	before	6	1000	82.32232400000001	default-final/hot.json
common	default	nonroot	hot	userBind	simple_bind_plaintext	0	current	6	1000	83.58675000000001	default-final/hot.json
common	default	nonroot	hot	userBind	simple_bind_plaintext	0	openldap	6	1000	68.0323499999999	default-final/hot.json
common	default	nonroot	hot	userBind	simple_bind_plaintext	0	before	7	1000	88.80412000000004	default-final/hot.json
common	default	nonroot	hot	userBind	simple_bind_plaintext	0	current	7	1000	89.99816999999989	default-final/hot.json
common	default	nonroot	hot	userBind	simple_bind_plaintext	0	openldap	7	1000	75.23535000000007	default-final/hot.json
common	default	nonroot	hot	userBindWrong	simple_bind_ssha	0	before	1	1000	88.13837400000003	default-final/hot.json
common	default	nonroot	hot	userBindWrong	simple_bind_ssha	0	current	1	1000	87.15478900000002	default-final/hot.json
common	default	nonroot	hot	userBindWrong	simple_bind_ssha	0	openldap	1	1000	74.41468000000003	default-final/hot.json
common	default	nonroot	hot	userBindWrong	simple_bind_ssha	0	before	2	1000	101.64538499999996	default-final/hot.json
common	default	nonroot	hot	userBindWrong	simple_bind_ssha	0	current	2	1000	103.02912799999994	default-final/hot.json
common	default	nonroot	hot	userBindWrong	simple_bind_ssha	0	openldap	2	1000	119.48463600000002	default-final/hot.json
common	default	nonroot	hot	userBindWrong	simple_bind_ssha	0	before	3	1000	113.50545799999999	default-final/hot.json
common	default	nonroot	hot	userBindWrong	simple_bind_ssha	0	current	3	1000	114.26907500000009	default-final/hot.json
common	default	nonroot	hot	userBindWrong	simple_bind_ssha	0	openldap	3	1000	91.300844	default-final/hot.json
common	default	nonroot	hot	userBindWrong	simple_bind_ssha	0	before	4	1000	106.55011400000004	default-final/hot.json
common	default	nonroot	hot	userBindWrong	simple_bind_ssha	0	current	4	1000	115.47378200000003	default-final/hot.json
common	default	nonroot	hot	userBindWrong	simple_bind_ssha	0	openldap	4	1000	85.45324199999989	default-final/hot.json
common	default	nonroot	hot	userBindWrong	simple_bind_ssha	0	before	5	1000	138.66918300000012	default-final/hot.json
common	default	nonroot	hot	userBindWrong	simple_bind_ssha	0	current	5	1000	136.1195270000001	default-final/hot.json
common	default	nonroot	hot	userBindWrong	simple_bind_ssha	0	openldap	5	1000	106.59287599999983	default-final/hot.json
common	default	nonroot	hot	userBindWrong	simple_bind_ssha	0	before	6	1000	111.23766500000018	default-final/hot.json
common	default	nonroot	hot	userBindWrong	simple_bind_ssha	0	current	6	1000	111.41634400000002	default-final/hot.json
common	default	nonroot	hot	userBindWrong	simple_bind_ssha	0	openldap	6	1000	92.43869000000012	default-final/hot.json
common	default	nonroot	hot	userBindWrong	simple_bind_ssha	0	before	7	1000	99.79508399999993	default-final/hot.json
common	default	nonroot	hot	userBindWrong	simple_bind_ssha	0	current	7	1000	101.98828599999993	default-final/hot.json
common	default	nonroot	hot	userBindWrong	simple_bind_ssha	0	openldap	7	1000	78.32764499999995	default-final/hot.json
common	default	nonroot	hot	userBindWrong	simple_bind_plaintext	0	before	1	1000	105.21654199999992	default-final/hot.json
common	default	nonroot	hot	userBindWrong	simple_bind_plaintext	0	current	1	1000	108.35187700000006	default-final/hot.json
common	default	nonroot	hot	userBindWrong	simple_bind_plaintext	0	openldap	1	1000	79.26657600000006	default-final/hot.json
common	default	nonroot	hot	userBindWrong	simple_bind_plaintext	0	before	2	1000	107.44422299999998	default-final/hot.json
common	default	nonroot	hot	userBindWrong	simple_bind_plaintext	0	current	2	1000	108.18337499999996	default-final/hot.json
common	default	nonroot	hot	userBindWrong	simple_bind_plaintext	0	openldap	2	1000	79.87608699999997	default-final/hot.json
common	default	nonroot	hot	userBindWrong	simple_bind_plaintext	0	before	3	1000	104.85453099999995	default-final/hot.json
common	default	nonroot	hot	userBindWrong	simple_bind_plaintext	0	current	3	1000	104.77304200000006	default-final/hot.json
common	default	nonroot	hot	userBindWrong	simple_bind_plaintext	0	openldap	3	1000	78.47389499999983	default-final/hot.json
common	default	nonroot	hot	userBindWrong	simple_bind_plaintext	0	before	4	1000	106.998121	default-final/hot.json
common	default	nonroot	hot	userBindWrong	simple_bind_plaintext	0	current	4	1000	108.35342099999998	default-final/hot.json
common	default	nonroot	hot	userBindWrong	simple_bind_plaintext	0	openldap	4	1000	81.30006299999995	default-final/hot.json
common	default	nonroot	hot	userBindWrong	simple_bind_plaintext	0	before	5	1000	92.07814999999995	default-final/hot.json
common	default	nonroot	hot	userBindWrong	simple_bind_plaintext	0	current	5	1000	92.01087100000001	default-final/hot.json
common	default	nonroot	hot	userBindWrong	simple_bind_plaintext	0	openldap	5	1000	75.27314399999992	default-final/hot.json
common	default	nonroot	hot	userBindWrong	simple_bind_plaintext	0	before	6	1000	91.13265800000006	default-final/hot.json
common	default	nonroot	hot	userBindWrong	simple_bind_plaintext	0	current	6	1000	90.9476580000001	default-final/hot.json
common	default	nonroot	hot	userBindWrong	simple_bind_plaintext	0	openldap	6	1000	77.67742500000013	default-final/hot.json
common	default	nonroot	hot	userBindWrong	simple_bind_plaintext	0	before	7	1000	90.93941499999993	default-final/hot.json
common	default	nonroot	hot	userBindWrong	simple_bind_plaintext	0	current	7	1000	91.16737800000008	default-final/hot.json
common	default	nonroot	hot	userBindWrong	simple_bind_plaintext	0	openldap	7	1000	72.42257000000001	default-final/hot.json
common	default	nonroot	hot	nonrootBase	search_nonrootBase	0	before	1	1000	104.77914000000006	default-final/hot.json
common	default	nonroot	hot	nonrootBase	search_nonrootBase	0	current	1	1000	105.42232700000001	default-final/hot.json
common	default	nonroot	hot	nonrootBase	search_nonrootBase	0	openldap	1	1000	85.22048599999998	default-final/hot.json
common	default	nonroot	hot	nonrootBase	search_nonrootBase	0	before	2	1000	99.98394600000007	default-final/hot.json
common	default	nonroot	hot	nonrootBase	search_nonrootBase	0	current	2	1000	100.97905400000005	default-final/hot.json
common	default	nonroot	hot	nonrootBase	search_nonrootBase	0	openldap	2	1000	81.00295600000005	default-final/hot.json
common	default	nonroot	hot	nonrootBase	search_nonrootBase	0	before	3	1000	100.47465700000002	default-final/hot.json
common	default	nonroot	hot	nonrootBase	search_nonrootBase	0	current	3	1000	100.89441399999994	default-final/hot.json
common	default	nonroot	hot	nonrootBase	search_nonrootBase	0	openldap	3	1000	82.18050400000007	default-final/hot.json
common	default	nonroot	hot	nonrootBase	search_nonrootBase	0	before	4	1000	98.06475300000002	default-final/hot.json
common	default	nonroot	hot	nonrootBase	search_nonrootBase	0	current	4	1000	100.87667699999994	default-final/hot.json
common	default	nonroot	hot	nonrootBase	search_nonrootBase	0	openldap	4	1000	79.14246800000004	default-final/hot.json
common	default	nonroot	hot	nonrootBase	search_nonrootBase	0	before	5	1000	96.3342130000001	default-final/hot.json
common	default	nonroot	hot	nonrootBase	search_nonrootBase	0	current	5	1000	96.44866700000009	default-final/hot.json
common	default	nonroot	hot	nonrootBase	search_nonrootBase	0	openldap	5	1000	80.16050100000004	default-final/hot.json
common	default	nonroot	hot	nonrootBase	search_nonrootBase	0	before	6	1000	97.06988900000003	default-final/hot.json
common	default	nonroot	hot	nonrootBase	search_nonrootBase	0	current	6	1000	98.1005339999998	default-final/hot.json
common	default	nonroot	hot	nonrootBase	search_nonrootBase	0	openldap	6	1000	79.23351100000001	default-final/hot.json
common	default	nonroot	hot	nonrootBase	search_nonrootBase	0	before	7	1000	92.80516299999987	default-final/hot.json
common	default	nonroot	hot	nonrootBase	search_nonrootBase	0	current	7	1000	93.58838200000008	default-final/hot.json
common	default	nonroot	hot	nonrootBase	search_nonrootBase	0	openldap	7	1000	74.206828	default-final/hot.json
common	default	nonroot	hot	nonrootEquality	search_nonrootEquality	0	before	1	1000	100.78096499999994	default-final/hot.json
common	default	nonroot	hot	nonrootEquality	search_nonrootEquality	0	current	1	1000	101.93545699999996	default-final/hot.json
common	default	nonroot	hot	nonrootEquality	search_nonrootEquality	0	openldap	1	1000	82.22477300000017	default-final/hot.json
common	default	nonroot	hot	nonrootEquality	search_nonrootEquality	0	before	2	1000	103.74853199999987	default-final/hot.json
common	default	nonroot	hot	nonrootEquality	search_nonrootEquality	0	current	2	1000	105.41441700000001	default-final/hot.json
common	default	nonroot	hot	nonrootEquality	search_nonrootEquality	0	openldap	2	1000	82.99261300000005	default-final/hot.json
common	default	nonroot	hot	nonrootEquality	search_nonrootEquality	0	before	3	1000	115.91803200000001	default-final/hot.json
common	default	nonroot	hot	nonrootEquality	search_nonrootEquality	0	current	3	1000	114.99076700000008	default-final/hot.json
common	default	nonroot	hot	nonrootEquality	search_nonrootEquality	0	openldap	3	1000	90.83268700000005	default-final/hot.json
common	default	nonroot	hot	nonrootEquality	search_nonrootEquality	0	before	4	1000	103.08670800000003	default-final/hot.json
common	default	nonroot	hot	nonrootEquality	search_nonrootEquality	0	current	4	1000	101.020385	default-final/hot.json
common	default	nonroot	hot	nonrootEquality	search_nonrootEquality	0	openldap	4	1000	81.81289700000019	default-final/hot.json
common	default	nonroot	hot	nonrootEquality	search_nonrootEquality	0	before	5	1000	101.91963499999999	default-final/hot.json
common	default	nonroot	hot	nonrootEquality	search_nonrootEquality	0	current	5	1000	102.878284	default-final/hot.json
common	default	nonroot	hot	nonrootEquality	search_nonrootEquality	0	openldap	5	1000	83.3672439999999	default-final/hot.json
common	default	nonroot	hot	nonrootEquality	search_nonrootEquality	0	before	6	1000	104.3538800000001	default-final/hot.json
common	default	nonroot	hot	nonrootEquality	search_nonrootEquality	0	current	6	1000	101.741918	default-final/hot.json
common	default	nonroot	hot	nonrootEquality	search_nonrootEquality	0	openldap	6	1000	83.76606100000015	default-final/hot.json
common	default	nonroot	hot	nonrootEquality	search_nonrootEquality	0	before	7	1000	102.54758700000014	default-final/hot.json
common	default	nonroot	hot	nonrootEquality	search_nonrootEquality	0	current	7	1000	100.18805200000001	default-final/hot.json
common	default	nonroot	hot	nonrootEquality	search_nonrootEquality	0	openldap	7	1000	81.90931100000002	default-final/hot.json
common	default	nonroot	distributed	nonrootBase	search_nonrootBase	0	before	1	1000	123.87584699999985	default-final/distributed.json
common	default	nonroot	distributed	nonrootBase	search_nonrootBase	0	current	1	1000	123.73696300000006	default-final/distributed.json
common	default	nonroot	distributed	nonrootBase	search_nonrootBase	0	openldap	1	1000	89.48357599999989	default-final/distributed.json
common	default	nonroot	distributed	nonrootBase	search_nonrootBase	0	before	2	1000	120.92883800000018	default-final/distributed.json
common	default	nonroot	distributed	nonrootBase	search_nonrootBase	0	current	2	1000	118.20075000000003	default-final/distributed.json
common	default	nonroot	distributed	nonrootBase	search_nonrootBase	0	openldap	2	1000	87.20212899999991	default-final/distributed.json
common	default	nonroot	distributed	nonrootBase	search_nonrootBase	0	before	3	1000	117.61988799999989	default-final/distributed.json
common	default	nonroot	distributed	nonrootBase	search_nonrootBase	0	current	3	1000	115.64537800000012	default-final/distributed.json
common	default	nonroot	distributed	nonrootBase	search_nonrootBase	0	openldap	3	1000	84.59079900000005	default-final/distributed.json
common	default	nonroot	distributed	nonrootEquality	search_nonrootEquality	0	before	1	1000	260.048872	default-final/distributed.json
common	default	nonroot	distributed	nonrootEquality	search_nonrootEquality	0	current	1	1000	235.55449400000015	default-final/distributed.json
common	default	nonroot	distributed	nonrootEquality	search_nonrootEquality	0	openldap	1	1000	148.42845799999984	default-final/distributed.json
common	default	nonroot	distributed	nonrootEquality	search_nonrootEquality	0	before	2	1000	132.90158100000002	default-final/distributed.json
common	default	nonroot	distributed	nonrootEquality	search_nonrootEquality	0	current	2	1000	144.72795599999998	default-final/distributed.json
common	default	nonroot	distributed	nonrootEquality	search_nonrootEquality	0	openldap	2	1000	99.10751400000007	default-final/distributed.json
common	default	nonroot	distributed	nonrootEquality	search_nonrootEquality	0	before	3	1000	119.47113400000006	default-final/distributed.json
common	default	nonroot	distributed	nonrootEquality	search_nonrootEquality	0	current	3	1000	116.88248499999996	default-final/distributed.json
common	default	nonroot	distributed	nonrootEquality	search_nonrootEquality	0	openldap	3	1000	89.12714699999992	default-final/distributed.json
common	default	nonroot	groups	memberEquality	search_memberEquality	0	before	1	100	15.396286999999997	default-final/groups.json
common	default	nonroot	groups	memberEquality	search_memberEquality	0	current	1	100	15.164959999999999	default-final/groups.json
common	default	nonroot	groups	memberEquality	search_memberEquality	0	openldap	1	100	11.340834	default-final/groups.json
common	default	nonroot	groups	memberEquality	search_memberEquality	0	before	2	100	15.392501999999997	default-final/groups.json
common	default	nonroot	groups	memberEquality	search_memberEquality	0	current	2	100	15.893631000000003	default-final/groups.json
common	default	nonroot	groups	memberEquality	search_memberEquality	0	openldap	2	100	13.679630000000003	default-final/groups.json
common	default	nonroot	groups	memberEquality	search_memberEquality	0	before	3	100	15.519000999999994	default-final/groups.json
common	default	nonroot	groups	memberEquality	search_memberEquality	0	current	3	100	15.062795000000003	default-final/groups.json
common	default	nonroot	groups	memberEquality	search_memberEquality	0	openldap	3	100	11.632461000000006	default-final/groups.json
common	default	nonroot	groups	groupBase	base_member_values	10	before	1	100	13.565951999999994	default-final/groups.json
common	default	nonroot	groups	groupBase	base_member_values	10	current	1	100	12.931331000000005	default-final/groups.json
common	default	nonroot	groups	groupBase	base_member_values	10	openldap	1	100	10.318375000000001	default-final/groups.json
common	default	nonroot	groups	groupBase	base_member_values	10	before	2	100	12.651533000000002	default-final/groups.json
common	default	nonroot	groups	groupBase	base_member_values	10	current	2	100	12.904298000000002	default-final/groups.json
common	default	nonroot	groups	groupBase	base_member_values	10	openldap	2	100	10.071204999999996	default-final/groups.json
common	default	nonroot	groups	groupBase	base_member_values	10	before	3	100	12.546252000000003	default-final/groups.json
common	default	nonroot	groups	groupBase	base_member_values	10	current	3	100	12.324212	default-final/groups.json
common	default	nonroot	groups	groupBase	base_member_values	10	openldap	3	100	10.405619	default-final/groups.json
common	default	nonroot	groups	groupBase	base_member_values	1000	before	1	100	96.232793	default-final/groups.json
common	default	nonroot	groups	groupBase	base_member_values	1000	current	1	100	96.023869	default-final/groups.json
common	default	nonroot	groups	groupBase	base_member_values	1000	openldap	1	100	86.59225200000003	default-final/groups.json
common	default	nonroot	groups	groupBase	base_member_values	1000	before	2	100	92.501252	default-final/groups.json
common	default	nonroot	groups	groupBase	base_member_values	1000	current	2	100	91.58253900000001	default-final/groups.json
common	default	nonroot	groups	groupBase	base_member_values	1000	openldap	2	100	86.509791	default-final/groups.json
common	default	nonroot	groups	groupBase	base_member_values	1000	before	3	100	89.36299599999998	default-final/groups.json
common	default	nonroot	groups	groupBase	base_member_values	1000	current	3	100	92.458335	default-final/groups.json
common	default	nonroot	groups	groupBase	base_member_values	1000	openldap	3	100	84.76487899999997	default-final/groups.json
common	default	nonroot	groups	nestedMembership	client_bfs_member_equality	0	before	1	100	54.360538	default-final/groups.json
common	default	nonroot	groups	nestedMembership	client_bfs_member_equality	0	current	1	100	53.96040499999998	default-final/groups.json
common	default	nonroot	groups	nestedMembership	client_bfs_member_equality	0	openldap	1	100	44.78099699999999	default-final/groups.json
common	default	nonroot	groups	nestedMembership	client_bfs_member_equality	0	before	2	100	73.36912599999997	default-final/groups.json
common	default	nonroot	groups	nestedMembership	client_bfs_member_equality	0	current	2	100	72.57030400000001	default-final/groups.json
common	default	nonroot	groups	nestedMembership	client_bfs_member_equality	0	openldap	2	100	60.78954100000001	default-final/groups.json
common	default	nonroot	groups	nestedMembership	client_bfs_member_equality	0	before	3	100	49.77646099999998	default-final/groups.json
common	default	nonroot	groups	nestedMembership	client_bfs_member_equality	0	current	3	100	49.045707000000036	default-final/groups.json
common	default	nonroot	groups	nestedMembership	client_bfs_member_equality	0	openldap	3	100	39.84957599999999	default-final/groups.json
concurrent	default	root	8-workers	uidEquality	ldapsearch	0	before	1	8000	319	default-final/concurrent.tsv
concurrent	default	root	8-workers	uidEquality	ldapsearch	0	current	1	8000	307	default-final/concurrent.tsv
concurrent	default	root	8-workers	uidEquality	ldapsearch	0	openldap	1	8000	303	default-final/concurrent.tsv
concurrent	default	root	8-workers	uidEquality	ldapsearch	0	current	2	8000	294	default-final/concurrent.tsv
concurrent	default	root	8-workers	uidEquality	ldapsearch	0	openldap	2	8000	327	default-final/concurrent.tsv
concurrent	default	root	8-workers	uidEquality	ldapsearch	0	before	2	8000	319	default-final/concurrent.tsv
concurrent	default	root	8-workers	uidEquality	ldapsearch	0	openldap	3	8000	311	default-final/concurrent.tsv
concurrent	default	root	8-workers	uidEquality	ldapsearch	0	before	3	8000	307	default-final/concurrent.tsv
concurrent	default	root	8-workers	uidEquality	ldapsearch	0	current	3	8000	298	default-final/concurrent.tsv
root	default	root	literal	rootBind	simple_bind_root	0	before	1	1000	75.77597300000005	root-paired/literal.json
root	default	root	literal	rootBind	simple_bind_root	0	current	1	1000	77.230904	root-paired/literal.json
root	default	root	literal	rootBind	simple_bind_root	0	openldap	1	1000	73.06781899999999	root-paired/literal.json
root	default	root	literal	rootBind	simple_bind_root	0	before	2	1000	71.72704899999997	root-paired/literal.json
root	default	root	literal	rootBind	simple_bind_root	0	current	2	1000	72.96463200000001	root-paired/literal.json
root	default	root	literal	rootBind	simple_bind_root	0	openldap	2	1000	70.82429100000004	root-paired/literal.json
root	default	root	literal	rootBind	simple_bind_root	0	before	3	1000	71.04879200000006	root-paired/literal.json
root	default	root	literal	rootBind	simple_bind_root	0	current	3	1000	73.90607800000005	root-paired/literal.json
root	default	root	literal	rootBind	simple_bind_root	0	openldap	3	1000	70.93770199999993	root-paired/literal.json
root	default	root	literal	rootBind	simple_bind_root	0	before	4	1000	71.95424300000009	root-paired/literal.json
root	default	root	literal	rootBind	simple_bind_root	0	current	4	1000	72.4147210000001	root-paired/literal.json
root	default	root	literal	rootBind	simple_bind_root	0	openldap	4	1000	71.11112800000012	root-paired/literal.json
root	default	root	literal	rootBind	simple_bind_root	0	before	5	1000	69.48743200000004	root-paired/literal.json
root	default	root	literal	rootBind	simple_bind_root	0	current	5	1000	72.11841799999986	root-paired/literal.json
root	default	root	literal	rootBind	simple_bind_root	0	openldap	5	1000	68.90821000000005	root-paired/literal.json
root	default	root	literal	rootBind	simple_bind_root	0	before	6	1000	68.1883069999999	root-paired/literal.json
root	default	root	literal	rootBind	simple_bind_root	0	current	6	1000	68.7434469999999	root-paired/literal.json
root	default	root	literal	rootBind	simple_bind_root	0	openldap	6	1000	66.73066199999998	root-paired/literal.json
root	default	root	literal	rootBind	simple_bind_root	0	before	7	1000	70.44867300000001	root-paired/literal.json
root	default	root	literal	rootBind	simple_bind_root	0	current	7	1000	70.40859899999995	root-paired/literal.json
root	default	root	literal	rootBind	simple_bind_root	0	openldap	7	1000	67.11945999999992	root-paired/literal.json
root	default	root	literal	rootBase	base_objectclass_root	0	before	1	1000	91.49455500000002	root-paired/literal.json
root	default	root	literal	rootBase	base_objectclass_root	0	current	1	1000	91.69358899999999	root-paired/literal.json
root	default	root	literal	rootBase	base_objectclass_root	0	openldap	1	1000	78.61694199999992	root-paired/literal.json
root	default	root	literal	rootBase	base_objectclass_root	0	before	2	1000	95.07896999999991	root-paired/literal.json
root	default	root	literal	rootBase	base_objectclass_root	0	current	2	1000	96.55812699999991	root-paired/literal.json
root	default	root	literal	rootBase	base_objectclass_root	0	openldap	2	1000	81.5146210000001	root-paired/literal.json
root	default	root	literal	rootBase	base_objectclass_root	0	before	3	1000	95.281404	root-paired/literal.json
root	default	root	literal	rootBase	base_objectclass_root	0	current	3	1000	95.2115099999999	root-paired/literal.json
root	default	root	literal	rootBase	base_objectclass_root	0	openldap	3	1000	80.19798000000002	root-paired/literal.json
root	default	root	literal	rootBase	base_objectclass_root	0	before	4	1000	92.11166499999995	root-paired/literal.json
root	default	root	literal	rootBase	base_objectclass_root	0	current	4	1000	91.49507599999998	root-paired/literal.json
root	default	root	literal	rootBase	base_objectclass_root	0	openldap	4	1000	77.23254399999996	root-paired/literal.json
root	default	root	literal	rootBase	base_objectclass_root	0	before	5	1000	93.66571400000004	root-paired/literal.json
root	default	root	literal	rootBase	base_objectclass_root	0	current	5	1000	92.86803099999999	root-paired/literal.json
root	default	root	literal	rootBase	base_objectclass_root	0	openldap	5	1000	78.83625199999997	root-paired/literal.json
root	default	root	literal	rootBase	base_objectclass_root	0	before	6	1000	94.1103820000001	root-paired/literal.json
root	default	root	literal	rootBase	base_objectclass_root	0	current	6	1000	93.1166970000001	root-paired/literal.json
root	default	root	literal	rootBase	base_objectclass_root	0	openldap	6	1000	78.40008000000006	root-paired/literal.json
root	default	root	literal	rootBase	base_objectclass_root	0	before	7	1000	92.73179499999999	root-paired/literal.json
root	default	root	literal	rootBase	base_objectclass_root	0	current	7	1000	96.85637599999981	root-paired/literal.json
root	default	root	literal	rootBase	base_objectclass_root	0	openldap	7	1000	79.41555900000012	root-paired/literal.json
root	default	root	literal	rootEquality	subtree_uid_equality_root	0	before	1	1000	1300.4587870000007	root-paired/literal.json
root	default	root	literal	rootEquality	subtree_uid_equality_root	0	current	1	1000	1219.7807379999992	root-paired/literal.json
root	default	root	literal	rootEquality	subtree_uid_equality_root	0	openldap	1	1000	722.2451509999993	root-paired/literal.json
root	default	root	literal	rootEquality	subtree_uid_equality_root	0	before	2	1000	106.7162659999998	root-paired/literal.json
root	default	root	literal	rootEquality	subtree_uid_equality_root	0	current	2	1000	108.34146799999982	root-paired/literal.json
root	default	root	literal	rootEquality	subtree_uid_equality_root	0	openldap	2	1000	90.25663800000011	root-paired/literal.json
root	default	root	literal	rootEquality	subtree_uid_equality_root	0	before	3	1000	102.87890200000002	root-paired/literal.json
root	default	root	literal	rootEquality	subtree_uid_equality_root	0	current	3	1000	106.97323699999988	root-paired/literal.json
root	default	root	literal	rootEquality	subtree_uid_equality_root	0	openldap	3	1000	86.24016600000009	root-paired/literal.json
root	default	root	literal	rootEquality	subtree_uid_equality_root	0	before	4	1000	103.32021100000007	root-paired/literal.json
root	default	root	literal	rootEquality	subtree_uid_equality_root	0	current	4	1000	103.13029899999997	root-paired/literal.json
root	default	root	literal	rootEquality	subtree_uid_equality_root	0	openldap	4	1000	85.75595099999995	root-paired/literal.json
root	default	root	literal	rootEquality	subtree_uid_equality_root	0	before	5	1000	109.96971600000002	root-paired/literal.json
root	default	root	literal	rootEquality	subtree_uid_equality_root	0	current	5	1000	107.13690699999991	root-paired/literal.json
root	default	root	literal	rootEquality	subtree_uid_equality_root	0	openldap	5	1000	89.212194	root-paired/literal.json
root	default	root	literal	rootEquality	subtree_uid_equality_root	0	before	6	1000	120.64654500000003	root-paired/literal.json
root	default	root	literal	rootEquality	subtree_uid_equality_root	0	current	6	1000	134.64866999999975	root-paired/literal.json
root	default	root	literal	rootEquality	subtree_uid_equality_root	0	openldap	6	1000	97.91759900000001	root-paired/literal.json
root	default	root	literal	rootEquality	subtree_uid_equality_root	0	before	7	1000	105.32291300000011	root-paired/literal.json
root	default	root	literal	rootEquality	subtree_uid_equality_root	0	current	7	1000	105.56067899999988	root-paired/literal.json
root	default	root	literal	rootEquality	subtree_uid_equality_root	0	openldap	7	1000	88.285331	root-paired/literal.json
root	default	root	literal	rootCompareTrue	compare_uid_true_root	0	before	1	1000	104.22668699999997	root-paired/literal.json
root	default	root	literal	rootCompareTrue	compare_uid_true_root	0	current	1	1000	106.38950200000009	root-paired/literal.json
root	default	root	literal	rootCompareTrue	compare_uid_true_root	0	openldap	1	1000	76.83334399999993	root-paired/literal.json
root	default	root	literal	rootCompareTrue	compare_uid_true_root	0	before	2	1000	105.03149999999995	root-paired/literal.json
root	default	root	literal	rootCompareTrue	compare_uid_true_root	0	current	2	1000	105.83158499999992	root-paired/literal.json
root	default	root	literal	rootCompareTrue	compare_uid_true_root	0	openldap	2	1000	77.59208400000003	root-paired/literal.json
root	default	root	literal	rootCompareTrue	compare_uid_true_root	0	before	3	1000	106.50611500000012	root-paired/literal.json
root	default	root	literal	rootCompareTrue	compare_uid_true_root	0	current	3	1000	107.29400000000003	root-paired/literal.json
root	default	root	literal	rootCompareTrue	compare_uid_true_root	0	openldap	3	1000	80.541195	root-paired/literal.json
root	default	root	literal	rootCompareTrue	compare_uid_true_root	0	before	4	1000	97.10237699999998	root-paired/literal.json
root	default	root	literal	rootCompareTrue	compare_uid_true_root	0	current	4	1000	99.54848300000008	root-paired/literal.json
root	default	root	literal	rootCompareTrue	compare_uid_true_root	0	openldap	4	1000	72.07032499999995	root-paired/literal.json
root	default	root	literal	rootCompareTrue	compare_uid_true_root	0	before	5	1000	96.67988599999998	root-paired/literal.json
root	default	root	literal	rootCompareTrue	compare_uid_true_root	0	current	5	1000	97.0655330000001	root-paired/literal.json
root	default	root	literal	rootCompareTrue	compare_uid_true_root	0	openldap	5	1000	72.00446700000005	root-paired/literal.json
root	default	root	literal	rootCompareTrue	compare_uid_true_root	0	before	6	1000	96.57792600000008	root-paired/literal.json
root	default	root	literal	rootCompareTrue	compare_uid_true_root	0	current	6	1000	97.5244929999999	root-paired/literal.json
root	default	root	literal	rootCompareTrue	compare_uid_true_root	0	openldap	6	1000	72.13966799999994	root-paired/literal.json
root	default	root	literal	rootCompareTrue	compare_uid_true_root	0	before	7	1000	94.94881900000009	root-paired/literal.json
root	default	root	literal	rootCompareTrue	compare_uid_true_root	0	current	7	1000	96.21721300000016	root-paired/literal.json
root	default	root	literal	rootCompareTrue	compare_uid_true_root	0	openldap	7	1000	73.26349600000005	root-paired/literal.json
root	default	root	literal	rootCompareFalse	compare_uid_false_root	0	before	1	1000	92.92281599999983	root-paired/literal.json
root	default	root	literal	rootCompareFalse	compare_uid_false_root	0	current	1	1000	93.44983700000003	root-paired/literal.json
root	default	root	literal	rootCompareFalse	compare_uid_false_root	0	openldap	1	1000	70.77491600000005	root-paired/literal.json
root	default	root	literal	rootCompareFalse	compare_uid_false_root	0	before	2	1000	98.52387200000005	root-paired/literal.json
root	default	root	literal	rootCompareFalse	compare_uid_false_root	0	current	2	1000	100.35868000000002	root-paired/literal.json
root	default	root	literal	rootCompareFalse	compare_uid_false_root	0	openldap	2	1000	72.95699500000005	root-paired/literal.json
root	default	root	literal	rootCompareFalse	compare_uid_false_root	0	before	3	1000	100.3508969999999	root-paired/literal.json
root	default	root	literal	rootCompareFalse	compare_uid_false_root	0	current	3	1000	99.85880399999996	root-paired/literal.json
root	default	root	literal	rootCompareFalse	compare_uid_false_root	0	openldap	3	1000	74.832113	root-paired/literal.json
root	default	root	literal	rootCompareFalse	compare_uid_false_root	0	before	4	1000	98.90245699999988	root-paired/literal.json
root	default	root	literal	rootCompareFalse	compare_uid_false_root	0	current	4	1000	96.01198400000004	root-paired/literal.json
root	default	root	literal	rootCompareFalse	compare_uid_false_root	0	openldap	4	1000	71.82878599999995	root-paired/literal.json
root	default	root	literal	rootCompareFalse	compare_uid_false_root	0	before	5	1000	94.79440899999986	root-paired/literal.json
root	default	root	literal	rootCompareFalse	compare_uid_false_root	0	current	5	1000	95.67819699999997	root-paired/literal.json
root	default	root	literal	rootCompareFalse	compare_uid_false_root	0	openldap	5	1000	71.28829499999993	root-paired/literal.json
root	default	root	literal	rootCompareFalse	compare_uid_false_root	0	before	6	1000	97.77542699999997	root-paired/literal.json
root	default	root	literal	rootCompareFalse	compare_uid_false_root	0	current	6	1000	98.31440199999997	root-paired/literal.json
root	default	root	literal	rootCompareFalse	compare_uid_false_root	0	openldap	6	1000	73.64044499999991	root-paired/literal.json
root	default	root	literal	rootCompareFalse	compare_uid_false_root	0	before	7	1000	101.02624999999999	root-paired/literal.json
root	default	root	literal	rootCompareFalse	compare_uid_false_root	0	current	7	1000	102.38269499999998	root-paired/literal.json
root	default	root	literal	rootCompareFalse	compare_uid_false_root	0	openldap	7	1000	75.59837099999987	root-paired/literal.json
root	default	root	normalized	rootBind	simple_bind_root	0	before	1	1000	71.02544399999987	root-paired/normalized.json
root	default	root	normalized	rootBind	simple_bind_root	0	current	1	1000	71.46517699999983	root-paired/normalized.json
root	default	root	normalized	rootBind	simple_bind_root	0	openldap	1	1000	69.76483099999999	root-paired/normalized.json
root	default	root	normalized	rootBind	simple_bind_root	0	before	2	1000	67.94299800000002	root-paired/normalized.json
root	default	root	normalized	rootBind	simple_bind_root	0	current	2	1000	67.36746399999997	root-paired/normalized.json
root	default	root	normalized	rootBind	simple_bind_root	0	openldap	2	1000	65.70028900000008	root-paired/normalized.json
root	default	root	normalized	rootBind	simple_bind_root	0	before	3	1000	68.77654900000003	root-paired/normalized.json
root	default	root	normalized	rootBind	simple_bind_root	0	current	3	1000	70.44520999999988	root-paired/normalized.json
root	default	root	normalized	rootBind	simple_bind_root	0	openldap	3	1000	69.27379900000001	root-paired/normalized.json
root	default	root	normalized	rootBind	simple_bind_root	0	before	4	1000	73.08437500000001	root-paired/normalized.json
root	default	root	normalized	rootBind	simple_bind_root	0	current	4	1000	73.07913000000003	root-paired/normalized.json
root	default	root	normalized	rootBind	simple_bind_root	0	openldap	4	1000	71.26604699999997	root-paired/normalized.json
root	default	root	normalized	rootBind	simple_bind_root	0	before	5	1000	72.04904400000007	root-paired/normalized.json
root	default	root	normalized	rootBind	simple_bind_root	0	current	5	1000	72.0173410000001	root-paired/normalized.json
root	default	root	normalized	rootBind	simple_bind_root	0	openldap	5	1000	72.38153600000008	root-paired/normalized.json
root	default	root	normalized	rootBind	simple_bind_root	0	before	6	1000	74.45475099999997	root-paired/normalized.json
root	default	root	normalized	rootBind	simple_bind_root	0	current	6	1000	74.30687200000008	root-paired/normalized.json
root	default	root	normalized	rootBind	simple_bind_root	0	openldap	6	1000	75.84263300000016	root-paired/normalized.json
root	default	root	normalized	rootBind	simple_bind_root	0	before	7	1000	72.12580599999993	root-paired/normalized.json
root	default	root	normalized	rootBind	simple_bind_root	0	current	7	1000	72.32751699999999	root-paired/normalized.json
root	default	root	normalized	rootBind	simple_bind_root	0	openldap	7	1000	71.00617499999996	root-paired/normalized.json
root	default	root	normalized	rootBase	base_objectclass_root	0	before	1	1000	103.40758700000009	root-paired/normalized.json
root	default	root	normalized	rootBase	base_objectclass_root	0	current	1	1000	104.76515099999993	root-paired/normalized.json
root	default	root	normalized	rootBase	base_objectclass_root	0	openldap	1	1000	85.09292500000004	root-paired/normalized.json
root	default	root	normalized	rootBase	base_objectclass_root	0	before	2	1000	103.93950800000009	root-paired/normalized.json
root	default	root	normalized	rootBase	base_objectclass_root	0	current	2	1000	105.24453999999999	root-paired/normalized.json
root	default	root	normalized	rootBase	base_objectclass_root	0	openldap	2	1000	82.70964800000002	root-paired/normalized.json
root	default	root	normalized	rootBase	base_objectclass_root	0	before	3	1000	102.20940100000006	root-paired/normalized.json
root	default	root	normalized	rootBase	base_objectclass_root	0	current	3	1000	100.71598599999999	root-paired/normalized.json
root	default	root	normalized	rootBase	base_objectclass_root	0	openldap	3	1000	83.20086399999987	root-paired/normalized.json
root	default	root	normalized	rootBase	base_objectclass_root	0	before	4	1000	105.04857699999995	root-paired/normalized.json
root	default	root	normalized	rootBase	base_objectclass_root	0	current	4	1000	106.96365600000007	root-paired/normalized.json
root	default	root	normalized	rootBase	base_objectclass_root	0	openldap	4	1000	86.86609000000003	root-paired/normalized.json
root	default	root	normalized	rootBase	base_objectclass_root	0	before	5	1000	109.07519199999994	root-paired/normalized.json
root	default	root	normalized	rootBase	base_objectclass_root	0	current	5	1000	108.58003200000007	root-paired/normalized.json
root	default	root	normalized	rootBase	base_objectclass_root	0	openldap	5	1000	88.4264340000001	root-paired/normalized.json
root	default	root	normalized	rootBase	base_objectclass_root	0	before	6	1000	102.99155499999983	root-paired/normalized.json
root	default	root	normalized	rootBase	base_objectclass_root	0	current	6	1000	103.99943800000007	root-paired/normalized.json
root	default	root	normalized	rootBase	base_objectclass_root	0	openldap	6	1000	85.47101200000002	root-paired/normalized.json
root	default	root	normalized	rootBase	base_objectclass_root	0	before	7	1000	93.93583999999997	root-paired/normalized.json
root	default	root	normalized	rootBase	base_objectclass_root	0	current	7	1000	95.63594599999996	root-paired/normalized.json
root	default	root	normalized	rootBase	base_objectclass_root	0	openldap	7	1000	80.75756099999997	root-paired/normalized.json
root	default	root	normalized	rootEquality	subtree_uid_equality_root	0	before	1	1000	113.95836699999988	root-paired/normalized.json
root	default	root	normalized	rootEquality	subtree_uid_equality_root	0	current	1	1000	115.70257099999986	root-paired/normalized.json
root	default	root	normalized	rootEquality	subtree_uid_equality_root	0	openldap	1	1000	94.14444300000002	root-paired/normalized.json
root	default	root	normalized	rootEquality	subtree_uid_equality_root	0	before	2	1000	107.76732700000004	root-paired/normalized.json
root	default	root	normalized	rootEquality	subtree_uid_equality_root	0	current	2	1000	106.67899899999989	root-paired/normalized.json
root	default	root	normalized	rootEquality	subtree_uid_equality_root	0	openldap	2	1000	85.74749399999988	root-paired/normalized.json
root	default	root	normalized	rootEquality	subtree_uid_equality_root	0	before	3	1000	109.80883899999994	root-paired/normalized.json
root	default	root	normalized	rootEquality	subtree_uid_equality_root	0	current	3	1000	114.41463200000008	root-paired/normalized.json
root	default	root	normalized	rootEquality	subtree_uid_equality_root	0	openldap	3	1000	89.99217599999996	root-paired/normalized.json
root	default	root	normalized	rootEquality	subtree_uid_equality_root	0	before	4	1000	108.90358499999991	root-paired/normalized.json
root	default	root	normalized	rootEquality	subtree_uid_equality_root	0	current	4	1000	108.85920599999997	root-paired/normalized.json
root	default	root	normalized	rootEquality	subtree_uid_equality_root	0	openldap	4	1000	89.58937099999993	root-paired/normalized.json
root	default	root	normalized	rootEquality	subtree_uid_equality_root	0	before	5	1000	110.92370799999996	root-paired/normalized.json
root	default	root	normalized	rootEquality	subtree_uid_equality_root	0	current	5	1000	114.76196199999997	root-paired/normalized.json
root	default	root	normalized	rootEquality	subtree_uid_equality_root	0	openldap	5	1000	89.16834999999999	root-paired/normalized.json
root	default	root	normalized	rootEquality	subtree_uid_equality_root	0	before	6	1000	111.36338899999998	root-paired/normalized.json
root	default	root	normalized	rootEquality	subtree_uid_equality_root	0	current	6	1000	112.08153400000019	root-paired/normalized.json
root	default	root	normalized	rootEquality	subtree_uid_equality_root	0	openldap	6	1000	90.9635979999999	root-paired/normalized.json
root	default	root	normalized	rootEquality	subtree_uid_equality_root	0	before	7	1000	114.99244600000014	root-paired/normalized.json
root	default	root	normalized	rootEquality	subtree_uid_equality_root	0	current	7	1000	118.20122299999998	root-paired/normalized.json
root	default	root	normalized	rootEquality	subtree_uid_equality_root	0	openldap	7	1000	95.31913399999993	root-paired/normalized.json
root	default	root	normalized	rootCompareTrue	compare_uid_true_root	0	before	1	1000	104.02263000000016	root-paired/normalized.json
root	default	root	normalized	rootCompareTrue	compare_uid_true_root	0	current	1	1000	104.59342200000002	root-paired/normalized.json
root	default	root	normalized	rootCompareTrue	compare_uid_true_root	0	openldap	1	1000	76.39713100000016	root-paired/normalized.json
root	default	root	normalized	rootCompareTrue	compare_uid_true_root	0	before	2	1000	107.048917	root-paired/normalized.json
root	default	root	normalized	rootCompareTrue	compare_uid_true_root	0	current	2	1000	105.35457899999993	root-paired/normalized.json
root	default	root	normalized	rootCompareTrue	compare_uid_true_root	0	openldap	2	1000	76.17942899999997	root-paired/normalized.json
root	default	root	normalized	rootCompareTrue	compare_uid_true_root	0	before	3	1000	102.07430499999997	root-paired/normalized.json
root	default	root	normalized	rootCompareTrue	compare_uid_true_root	0	current	3	1000	102.75332299999984	root-paired/normalized.json
root	default	root	normalized	rootCompareTrue	compare_uid_true_root	0	openldap	3	1000	74.01436100000008	root-paired/normalized.json
root	default	root	normalized	rootCompareTrue	compare_uid_true_root	0	before	4	1000	106.0436229999999	root-paired/normalized.json
root	default	root	normalized	rootCompareTrue	compare_uid_true_root	0	current	4	1000	107.35704599999998	root-paired/normalized.json
root	default	root	normalized	rootCompareTrue	compare_uid_true_root	0	openldap	4	1000	77.69669900000002	root-paired/normalized.json
root	default	root	normalized	rootCompareTrue	compare_uid_true_root	0	before	5	1000	124.49651499999985	root-paired/normalized.json
root	default	root	normalized	rootCompareTrue	compare_uid_true_root	0	current	5	1000	128.10622399999983	root-paired/normalized.json
root	default	root	normalized	rootCompareTrue	compare_uid_true_root	0	openldap	5	1000	90.11226000000015	root-paired/normalized.json
root	default	root	normalized	rootCompareTrue	compare_uid_true_root	0	before	6	1000	103.3135460000001	root-paired/normalized.json
root	default	root	normalized	rootCompareTrue	compare_uid_true_root	0	current	6	1000	102.87413499999994	root-paired/normalized.json
root	default	root	normalized	rootCompareTrue	compare_uid_true_root	0	openldap	6	1000	75.00471300000008	root-paired/normalized.json
root	default	root	normalized	rootCompareTrue	compare_uid_true_root	0	before	7	1000	100.466162	root-paired/normalized.json
root	default	root	normalized	rootCompareTrue	compare_uid_true_root	0	current	7	1000	102.83072400000002	root-paired/normalized.json
root	default	root	normalized	rootCompareTrue	compare_uid_true_root	0	openldap	7	1000	74.35155499999995	root-paired/normalized.json
root	default	root	normalized	rootCompareFalse	compare_uid_false_root	0	before	1	1000	128.21943399999995	root-paired/normalized.json
root	default	root	normalized	rootCompareFalse	compare_uid_false_root	0	current	1	1000	120.18818799999993	root-paired/normalized.json
root	default	root	normalized	rootCompareFalse	compare_uid_false_root	0	openldap	1	1000	90.54968100000004	root-paired/normalized.json
root	default	root	normalized	rootCompareFalse	compare_uid_false_root	0	before	2	1000	98.72217100000005	root-paired/normalized.json
root	default	root	normalized	rootCompareFalse	compare_uid_false_root	0	current	2	1000	98.88297899999993	root-paired/normalized.json
root	default	root	normalized	rootCompareFalse	compare_uid_false_root	0	openldap	2	1000	72.78973199999992	root-paired/normalized.json
root	default	root	normalized	rootCompareFalse	compare_uid_false_root	0	before	3	1000	100.94255400000013	root-paired/normalized.json
root	default	root	normalized	rootCompareFalse	compare_uid_false_root	0	current	3	1000	102.65515299999987	root-paired/normalized.json
root	default	root	normalized	rootCompareFalse	compare_uid_false_root	0	openldap	3	1000	74.02353599999994	root-paired/normalized.json
root	default	root	normalized	rootCompareFalse	compare_uid_false_root	0	before	4	1000	101.488725	root-paired/normalized.json
root	default	root	normalized	rootCompareFalse	compare_uid_false_root	0	current	4	1000	102.92800200000012	root-paired/normalized.json
root	default	root	normalized	rootCompareFalse	compare_uid_false_root	0	openldap	4	1000	74.68827499999995	root-paired/normalized.json
root	default	root	normalized	rootCompareFalse	compare_uid_false_root	0	before	5	1000	103.82327399999997	root-paired/normalized.json
root	default	root	normalized	rootCompareFalse	compare_uid_false_root	0	current	5	1000	104.80366300000016	root-paired/normalized.json
root	default	root	normalized	rootCompareFalse	compare_uid_false_root	0	openldap	5	1000	77.83724099999996	root-paired/normalized.json
root	default	root	normalized	rootCompareFalse	compare_uid_false_root	0	before	6	1000	109.8264500000001	root-paired/normalized.json
root	default	root	normalized	rootCompareFalse	compare_uid_false_root	0	current	6	1000	107.19932499999997	root-paired/normalized.json
root	default	root	normalized	rootCompareFalse	compare_uid_false_root	0	openldap	6	1000	77.12524100000002	root-paired/normalized.json
root	default	root	normalized	rootCompareFalse	compare_uid_false_root	0	before	7	1000	109.16091400000012	root-paired/normalized.json
root	default	root	normalized	rootCompareFalse	compare_uid_false_root	0	current	7	1000	110.29176800000005	root-paired/normalized.json
root	default	root	normalized	rootCompareFalse	compare_uid_false_root	0	openldap	7	1000	78.88213599999993	root-paired/normalized.json
group-compare	explicit	nonroot	groups	groupCompareTrueFirst	compare_member_true_first	10	before	1	1000	88.027557	explicit-group-compare/groups.json
group-compare	explicit	nonroot	groups	groupCompareTrueFirst	compare_member_true_first	10	current	1	1000	89.82351300000006	explicit-group-compare/groups.json
group-compare	explicit	nonroot	groups	groupCompareTrueFirst	compare_member_true_first	10	openldap	1	1000	73.56280099999995	explicit-group-compare/groups.json
group-compare	explicit	nonroot	groups	groupCompareTrueFirst	compare_member_true_first	10	before	2	1000	90.3485930000001	explicit-group-compare/groups.json
group-compare	explicit	nonroot	groups	groupCompareTrueFirst	compare_member_true_first	10	current	2	1000	91.08866300000003	explicit-group-compare/groups.json
group-compare	explicit	nonroot	groups	groupCompareTrueFirst	compare_member_true_first	10	openldap	2	1000	75.74501099999992	explicit-group-compare/groups.json
group-compare	explicit	nonroot	groups	groupCompareTrueFirst	compare_member_true_first	10	before	3	1000	88.78631899999989	explicit-group-compare/groups.json
group-compare	explicit	nonroot	groups	groupCompareTrueFirst	compare_member_true_first	10	current	3	1000	89.18603900000002	explicit-group-compare/groups.json
group-compare	explicit	nonroot	groups	groupCompareTrueFirst	compare_member_true_first	10	openldap	3	1000	74.94643399999988	explicit-group-compare/groups.json
group-compare	explicit	nonroot	groups	groupCompareTrueFirst	compare_member_true_first	10	before	4	1000	86.33733600000005	explicit-group-compare/groups.json
group-compare	explicit	nonroot	groups	groupCompareTrueFirst	compare_member_true_first	10	current	4	1000	86.93584000000001	explicit-group-compare/groups.json
group-compare	explicit	nonroot	groups	groupCompareTrueFirst	compare_member_true_first	10	openldap	4	1000	73.23510100000001	explicit-group-compare/groups.json
group-compare	explicit	nonroot	groups	groupCompareTrueFirst	compare_member_true_first	10	before	5	1000	88.32756	explicit-group-compare/groups.json
group-compare	explicit	nonroot	groups	groupCompareTrueFirst	compare_member_true_first	10	current	5	1000	88.20621800000006	explicit-group-compare/groups.json
group-compare	explicit	nonroot	groups	groupCompareTrueFirst	compare_member_true_first	10	openldap	5	1000	74.01637400000006	explicit-group-compare/groups.json
group-compare	explicit	nonroot	groups	groupCompareTrueFirst	compare_member_true_first	10	before	6	1000	85.66692699999999	explicit-group-compare/groups.json
group-compare	explicit	nonroot	groups	groupCompareTrueFirst	compare_member_true_first	10	current	6	1000	88.75665299999999	explicit-group-compare/groups.json
group-compare	explicit	nonroot	groups	groupCompareTrueFirst	compare_member_true_first	10	openldap	6	1000	70.73229099999998	explicit-group-compare/groups.json
group-compare	explicit	nonroot	groups	groupCompareTrueFirst	compare_member_true_first	10	before	7	1000	88.34260399999998	explicit-group-compare/groups.json
group-compare	explicit	nonroot	groups	groupCompareTrueFirst	compare_member_true_first	10	current	7	1000	89.64301099999987	explicit-group-compare/groups.json
group-compare	explicit	nonroot	groups	groupCompareTrueFirst	compare_member_true_first	10	openldap	7	1000	74.12583300000007	explicit-group-compare/groups.json
group-compare	explicit	nonroot	groups	groupCompareTrueFirst	compare_member_true_first	1000	before	1	1000	102.4793249999999	explicit-group-compare/groups.json
group-compare	explicit	nonroot	groups	groupCompareTrueFirst	compare_member_true_first	1000	current	1	1000	101.04691000000012	explicit-group-compare/groups.json
group-compare	explicit	nonroot	groups	groupCompareTrueFirst	compare_member_true_first	1000	openldap	1	1000	81.736869	explicit-group-compare/groups.json
group-compare	explicit	nonroot	groups	groupCompareTrueFirst	compare_member_true_first	1000	before	2	1000	105.055712	explicit-group-compare/groups.json
group-compare	explicit	nonroot	groups	groupCompareTrueFirst	compare_member_true_first	1000	current	2	1000	103.98184100000006	explicit-group-compare/groups.json
group-compare	explicit	nonroot	groups	groupCompareTrueFirst	compare_member_true_first	1000	openldap	2	1000	82.49975200000003	explicit-group-compare/groups.json
group-compare	explicit	nonroot	groups	groupCompareTrueFirst	compare_member_true_first	1000	before	3	1000	98.38214500000008	explicit-group-compare/groups.json
group-compare	explicit	nonroot	groups	groupCompareTrueFirst	compare_member_true_first	1000	current	3	1000	98.77284300000012	explicit-group-compare/groups.json
group-compare	explicit	nonroot	groups	groupCompareTrueFirst	compare_member_true_first	1000	openldap	3	1000	75.99762399999993	explicit-group-compare/groups.json
group-compare	explicit	nonroot	groups	groupCompareTrueFirst	compare_member_true_first	1000	before	4	1000	118.26431499999984	explicit-group-compare/groups.json
group-compare	explicit	nonroot	groups	groupCompareTrueFirst	compare_member_true_first	1000	current	4	1000	116.41925300000005	explicit-group-compare/groups.json
group-compare	explicit	nonroot	groups	groupCompareTrueFirst	compare_member_true_first	1000	openldap	4	1000	85.79832700000004	explicit-group-compare/groups.json
group-compare	explicit	nonroot	groups	groupCompareTrueFirst	compare_member_true_first	1000	before	5	1000	101.56742400000007	explicit-group-compare/groups.json
group-compare	explicit	nonroot	groups	groupCompareTrueFirst	compare_member_true_first	1000	current	5	1000	103.17711800000009	explicit-group-compare/groups.json
group-compare	explicit	nonroot	groups	groupCompareTrueFirst	compare_member_true_first	1000	openldap	5	1000	76.76751200000001	explicit-group-compare/groups.json
group-compare	explicit	nonroot	groups	groupCompareTrueFirst	compare_member_true_first	1000	before	6	1000	101.28228600000004	explicit-group-compare/groups.json
group-compare	explicit	nonroot	groups	groupCompareTrueFirst	compare_member_true_first	1000	current	6	1000	101.0517800000001	explicit-group-compare/groups.json
group-compare	explicit	nonroot	groups	groupCompareTrueFirst	compare_member_true_first	1000	openldap	6	1000	78.99894699999994	explicit-group-compare/groups.json
group-compare	explicit	nonroot	groups	groupCompareTrueFirst	compare_member_true_first	1000	before	7	1000	105.50666099999995	explicit-group-compare/groups.json
group-compare	explicit	nonroot	groups	groupCompareTrueFirst	compare_member_true_first	1000	current	7	1000	99.25092900000017	explicit-group-compare/groups.json
group-compare	explicit	nonroot	groups	groupCompareTrueFirst	compare_member_true_first	1000	openldap	7	1000	77.72379999999991	explicit-group-compare/groups.json
group-compare	explicit	nonroot	groups	groupCompareTrueLast	compare_member_true_last	10	before	1	1000	98.14130399999988	explicit-group-compare/groups.json
group-compare	explicit	nonroot	groups	groupCompareTrueLast	compare_member_true_last	10	current	1	1000	98.68911600000006	explicit-group-compare/groups.json
group-compare	explicit	nonroot	groups	groupCompareTrueLast	compare_member_true_last	10	openldap	1	1000	82.73759099999991	explicit-group-compare/groups.json
group-compare	explicit	nonroot	groups	groupCompareTrueLast	compare_member_true_last	10	before	2	1000	96.58490000000003	explicit-group-compare/groups.json
group-compare	explicit	nonroot	groups	groupCompareTrueLast	compare_member_true_last	10	current	2	1000	95.29888099999992	explicit-group-compare/groups.json
group-compare	explicit	nonroot	groups	groupCompareTrueLast	compare_member_true_last	10	openldap	2	1000	77.46484800000009	explicit-group-compare/groups.json
group-compare	explicit	nonroot	groups	groupCompareTrueLast	compare_member_true_last	10	before	3	1000	93.02551600000004	explicit-group-compare/groups.json
group-compare	explicit	nonroot	groups	groupCompareTrueLast	compare_member_true_last	10	current	3	1000	94.44198699999994	explicit-group-compare/groups.json
group-compare	explicit	nonroot	groups	groupCompareTrueLast	compare_member_true_last	10	openldap	3	1000	76.11565699999998	explicit-group-compare/groups.json
group-compare	explicit	nonroot	groups	groupCompareTrueLast	compare_member_true_last	10	before	4	1000	102.57508200000017	explicit-group-compare/groups.json
group-compare	explicit	nonroot	groups	groupCompareTrueLast	compare_member_true_last	10	current	4	1000	103.31757900000007	explicit-group-compare/groups.json
group-compare	explicit	nonroot	groups	groupCompareTrueLast	compare_member_true_last	10	openldap	4	1000	83.060388	explicit-group-compare/groups.json
group-compare	explicit	nonroot	groups	groupCompareTrueLast	compare_member_true_last	10	before	5	1000	102.43646299999986	explicit-group-compare/groups.json
group-compare	explicit	nonroot	groups	groupCompareTrueLast	compare_member_true_last	10	current	5	1000	101.92387900000001	explicit-group-compare/groups.json
group-compare	explicit	nonroot	groups	groupCompareTrueLast	compare_member_true_last	10	openldap	5	1000	82.4770660000001	explicit-group-compare/groups.json
group-compare	explicit	nonroot	groups	groupCompareTrueLast	compare_member_true_last	10	before	6	1000	97.83469000000011	explicit-group-compare/groups.json
group-compare	explicit	nonroot	groups	groupCompareTrueLast	compare_member_true_last	10	current	6	1000	98.87025199999992	explicit-group-compare/groups.json
group-compare	explicit	nonroot	groups	groupCompareTrueLast	compare_member_true_last	10	openldap	6	1000	82.46516600000011	explicit-group-compare/groups.json
group-compare	explicit	nonroot	groups	groupCompareTrueLast	compare_member_true_last	10	before	7	1000	97.18229599999992	explicit-group-compare/groups.json
group-compare	explicit	nonroot	groups	groupCompareTrueLast	compare_member_true_last	10	current	7	1000	97.04966300000008	explicit-group-compare/groups.json
group-compare	explicit	nonroot	groups	groupCompareTrueLast	compare_member_true_last	10	openldap	7	1000	78.50562999999988	explicit-group-compare/groups.json
group-compare	explicit	nonroot	groups	groupCompareTrueLast	compare_member_true_last	1000	before	1	1000	152.50036099999986	explicit-group-compare/groups.json
group-compare	explicit	nonroot	groups	groupCompareTrueLast	compare_member_true_last	1000	current	1	1000	145.21001300000032	explicit-group-compare/groups.json
group-compare	explicit	nonroot	groups	groupCompareTrueLast	compare_member_true_last	1000	openldap	1	1000	88.20858100000002	explicit-group-compare/groups.json
group-compare	explicit	nonroot	groups	groupCompareTrueLast	compare_member_true_last	1000	before	2	1000	155.42206999999996	explicit-group-compare/groups.json
group-compare	explicit	nonroot	groups	groupCompareTrueLast	compare_member_true_last	1000	current	2	1000	146.13320099999993	explicit-group-compare/groups.json
group-compare	explicit	nonroot	groups	groupCompareTrueLast	compare_member_true_last	1000	openldap	2	1000	87.76390999999997	explicit-group-compare/groups.json
group-compare	explicit	nonroot	groups	groupCompareTrueLast	compare_member_true_last	1000	before	3	1000	151.92816100000002	explicit-group-compare/groups.json
group-compare	explicit	nonroot	groups	groupCompareTrueLast	compare_member_true_last	1000	current	3	1000	143.321016	explicit-group-compare/groups.json
group-compare	explicit	nonroot	groups	groupCompareTrueLast	compare_member_true_last	1000	openldap	3	1000	86.17794599999993	explicit-group-compare/groups.json
group-compare	explicit	nonroot	groups	groupCompareTrueLast	compare_member_true_last	1000	before	4	1000	150.0555090000001	explicit-group-compare/groups.json
group-compare	explicit	nonroot	groups	groupCompareTrueLast	compare_member_true_last	1000	current	4	1000	138.52680400000008	explicit-group-compare/groups.json
group-compare	explicit	nonroot	groups	groupCompareTrueLast	compare_member_true_last	1000	openldap	4	1000	83.52698099999998	explicit-group-compare/groups.json
group-compare	explicit	nonroot	groups	groupCompareTrueLast	compare_member_true_last	1000	before	5	1000	147.58090699999985	explicit-group-compare/groups.json
group-compare	explicit	nonroot	groups	groupCompareTrueLast	compare_member_true_last	1000	current	5	1000	137.31408300000018	explicit-group-compare/groups.json
group-compare	explicit	nonroot	groups	groupCompareTrueLast	compare_member_true_last	1000	openldap	5	1000	81.01958599999992	explicit-group-compare/groups.json
group-compare	explicit	nonroot	groups	groupCompareTrueLast	compare_member_true_last	1000	before	6	1000	152.8697290000001	explicit-group-compare/groups.json
group-compare	explicit	nonroot	groups	groupCompareTrueLast	compare_member_true_last	1000	current	6	1000	140.27986200000012	explicit-group-compare/groups.json
group-compare	explicit	nonroot	groups	groupCompareTrueLast	compare_member_true_last	1000	openldap	6	1000	83.95683499999994	explicit-group-compare/groups.json
group-compare	explicit	nonroot	groups	groupCompareTrueLast	compare_member_true_last	1000	before	7	1000	146.69594999999975	explicit-group-compare/groups.json
group-compare	explicit	nonroot	groups	groupCompareTrueLast	compare_member_true_last	1000	current	7	1000	140.44958599999987	explicit-group-compare/groups.json
group-compare	explicit	nonroot	groups	groupCompareTrueLast	compare_member_true_last	1000	openldap	7	1000	82.61108799999997	explicit-group-compare/groups.json
group-compare	explicit	nonroot	groups	groupCompareFalse	compare_member_false_missing	10	before	1	1000	92.00949299999996	explicit-group-compare/groups.json
group-compare	explicit	nonroot	groups	groupCompareFalse	compare_member_false_missing	10	current	1	1000	91.88025399999994	explicit-group-compare/groups.json
group-compare	explicit	nonroot	groups	groupCompareFalse	compare_member_false_missing	10	openldap	1	1000	73.56158500000005	explicit-group-compare/groups.json
group-compare	explicit	nonroot	groups	groupCompareFalse	compare_member_false_missing	10	before	2	1000	92.46690400000003	explicit-group-compare/groups.json
group-compare	explicit	nonroot	groups	groupCompareFalse	compare_member_false_missing	10	current	2	1000	92.383314	explicit-group-compare/groups.json
group-compare	explicit	nonroot	groups	groupCompareFalse	compare_member_false_missing	10	openldap	2	1000	75.07100599999993	explicit-group-compare/groups.json
group-compare	explicit	nonroot	groups	groupCompareFalse	compare_member_false_missing	10	before	3	1000	92.14549200000006	explicit-group-compare/groups.json
group-compare	explicit	nonroot	groups	groupCompareFalse	compare_member_false_missing	10	current	3	1000	91.13606400000013	explicit-group-compare/groups.json
group-compare	explicit	nonroot	groups	groupCompareFalse	compare_member_false_missing	10	openldap	3	1000	73.993153	explicit-group-compare/groups.json
group-compare	explicit	nonroot	groups	groupCompareFalse	compare_member_false_missing	10	before	4	1000	105.93775099999995	explicit-group-compare/groups.json
group-compare	explicit	nonroot	groups	groupCompareFalse	compare_member_false_missing	10	current	4	1000	103.31740099999992	explicit-group-compare/groups.json
group-compare	explicit	nonroot	groups	groupCompareFalse	compare_member_false_missing	10	openldap	4	1000	84.11969400000002	explicit-group-compare/groups.json
group-compare	explicit	nonroot	groups	groupCompareFalse	compare_member_false_missing	10	before	5	1000	94.33129200000015	explicit-group-compare/groups.json
group-compare	explicit	nonroot	groups	groupCompareFalse	compare_member_false_missing	10	current	5	1000	93.24568900000006	explicit-group-compare/groups.json
group-compare	explicit	nonroot	groups	groupCompareFalse	compare_member_false_missing	10	openldap	5	1000	75.57336699999999	explicit-group-compare/groups.json
group-compare	explicit	nonroot	groups	groupCompareFalse	compare_member_false_missing	10	before	6	1000	91.33322599999997	explicit-group-compare/groups.json
group-compare	explicit	nonroot	groups	groupCompareFalse	compare_member_false_missing	10	current	6	1000	90.61230700000004	explicit-group-compare/groups.json
group-compare	explicit	nonroot	groups	groupCompareFalse	compare_member_false_missing	10	openldap	6	1000	73.66859	explicit-group-compare/groups.json
group-compare	explicit	nonroot	groups	groupCompareFalse	compare_member_false_missing	10	before	7	1000	92.91809100000013	explicit-group-compare/groups.json
group-compare	explicit	nonroot	groups	groupCompareFalse	compare_member_false_missing	10	current	7	1000	94.00552300000014	explicit-group-compare/groups.json
group-compare	explicit	nonroot	groups	groupCompareFalse	compare_member_false_missing	10	openldap	7	1000	74.63804399999995	explicit-group-compare/groups.json
group-compare	explicit	nonroot	groups	groupCompareFalse	compare_member_false_missing	1000	before	1	1000	141.11422000000007	explicit-group-compare/groups.json
group-compare	explicit	nonroot	groups	groupCompareFalse	compare_member_false_missing	1000	current	1	1000	135.38963099999992	explicit-group-compare/groups.json
group-compare	explicit	nonroot	groups	groupCompareFalse	compare_member_false_missing	1000	openldap	1	1000	81.49318899999994	explicit-group-compare/groups.json
group-compare	explicit	nonroot	groups	groupCompareFalse	compare_member_false_missing	1000	before	2	1000	149.95278400000015	explicit-group-compare/groups.json
group-compare	explicit	nonroot	groups	groupCompareFalse	compare_member_false_missing	1000	current	2	1000	140.14437599999982	explicit-group-compare/groups.json
group-compare	explicit	nonroot	groups	groupCompareFalse	compare_member_false_missing	1000	openldap	2	1000	86.79154100000015	explicit-group-compare/groups.json
group-compare	explicit	nonroot	groups	groupCompareFalse	compare_member_false_missing	1000	before	3	1000	147.24637600000017	explicit-group-compare/groups.json
group-compare	explicit	nonroot	groups	groupCompareFalse	compare_member_false_missing	1000	current	3	1000	140.78479100000018	explicit-group-compare/groups.json
group-compare	explicit	nonroot	groups	groupCompareFalse	compare_member_false_missing	1000	openldap	3	1000	90.52254799999997	explicit-group-compare/groups.json
group-compare	explicit	nonroot	groups	groupCompareFalse	compare_member_false_missing	1000	before	4	1000	152.37988400000012	explicit-group-compare/groups.json
group-compare	explicit	nonroot	groups	groupCompareFalse	compare_member_false_missing	1000	current	4	1000	148.4145040000001	explicit-group-compare/groups.json
group-compare	explicit	nonroot	groups	groupCompareFalse	compare_member_false_missing	1000	openldap	4	1000	90.12129400000005	explicit-group-compare/groups.json
group-compare	explicit	nonroot	groups	groupCompareFalse	compare_member_false_missing	1000	before	5	1000	150.7501319999999	explicit-group-compare/groups.json
group-compare	explicit	nonroot	groups	groupCompareFalse	compare_member_false_missing	1000	current	5	1000	144.353289	explicit-group-compare/groups.json
group-compare	explicit	nonroot	groups	groupCompareFalse	compare_member_false_missing	1000	openldap	5	1000	87.254458	explicit-group-compare/groups.json
group-compare	explicit	nonroot	groups	groupCompareFalse	compare_member_false_missing	1000	before	6	1000	153.9767030000002	explicit-group-compare/groups.json
group-compare	explicit	nonroot	groups	groupCompareFalse	compare_member_false_missing	1000	current	6	1000	148.55720600000012	explicit-group-compare/groups.json
group-compare	explicit	nonroot	groups	groupCompareFalse	compare_member_false_missing	1000	openldap	6	1000	90.18987299999993	explicit-group-compare/groups.json
group-compare	explicit	nonroot	groups	groupCompareFalse	compare_member_false_missing	1000	before	7	1000	145.4124659999999	explicit-group-compare/groups.json
group-compare	explicit	nonroot	groups	groupCompareFalse	compare_member_false_missing	1000	current	7	1000	147.33217599999983	explicit-group-compare/groups.json
group-compare	explicit	nonroot	groups	groupCompareFalse	compare_member_false_missing	1000	openldap	7	1000	83.858387	explicit-group-compare/groups.json
group-compare	default	nonroot	groups	groupCompareTrueFirst	compare_member_true_first	10	before	1	1000	88.61052800000004	default-group-compare/groups.json
group-compare	default	nonroot	groups	groupCompareTrueFirst	compare_member_true_first	10	current	1	1000	90.04975699999994	default-group-compare/groups.json
group-compare	default	nonroot	groups	groupCompareTrueFirst	compare_member_true_first	10	openldap	1	1000	74.02116400000004	default-group-compare/groups.json
group-compare	default	nonroot	groups	groupCompareTrueFirst	compare_member_true_first	10	before	2	1000	90.13729800000003	default-group-compare/groups.json
group-compare	default	nonroot	groups	groupCompareTrueFirst	compare_member_true_first	10	current	2	1000	88.30217700000004	default-group-compare/groups.json
group-compare	default	nonroot	groups	groupCompareTrueFirst	compare_member_true_first	10	openldap	2	1000	73.363662	default-group-compare/groups.json
group-compare	default	nonroot	groups	groupCompareTrueFirst	compare_member_true_first	10	before	3	1000	86.68007800000011	default-group-compare/groups.json
group-compare	default	nonroot	groups	groupCompareTrueFirst	compare_member_true_first	10	current	3	1000	88.11618300000012	default-group-compare/groups.json
group-compare	default	nonroot	groups	groupCompareTrueFirst	compare_member_true_first	10	openldap	3	1000	73.81380000000006	default-group-compare/groups.json
group-compare	default	nonroot	groups	groupCompareTrueFirst	compare_member_true_first	10	before	4	1000	89.65214200000008	default-group-compare/groups.json
group-compare	default	nonroot	groups	groupCompareTrueFirst	compare_member_true_first	10	current	4	1000	89.90791500000005	default-group-compare/groups.json
group-compare	default	nonroot	groups	groupCompareTrueFirst	compare_member_true_first	10	openldap	4	1000	74.98150699999997	default-group-compare/groups.json
group-compare	default	nonroot	groups	groupCompareTrueFirst	compare_member_true_first	10	before	5	1000	98.01312299999988	default-group-compare/groups.json
group-compare	default	nonroot	groups	groupCompareTrueFirst	compare_member_true_first	10	current	5	1000	99.31309299999995	default-group-compare/groups.json
group-compare	default	nonroot	groups	groupCompareTrueFirst	compare_member_true_first	10	openldap	5	1000	82.84929099999992	default-group-compare/groups.json
group-compare	default	nonroot	groups	groupCompareTrueFirst	compare_member_true_first	10	before	6	1000	96.42911400000018	default-group-compare/groups.json
group-compare	default	nonroot	groups	groupCompareTrueFirst	compare_member_true_first	10	current	6	1000	98.19243200000018	default-group-compare/groups.json
group-compare	default	nonroot	groups	groupCompareTrueFirst	compare_member_true_first	10	openldap	6	1000	80.73052000000011	default-group-compare/groups.json
group-compare	default	nonroot	groups	groupCompareTrueFirst	compare_member_true_first	10	before	7	1000	91.43032799999997	default-group-compare/groups.json
group-compare	default	nonroot	groups	groupCompareTrueFirst	compare_member_true_first	10	current	7	1000	90.52538300000005	default-group-compare/groups.json
group-compare	default	nonroot	groups	groupCompareTrueFirst	compare_member_true_first	10	openldap	7	1000	77.7633240000001	default-group-compare/groups.json
group-compare	default	nonroot	groups	groupCompareTrueFirst	compare_member_true_first	1000	before	1	1000	104.1022529999999	default-group-compare/groups.json
group-compare	default	nonroot	groups	groupCompareTrueFirst	compare_member_true_first	1000	current	1	1000	105.36187499999986	default-group-compare/groups.json
group-compare	default	nonroot	groups	groupCompareTrueFirst	compare_member_true_first	1000	openldap	1	1000	84.04614800000014	default-group-compare/groups.json
group-compare	default	nonroot	groups	groupCompareTrueFirst	compare_member_true_first	1000	before	2	1000	102.02989500000021	default-group-compare/groups.json
group-compare	default	nonroot	groups	groupCompareTrueFirst	compare_member_true_first	1000	current	2	1000	101.881855	default-group-compare/groups.json
group-compare	default	nonroot	groups	groupCompareTrueFirst	compare_member_true_first	1000	openldap	2	1000	83.07488999999991	default-group-compare/groups.json
group-compare	default	nonroot	groups	groupCompareTrueFirst	compare_member_true_first	1000	before	3	1000	106.78955999999995	default-group-compare/groups.json
group-compare	default	nonroot	groups	groupCompareTrueFirst	compare_member_true_first	1000	current	3	1000	103.37094700000007	default-group-compare/groups.json
group-compare	default	nonroot	groups	groupCompareTrueFirst	compare_member_true_first	1000	openldap	3	1000	84.92028099999993	default-group-compare/groups.json
group-compare	default	nonroot	groups	groupCompareTrueFirst	compare_member_true_first	1000	before	4	1000	151.830591	default-group-compare/groups.json
group-compare	default	nonroot	groups	groupCompareTrueFirst	compare_member_true_first	1000	current	4	1000	148.44952100000012	default-group-compare/groups.json
group-compare	default	nonroot	groups	groupCompareTrueFirst	compare_member_true_first	1000	openldap	4	1000	106.34460200000001	default-group-compare/groups.json
group-compare	default	nonroot	groups	groupCompareTrueFirst	compare_member_true_first	1000	before	5	1000	111.37986200000002	default-group-compare/groups.json
group-compare	default	nonroot	groups	groupCompareTrueFirst	compare_member_true_first	1000	current	5	1000	116.48545399999986	default-group-compare/groups.json
group-compare	default	nonroot	groups	groupCompareTrueFirst	compare_member_true_first	1000	openldap	5	1000	88.58644799999993	default-group-compare/groups.json
group-compare	default	nonroot	groups	groupCompareTrueFirst	compare_member_true_first	1000	before	6	1000	102.71937599999988	default-group-compare/groups.json
group-compare	default	nonroot	groups	groupCompareTrueFirst	compare_member_true_first	1000	current	6	1000	102.53022300000002	default-group-compare/groups.json
group-compare	default	nonroot	groups	groupCompareTrueFirst	compare_member_true_first	1000	openldap	6	1000	81.73463099999998	default-group-compare/groups.json
group-compare	default	nonroot	groups	groupCompareTrueFirst	compare_member_true_first	1000	before	7	1000	106.04258700000007	default-group-compare/groups.json
group-compare	default	nonroot	groups	groupCompareTrueFirst	compare_member_true_first	1000	current	7	1000	106.95515099999992	default-group-compare/groups.json
group-compare	default	nonroot	groups	groupCompareTrueFirst	compare_member_true_first	1000	openldap	7	1000	83.61794400000008	default-group-compare/groups.json
group-compare	default	nonroot	groups	groupCompareTrueLast	compare_member_true_last	10	before	1	1000	93.5871279999999	default-group-compare/groups.json
group-compare	default	nonroot	groups	groupCompareTrueLast	compare_member_true_last	10	current	1	1000	94.73231999999996	default-group-compare/groups.json
group-compare	default	nonroot	groups	groupCompareTrueLast	compare_member_true_last	10	openldap	1	1000	77.7639960000001	default-group-compare/groups.json
group-compare	default	nonroot	groups	groupCompareTrueLast	compare_member_true_last	10	before	2	1000	90.49565899999995	default-group-compare/groups.json
group-compare	default	nonroot	groups	groupCompareTrueLast	compare_member_true_last	10	current	2	1000	92.1154190000002	default-group-compare/groups.json
group-compare	default	nonroot	groups	groupCompareTrueLast	compare_member_true_last	10	openldap	2	1000	72.03442199999998	default-group-compare/groups.json
group-compare	default	nonroot	groups	groupCompareTrueLast	compare_member_true_last	10	before	3	1000	104.00837400000002	default-group-compare/groups.json
group-compare	default	nonroot	groups	groupCompareTrueLast	compare_member_true_last	10	current	3	1000	105.97837199999998	default-group-compare/groups.json
group-compare	default	nonroot	groups	groupCompareTrueLast	compare_member_true_last	10	openldap	3	1000	83.92176600000009	default-group-compare/groups.json
group-compare	default	nonroot	groups	groupCompareTrueLast	compare_member_true_last	10	before	4	1000	91.07839800000008	default-group-compare/groups.json
group-compare	default	nonroot	groups	groupCompareTrueLast	compare_member_true_last	10	current	4	1000	90.91179500000004	default-group-compare/groups.json
group-compare	default	nonroot	groups	groupCompareTrueLast	compare_member_true_last	10	openldap	4	1000	74.23566000000002	default-group-compare/groups.json
group-compare	default	nonroot	groups	groupCompareTrueLast	compare_member_true_last	10	before	5	1000	84.65388999999996	default-group-compare/groups.json
group-compare	default	nonroot	groups	groupCompareTrueLast	compare_member_true_last	10	current	5	1000	88.26832999999989	default-group-compare/groups.json
group-compare	default	nonroot	groups	groupCompareTrueLast	compare_member_true_last	10	openldap	5	1000	68.42918300000005	default-group-compare/groups.json
group-compare	default	nonroot	groups	groupCompareTrueLast	compare_member_true_last	10	before	6	1000	91.12977499999995	default-group-compare/groups.json
group-compare	default	nonroot	groups	groupCompareTrueLast	compare_member_true_last	10	current	6	1000	90.77120299999997	default-group-compare/groups.json
group-compare	default	nonroot	groups	groupCompareTrueLast	compare_member_true_last	10	openldap	6	1000	75.44665099999995	default-group-compare/groups.json
group-compare	default	nonroot	groups	groupCompareTrueLast	compare_member_true_last	10	before	7	1000	88.20833399999998	default-group-compare/groups.json
group-compare	default	nonroot	groups	groupCompareTrueLast	compare_member_true_last	10	current	7	1000	89.2339539999999	default-group-compare/groups.json
group-compare	default	nonroot	groups	groupCompareTrueLast	compare_member_true_last	10	openldap	7	1000	73.04928699999998	default-group-compare/groups.json
group-compare	default	nonroot	groups	groupCompareTrueLast	compare_member_true_last	1000	before	1	1000	146.51168399999983	default-group-compare/groups.json
group-compare	default	nonroot	groups	groupCompareTrueLast	compare_member_true_last	1000	current	1	1000	140.43968599999985	default-group-compare/groups.json
group-compare	default	nonroot	groups	groupCompareTrueLast	compare_member_true_last	1000	openldap	1	1000	84.18250899999987	default-group-compare/groups.json
group-compare	default	nonroot	groups	groupCompareTrueLast	compare_member_true_last	1000	before	2	1000	148.38525699999994	default-group-compare/groups.json
group-compare	default	nonroot	groups	groupCompareTrueLast	compare_member_true_last	1000	current	2	1000	139.42953099999986	default-group-compare/groups.json
group-compare	default	nonroot	groups	groupCompareTrueLast	compare_member_true_last	1000	openldap	2	1000	84.482277	default-group-compare/groups.json
group-compare	default	nonroot	groups	groupCompareTrueLast	compare_member_true_last	1000	before	3	1000	149.84797099999986	default-group-compare/groups.json
group-compare	default	nonroot	groups	groupCompareTrueLast	compare_member_true_last	1000	current	3	1000	140.29019400000007	default-group-compare/groups.json
group-compare	default	nonroot	groups	groupCompareTrueLast	compare_member_true_last	1000	openldap	3	1000	82.90890900000002	default-group-compare/groups.json
group-compare	default	nonroot	groups	groupCompareTrueLast	compare_member_true_last	1000	before	4	1000	145.70829299999994	default-group-compare/groups.json
group-compare	default	nonroot	groups	groupCompareTrueLast	compare_member_true_last	1000	current	4	1000	137.68187399999997	default-group-compare/groups.json
group-compare	default	nonroot	groups	groupCompareTrueLast	compare_member_true_last	1000	openldap	4	1000	81.31587800000004	default-group-compare/groups.json
group-compare	default	nonroot	groups	groupCompareTrueLast	compare_member_true_last	1000	before	5	1000	143.249901	default-group-compare/groups.json
group-compare	default	nonroot	groups	groupCompareTrueLast	compare_member_true_last	1000	current	5	1000	140.3480260000002	default-group-compare/groups.json
group-compare	default	nonroot	groups	groupCompareTrueLast	compare_member_true_last	1000	openldap	5	1000	79.97745800000015	default-group-compare/groups.json
group-compare	default	nonroot	groups	groupCompareTrueLast	compare_member_true_last	1000	before	6	1000	168.996838	default-group-compare/groups.json
group-compare	default	nonroot	groups	groupCompareTrueLast	compare_member_true_last	1000	current	6	1000	153.53389299999984	default-group-compare/groups.json
group-compare	default	nonroot	groups	groupCompareTrueLast	compare_member_true_last	1000	openldap	6	1000	96.71245299999997	default-group-compare/groups.json
group-compare	default	nonroot	groups	groupCompareTrueLast	compare_member_true_last	1000	before	7	1000	142.43245999999988	default-group-compare/groups.json
group-compare	default	nonroot	groups	groupCompareTrueLast	compare_member_true_last	1000	current	7	1000	137.92290800000015	default-group-compare/groups.json
group-compare	default	nonroot	groups	groupCompareTrueLast	compare_member_true_last	1000	openldap	7	1000	80.11580500000002	default-group-compare/groups.json
group-compare	default	nonroot	groups	groupCompareFalse	compare_member_false_missing	10	before	1	1000	91.78733800000008	default-group-compare/groups.json
group-compare	default	nonroot	groups	groupCompareFalse	compare_member_false_missing	10	current	1	1000	93.56719400000006	default-group-compare/groups.json
group-compare	default	nonroot	groups	groupCompareFalse	compare_member_false_missing	10	openldap	1	1000	76.51491100000011	default-group-compare/groups.json
group-compare	default	nonroot	groups	groupCompareFalse	compare_member_false_missing	10	before	2	1000	90.50238299999998	default-group-compare/groups.json
group-compare	default	nonroot	groups	groupCompareFalse	compare_member_false_missing	10	current	2	1000	93.04836999999998	default-group-compare/groups.json
group-compare	default	nonroot	groups	groupCompareFalse	compare_member_false_missing	10	openldap	2	1000	75.45724500000007	default-group-compare/groups.json
group-compare	default	nonroot	groups	groupCompareFalse	compare_member_false_missing	10	before	3	1000	91.44233800000003	default-group-compare/groups.json
group-compare	default	nonroot	groups	groupCompareFalse	compare_member_false_missing	10	current	3	1000	92.35655799999994	default-group-compare/groups.json
group-compare	default	nonroot	groups	groupCompareFalse	compare_member_false_missing	10	openldap	3	1000	73.9987539999999	default-group-compare/groups.json
group-compare	default	nonroot	groups	groupCompareFalse	compare_member_false_missing	10	before	4	1000	93.11175999999996	default-group-compare/groups.json
group-compare	default	nonroot	groups	groupCompareFalse	compare_member_false_missing	10	current	4	1000	94.08803700000004	default-group-compare/groups.json
group-compare	default	nonroot	groups	groupCompareFalse	compare_member_false_missing	10	openldap	4	1000	76.33188199999994	default-group-compare/groups.json
group-compare	default	nonroot	groups	groupCompareFalse	compare_member_false_missing	10	before	5	1000	98.15422199999992	default-group-compare/groups.json
group-compare	default	nonroot	groups	groupCompareFalse	compare_member_false_missing	10	current	5	1000	99.06316599999997	default-group-compare/groups.json
group-compare	default	nonroot	groups	groupCompareFalse	compare_member_false_missing	10	openldap	5	1000	78.22340800000005	default-group-compare/groups.json
group-compare	default	nonroot	groups	groupCompareFalse	compare_member_false_missing	10	before	6	1000	101.01107599999986	default-group-compare/groups.json
group-compare	default	nonroot	groups	groupCompareFalse	compare_member_false_missing	10	current	6	1000	102.76399400000012	default-group-compare/groups.json
group-compare	default	nonroot	groups	groupCompareFalse	compare_member_false_missing	10	openldap	6	1000	80.77965499999996	default-group-compare/groups.json
group-compare	default	nonroot	groups	groupCompareFalse	compare_member_false_missing	10	before	7	1000	102.02113699999975	default-group-compare/groups.json
group-compare	default	nonroot	groups	groupCompareFalse	compare_member_false_missing	10	current	7	1000	101.48944499999998	default-group-compare/groups.json
group-compare	default	nonroot	groups	groupCompareFalse	compare_member_false_missing	10	openldap	7	1000	80.94237400000004	default-group-compare/groups.json
group-compare	default	nonroot	groups	groupCompareFalse	compare_member_false_missing	1000	before	1	1000	145.96633400000013	default-group-compare/groups.json
group-compare	default	nonroot	groups	groupCompareFalse	compare_member_false_missing	1000	current	1	1000	139.35270099999994	default-group-compare/groups.json
group-compare	default	nonroot	groups	groupCompareFalse	compare_member_false_missing	1000	openldap	1	1000	85.32633399999989	default-group-compare/groups.json
group-compare	default	nonroot	groups	groupCompareFalse	compare_member_false_missing	1000	before	2	1000	135.06836000000004	default-group-compare/groups.json
group-compare	default	nonroot	groups	groupCompareFalse	compare_member_false_missing	1000	current	2	1000	131.20868099999996	default-group-compare/groups.json
group-compare	default	nonroot	groups	groupCompareFalse	compare_member_false_missing	1000	openldap	2	1000	79.71450400000008	default-group-compare/groups.json
group-compare	default	nonroot	groups	groupCompareFalse	compare_member_false_missing	1000	before	3	1000	153.72582399999965	default-group-compare/groups.json
group-compare	default	nonroot	groups	groupCompareFalse	compare_member_false_missing	1000	current	3	1000	157.5639589999999	default-group-compare/groups.json
group-compare	default	nonroot	groups	groupCompareFalse	compare_member_false_missing	1000	openldap	3	1000	105.00445799999997	default-group-compare/groups.json
group-compare	default	nonroot	groups	groupCompareFalse	compare_member_false_missing	1000	before	4	1000	152.7176200000001	default-group-compare/groups.json
group-compare	default	nonroot	groups	groupCompareFalse	compare_member_false_missing	1000	current	4	1000	142.58671499999994	default-group-compare/groups.json
group-compare	default	nonroot	groups	groupCompareFalse	compare_member_false_missing	1000	openldap	4	1000	87.05886799999992	default-group-compare/groups.json
group-compare	default	nonroot	groups	groupCompareFalse	compare_member_false_missing	1000	before	5	1000	148.9301280000001	default-group-compare/groups.json
group-compare	default	nonroot	groups	groupCompareFalse	compare_member_false_missing	1000	current	5	1000	140.111781	default-group-compare/groups.json
group-compare	default	nonroot	groups	groupCompareFalse	compare_member_false_missing	1000	openldap	5	1000	87.05482800000011	default-group-compare/groups.json
group-compare	default	nonroot	groups	groupCompareFalse	compare_member_false_missing	1000	before	6	1000	147.75960599999993	default-group-compare/groups.json
group-compare	default	nonroot	groups	groupCompareFalse	compare_member_false_missing	1000	current	6	1000	139.94221199999976	default-group-compare/groups.json
group-compare	default	nonroot	groups	groupCompareFalse	compare_member_false_missing	1000	openldap	6	1000	87.77767399999995	default-group-compare/groups.json
group-compare	default	nonroot	groups	groupCompareFalse	compare_member_false_missing	1000	before	7	1000	153.16785200000038	default-group-compare/groups.json
group-compare	default	nonroot	groups	groupCompareFalse	compare_member_false_missing	1000	current	7	1000	147.38900600000017	default-group-compare/groups.json
group-compare	default	nonroot	groups	groupCompareFalse	compare_member_false_missing	1000	openldap	7	1000	95.64327100000004	default-group-compare/groups.json
