path	suite	access_mode	identity	variant	stage	method	members	endpoint	repeat	operations	completed	requests	latencies	verification_requests	verification_ms
explicit-final/hot.json	common	explicit	nonroot	hot	userBind	simple_bind_ssha	0	before	1	1000	1000	1000	1000	1002	90.07124399999982
explicit-final/hot.json	common	explicit	nonroot	hot	userBind	simple_bind_ssha	0	current	1	1000	1000	1000	1000	1002	87.35467500000011
explicit-final/hot.json	common	explicit	nonroot	hot	userBind	simple_bind_ssha	0	openldap	1	1000	1000	1000	1000	1002	71.70642499999995
explicit-final/hot.json	common	explicit	nonroot	hot	userBind	simple_bind_ssha	0	before	2	1000	1000	1000	1000	1002	81.26666900000008
explicit-final/hot.json	common	explicit	nonroot	hot	userBind	simple_bind_ssha	0	current	2	1000	1000	1000	1000	1002	81.76040200000017
explicit-final/hot.json	common	explicit	nonroot	hot	userBind	simple_bind_ssha	0	openldap	2	1000	1000	1000	1000	1002	66.20617500000003
explicit-final/hot.json	common	explicit	nonroot	hot	userBind	simple_bind_ssha	0	before	3	1000	1000	1000	1000	1002	85.95188500000003
explicit-final/hot.json	common	explicit	nonroot	hot	userBind	simple_bind_ssha	0	current	3	1000	1000	1000	1000	1002	89.18961300000005
explicit-final/hot.json	common	explicit	nonroot	hot	userBind	simple_bind_ssha	0	openldap	3	1000	1000	1000	1000	1002	68.36177499999988
explicit-final/hot.json	common	explicit	nonroot	hot	userBind	simple_bind_plaintext	0	before	1	1000	1000	1000	1000	1002	85.64201500000004
explicit-final/hot.json	common	explicit	nonroot	hot	userBind	simple_bind_plaintext	0	current	1	1000	1000	1000	1000	1002	87.11719500000005
explicit-final/hot.json	common	explicit	nonroot	hot	userBind	simple_bind_plaintext	0	openldap	1	1000	1000	1000	1000	1002	70.90655500000008
explicit-final/hot.json	common	explicit	nonroot	hot	userBind	simple_bind_plaintext	0	before	2	1000	1000	1000	1000	1002	95.92841999999996
explicit-final/hot.json	common	explicit	nonroot	hot	userBind	simple_bind_plaintext	0	current	2	1000	1000	1000	1000	1002	91.82846700000005
explicit-final/hot.json	common	explicit	nonroot	hot	userBind	simple_bind_plaintext	0	openldap	2	1000	1000	1000	1000	1002	77.13275199999998
explicit-final/hot.json	common	explicit	nonroot	hot	userBind	simple_bind_plaintext	0	before	3	1000	1000	1000	1000	1002	88.353562
explicit-final/hot.json	common	explicit	nonroot	hot	userBind	simple_bind_plaintext	0	current	3	1000	1000	1000	1000	1002	83.45473299999993
explicit-final/hot.json	common	explicit	nonroot	hot	userBind	simple_bind_plaintext	0	openldap	3	1000	1000	1000	1000	1002	68.84173900000003
explicit-final/hot.json	common	explicit	nonroot	hot	userBindWrong	simple_bind_ssha	0	before	1	1000	1000	1000	1000	3002	262.32302399999963
explicit-final/hot.json	common	explicit	nonroot	hot	userBindWrong	simple_bind_ssha	0	current	1	1000	1000	1000	1000	3002	264.5200029999998
explicit-final/hot.json	common	explicit	nonroot	hot	userBindWrong	simple_bind_ssha	0	openldap	1	1000	1000	1000	1000	3002	223.28432400000042
explicit-final/hot.json	common	explicit	nonroot	hot	userBindWrong	simple_bind_ssha	0	before	2	1000	1000	1000	1000	3002	253.88589199999987
explicit-final/hot.json	common	explicit	nonroot	hot	userBindWrong	simple_bind_ssha	0	current	2	1000	1000	1000	1000	3002	250.96218599999966
explicit-final/hot.json	common	explicit	nonroot	hot	userBindWrong	simple_bind_ssha	0	openldap	2	1000	1000	1000	1000	3002	208.06020799999936
explicit-final/hot.json	common	explicit	nonroot	hot	userBindWrong	simple_bind_ssha	0	before	3	1000	1000	1000	1000	3002	245.7439220000003
explicit-final/hot.json	common	explicit	nonroot	hot	userBindWrong	simple_bind_ssha	0	current	3	1000	1000	1000	1000	3002	246.17596400000073
explicit-final/hot.json	common	explicit	nonroot	hot	userBindWrong	simple_bind_ssha	0	openldap	3	1000	1000	1000	1000	3002	202.52560500000067
explicit-final/hot.json	common	explicit	nonroot	hot	userBindWrong	simple_bind_plaintext	0	before	1	1000	1000	1000	1000	3002	260.4318259999998
explicit-final/hot.json	common	explicit	nonroot	hot	userBindWrong	simple_bind_plaintext	0	current	1	1000	1000	1000	1000	3002	261.8279780000002
explicit-final/hot.json	common	explicit	nonroot	hot	userBindWrong	simple_bind_plaintext	0	openldap	1	1000	1000	1000	1000	3002	217.1133389999996
explicit-final/hot.json	common	explicit	nonroot	hot	userBindWrong	simple_bind_plaintext	0	before	2	1000	1000	1000	1000	3002	274.6924290000007
explicit-final/hot.json	common	explicit	nonroot	hot	userBindWrong	simple_bind_plaintext	0	current	2	1000	1000	1000	1000	3002	280.58650800000026
explicit-final/hot.json	common	explicit	nonroot	hot	userBindWrong	simple_bind_plaintext	0	openldap	2	1000	1000	1000	1000	3002	223.83230000000015
explicit-final/hot.json	common	explicit	nonroot	hot	userBindWrong	simple_bind_plaintext	0	before	3	1000	1000	1000	1000	3002	280.33163299999933
explicit-final/hot.json	common	explicit	nonroot	hot	userBindWrong	simple_bind_plaintext	0	current	3	1000	1000	1000	1000	3002	281.03037499999897
explicit-final/hot.json	common	explicit	nonroot	hot	userBindWrong	simple_bind_plaintext	0	openldap	3	1000	1000	1000	1000	3002	232.18600100000026
explicit-final/hot.json	common	explicit	nonroot	hot	nonrootBase	search_nonrootBase	0	before	1	1000	1000	1000	1000	1002	90.84476899999979
explicit-final/hot.json	common	explicit	nonroot	hot	nonrootBase	search_nonrootBase	0	current	1	1000	1000	1000	1000	1002	89.76983299999995
explicit-final/hot.json	common	explicit	nonroot	hot	nonrootBase	search_nonrootBase	0	openldap	1	1000	1000	1000	1000	1002	73.81485499999997
explicit-final/hot.json	common	explicit	nonroot	hot	nonrootBase	search_nonrootBase	0	before	2	1000	1000	1000	1000	1002	99.14379100000005
explicit-final/hot.json	common	explicit	nonroot	hot	nonrootBase	search_nonrootBase	0	current	2	1000	1000	1000	1000	1002	98.59037499999988
explicit-final/hot.json	common	explicit	nonroot	hot	nonrootBase	search_nonrootBase	0	openldap	2	1000	1000	1000	1000	1002	83.58532799999993
explicit-final/hot.json	common	explicit	nonroot	hot	nonrootBase	search_nonrootBase	0	before	3	1000	1000	1000	1000	1002	102.019555
explicit-final/hot.json	common	explicit	nonroot	hot	nonrootBase	search_nonrootBase	0	current	3	1000	1000	1000	1000	1002	102.48583000000004
explicit-final/hot.json	common	explicit	nonroot	hot	nonrootBase	search_nonrootBase	0	openldap	3	1000	1000	1000	1000	1002	80.93011000000008
explicit-final/hot.json	common	explicit	nonroot	hot	nonrootEquality	search_nonrootEquality	0	before	1	1000	1000	1000	1000	1002	92.21554200000006
explicit-final/hot.json	common	explicit	nonroot	hot	nonrootEquality	search_nonrootEquality	0	current	1	1000	1000	1000	1000	1002	91.52411299999999
explicit-final/hot.json	common	explicit	nonroot	hot	nonrootEquality	search_nonrootEquality	0	openldap	1	1000	1000	1000	1000	1002	73.89531000000005
explicit-final/hot.json	common	explicit	nonroot	hot	nonrootEquality	search_nonrootEquality	0	before	2	1000	1000	1000	1000	1002	95.11633199999994
explicit-final/hot.json	common	explicit	nonroot	hot	nonrootEquality	search_nonrootEquality	0	current	2	1000	1000	1000	1000	1002	93.42634299999993
explicit-final/hot.json	common	explicit	nonroot	hot	nonrootEquality	search_nonrootEquality	0	openldap	2	1000	1000	1000	1000	1002	75.57870500000008
explicit-final/hot.json	common	explicit	nonroot	hot	nonrootEquality	search_nonrootEquality	0	before	3	1000	1000	1000	1000	1002	89.194722
explicit-final/hot.json	common	explicit	nonroot	hot	nonrootEquality	search_nonrootEquality	0	current	3	1000	1000	1000	1000	1002	87.68180100000002
explicit-final/hot.json	common	explicit	nonroot	hot	nonrootEquality	search_nonrootEquality	0	openldap	3	1000	1000	1000	1000	1002	75.40966499999988
explicit-final/distributed.json	common	explicit	nonroot	distributed	nonrootBase	search_nonrootBase	0	before	1	1000	1000	1000	1000	1002	87.66742200000002
explicit-final/distributed.json	common	explicit	nonroot	distributed	nonrootBase	search_nonrootBase	0	current	1	1000	1000	1000	1000	1002	88.20751599999996
explicit-final/distributed.json	common	explicit	nonroot	distributed	nonrootBase	search_nonrootBase	0	openldap	1	1000	1000	1000	1000	1002	71.50516799999998
explicit-final/distributed.json	common	explicit	nonroot	distributed	nonrootBase	search_nonrootBase	0	before	2	1000	1000	1000	1000	1002	90.94895699999985
explicit-final/distributed.json	common	explicit	nonroot	distributed	nonrootBase	search_nonrootBase	0	current	2	1000	1000	1000	1000	1002	92.068408
explicit-final/distributed.json	common	explicit	nonroot	distributed	nonrootBase	search_nonrootBase	0	openldap	2	1000	1000	1000	1000	1002	73.26121399999997
explicit-final/distributed.json	common	explicit	nonroot	distributed	nonrootBase	search_nonrootBase	0	before	3	1000	1000	1000	1000	1002	87.8632909999999
explicit-final/distributed.json	common	explicit	nonroot	distributed	nonrootBase	search_nonrootBase	0	current	3	1000	1000	1000	1000	1002	88.37687599999997
explicit-final/distributed.json	common	explicit	nonroot	distributed	nonrootBase	search_nonrootBase	0	openldap	3	1000	1000	1000	1000	1002	71.86882199999998
explicit-final/distributed.json	common	explicit	nonroot	distributed	nonrootEquality	search_nonrootEquality	0	before	1	1000	1000	1000	1000	1002	66.55331600000004
explicit-final/distributed.json	common	explicit	nonroot	distributed	nonrootEquality	search_nonrootEquality	0	current	1	1000	1000	1000	1000	1002	65.73583099999995
explicit-final/distributed.json	common	explicit	nonroot	distributed	nonrootEquality	search_nonrootEquality	0	openldap	1	1000	1000	1000	1000	1002	53.91855099999999
explicit-final/distributed.json	common	explicit	nonroot	distributed	nonrootEquality	search_nonrootEquality	0	before	2	1000	1000	1000	1000	1002	85.73169800000001
explicit-final/distributed.json	common	explicit	nonroot	distributed	nonrootEquality	search_nonrootEquality	0	current	2	1000	1000	1000	1000	1002	86.43651500000016
explicit-final/distributed.json	common	explicit	nonroot	distributed	nonrootEquality	search_nonrootEquality	0	openldap	2	1000	1000	1000	1000	1002	69.93077000000004
explicit-final/distributed.json	common	explicit	nonroot	distributed	nonrootEquality	search_nonrootEquality	0	before	3	1000	1000	1000	1000	1002	85.29992499999997
explicit-final/distributed.json	common	explicit	nonroot	distributed	nonrootEquality	search_nonrootEquality	0	current	3	1000	1000	1000	1000	1002	86.32687200000008
explicit-final/distributed.json	common	explicit	nonroot	distributed	nonrootEquality	search_nonrootEquality	0	openldap	3	1000	1000	1000	1000	1002	70.639792
explicit-final/groups.json	common	explicit	nonroot	groups	memberEquality	search_memberEquality	0	before	1	100	100	100	100	102	9.794535000000002
explicit-final/groups.json	common	explicit	nonroot	groups	memberEquality	search_memberEquality	0	current	1	100	100	100	100	102	9.77366
explicit-final/groups.json	common	explicit	nonroot	groups	memberEquality	search_memberEquality	0	openldap	1	100	100	100	100	102	7.886634
explicit-final/groups.json	common	explicit	nonroot	groups	memberEquality	search_memberEquality	0	before	2	100	100	100	100	102	9.740542
explicit-final/groups.json	common	explicit	nonroot	groups	memberEquality	search_memberEquality	0	current	2	100	100	100	100	102	9.805499999999995
explicit-final/groups.json	common	explicit	nonroot	groups	memberEquality	search_memberEquality	0	openldap	2	100	100	100	100	102	7.881915000000002
explicit-final/groups.json	common	explicit	nonroot	groups	memberEquality	search_memberEquality	0	before	3	100	100	100	100	102	9.672289999999997
explicit-final/groups.json	common	explicit	nonroot	groups	memberEquality	search_memberEquality	0	current	3	100	100	100	100	102	9.457168999999999
explicit-final/groups.json	common	explicit	nonroot	groups	memberEquality	search_memberEquality	0	openldap	3	100	100	100	100	102	7.752964000000002
explicit-final/groups.json	common	explicit	nonroot	groups	groupBase	base_member_values	10	before	1	100	100	100	100	102	9.047123
explicit-final/groups.json	common	explicit	nonroot	groups	groupBase	base_member_values	10	current	1	100	100	100	100	102	9.114245
explicit-final/groups.json	common	explicit	nonroot	groups	groupBase	base_member_values	10	openldap	1	100	100	100	100	102	7.385369000000002
explicit-final/groups.json	common	explicit	nonroot	groups	groupBase	base_member_values	10	before	2	100	100	100	100	102	9.930997999999995
explicit-final/groups.json	common	explicit	nonroot	groups	groupBase	base_member_values	10	current	2	100	100	100	100	102	10.522499
explicit-final/groups.json	common	explicit	nonroot	groups	groupBase	base_member_values	10	openldap	2	100	100	100	100	102	8.287996
explicit-final/groups.json	common	explicit	nonroot	groups	groupBase	base_member_values	10	before	3	100	100	100	100	102	9.309417999999997
explicit-final/groups.json	common	explicit	nonroot	groups	groupBase	base_member_values	10	current	3	100	100	100	100	102	9.559171999999998
explicit-final/groups.json	common	explicit	nonroot	groups	groupBase	base_member_values	10	openldap	3	100	100	100	100	102	7.612836999999999
explicit-final/groups.json	common	explicit	nonroot	groups	groupBase	base_member_values	1000	before	1	100	100	100	100	102	23.152379999999997
explicit-final/groups.json	common	explicit	nonroot	groups	groupBase	base_member_values	1000	current	1	100	100	100	100	102	23.46608099999999
explicit-final/groups.json	common	explicit	nonroot	groups	groupBase	base_member_values	1000	openldap	1	100	100	100	100	102	19.212706000000008
explicit-final/groups.json	common	explicit	nonroot	groups	groupBase	base_member_values	1000	before	2	100	100	100	100	102	26.758703
explicit-final/groups.json	common	explicit	nonroot	groups	groupBase	base_member_values	1000	current	2	100	100	100	100	102	26.96878900000001
explicit-final/groups.json	common	explicit	nonroot	groups	groupBase	base_member_values	1000	openldap	2	100	100	100	100	102	25.505417
explicit-final/groups.json	common	explicit	nonroot	groups	groupBase	base_member_values	1000	before	3	100	100	100	100	102	24.867333
explicit-final/groups.json	common	explicit	nonroot	groups	groupBase	base_member_values	1000	current	3	100	100	100	100	102	30.86941599999999
explicit-final/groups.json	common	explicit	nonroot	groups	groupBase	base_member_values	1000	openldap	3	100	100	100	100	102	19.610454999999988
explicit-final/groups.json	common	explicit	nonroot	groups	nestedMembership	client_bfs_member_equality	0	before	1	100	100	417	100	419	38.04645
explicit-final/groups.json	common	explicit	nonroot	groups	nestedMembership	client_bfs_member_equality	0	current	1	100	100	417	100	419	37.25754099999998
explicit-final/groups.json	common	explicit	nonroot	groups	nestedMembership	client_bfs_member_equality	0	openldap	1	100	100	417	100	419	30.01533300000002
explicit-final/groups.json	common	explicit	nonroot	groups	nestedMembership	client_bfs_member_equality	0	before	2	100	100	417	100	419	34.38608699999998
explicit-final/groups.json	common	explicit	nonroot	groups	nestedMembership	client_bfs_member_equality	0	current	2	100	100	417	100	419	34.857218
explicit-final/groups.json	common	explicit	nonroot	groups	nestedMembership	client_bfs_member_equality	0	openldap	2	100	100	417	100	419	26.827304999999985
explicit-final/groups.json	common	explicit	nonroot	groups	nestedMembership	client_bfs_member_equality	0	before	3	100	100	417	100	419	34.20257699999999
explicit-final/groups.json	common	explicit	nonroot	groups	nestedMembership	client_bfs_member_equality	0	current	3	100	100	417	100	419	35.08653500000002
explicit-final/groups.json	common	explicit	nonroot	groups	nestedMembership	client_bfs_member_equality	0	openldap	3	100	100	417	100	419	28.729338000000006
explicit-final/smoke.json	common	explicit	nonroot	smoke	userBind	simple_bind_ssha	0	before	1	2	2	2	2	4	0.7472909999999999
explicit-final/smoke.json	common	explicit	nonroot	smoke	userBind	simple_bind_ssha	0	current	1	2	2	2	2	4	0.6127499999999999
explicit-final/smoke.json	common	explicit	nonroot	smoke	userBind	simple_bind_ssha	0	openldap	1	2	2	2	2	4	0.325
explicit-final/smoke.json	common	explicit	nonroot	smoke	userBind	simple_bind_plaintext	0	before	1	2	2	2	2	4	0.365209
explicit-final/smoke.json	common	explicit	nonroot	smoke	userBind	simple_bind_plaintext	0	current	1	2	2	2	2	4	0.43600099999999997
explicit-final/smoke.json	common	explicit	nonroot	smoke	userBind	simple_bind_plaintext	0	openldap	1	2	2	2	2	4	0.319876
explicit-final/smoke.json	common	explicit	nonroot	smoke	userBindWrong	simple_bind_ssha	0	before	1	2	2	2	2	8	0.6637099999999999
explicit-final/smoke.json	common	explicit	nonroot	smoke	userBindWrong	simple_bind_ssha	0	current	1	2	2	2	2	8	0.816708
explicit-final/smoke.json	common	explicit	nonroot	smoke	userBindWrong	simple_bind_ssha	0	openldap	1	2	2	2	2	8	0.65421
explicit-final/smoke.json	common	explicit	nonroot	smoke	userBindWrong	simple_bind_plaintext	0	before	1	2	2	2	2	8	0.47845799999999994
explicit-final/smoke.json	common	explicit	nonroot	smoke	userBindWrong	simple_bind_plaintext	0	current	1	2	2	2	2	8	0.553292
explicit-final/smoke.json	common	explicit	nonroot	smoke	userBindWrong	simple_bind_plaintext	0	openldap	1	2	2	2	2	8	0.4760430000000001
explicit-final/smoke.json	common	explicit	nonroot	smoke	nonrootBase	search_nonrootBase	0	before	1	2	2	2	2	4	0.280167
explicit-final/smoke.json	common	explicit	nonroot	smoke	nonrootBase	search_nonrootBase	0	current	1	2	2	2	2	4	0.372209
explicit-final/smoke.json	common	explicit	nonroot	smoke	nonrootBase	search_nonrootBase	0	openldap	1	2	2	2	2	4	0.26391600000000004
explicit-final/smoke.json	common	explicit	nonroot	smoke	nonrootEquality	search_nonrootEquality	0	before	1	2	2	2	2	4	0.42204099999999994
explicit-final/smoke.json	common	explicit	nonroot	smoke	nonrootEquality	search_nonrootEquality	0	current	1	2	2	2	2	4	0.43425
explicit-final/smoke.json	common	explicit	nonroot	smoke	nonrootEquality	search_nonrootEquality	0	openldap	1	2	2	2	2	4	0.331208
explicit-final/smoke.json	common	explicit	nonroot	smoke	memberEquality	search_memberEquality	0	before	1	2	2	2	2	4	0.32708400000000004
explicit-final/smoke.json	common	explicit	nonroot	smoke	memberEquality	search_memberEquality	0	current	1	2	2	2	2	4	0.33754300000000004
explicit-final/smoke.json	common	explicit	nonroot	smoke	memberEquality	search_memberEquality	0	openldap	1	2	2	2	2	4	0.223834
explicit-final/smoke.json	common	explicit	nonroot	smoke	groupBase	base_member_values	10	before	1	2	2	2	2	4	0.367916
explicit-final/smoke.json	common	explicit	nonroot	smoke	groupBase	base_member_values	10	current	1	2	2	2	2	4	0.34999800000000003
explicit-final/smoke.json	common	explicit	nonroot	smoke	groupBase	base_member_values	10	openldap	1	2	2	2	2	4	0.28329099999999996
explicit-final/smoke.json	common	explicit	nonroot	smoke	groupBase	base_member_values	1000	before	1	2	2	2	2	4	0.575083
explicit-final/smoke.json	common	explicit	nonroot	smoke	groupBase	base_member_values	1000	current	1	2	2	2	2	4	0.545042
explicit-final/smoke.json	common	explicit	nonroot	smoke	groupBase	base_member_values	1000	openldap	1	2	2	2	2	4	0.332499
explicit-final/smoke.json	common	explicit	nonroot	smoke	nestedMembership	client_bfs_member_equality	0	before	1	2	2	12	2	14	1.420624
explicit-final/smoke.json	common	explicit	nonroot	smoke	nestedMembership	client_bfs_member_equality	0	current	1	2	2	12	2	14	1.2446669999999997
explicit-final/smoke.json	common	explicit	nonroot	smoke	nestedMembership	client_bfs_member_equality	0	openldap	1	2	2	12	2	14	0.956918
default-final/hot.json	common	default	nonroot	hot	userBind	simple_bind_ssha	0	before	1	1000	1000	1000	1000	1002	83.68998500000005
default-final/hot.json	common	default	nonroot	hot	userBind	simple_bind_ssha	0	current	1	1000	1000	1000	1000	1002	86.74060699999984
default-final/hot.json	common	default	nonroot	hot	userBind	simple_bind_ssha	0	openldap	1	1000	1000	1000	1000	1002	68.33096700000003
default-final/hot.json	common	default	nonroot	hot	userBind	simple_bind_ssha	0	before	2	1000	1000	1000	1000	1002	83.228205
default-final/hot.json	common	default	nonroot	hot	userBind	simple_bind_ssha	0	current	2	1000	1000	1000	1000	1002	81.51851899999996
default-final/hot.json	common	default	nonroot	hot	userBind	simple_bind_ssha	0	openldap	2	1000	1000	1000	1000	1002	67.49468500000002
default-final/hot.json	common	default	nonroot	hot	userBind	simple_bind_ssha	0	before	3	1000	1000	1000	1000	1002	83.89398899999999
default-final/hot.json	common	default	nonroot	hot	userBind	simple_bind_ssha	0	current	3	1000	1000	1000	1000	1002	84.35541100000007
default-final/hot.json	common	default	nonroot	hot	userBind	simple_bind_ssha	0	openldap	3	1000	1000	1000	1000	1002	69.816249
default-final/hot.json	common	default	nonroot	hot	userBind	simple_bind_plaintext	0	before	1	1000	1000	1000	1000	1002	87.01749200000013
default-final/hot.json	common	default	nonroot	hot	userBind	simple_bind_plaintext	0	current	1	1000	1000	1000	1000	1002	86.562062
default-final/hot.json	common	default	nonroot	hot	userBind	simple_bind_plaintext	0	openldap	1	1000	1000	1000	1000	1002	70.01191499999996
default-final/hot.json	common	default	nonroot	hot	userBind	simple_bind_plaintext	0	before	2	1000	1000	1000	1000	1002	88.78727699999989
default-final/hot.json	common	default	nonroot	hot	userBind	simple_bind_plaintext	0	current	2	1000	1000	1000	1000	1002	87.74671699999993
default-final/hot.json	common	default	nonroot	hot	userBind	simple_bind_plaintext	0	openldap	2	1000	1000	1000	1000	1002	73.37268900000014
default-final/hot.json	common	default	nonroot	hot	userBind	simple_bind_plaintext	0	before	3	1000	1000	1000	1000	1002	77.755364
default-final/hot.json	common	default	nonroot	hot	userBind	simple_bind_plaintext	0	current	3	1000	1000	1000	1000	1002	78.32535899999986
default-final/hot.json	common	default	nonroot	hot	userBind	simple_bind_plaintext	0	openldap	3	1000	1000	1000	1000	1002	63.98745900000006
default-final/hot.json	common	default	nonroot	hot	userBindWrong	simple_bind_ssha	0	before	1	1000	1000	1000	1000	3002	259.88085100000006
default-final/hot.json	common	default	nonroot	hot	userBindWrong	simple_bind_ssha	0	current	1	1000	1000	1000	1000	3002	256.39325699999995
default-final/hot.json	common	default	nonroot	hot	userBindWrong	simple_bind_ssha	0	openldap	1	1000	1000	1000	1000	3002	214.67855499999942
default-final/hot.json	common	default	nonroot	hot	userBindWrong	simple_bind_ssha	0	before	2	1000	1000	1000	1000	3002	257.1042330000004
default-final/hot.json	common	default	nonroot	hot	userBindWrong	simple_bind_ssha	0	current	2	1000	1000	1000	1000	3002	261.9817619999996
default-final/hot.json	common	default	nonroot	hot	userBindWrong	simple_bind_ssha	0	openldap	2	1000	1000	1000	1000	3002	214.755334
default-final/hot.json	common	default	nonroot	hot	userBindWrong	simple_bind_ssha	0	before	3	1000	1000	1000	1000	3002	252.3693010000004
default-final/hot.json	common	default	nonroot	hot	userBindWrong	simple_bind_ssha	0	current	3	1000	1000	1000	1000	3002	251.80016500000056
default-final/hot.json	common	default	nonroot	hot	userBindWrong	simple_bind_ssha	0	openldap	3	1000	1000	1000	1000	3002	210.4327930000003
default-final/hot.json	common	default	nonroot	hot	userBindWrong	simple_bind_plaintext	0	before	1	1000	1000	1000	1000	3002	283.0495469999999
default-final/hot.json	common	default	nonroot	hot	userBindWrong	simple_bind_plaintext	0	current	1	1000	1000	1000	1000	3002	277.57804499999975
default-final/hot.json	common	default	nonroot	hot	userBindWrong	simple_bind_plaintext	0	openldap	1	1000	1000	1000	1000	3002	228.61556299999975
default-final/hot.json	common	default	nonroot	hot	userBindWrong	simple_bind_plaintext	0	before	2	1000	1000	1000	1000	3002	255.06082500000016
default-final/hot.json	common	default	nonroot	hot	userBindWrong	simple_bind_plaintext	0	current	2	1000	1000	1000	1000	3002	273.56358
default-final/hot.json	common	default	nonroot	hot	userBindWrong	simple_bind_plaintext	0	openldap	2	1000	1000	1000	1000	3002	211.53456900000032
default-final/hot.json	common	default	nonroot	hot	userBindWrong	simple_bind_plaintext	0	before	3	1000	1000	1000	1000	3002	229.5791350000004
default-final/hot.json	common	default	nonroot	hot	userBindWrong	simple_bind_plaintext	0	current	3	1000	1000	1000	1000	3002	229.83011799999989
default-final/hot.json	common	default	nonroot	hot	userBindWrong	simple_bind_plaintext	0	openldap	3	1000	1000	1000	1000	3002	194.24248000000006
default-final/hot.json	common	default	nonroot	hot	nonrootBase	search_nonrootBase	0	before	1	1000	1000	1000	1000	1002	79.3315820000001
default-final/hot.json	common	default	nonroot	hot	nonrootBase	search_nonrootBase	0	current	1	1000	1000	1000	1000	1002	79.302456
default-final/hot.json	common	default	nonroot	hot	nonrootBase	search_nonrootBase	0	openldap	1	1000	1000	1000	1000	1002	65.98548499999993
default-final/hot.json	common	default	nonroot	hot	nonrootBase	search_nonrootBase	0	before	2	1000	1000	1000	1000	1002	78.21948900000012
default-final/hot.json	common	default	nonroot	hot	nonrootBase	search_nonrootBase	0	current	2	1000	1000	1000	1000	1002	76.81680099999997
default-final/hot.json	common	default	nonroot	hot	nonrootBase	search_nonrootBase	0	openldap	2	1000	1000	1000	1000	1002	63.227988999999994
default-final/hot.json	common	default	nonroot	hot	nonrootBase	search_nonrootBase	0	before	3	1000	1000	1000	1000	1002	80.37074700000002
default-final/hot.json	common	default	nonroot	hot	nonrootBase	search_nonrootBase	0	current	3	1000	1000	1000	1000	1002	82.24791099999987
default-final/hot.json	common	default	nonroot	hot	nonrootBase	search_nonrootBase	0	openldap	3	1000	1000	1000	1000	1002	66.91154299999995
default-final/hot.json	common	default	nonroot	hot	nonrootEquality	search_nonrootEquality	0	before	1	1000	1000	1000	1000	1002	77.73920499999998
default-final/hot.json	common	default	nonroot	hot	nonrootEquality	search_nonrootEquality	0	current	1	1000	1000	1000	1000	1002	78.29473800000008
default-final/hot.json	common	default	nonroot	hot	nonrootEquality	search_nonrootEquality	0	openldap	1	1000	1000	1000	1000	1002	65.19706999999998
default-final/hot.json	common	default	nonroot	hot	nonrootEquality	search_nonrootEquality	0	before	2	1000	1000	1000	1000	1002	80.008299
default-final/hot.json	common	default	nonroot	hot	nonrootEquality	search_nonrootEquality	0	current	2	1000	1000	1000	1000	1002	82.81107100000008
default-final/hot.json	common	default	nonroot	hot	nonrootEquality	search_nonrootEquality	0	openldap	2	1000	1000	1000	1000	1002	67.88937000000003
default-final/hot.json	common	default	nonroot	hot	nonrootEquality	search_nonrootEquality	0	before	3	1000	1000	1000	1000	1002	78.51949600000006
default-final/hot.json	common	default	nonroot	hot	nonrootEquality	search_nonrootEquality	0	current	3	1000	1000	1000	1000	1002	78.89304599999994
default-final/hot.json	common	default	nonroot	hot	nonrootEquality	search_nonrootEquality	0	openldap	3	1000	1000	1000	1000	1002	64.51047999999994
default-final/distributed.json	common	default	nonroot	distributed	nonrootBase	search_nonrootBase	0	before	1	1000	1000	1000	1000	1002	88.73829199999989
default-final/distributed.json	common	default	nonroot	distributed	nonrootBase	search_nonrootBase	0	current	1	1000	1000	1000	1000	1002	91.42185799999986
default-final/distributed.json	common	default	nonroot	distributed	nonrootBase	search_nonrootBase	0	openldap	1	1000	1000	1000	1000	1002	72.8293730000001
default-final/distributed.json	common	default	nonroot	distributed	nonrootBase	search_nonrootBase	0	before	2	1000	1000	1000	1000	1002	90.22608900000006
default-final/distributed.json	common	default	nonroot	distributed	nonrootBase	search_nonrootBase	0	current	2	1000	1000	1000	1000	1002	90.809617
default-final/distributed.json	common	default	nonroot	distributed	nonrootBase	search_nonrootBase	0	openldap	2	1000	1000	1000	1000	1002	72.38283900000003
default-final/distributed.json	common	default	nonroot	distributed	nonrootBase	search_nonrootBase	0	before	3	1000	1000	1000	1000	1002	92.73305200000017
default-final/distributed.json	common	default	nonroot	distributed	nonrootBase	search_nonrootBase	0	current	3	1000	1000	1000	1000	1002	96.56933300000004
default-final/distributed.json	common	default	nonroot	distributed	nonrootBase	search_nonrootBase	0	openldap	3	1000	1000	1000	1000	1002	74.29211699999998
default-final/distributed.json	common	default	nonroot	distributed	nonrootEquality	search_nonrootEquality	0	before	1	1000	1000	1000	1000	1002	65.50464099999985
default-final/distributed.json	common	default	nonroot	distributed	nonrootEquality	search_nonrootEquality	0	current	1	1000	1000	1000	1000	1002	65.84582199999993
default-final/distributed.json	common	default	nonroot	distributed	nonrootEquality	search_nonrootEquality	0	openldap	1	1000	1000	1000	1000	1002	51.28108700000005
default-final/distributed.json	common	default	nonroot	distributed	nonrootEquality	search_nonrootEquality	0	before	2	1000	1000	1000	1000	1002	93.64938300000004
default-final/distributed.json	common	default	nonroot	distributed	nonrootEquality	search_nonrootEquality	0	current	2	1000	1000	1000	1000	1002	93.097578
default-final/distributed.json	common	default	nonroot	distributed	nonrootEquality	search_nonrootEquality	0	openldap	2	1000	1000	1000	1000	1002	71.94319800000002
default-final/distributed.json	common	default	nonroot	distributed	nonrootEquality	search_nonrootEquality	0	before	3	1000	1000	1000	1000	1002	85.31895599999979
default-final/distributed.json	common	default	nonroot	distributed	nonrootEquality	search_nonrootEquality	0	current	3	1000	1000	1000	1000	1002	85.81007099999992
default-final/distributed.json	common	default	nonroot	distributed	nonrootEquality	search_nonrootEquality	0	openldap	3	1000	1000	1000	1000	1002	69.73860699999994
default-final/groups.json	common	default	nonroot	groups	memberEquality	search_memberEquality	0	before	1	100	100	100	100	102	10.316709000000001
default-final/groups.json	common	default	nonroot	groups	memberEquality	search_memberEquality	0	current	1	100	100	100	100	102	10.241789000000002
default-final/groups.json	common	default	nonroot	groups	memberEquality	search_memberEquality	0	openldap	1	100	100	100	100	102	7.901373999999999
default-final/groups.json	common	default	nonroot	groups	memberEquality	search_memberEquality	0	before	2	100	100	100	100	102	11.726875
default-final/groups.json	common	default	nonroot	groups	memberEquality	search_memberEquality	0	current	2	100	100	100	100	102	11.418546
default-final/groups.json	common	default	nonroot	groups	memberEquality	search_memberEquality	0	openldap	2	100	100	100	100	102	9.056792000000003
default-final/groups.json	common	default	nonroot	groups	memberEquality	search_memberEquality	0	before	3	100	100	100	100	102	10.004163999999998
default-final/groups.json	common	default	nonroot	groups	memberEquality	search_memberEquality	0	current	3	100	100	100	100	102	9.625462000000004
default-final/groups.json	common	default	nonroot	groups	memberEquality	search_memberEquality	0	openldap	3	100	100	100	100	102	7.698131
default-final/groups.json	common	default	nonroot	groups	groupBase	base_member_values	10	before	1	100	100	100	100	102	9.866452
default-final/groups.json	common	default	nonroot	groups	groupBase	base_member_values	10	current	1	100	100	100	100	102	10.421996999999998
default-final/groups.json	common	default	nonroot	groups	groupBase	base_member_values	10	openldap	1	100	100	100	100	102	8.104959000000001
default-final/groups.json	common	default	nonroot	groups	groupBase	base_member_values	10	before	2	100	100	100	100	102	9.638663000000003
default-final/groups.json	common	default	nonroot	groups	groupBase	base_member_values	10	current	2	100	100	100	100	102	9.755667
default-final/groups.json	common	default	nonroot	groups	groupBase	base_member_values	10	openldap	2	100	100	100	100	102	8.127048999999998
default-final/groups.json	common	default	nonroot	groups	groupBase	base_member_values	10	before	3	100	100	100	100	102	9.085507999999999
default-final/groups.json	common	default	nonroot	groups	groupBase	base_member_values	10	current	3	100	100	100	100	102	8.975201
default-final/groups.json	common	default	nonroot	groups	groupBase	base_member_values	10	openldap	3	100	100	100	100	102	7.569664
default-final/groups.json	common	default	nonroot	groups	groupBase	base_member_values	1000	before	1	100	100	100	100	102	22.354461000000008
default-final/groups.json	common	default	nonroot	groups	groupBase	base_member_values	1000	current	1	100	100	100	100	102	21.610459000000002
default-final/groups.json	common	default	nonroot	groups	groupBase	base_member_values	1000	openldap	1	100	100	100	100	102	18.938826999999993
default-final/groups.json	common	default	nonroot	groups	groupBase	base_member_values	1000	before	2	100	100	100	100	102	26.798585
default-final/groups.json	common	default	nonroot	groups	groupBase	base_member_values	1000	current	2	100	100	100	100	102	27.963794000000004
default-final/groups.json	common	default	nonroot	groups	groupBase	base_member_values	1000	openldap	2	100	100	100	100	102	24.629877999999987
default-final/groups.json	common	default	nonroot	groups	groupBase	base_member_values	1000	before	3	100	100	100	100	102	26.03278499999999
default-final/groups.json	common	default	nonroot	groups	groupBase	base_member_values	1000	current	3	100	100	100	100	102	26.276586000000005
default-final/groups.json	common	default	nonroot	groups	groupBase	base_member_values	1000	openldap	3	100	100	100	100	102	23.207410000000007
default-final/groups.json	common	default	nonroot	groups	nestedMembership	client_bfs_member_equality	0	before	1	100	100	417	100	419	41.822130999999985
default-final/groups.json	common	default	nonroot	groups	nestedMembership	client_bfs_member_equality	0	current	1	100	100	417	100	419	42.240084
default-final/groups.json	common	default	nonroot	groups	nestedMembership	client_bfs_member_equality	0	openldap	1	100	100	417	100	419	34.55467599999999
default-final/groups.json	common	default	nonroot	groups	nestedMembership	client_bfs_member_equality	0	before	2	100	100	417	100	419	39.66129299999998
default-final/groups.json	common	default	nonroot	groups	nestedMembership	client_bfs_member_equality	0	current	2	100	100	417	100	419	39.60579999999998
default-final/groups.json	common	default	nonroot	groups	nestedMembership	client_bfs_member_equality	0	openldap	2	100	100	417	100	419	31.825329000000018
default-final/groups.json	common	default	nonroot	groups	nestedMembership	client_bfs_member_equality	0	before	3	100	100	417	100	419	39.20045400000003
default-final/groups.json	common	default	nonroot	groups	nestedMembership	client_bfs_member_equality	0	current	3	100	100	417	100	419	39.710167999999996
default-final/groups.json	common	default	nonroot	groups	nestedMembership	client_bfs_member_equality	0	openldap	3	100	100	417	100	419	32.557802999999964
default-final/smoke.json	common	default	nonroot	smoke	userBind	simple_bind_ssha	0	before	1	2	2	2	2	4	0.6514580000000001
default-final/smoke.json	common	default	nonroot	smoke	userBind	simple_bind_ssha	0	current	1	2	2	2	2	4	0.6876659999999999
default-final/smoke.json	common	default	nonroot	smoke	userBind	simple_bind_ssha	0	openldap	1	2	2	2	2	4	0.31591600000000003
default-final/smoke.json	common	default	nonroot	smoke	userBind	simple_bind_plaintext	0	before	1	2	2	2	2	4	0.446708
default-final/smoke.json	common	default	nonroot	smoke	userBind	simple_bind_plaintext	0	current	1	2	2	2	2	4	0.350626
default-final/smoke.json	common	default	nonroot	smoke	userBind	simple_bind_plaintext	0	openldap	1	2	2	2	2	4	0.288416
default-final/smoke.json	common	default	nonroot	smoke	userBindWrong	simple_bind_ssha	0	before	1	2	2	2	2	8	0.572877
default-final/smoke.json	common	default	nonroot	smoke	userBindWrong	simple_bind_ssha	0	current	1	2	2	2	2	8	0.570123
default-final/smoke.json	common	default	nonroot	smoke	userBindWrong	simple_bind_ssha	0	openldap	1	2	2	2	2	8	0.431917
default-final/smoke.json	common	default	nonroot	smoke	userBindWrong	simple_bind_plaintext	0	before	1	2	2	2	2	8	0.637377
default-final/smoke.json	common	default	nonroot	smoke	userBindWrong	simple_bind_plaintext	0	current	1	2	2	2	2	8	0.653374
default-final/smoke.json	common	default	nonroot	smoke	userBindWrong	simple_bind_plaintext	0	openldap	1	2	2	2	2	8	0.5367489999999999
default-final/smoke.json	common	default	nonroot	smoke	nonrootBase	search_nonrootBase	0	before	1	2	2	2	2	4	0.330833
default-final/smoke.json	common	default	nonroot	smoke	nonrootBase	search_nonrootBase	0	current	1	2	2	2	2	4	0.338333
default-final/smoke.json	common	default	nonroot	smoke	nonrootBase	search_nonrootBase	0	openldap	1	2	2	2	2	4	0.33216700000000005
default-final/smoke.json	common	default	nonroot	smoke	nonrootEquality	search_nonrootEquality	0	before	1	2	2	2	2	4	0.266999
default-final/smoke.json	common	default	nonroot	smoke	nonrootEquality	search_nonrootEquality	0	current	1	2	2	2	2	4	0.366124
default-final/smoke.json	common	default	nonroot	smoke	nonrootEquality	search_nonrootEquality	0	openldap	1	2	2	2	2	4	0.270876
default-final/smoke.json	common	default	nonroot	smoke	memberEquality	search_memberEquality	0	before	1	2	2	2	2	4	0.25845799999999997
default-final/smoke.json	common	default	nonroot	smoke	memberEquality	search_memberEquality	0	current	1	2	2	2	2	4	0.291875
default-final/smoke.json	common	default	nonroot	smoke	memberEquality	search_memberEquality	0	openldap	1	2	2	2	2	4	0.236584
default-final/smoke.json	common	default	nonroot	smoke	groupBase	base_member_values	10	before	1	2	2	2	2	4	0.297
default-final/smoke.json	common	default	nonroot	smoke	groupBase	base_member_values	10	current	1	2	2	2	2	4	0.317957
default-final/smoke.json	common	default	nonroot	smoke	groupBase	base_member_values	10	openldap	1	2	2	2	2	4	0.262792
default-final/smoke.json	common	default	nonroot	smoke	groupBase	base_member_values	1000	before	1	2	2	2	2	4	0.36575
default-final/smoke.json	common	default	nonroot	smoke	groupBase	base_member_values	1000	current	1	2	2	2	2	4	0.421625
default-final/smoke.json	common	default	nonroot	smoke	groupBase	base_member_values	1000	openldap	1	2	2	2	2	4	0.310252
default-final/smoke.json	common	default	nonroot	smoke	nestedMembership	client_bfs_member_equality	0	before	1	2	2	12	2	14	1.3439159999999999
default-final/smoke.json	common	default	nonroot	smoke	nestedMembership	client_bfs_member_equality	0	current	1	2	2	12	2	14	1.4203350000000001
default-final/smoke.json	common	default	nonroot	smoke	nestedMembership	client_bfs_member_equality	0	openldap	1	2	2	12	2	14	1.045872
root-paired/literal.json	root	default	root	literal	rootBind	simple_bind_root	0	before	1	1000	1000	1000	1000	1002	75.75116800000006
root-paired/literal.json	root	default	root	literal	rootBind	simple_bind_root	0	current	1	1000	1000	1000	1000	1002	76.19665699999993
root-paired/literal.json	root	default	root	literal	rootBind	simple_bind_root	0	openldap	1	1000	1000	1000	1000	1002	63.14986600000003
root-paired/literal.json	root	default	root	literal	rootBind	simple_bind_root	0	before	2	1000	1000	1000	1000	1002	76.50540899999983
root-paired/literal.json	root	default	root	literal	rootBind	simple_bind_root	0	current	2	1000	1000	1000	1000	1002	77.58011600000002
root-paired/literal.json	root	default	root	literal	rootBind	simple_bind_root	0	openldap	2	1000	1000	1000	1000	1002	66.83169799999996
root-paired/literal.json	root	default	root	literal	rootBind	simple_bind_root	0	before	3	1000	1000	1000	1000	1002	74.30833199999991
root-paired/literal.json	root	default	root	literal	rootBind	simple_bind_root	0	current	3	1000	1000	1000	1000	1002	74.29574100000006
root-paired/literal.json	root	default	root	literal	rootBind	simple_bind_root	0	openldap	3	1000	1000	1000	1000	1002	61.894652999999934
root-paired/literal.json	root	default	root	literal	rootBind	simple_bind_root	0	before	4	1000	1000	1000	1000	1002	75.50881500000008
root-paired/literal.json	root	default	root	literal	rootBind	simple_bind_root	0	current	4	1000	1000	1000	1000	1002	74.37167399999997
root-paired/literal.json	root	default	root	literal	rootBind	simple_bind_root	0	openldap	4	1000	1000	1000	1000	1002	63.788328
root-paired/literal.json	root	default	root	literal	rootBind	simple_bind_root	0	before	5	1000	1000	1000	1000	1002	76.25540099999998
root-paired/literal.json	root	default	root	literal	rootBind	simple_bind_root	0	current	5	1000	1000	1000	1000	1002	74.87820399999997
root-paired/literal.json	root	default	root	literal	rootBind	simple_bind_root	0	openldap	5	1000	1000	1000	1000	1002	62.49158900000005
root-paired/literal.json	root	default	root	literal	rootBind	simple_bind_root	0	before	6	1000	1000	1000	1000	1002	77.485452
root-paired/literal.json	root	default	root	literal	rootBind	simple_bind_root	0	current	6	1000	1000	1000	1000	1002	74.79496999999988
root-paired/literal.json	root	default	root	literal	rootBind	simple_bind_root	0	openldap	6	1000	1000	1000	1000	1002	62.94474900000014
root-paired/literal.json	root	default	root	literal	rootBind	simple_bind_root	0	before	7	1000	1000	1000	1000	1002	73.357747
root-paired/literal.json	root	default	root	literal	rootBind	simple_bind_root	0	current	7	1000	1000	1000	1000	1002	73.17373799999993
root-paired/literal.json	root	default	root	literal	rootBind	simple_bind_root	0	openldap	7	1000	1000	1000	1000	1002	62.78465699999991
root-paired/literal.json	root	default	root	literal	rootBase	base_objectclass_root	0	before	1	1000	1000	1000	1000	1002	80.30594000000015
root-paired/literal.json	root	default	root	literal	rootBase	base_objectclass_root	0	current	1	1000	1000	1000	1000	1002	82.23471099999985
root-paired/literal.json	root	default	root	literal	rootBase	base_objectclass_root	0	openldap	1	1000	1000	1000	1000	1002	68.50130000000004
root-paired/literal.json	root	default	root	literal	rootBase	base_objectclass_root	0	before	2	1000	1000	1000	1000	1002	86.34665199999993
root-paired/literal.json	root	default	root	literal	rootBase	base_objectclass_root	0	current	2	1000	1000	1000	1000	1002	85.87938599999997
root-paired/literal.json	root	default	root	literal	rootBase	base_objectclass_root	0	openldap	2	1000	1000	1000	1000	1002	69.726835
root-paired/literal.json	root	default	root	literal	rootBase	base_objectclass_root	0	before	3	1000	1000	1000	1000	1002	78.7168759999999
root-paired/literal.json	root	default	root	literal	rootBase	base_objectclass_root	0	current	3	1000	1000	1000	1000	1002	78.63625600000003
root-paired/literal.json	root	default	root	literal	rootBase	base_objectclass_root	0	openldap	3	1000	1000	1000	1000	1002	65.82557899999999
root-paired/literal.json	root	default	root	literal	rootBase	base_objectclass_root	0	before	4	1000	1000	1000	1000	1002	79.2677959999999
root-paired/literal.json	root	default	root	literal	rootBase	base_objectclass_root	0	current	4	1000	1000	1000	1000	1002	84.93153700000022
root-paired/literal.json	root	default	root	literal	rootBase	base_objectclass_root	0	openldap	4	1000	1000	1000	1000	1002	66.7561820000001
root-paired/literal.json	root	default	root	literal	rootBase	base_objectclass_root	0	before	5	1000	1000	1000	1000	1002	80.59906900000003
root-paired/literal.json	root	default	root	literal	rootBase	base_objectclass_root	0	current	5	1000	1000	1000	1000	1002	81.21621000000015
root-paired/literal.json	root	default	root	literal	rootBase	base_objectclass_root	0	openldap	5	1000	1000	1000	1000	1002	67.89093800000005
root-paired/literal.json	root	default	root	literal	rootBase	base_objectclass_root	0	before	6	1000	1000	1000	1000	1002	78.99301200000001
root-paired/literal.json	root	default	root	literal	rootBase	base_objectclass_root	0	current	6	1000	1000	1000	1000	1002	79.01603600000003
root-paired/literal.json	root	default	root	literal	rootBase	base_objectclass_root	0	openldap	6	1000	1000	1000	1000	1002	66.97081800000002
root-paired/literal.json	root	default	root	literal	rootBase	base_objectclass_root	0	before	7	1000	1000	1000	1000	1002	77.44644100000005
root-paired/literal.json	root	default	root	literal	rootBase	base_objectclass_root	0	current	7	1000	1000	1000	1000	1002	77.73346400000005
root-paired/literal.json	root	default	root	literal	rootBase	base_objectclass_root	0	openldap	7	1000	1000	1000	1000	1002	66.58506600000003
root-paired/literal.json	root	default	root	literal	rootEquality	subtree_uid_equality_root	0	before	1	1000	1000	1000	1000	1002	100.36487799999992
root-paired/literal.json	root	default	root	literal	rootEquality	subtree_uid_equality_root	0	current	1	1000	1000	1000	1000	1002	101.34396999999981
root-paired/literal.json	root	default	root	literal	rootEquality	subtree_uid_equality_root	0	openldap	1	1000	1000	1000	1000	1002	82.64241600000003
root-paired/literal.json	root	default	root	literal	rootEquality	subtree_uid_equality_root	0	before	2	1000	1000	1000	1000	1002	89.671201
root-paired/literal.json	root	default	root	literal	rootEquality	subtree_uid_equality_root	0	current	2	1000	1000	1000	1000	1002	88.05068099999997
root-paired/literal.json	root	default	root	literal	rootEquality	subtree_uid_equality_root	0	openldap	2	1000	1000	1000	1000	1002	70.28685200000008
root-paired/literal.json	root	default	root	literal	rootEquality	subtree_uid_equality_root	0	before	3	1000	1000	1000	1000	1002	82.04044999999986
root-paired/literal.json	root	default	root	literal	rootEquality	subtree_uid_equality_root	0	current	3	1000	1000	1000	1000	1002	82.212224
root-paired/literal.json	root	default	root	literal	rootEquality	subtree_uid_equality_root	0	openldap	3	1000	1000	1000	1000	1002	68.11870300000007
root-paired/literal.json	root	default	root	literal	rootEquality	subtree_uid_equality_root	0	before	4	1000	1000	1000	1000	1002	86.49507799999999
root-paired/literal.json	root	default	root	literal	rootEquality	subtree_uid_equality_root	0	current	4	1000	1000	1000	1000	1002	80.78262800000005
root-paired/literal.json	root	default	root	literal	rootEquality	subtree_uid_equality_root	0	openldap	4	1000	1000	1000	1000	1002	68.00345199999994
root-paired/literal.json	root	default	root	literal	rootEquality	subtree_uid_equality_root	0	before	5	1000	1000	1000	1000	1002	81.19335599999998
root-paired/literal.json	root	default	root	literal	rootEquality	subtree_uid_equality_root	0	current	5	1000	1000	1000	1000	1002	80.00148699999993
root-paired/literal.json	root	default	root	literal	rootEquality	subtree_uid_equality_root	0	openldap	5	1000	1000	1000	1000	1002	66.83318100000004
root-paired/literal.json	root	default	root	literal	rootEquality	subtree_uid_equality_root	0	before	6	1000	1000	1000	1000	1002	88.515673
root-paired/literal.json	root	default	root	literal	rootEquality	subtree_uid_equality_root	0	current	6	1000	1000	1000	1000	1002	86.74117300000003
root-paired/literal.json	root	default	root	literal	rootEquality	subtree_uid_equality_root	0	openldap	6	1000	1000	1000	1000	1002	70.34836300000003
root-paired/literal.json	root	default	root	literal	rootEquality	subtree_uid_equality_root	0	before	7	1000	1000	1000	1000	1002	104.38582399999993
root-paired/literal.json	root	default	root	literal	rootEquality	subtree_uid_equality_root	0	current	7	1000	1000	1000	1000	1002	102.80377999999999
root-paired/literal.json	root	default	root	literal	rootEquality	subtree_uid_equality_root	0	openldap	7	1000	1000	1000	1000	1002	88.77328899999976
root-paired/literal.json	root	default	root	literal	rootCompareTrue	compare_uid_true_root	0	before	1	1000	1000	1000	1000	1002	78.55133000000004
root-paired/literal.json	root	default	root	literal	rootCompareTrue	compare_uid_true_root	0	current	1	1000	1000	1000	1000	1002	80.3791399999999
root-paired/literal.json	root	default	root	literal	rootCompareTrue	compare_uid_true_root	0	openldap	1	1000	1000	1000	1000	1002	67.16123800000015
root-paired/literal.json	root	default	root	literal	rootCompareTrue	compare_uid_true_root	0	before	2	1000	1000	1000	1000	1002	78.83798299999992
root-paired/literal.json	root	default	root	literal	rootCompareTrue	compare_uid_true_root	0	current	2	1000	1000	1000	1000	1002	79.31262899999994
root-paired/literal.json	root	default	root	literal	rootCompareTrue	compare_uid_true_root	0	openldap	2	1000	1000	1000	1000	1002	64.46061400000006
root-paired/literal.json	root	default	root	literal	rootCompareTrue	compare_uid_true_root	0	before	3	1000	1000	1000	1000	1002	78.28041800000003
root-paired/literal.json	root	default	root	literal	rootCompareTrue	compare_uid_true_root	0	current	3	1000	1000	1000	1000	1002	77.45371200000007
root-paired/literal.json	root	default	root	literal	rootCompareTrue	compare_uid_true_root	0	openldap	3	1000	1000	1000	1000	1002	63.342839
root-paired/literal.json	root	default	root	literal	rootCompareTrue	compare_uid_true_root	0	before	4	1000	1000	1000	1000	1002	78.01470599999999
root-paired/literal.json	root	default	root	literal	rootCompareTrue	compare_uid_true_root	0	current	4	1000	1000	1000	1000	1002	79.82213100000003
root-paired/literal.json	root	default	root	literal	rootCompareTrue	compare_uid_true_root	0	openldap	4	1000	1000	1000	1000	1002	65.83184700000005
root-paired/literal.json	root	default	root	literal	rootCompareTrue	compare_uid_true_root	0	before	5	1000	1000	1000	1000	1002	77.79798599999995
root-paired/literal.json	root	default	root	literal	rootCompareTrue	compare_uid_true_root	0	current	5	1000	1000	1000	1000	1002	78.00569099999997
root-paired/literal.json	root	default	root	literal	rootCompareTrue	compare_uid_true_root	0	openldap	5	1000	1000	1000	1000	1002	64.54298199999995
root-paired/literal.json	root	default	root	literal	rootCompareTrue	compare_uid_true_root	0	before	6	1000	1000	1000	1000	1002	79.55491899999993
root-paired/literal.json	root	default	root	literal	rootCompareTrue	compare_uid_true_root	0	current	6	1000	1000	1000	1000	1002	80.10301699999992
root-paired/literal.json	root	default	root	literal	rootCompareTrue	compare_uid_true_root	0	openldap	6	1000	1000	1000	1000	1002	66.0695390000001
root-paired/literal.json	root	default	root	literal	rootCompareTrue	compare_uid_true_root	0	before	7	1000	1000	1000	1000	1002	79.30324900000006
root-paired/literal.json	root	default	root	literal	rootCompareTrue	compare_uid_true_root	0	current	7	1000	1000	1000	1000	1002	79.65429900000004
root-paired/literal.json	root	default	root	literal	rootCompareTrue	compare_uid_true_root	0	openldap	7	1000	1000	1000	1000	1002	66.57008699999996
root-paired/literal.json	root	default	root	literal	rootCompareFalse	compare_uid_false_root	0	before	1	1000	1000	1000	1000	1002	78.93302600000015
root-paired/literal.json	root	default	root	literal	rootCompareFalse	compare_uid_false_root	0	current	1	1000	1000	1000	1000	1002	77.04453200000013
root-paired/literal.json	root	default	root	literal	rootCompareFalse	compare_uid_false_root	0	openldap	1	1000	1000	1000	1000	1002	65.82706999999999
root-paired/literal.json	root	default	root	literal	rootCompareFalse	compare_uid_false_root	0	before	2	1000	1000	1000	1000	1002	77.91114600000003
root-paired/literal.json	root	default	root	literal	rootCompareFalse	compare_uid_false_root	0	current	2	1000	1000	1000	1000	1002	77.22527699999999
root-paired/literal.json	root	default	root	literal	rootCompareFalse	compare_uid_false_root	0	openldap	2	1000	1000	1000	1000	1002	64.32615599999995
root-paired/literal.json	root	default	root	literal	rootCompareFalse	compare_uid_false_root	0	before	3	1000	1000	1000	1000	1002	81.84103600000013
root-paired/literal.json	root	default	root	literal	rootCompareFalse	compare_uid_false_root	0	current	3	1000	1000	1000	1000	1002	82.401034
root-paired/literal.json	root	default	root	literal	rootCompareFalse	compare_uid_false_root	0	openldap	3	1000	1000	1000	1000	1002	68.06840599999994
root-paired/literal.json	root	default	root	literal	rootCompareFalse	compare_uid_false_root	0	before	4	1000	1000	1000	1000	1002	77.53076399999995
root-paired/literal.json	root	default	root	literal	rootCompareFalse	compare_uid_false_root	0	current	4	1000	1000	1000	1000	1002	77.50690400000003
root-paired/literal.json	root	default	root	literal	rootCompareFalse	compare_uid_false_root	0	openldap	4	1000	1000	1000	1000	1002	65.90832600000013
root-paired/literal.json	root	default	root	literal	rootCompareFalse	compare_uid_false_root	0	before	5	1000	1000	1000	1000	1002	77.15503399999992
root-paired/literal.json	root	default	root	literal	rootCompareFalse	compare_uid_false_root	0	current	5	1000	1000	1000	1000	1002	77.54235099999991
root-paired/literal.json	root	default	root	literal	rootCompareFalse	compare_uid_false_root	0	openldap	5	1000	1000	1000	1000	1002	66.86750099999996
root-paired/literal.json	root	default	root	literal	rootCompareFalse	compare_uid_false_root	0	before	6	1000	1000	1000	1000	1002	78.43355199999992
root-paired/literal.json	root	default	root	literal	rootCompareFalse	compare_uid_false_root	0	current	6	1000	1000	1000	1000	1002	77.48292099999998
root-paired/literal.json	root	default	root	literal	rootCompareFalse	compare_uid_false_root	0	openldap	6	1000	1000	1000	1000	1002	66.40949499999999
root-paired/literal.json	root	default	root	literal	rootCompareFalse	compare_uid_false_root	0	before	7	1000	1000	1000	1000	1002	80.34513100000011
root-paired/literal.json	root	default	root	literal	rootCompareFalse	compare_uid_false_root	0	current	7	1000	1000	1000	1000	1002	81.462217
root-paired/literal.json	root	default	root	literal	rootCompareFalse	compare_uid_false_root	0	openldap	7	1000	1000	1000	1000	1002	67.71361400000004
root-paired/literal-smoke.json	root	default	root	literal-smoke	rootBind	simple_bind_root	0	before	1	2	2	2	2	4	0.680126
root-paired/literal-smoke.json	root	default	root	literal-smoke	rootBind	simple_bind_root	0	current	1	2	2	2	2	4	0.575584
root-paired/literal-smoke.json	root	default	root	literal-smoke	rootBind	simple_bind_root	0	openldap	1	2	2	2	2	4	0.45608400000000004
root-paired/literal-smoke.json	root	default	root	literal-smoke	rootBase	base_objectclass_root	0	before	1	2	2	2	2	4	0.473291
root-paired/literal-smoke.json	root	default	root	literal-smoke	rootBase	base_objectclass_root	0	current	1	2	2	2	2	4	0.475958
root-paired/literal-smoke.json	root	default	root	literal-smoke	rootBase	base_objectclass_root	0	openldap	1	2	2	2	2	4	0.41474999999999995
root-paired/literal-smoke.json	root	default	root	literal-smoke	rootEquality	subtree_uid_equality_root	0	before	1	2	2	2	2	4	0.450209
root-paired/literal-smoke.json	root	default	root	literal-smoke	rootEquality	subtree_uid_equality_root	0	current	1	2	2	2	2	4	0.423915
root-paired/literal-smoke.json	root	default	root	literal-smoke	rootEquality	subtree_uid_equality_root	0	openldap	1	2	2	2	2	4	0.410458
root-paired/literal-smoke.json	root	default	root	literal-smoke	rootCompareTrue	compare_uid_true_root	0	before	1	2	2	2	2	4	0.482751
root-paired/literal-smoke.json	root	default	root	literal-smoke	rootCompareTrue	compare_uid_true_root	0	current	1	2	2	2	2	4	0.51125
root-paired/literal-smoke.json	root	default	root	literal-smoke	rootCompareTrue	compare_uid_true_root	0	openldap	1	2	2	2	2	4	0.375792
root-paired/literal-smoke.json	root	default	root	literal-smoke	rootCompareFalse	compare_uid_false_root	0	before	1	2	2	2	2	4	0.47541500000000003
root-paired/literal-smoke.json	root	default	root	literal-smoke	rootCompareFalse	compare_uid_false_root	0	current	1	2	2	2	2	4	0.44637400000000005
root-paired/literal-smoke.json	root	default	root	literal-smoke	rootCompareFalse	compare_uid_false_root	0	openldap	1	2	2	2	2	4	0.39858400000000005
root-paired/normalized.json	root	default	root	normalized	rootBind	simple_bind_root	0	before	1	1000	1000	1000	1000	1002	153.2573040000001
root-paired/normalized.json	root	default	root	normalized	rootBind	simple_bind_root	0	current	1	1000	1000	1000	1000	1002	82.65417599999992
root-paired/normalized.json	root	default	root	normalized	rootBind	simple_bind_root	0	openldap	1	1000	1000	1000	1000	1002	86.72975800000015
root-paired/normalized.json	root	default	root	normalized	rootBind	simple_bind_root	0	before	2	1000	1000	1000	1000	1002	81.92600199999995
root-paired/normalized.json	root	default	root	normalized	rootBind	simple_bind_root	0	current	2	1000	1000	1000	1000	1002	86.0952429999998
root-paired/normalized.json	root	default	root	normalized	rootBind	simple_bind_root	0	openldap	2	1000	1000	1000	1000	1002	65.23745899999999
root-paired/normalized.json	root	default	root	normalized	rootBind	simple_bind_root	0	before	3	1000	1000	1000	1000	1002	81.84073100000005
root-paired/normalized.json	root	default	root	normalized	rootBind	simple_bind_root	0	current	3	1000	1000	1000	1000	1002	81.14560700000001
root-paired/normalized.json	root	default	root	normalized	rootBind	simple_bind_root	0	openldap	3	1000	1000	1000	1000	1002	66.615934
root-paired/normalized.json	root	default	root	normalized	rootBind	simple_bind_root	0	before	4	1000	1000	1000	1000	1002	82.78378899999987
root-paired/normalized.json	root	default	root	normalized	rootBind	simple_bind_root	0	current	4	1000	1000	1000	1000	1002	82.87780299999994
root-paired/normalized.json	root	default	root	normalized	rootBind	simple_bind_root	0	openldap	4	1000	1000	1000	1000	1002	68.44142099999999
root-paired/normalized.json	root	default	root	normalized	rootBind	simple_bind_root	0	before	5	1000	1000	1000	1000	1002	83.09772799999996
root-paired/normalized.json	root	default	root	normalized	rootBind	simple_bind_root	0	current	5	1000	1000	1000	1000	1002	82.854529
root-paired/normalized.json	root	default	root	normalized	rootBind	simple_bind_root	0	openldap	5	1000	1000	1000	1000	1002	69.13547299999998
root-paired/normalized.json	root	default	root	normalized	rootBind	simple_bind_root	0	before	6	1000	1000	1000	1000	1002	82.34821999999994
root-paired/normalized.json	root	default	root	normalized	rootBind	simple_bind_root	0	current	6	1000	1000	1000	1000	1002	82.09328599999999
root-paired/normalized.json	root	default	root	normalized	rootBind	simple_bind_root	0	openldap	6	1000	1000	1000	1000	1002	68.064659
root-paired/normalized.json	root	default	root	normalized	rootBind	simple_bind_root	0	before	7	1000	1000	1000	1000	1002	79.1657030000001
root-paired/normalized.json	root	default	root	normalized	rootBind	simple_bind_root	0	current	7	1000	1000	1000	1000	1002	80.53954399999996
root-paired/normalized.json	root	default	root	normalized	rootBind	simple_bind_root	0	openldap	7	1000	1000	1000	1000	1002	66.369426
root-paired/normalized.json	root	default	root	normalized	rootBase	base_objectclass_root	0	before	1	1000	1000	1000	1000	1002	78.95228900000009
root-paired/normalized.json	root	default	root	normalized	rootBase	base_objectclass_root	0	current	1	1000	1000	1000	1000	1002	80.97386199999997
root-paired/normalized.json	root	default	root	normalized	rootBase	base_objectclass_root	0	openldap	1	1000	1000	1000	1000	1002	67.778788
root-paired/normalized.json	root	default	root	normalized	rootBase	base_objectclass_root	0	before	2	1000	1000	1000	1000	1002	80.51604500000003
root-paired/normalized.json	root	default	root	normalized	rootBase	base_objectclass_root	0	current	2	1000	1000	1000	1000	1002	82.29677699999995
root-paired/normalized.json	root	default	root	normalized	rootBase	base_objectclass_root	0	openldap	2	1000	1000	1000	1000	1002	68.73837100000001
root-paired/normalized.json	root	default	root	normalized	rootBase	base_objectclass_root	0	before	3	1000	1000	1000	1000	1002	83.14728
root-paired/normalized.json	root	default	root	normalized	rootBase	base_objectclass_root	0	current	3	1000	1000	1000	1000	1002	84.33547000000013
root-paired/normalized.json	root	default	root	normalized	rootBase	base_objectclass_root	0	openldap	3	1000	1000	1000	1000	1002	71.06374599999994
root-paired/normalized.json	root	default	root	normalized	rootBase	base_objectclass_root	0	before	4	1000	1000	1000	1000	1002	81.106114
root-paired/normalized.json	root	default	root	normalized	rootBase	base_objectclass_root	0	current	4	1000	1000	1000	1000	1002	81.54623500000005
root-paired/normalized.json	root	default	root	normalized	rootBase	base_objectclass_root	0	openldap	4	1000	1000	1000	1000	1002	68.36720699999995
root-paired/normalized.json	root	default	root	normalized	rootBase	base_objectclass_root	0	before	5	1000	1000	1000	1000	1002	81.75779600000001
root-paired/normalized.json	root	default	root	normalized	rootBase	base_objectclass_root	0	current	5	1000	1000	1000	1000	1002	81.04825400000006
root-paired/normalized.json	root	default	root	normalized	rootBase	base_objectclass_root	0	openldap	5	1000	1000	1000	1000	1002	68.60163599999994
root-paired/normalized.json	root	default	root	normalized	rootBase	base_objectclass_root	0	before	6	1000	1000	1000	1000	1002	80.21438500000004
root-paired/normalized.json	root	default	root	normalized	rootBase	base_objectclass_root	0	current	6	1000	1000	1000	1000	1002	83.14266500000011
root-paired/normalized.json	root	default	root	normalized	rootBase	base_objectclass_root	0	openldap	6	1000	1000	1000	1000	1002	68.23309399999987
root-paired/normalized.json	root	default	root	normalized	rootBase	base_objectclass_root	0	before	7	1000	1000	1000	1000	1002	82.15543999999997
root-paired/normalized.json	root	default	root	normalized	rootBase	base_objectclass_root	0	current	7	1000	1000	1000	1000	1002	82.8998619999999
root-paired/normalized.json	root	default	root	normalized	rootBase	base_objectclass_root	0	openldap	7	1000	1000	1000	1000	1002	70.55967800000003
root-paired/normalized.json	root	default	root	normalized	rootEquality	subtree_uid_equality_root	0	before	1	1000	1000	1000	1000	1002	81.28347000000004
root-paired/normalized.json	root	default	root	normalized	rootEquality	subtree_uid_equality_root	0	current	1	1000	1000	1000	1000	1002	81.14006500000008
root-paired/normalized.json	root	default	root	normalized	rootEquality	subtree_uid_equality_root	0	openldap	1	1000	1000	1000	1000	1002	68.44629
root-paired/normalized.json	root	default	root	normalized	rootEquality	subtree_uid_equality_root	0	before	2	1000	1000	1000	1000	1002	81.19600899999985
root-paired/normalized.json	root	default	root	normalized	rootEquality	subtree_uid_equality_root	0	current	2	1000	1000	1000	1000	1002	81.11104600000002
root-paired/normalized.json	root	default	root	normalized	rootEquality	subtree_uid_equality_root	0	openldap	2	1000	1000	1000	1000	1002	66.6711709999999
root-paired/normalized.json	root	default	root	normalized	rootEquality	subtree_uid_equality_root	0	before	3	1000	1000	1000	1000	1002	80.14439300000001
root-paired/normalized.json	root	default	root	normalized	rootEquality	subtree_uid_equality_root	0	current	3	1000	1000	1000	1000	1002	78.95991199999996
root-paired/normalized.json	root	default	root	normalized	rootEquality	subtree_uid_equality_root	0	openldap	3	1000	1000	1000	1000	1002	66.52987600000003
root-paired/normalized.json	root	default	root	normalized	rootEquality	subtree_uid_equality_root	0	before	4	1000	1000	1000	1000	1002	78.73516100000006
root-paired/normalized.json	root	default	root	normalized	rootEquality	subtree_uid_equality_root	0	current	4	1000	1000	1000	1000	1002	82.37921999999993
root-paired/normalized.json	root	default	root	normalized	rootEquality	subtree_uid_equality_root	0	openldap	4	1000	1000	1000	1000	1002	68.65704700000005
root-paired/normalized.json	root	default	root	normalized	rootEquality	subtree_uid_equality_root	0	before	5	1000	1000	1000	1000	1002	83.98535499999996
root-paired/normalized.json	root	default	root	normalized	rootEquality	subtree_uid_equality_root	0	current	5	1000	1000	1000	1000	1002	87.28729499999999
root-paired/normalized.json	root	default	root	normalized	rootEquality	subtree_uid_equality_root	0	openldap	5	1000	1000	1000	1000	1002	68.06775599999997
root-paired/normalized.json	root	default	root	normalized	rootEquality	subtree_uid_equality_root	0	before	6	1000	1000	1000	1000	1002	83.61751200000009
root-paired/normalized.json	root	default	root	normalized	rootEquality	subtree_uid_equality_root	0	current	6	1000	1000	1000	1000	1002	86.79094900000018
root-paired/normalized.json	root	default	root	normalized	rootEquality	subtree_uid_equality_root	0	openldap	6	1000	1000	1000	1000	1002	70.43558900000005
root-paired/normalized.json	root	default	root	normalized	rootEquality	subtree_uid_equality_root	0	before	7	1000	1000	1000	1000	1002	80.46142699999994
root-paired/normalized.json	root	default	root	normalized	rootEquality	subtree_uid_equality_root	0	current	7	1000	1000	1000	1000	1002	79.94411299999992
root-paired/normalized.json	root	default	root	normalized	rootEquality	subtree_uid_equality_root	0	openldap	7	1000	1000	1000	1000	1002	66.23495399999997
root-paired/normalized.json	root	default	root	normalized	rootCompareTrue	compare_uid_true_root	0	before	1	1000	1000	1000	1000	1002	80.10825099999992
root-paired/normalized.json	root	default	root	normalized	rootCompareTrue	compare_uid_true_root	0	current	1	1000	1000	1000	1000	1002	81.07805499999994
root-paired/normalized.json	root	default	root	normalized	rootCompareTrue	compare_uid_true_root	0	openldap	1	1000	1000	1000	1000	1002	66.23067600000003
root-paired/normalized.json	root	default	root	normalized	rootCompareTrue	compare_uid_true_root	0	before	2	1000	1000	1000	1000	1002	82.00191399999999
root-paired/normalized.json	root	default	root	normalized	rootCompareTrue	compare_uid_true_root	0	current	2	1000	1000	1000	1000	1002	81.52668300000003
root-paired/normalized.json	root	default	root	normalized	rootCompareTrue	compare_uid_true_root	0	openldap	2	1000	1000	1000	1000	1002	68.55261800000011
root-paired/normalized.json	root	default	root	normalized	rootCompareTrue	compare_uid_true_root	0	before	3	1000	1000	1000	1000	1002	77.74367299999993
root-paired/normalized.json	root	default	root	normalized	rootCompareTrue	compare_uid_true_root	0	current	3	1000	1000	1000	1000	1002	79.782211
root-paired/normalized.json	root	default	root	normalized	rootCompareTrue	compare_uid_true_root	0	openldap	3	1000	1000	1000	1000	1002	64.92546300000011
root-paired/normalized.json	root	default	root	normalized	rootCompareTrue	compare_uid_true_root	0	before	4	1000	1000	1000	1000	1002	77.77277599999977
root-paired/normalized.json	root	default	root	normalized	rootCompareTrue	compare_uid_true_root	0	current	4	1000	1000	1000	1000	1002	73.44896400000006
root-paired/normalized.json	root	default	root	normalized	rootCompareTrue	compare_uid_true_root	0	openldap	4	1000	1000	1000	1000	1002	61.35925200000002
root-paired/normalized.json	root	default	root	normalized	rootCompareTrue	compare_uid_true_root	0	before	5	1000	1000	1000	1000	1002	74.63487700000009
root-paired/normalized.json	root	default	root	normalized	rootCompareTrue	compare_uid_true_root	0	current	5	1000	1000	1000	1000	1002	76.25034200000007
root-paired/normalized.json	root	default	root	normalized	rootCompareTrue	compare_uid_true_root	0	openldap	5	1000	1000	1000	1000	1002	63.27158100000001
root-paired/normalized.json	root	default	root	normalized	rootCompareTrue	compare_uid_true_root	0	before	6	1000	1000	1000	1000	1002	74.3212709999999
root-paired/normalized.json	root	default	root	normalized	rootCompareTrue	compare_uid_true_root	0	current	6	1000	1000	1000	1000	1002	74.76907000000006
root-paired/normalized.json	root	default	root	normalized	rootCompareTrue	compare_uid_true_root	0	openldap	6	1000	1000	1000	1000	1002	62.81366000000002
root-paired/normalized.json	root	default	root	normalized	rootCompareTrue	compare_uid_true_root	0	before	7	1000	1000	1000	1000	1002	76.5617899999999
root-paired/normalized.json	root	default	root	normalized	rootCompareTrue	compare_uid_true_root	0	current	7	1000	1000	1000	1000	1002	76.69574499999999
root-paired/normalized.json	root	default	root	normalized	rootCompareTrue	compare_uid_true_root	0	openldap	7	1000	1000	1000	1000	1002	64.81770499999996
root-paired/normalized.json	root	default	root	normalized	rootCompareFalse	compare_uid_false_root	0	before	1	1000	1000	1000	1000	1002	81.82952799999991
root-paired/normalized.json	root	default	root	normalized	rootCompareFalse	compare_uid_false_root	0	current	1	1000	1000	1000	1000	1002	82.40449499999995
root-paired/normalized.json	root	default	root	normalized	rootCompareFalse	compare_uid_false_root	0	openldap	1	1000	1000	1000	1000	1002	67.41158699999988
root-paired/normalized.json	root	default	root	normalized	rootCompareFalse	compare_uid_false_root	0	before	2	1000	1000	1000	1000	1002	80.633122
root-paired/normalized.json	root	default	root	normalized	rootCompareFalse	compare_uid_false_root	0	current	2	1000	1000	1000	1000	1002	81.54304200000011
root-paired/normalized.json	root	default	root	normalized	rootCompareFalse	compare_uid_false_root	0	openldap	2	1000	1000	1000	1000	1002	67.32045500000007
root-paired/normalized.json	root	default	root	normalized	rootCompareFalse	compare_uid_false_root	0	before	3	1000	1000	1000	1000	1002	83.05405500000002
root-paired/normalized.json	root	default	root	normalized	rootCompareFalse	compare_uid_false_root	0	current	3	1000	1000	1000	1000	1002	83.08278899999996
root-paired/normalized.json	root	default	root	normalized	rootCompareFalse	compare_uid_false_root	0	openldap	3	1000	1000	1000	1000	1002	68.78942
root-paired/normalized.json	root	default	root	normalized	rootCompareFalse	compare_uid_false_root	0	before	4	1000	1000	1000	1000	1002	87.73551
root-paired/normalized.json	root	default	root	normalized	rootCompareFalse	compare_uid_false_root	0	current	4	1000	1000	1000	1000	1002	88.48972599999995
root-paired/normalized.json	root	default	root	normalized	rootCompareFalse	compare_uid_false_root	0	openldap	4	1000	1000	1000	1000	1002	72.84148800000007
root-paired/normalized.json	root	default	root	normalized	rootCompareFalse	compare_uid_false_root	0	before	5	1000	1000	1000	1000	1002	86.21814099999995
root-paired/normalized.json	root	default	root	normalized	rootCompareFalse	compare_uid_false_root	0	current	5	1000	1000	1000	1000	1002	86.86619399999991
root-paired/normalized.json	root	default	root	normalized	rootCompareFalse	compare_uid_false_root	0	openldap	5	1000	1000	1000	1000	1002	71.30062000000007
root-paired/normalized.json	root	default	root	normalized	rootCompareFalse	compare_uid_false_root	0	before	6	1000	1000	1000	1000	1002	84.93111099999985
root-paired/normalized.json	root	default	root	normalized	rootCompareFalse	compare_uid_false_root	0	current	6	1000	1000	1000	1000	1002	85.53025799999996
root-paired/normalized.json	root	default	root	normalized	rootCompareFalse	compare_uid_false_root	0	openldap	6	1000	1000	1000	1000	1002	68.5195190000001
root-paired/normalized.json	root	default	root	normalized	rootCompareFalse	compare_uid_false_root	0	before	7	1000	1000	1000	1000	1002	82.96900200000012
root-paired/normalized.json	root	default	root	normalized	rootCompareFalse	compare_uid_false_root	0	current	7	1000	1000	1000	1000	1002	83.04066999999995
root-paired/normalized.json	root	default	root	normalized	rootCompareFalse	compare_uid_false_root	0	openldap	7	1000	1000	1000	1000	1002	69.20106900000005
root-paired/normalized-smoke.json	root	default	root	normalized-smoke	rootBind	simple_bind_root	0	before	1	2	2	2	2	4	0.545749
root-paired/normalized-smoke.json	root	default	root	normalized-smoke	rootBind	simple_bind_root	0	current	1	2	2	2	2	4	0.489583
root-paired/normalized-smoke.json	root	default	root	normalized-smoke	rootBind	simple_bind_root	0	openldap	1	2	2	2	2	4	0.304125
root-paired/normalized-smoke.json	root	default	root	normalized-smoke	rootBase	base_objectclass_root	0	before	1	2	2	2	2	4	0.362332
root-paired/normalized-smoke.json	root	default	root	normalized-smoke	rootBase	base_objectclass_root	0	current	1	2	2	2	2	4	0.382835
root-paired/normalized-smoke.json	root	default	root	normalized-smoke	rootBase	base_objectclass_root	0	openldap	1	2	2	2	2	4	0.246292
root-paired/normalized-smoke.json	root	default	root	normalized-smoke	rootEquality	subtree_uid_equality_root	0	before	1	2	2	2	2	4	0.29875
root-paired/normalized-smoke.json	root	default	root	normalized-smoke	rootEquality	subtree_uid_equality_root	0	current	1	2	2	2	2	4	0.335167
root-paired/normalized-smoke.json	root	default	root	normalized-smoke	rootEquality	subtree_uid_equality_root	0	openldap	1	2	2	2	2	4	0.24495699999999998
root-paired/normalized-smoke.json	root	default	root	normalized-smoke	rootCompareTrue	compare_uid_true_root	0	before	1	2	2	2	2	4	0.277791
root-paired/normalized-smoke.json	root	default	root	normalized-smoke	rootCompareTrue	compare_uid_true_root	0	current	1	2	2	2	2	4	0.2715
root-paired/normalized-smoke.json	root	default	root	normalized-smoke	rootCompareTrue	compare_uid_true_root	0	openldap	1	2	2	2	2	4	0.257332
root-paired/normalized-smoke.json	root	default	root	normalized-smoke	rootCompareFalse	compare_uid_false_root	0	before	1	2	2	2	2	4	0.359
root-paired/normalized-smoke.json	root	default	root	normalized-smoke	rootCompareFalse	compare_uid_false_root	0	current	1	2	2	2	2	4	0.391583
root-paired/normalized-smoke.json	root	default	root	normalized-smoke	rootCompareFalse	compare_uid_false_root	0	openldap	1	2	2	2	2	4	0.2675
explicit-group-compare/groups.json	group-compare	explicit	nonroot	groups	groupCompareTrueFirst	compare_member_true_first	10	before	1	1000	1000	1000	1000	1002	88.89386600000006
explicit-group-compare/groups.json	group-compare	explicit	nonroot	groups	groupCompareTrueFirst	compare_member_true_first	10	current	1	1000	1000	1000	1000	1002	86.57178399999998
explicit-group-compare/groups.json	group-compare	explicit	nonroot	groups	groupCompareTrueFirst	compare_member_true_first	10	openldap	1	1000	1000	1000	1000	1002	70.07969199999998
explicit-group-compare/groups.json	group-compare	explicit	nonroot	groups	groupCompareTrueFirst	compare_member_true_first	10	before	2	1000	1000	1000	1000	1002	88.08733100000003
explicit-group-compare/groups.json	group-compare	explicit	nonroot	groups	groupCompareTrueFirst	compare_member_true_first	10	current	2	1000	1000	1000	1000	1002	87.96550199999994
explicit-group-compare/groups.json	group-compare	explicit	nonroot	groups	groupCompareTrueFirst	compare_member_true_first	10	openldap	2	1000	1000	1000	1000	1002	77.72994800000004
explicit-group-compare/groups.json	group-compare	explicit	nonroot	groups	groupCompareTrueFirst	compare_member_true_first	10	before	3	1000	1000	1000	1000	1002	96.89629600000005
explicit-group-compare/groups.json	group-compare	explicit	nonroot	groups	groupCompareTrueFirst	compare_member_true_first	10	current	3	1000	1000	1000	1000	1002	96.62912099999996
explicit-group-compare/groups.json	group-compare	explicit	nonroot	groups	groupCompareTrueFirst	compare_member_true_first	10	openldap	3	1000	1000	1000	1000	1002	73.15172999999997
explicit-group-compare/groups.json	group-compare	explicit	nonroot	groups	groupCompareTrueFirst	compare_member_true_first	10	before	4	1000	1000	1000	1000	1002	88.30787600000008
explicit-group-compare/groups.json	group-compare	explicit	nonroot	groups	groupCompareTrueFirst	compare_member_true_first	10	current	4	1000	1000	1000	1000	1002	85.69388400000005
explicit-group-compare/groups.json	group-compare	explicit	nonroot	groups	groupCompareTrueFirst	compare_member_true_first	10	openldap	4	1000	1000	1000	1000	1002	75.3933280000001
explicit-group-compare/groups.json	group-compare	explicit	nonroot	groups	groupCompareTrueFirst	compare_member_true_first	10	before	5	1000	1000	1000	1000	1002	79.37461400000005
explicit-group-compare/groups.json	group-compare	explicit	nonroot	groups	groupCompareTrueFirst	compare_member_true_first	10	current	5	1000	1000	1000	1000	1002	79.45725199999988
explicit-group-compare/groups.json	group-compare	explicit	nonroot	groups	groupCompareTrueFirst	compare_member_true_first	10	openldap	5	1000	1000	1000	1000	1002	64.56731800000013
explicit-group-compare/groups.json	group-compare	explicit	nonroot	groups	groupCompareTrueFirst	compare_member_true_first	10	before	6	1000	1000	1000	1000	1002	81.90865300000003
explicit-group-compare/groups.json	group-compare	explicit	nonroot	groups	groupCompareTrueFirst	compare_member_true_first	10	current	6	1000	1000	1000	1000	1002	80.78933399999987
explicit-group-compare/groups.json	group-compare	explicit	nonroot	groups	groupCompareTrueFirst	compare_member_true_first	10	openldap	6	1000	1000	1000	1000	1002	65.38253400000002
explicit-group-compare/groups.json	group-compare	explicit	nonroot	groups	groupCompareTrueFirst	compare_member_true_first	10	before	7	1000	1000	1000	1000	1002	81.30449000000003
explicit-group-compare/groups.json	group-compare	explicit	nonroot	groups	groupCompareTrueFirst	compare_member_true_first	10	current	7	1000	1000	1000	1000	1002	83.75020000000013
explicit-group-compare/groups.json	group-compare	explicit	nonroot	groups	groupCompareTrueFirst	compare_member_true_first	10	openldap	7	1000	1000	1000	1000	1002	69.769398
explicit-group-compare/groups.json	group-compare	explicit	nonroot	groups	groupCompareTrueFirst	compare_member_true_first	1000	before	1	1000	1000	1000	1000	1002	83.41386399999999
explicit-group-compare/groups.json	group-compare	explicit	nonroot	groups	groupCompareTrueFirst	compare_member_true_first	1000	current	1	1000	1000	1000	1000	1002	82.06601599999996
explicit-group-compare/groups.json	group-compare	explicit	nonroot	groups	groupCompareTrueFirst	compare_member_true_first	1000	openldap	1	1000	1000	1000	1000	1002	66.84426999999992
explicit-group-compare/groups.json	group-compare	explicit	nonroot	groups	groupCompareTrueFirst	compare_member_true_first	1000	before	2	1000	1000	1000	1000	1002	80.857329
explicit-group-compare/groups.json	group-compare	explicit	nonroot	groups	groupCompareTrueFirst	compare_member_true_first	1000	current	2	1000	1000	1000	1000	1002	82.85803800000005
explicit-group-compare/groups.json	group-compare	explicit	nonroot	groups	groupCompareTrueFirst	compare_member_true_first	1000	openldap	2	1000	1000	1000	1000	1002	66.18995200000002
explicit-group-compare/groups.json	group-compare	explicit	nonroot	groups	groupCompareTrueFirst	compare_member_true_first	1000	before	3	1000	1000	1000	1000	1002	81.31620899999996
explicit-group-compare/groups.json	group-compare	explicit	nonroot	groups	groupCompareTrueFirst	compare_member_true_first	1000	current	3	1000	1000	1000	1000	1002	83.16448000000007
explicit-group-compare/groups.json	group-compare	explicit	nonroot	groups	groupCompareTrueFirst	compare_member_true_first	1000	openldap	3	1000	1000	1000	1000	1002	65.75591299999994
explicit-group-compare/groups.json	group-compare	explicit	nonroot	groups	groupCompareTrueFirst	compare_member_true_first	1000	before	4	1000	1000	1000	1000	1002	81.74743400000001
explicit-group-compare/groups.json	group-compare	explicit	nonroot	groups	groupCompareTrueFirst	compare_member_true_first	1000	current	4	1000	1000	1000	1000	1002	79.64531899999992
explicit-group-compare/groups.json	group-compare	explicit	nonroot	groups	groupCompareTrueFirst	compare_member_true_first	1000	openldap	4	1000	1000	1000	1000	1002	65.5731350000001
explicit-group-compare/groups.json	group-compare	explicit	nonroot	groups	groupCompareTrueFirst	compare_member_true_first	1000	before	5	1000	1000	1000	1000	1002	85.29146600000001
explicit-group-compare/groups.json	group-compare	explicit	nonroot	groups	groupCompareTrueFirst	compare_member_true_first	1000	current	5	1000	1000	1000	1000	1002	87.90285599999996
explicit-group-compare/groups.json	group-compare	explicit	nonroot	groups	groupCompareTrueFirst	compare_member_true_first	1000	openldap	5	1000	1000	1000	1000	1002	67.4867870000001
explicit-group-compare/groups.json	group-compare	explicit	nonroot	groups	groupCompareTrueFirst	compare_member_true_first	1000	before	6	1000	1000	1000	1000	1002	85.96282700000005
explicit-group-compare/groups.json	group-compare	explicit	nonroot	groups	groupCompareTrueFirst	compare_member_true_first	1000	current	6	1000	1000	1000	1000	1002	82.80511899999998
explicit-group-compare/groups.json	group-compare	explicit	nonroot	groups	groupCompareTrueFirst	compare_member_true_first	1000	openldap	6	1000	1000	1000	1000	1002	67.23116099999999
explicit-group-compare/groups.json	group-compare	explicit	nonroot	groups	groupCompareTrueFirst	compare_member_true_first	1000	before	7	1000	1000	1000	1000	1002	86.06711800000004
explicit-group-compare/groups.json	group-compare	explicit	nonroot	groups	groupCompareTrueFirst	compare_member_true_first	1000	current	7	1000	1000	1000	1000	1002	80.71295499999997
explicit-group-compare/groups.json	group-compare	explicit	nonroot	groups	groupCompareTrueFirst	compare_member_true_first	1000	openldap	7	1000	1000	1000	1000	1002	65.96832900000005
explicit-group-compare/groups.json	group-compare	explicit	nonroot	groups	groupCompareTrueLast	compare_member_true_last	10	before	1	1000	1000	1000	1000	1002	81.00831699999992
explicit-group-compare/groups.json	group-compare	explicit	nonroot	groups	groupCompareTrueLast	compare_member_true_last	10	current	1	1000	1000	1000	1000	1002	80.3646880000001
explicit-group-compare/groups.json	group-compare	explicit	nonroot	groups	groupCompareTrueLast	compare_member_true_last	10	openldap	1	1000	1000	1000	1000	1002	64.67131699999997
explicit-group-compare/groups.json	group-compare	explicit	nonroot	groups	groupCompareTrueLast	compare_member_true_last	10	before	2	1000	1000	1000	1000	1002	80.64315700000012
explicit-group-compare/groups.json	group-compare	explicit	nonroot	groups	groupCompareTrueLast	compare_member_true_last	10	current	2	1000	1000	1000	1000	1002	85.65828300000011
explicit-group-compare/groups.json	group-compare	explicit	nonroot	groups	groupCompareTrueLast	compare_member_true_last	10	openldap	2	1000	1000	1000	1000	1002	65.10953500000006
explicit-group-compare/groups.json	group-compare	explicit	nonroot	groups	groupCompareTrueLast	compare_member_true_last	10	before	3	1000	1000	1000	1000	1002	91.581614
explicit-group-compare/groups.json	group-compare	explicit	nonroot	groups	groupCompareTrueLast	compare_member_true_last	10	current	3	1000	1000	1000	1000	1002	92.35613600000005
explicit-group-compare/groups.json	group-compare	explicit	nonroot	groups	groupCompareTrueLast	compare_member_true_last	10	openldap	3	1000	1000	1000	1000	1002	71.88371199999999
explicit-group-compare/groups.json	group-compare	explicit	nonroot	groups	groupCompareTrueLast	compare_member_true_last	10	before	4	1000	1000	1000	1000	1002	79.15575799999992
explicit-group-compare/groups.json	group-compare	explicit	nonroot	groups	groupCompareTrueLast	compare_member_true_last	10	current	4	1000	1000	1000	1000	1002	79.91995399999998
explicit-group-compare/groups.json	group-compare	explicit	nonroot	groups	groupCompareTrueLast	compare_member_true_last	10	openldap	4	1000	1000	1000	1000	1002	65.27387200000005
explicit-group-compare/groups.json	group-compare	explicit	nonroot	groups	groupCompareTrueLast	compare_member_true_last	10	before	5	1000	1000	1000	1000	1002	83.18852300000002
explicit-group-compare/groups.json	group-compare	explicit	nonroot	groups	groupCompareTrueLast	compare_member_true_last	10	current	5	1000	1000	1000	1000	1002	82.360881
explicit-group-compare/groups.json	group-compare	explicit	nonroot	groups	groupCompareTrueLast	compare_member_true_last	10	openldap	5	1000	1000	1000	1000	1002	68.286614
explicit-group-compare/groups.json	group-compare	explicit	nonroot	groups	groupCompareTrueLast	compare_member_true_last	10	before	6	1000	1000	1000	1000	1002	99.44813799999993
explicit-group-compare/groups.json	group-compare	explicit	nonroot	groups	groupCompareTrueLast	compare_member_true_last	10	current	6	1000	1000	1000	1000	1002	102.75780100000001
explicit-group-compare/groups.json	group-compare	explicit	nonroot	groups	groupCompareTrueLast	compare_member_true_last	10	openldap	6	1000	1000	1000	1000	1002	70.98452199999998
explicit-group-compare/groups.json	group-compare	explicit	nonroot	groups	groupCompareTrueLast	compare_member_true_last	10	before	7	1000	1000	1000	1000	1002	94.40408100000002
explicit-group-compare/groups.json	group-compare	explicit	nonroot	groups	groupCompareTrueLast	compare_member_true_last	10	current	7	1000	1000	1000	1000	1002	116.95487099999986
explicit-group-compare/groups.json	group-compare	explicit	nonroot	groups	groupCompareTrueLast	compare_member_true_last	10	openldap	7	1000	1000	1000	1000	1002	74.34181400000003
explicit-group-compare/groups.json	group-compare	explicit	nonroot	groups	groupCompareTrueLast	compare_member_true_last	1000	before	1	1000	1000	1000	1000	1002	90.46366100000007
explicit-group-compare/groups.json	group-compare	explicit	nonroot	groups	groupCompareTrueLast	compare_member_true_last	1000	current	1	1000	1000	1000	1000	1002	96.89300200000015
explicit-group-compare/groups.json	group-compare	explicit	nonroot	groups	groupCompareTrueLast	compare_member_true_last	1000	openldap	1	1000	1000	1000	1000	1002	72.36284499999998
explicit-group-compare/groups.json	group-compare	explicit	nonroot	groups	groupCompareTrueLast	compare_member_true_last	1000	before	2	1000	1000	1000	1000	1002	90.12466799999997
explicit-group-compare/groups.json	group-compare	explicit	nonroot	groups	groupCompareTrueLast	compare_member_true_last	1000	current	2	1000	1000	1000	1000	1002	88.78082899999994
explicit-group-compare/groups.json	group-compare	explicit	nonroot	groups	groupCompareTrueLast	compare_member_true_last	1000	openldap	2	1000	1000	1000	1000	1002	72.05257199999997
explicit-group-compare/groups.json	group-compare	explicit	nonroot	groups	groupCompareTrueLast	compare_member_true_last	1000	before	3	1000	1000	1000	1000	1002	87.95653700000007
explicit-group-compare/groups.json	group-compare	explicit	nonroot	groups	groupCompareTrueLast	compare_member_true_last	1000	current	3	1000	1000	1000	1000	1002	87.33162899999994
explicit-group-compare/groups.json	group-compare	explicit	nonroot	groups	groupCompareTrueLast	compare_member_true_last	1000	openldap	3	1000	1000	1000	1000	1002	70.83997599999998
explicit-group-compare/groups.json	group-compare	explicit	nonroot	groups	groupCompareTrueLast	compare_member_true_last	1000	before	4	1000	1000	1000	1000	1002	88.63915799999997
explicit-group-compare/groups.json	group-compare	explicit	nonroot	groups	groupCompareTrueLast	compare_member_true_last	1000	current	4	1000	1000	1000	1000	1002	89.424305
explicit-group-compare/groups.json	group-compare	explicit	nonroot	groups	groupCompareTrueLast	compare_member_true_last	1000	openldap	4	1000	1000	1000	1000	1002	71.29420800000008
explicit-group-compare/groups.json	group-compare	explicit	nonroot	groups	groupCompareTrueLast	compare_member_true_last	1000	before	5	1000	1000	1000	1000	1002	89.40416600000017
explicit-group-compare/groups.json	group-compare	explicit	nonroot	groups	groupCompareTrueLast	compare_member_true_last	1000	current	5	1000	1000	1000	1000	1002	88.56350400000008
explicit-group-compare/groups.json	group-compare	explicit	nonroot	groups	groupCompareTrueLast	compare_member_true_last	1000	openldap	5	1000	1000	1000	1000	1002	71.0782520000001
explicit-group-compare/groups.json	group-compare	explicit	nonroot	groups	groupCompareTrueLast	compare_member_true_last	1000	before	6	1000	1000	1000	1000	1002	89.7154920000001
explicit-group-compare/groups.json	group-compare	explicit	nonroot	groups	groupCompareTrueLast	compare_member_true_last	1000	current	6	1000	1000	1000	1000	1002	86.04877200000004
explicit-group-compare/groups.json	group-compare	explicit	nonroot	groups	groupCompareTrueLast	compare_member_true_last	1000	openldap	6	1000	1000	1000	1000	1002	69.674833
explicit-group-compare/groups.json	group-compare	explicit	nonroot	groups	groupCompareTrueLast	compare_member_true_last	1000	before	7	1000	1000	1000	1000	1002	92.71712800000002
explicit-group-compare/groups.json	group-compare	explicit	nonroot	groups	groupCompareTrueLast	compare_member_true_last	1000	current	7	1000	1000	1000	1000	1002	94.83204200000014
explicit-group-compare/groups.json	group-compare	explicit	nonroot	groups	groupCompareTrueLast	compare_member_true_last	1000	openldap	7	1000	1000	1000	1000	1002	75.3671600000001
explicit-group-compare/groups.json	group-compare	explicit	nonroot	groups	groupCompareFalse	compare_member_false_missing	10	before	1	1000	1000	1000	1000	1002	87.53657999999994
explicit-group-compare/groups.json	group-compare	explicit	nonroot	groups	groupCompareFalse	compare_member_false_missing	10	current	1	1000	1000	1000	1000	1002	87.76529499999994
explicit-group-compare/groups.json	group-compare	explicit	nonroot	groups	groupCompareFalse	compare_member_false_missing	10	openldap	1	1000	1000	1000	1000	1002	70.84132600000002
explicit-group-compare/groups.json	group-compare	explicit	nonroot	groups	groupCompareFalse	compare_member_false_missing	10	before	2	1000	1000	1000	1000	1002	92.89974599999998
explicit-group-compare/groups.json	group-compare	explicit	nonroot	groups	groupCompareFalse	compare_member_false_missing	10	current	2	1000	1000	1000	1000	1002	91.13049800000023
explicit-group-compare/groups.json	group-compare	explicit	nonroot	groups	groupCompareFalse	compare_member_false_missing	10	openldap	2	1000	1000	1000	1000	1002	74.56724400000006
explicit-group-compare/groups.json	group-compare	explicit	nonroot	groups	groupCompareFalse	compare_member_false_missing	10	before	3	1000	1000	1000	1000	1002	89.851826
explicit-group-compare/groups.json	group-compare	explicit	nonroot	groups	groupCompareFalse	compare_member_false_missing	10	current	3	1000	1000	1000	1000	1002	89.90353699999987
explicit-group-compare/groups.json	group-compare	explicit	nonroot	groups	groupCompareFalse	compare_member_false_missing	10	openldap	3	1000	1000	1000	1000	1002	73.53235300000007
explicit-group-compare/groups.json	group-compare	explicit	nonroot	groups	groupCompareFalse	compare_member_false_missing	10	before	4	1000	1000	1000	1000	1002	87.13686599999993
explicit-group-compare/groups.json	group-compare	explicit	nonroot	groups	groupCompareFalse	compare_member_false_missing	10	current	4	1000	1000	1000	1000	1002	87.335163
explicit-group-compare/groups.json	group-compare	explicit	nonroot	groups	groupCompareFalse	compare_member_false_missing	10	openldap	4	1000	1000	1000	1000	1002	71.108039
explicit-group-compare/groups.json	group-compare	explicit	nonroot	groups	groupCompareFalse	compare_member_false_missing	10	before	5	1000	1000	1000	1000	1002	81.73371299999991
explicit-group-compare/groups.json	group-compare	explicit	nonroot	groups	groupCompareFalse	compare_member_false_missing	10	current	5	1000	1000	1000	1000	1002	83.06297099999993
explicit-group-compare/groups.json	group-compare	explicit	nonroot	groups	groupCompareFalse	compare_member_false_missing	10	openldap	5	1000	1000	1000	1000	1002	65.27757899999999
explicit-group-compare/groups.json	group-compare	explicit	nonroot	groups	groupCompareFalse	compare_member_false_missing	10	before	6	1000	1000	1000	1000	1002	89.56891299999995
explicit-group-compare/groups.json	group-compare	explicit	nonroot	groups	groupCompareFalse	compare_member_false_missing	10	current	6	1000	1000	1000	1000	1002	87.76151100000004
explicit-group-compare/groups.json	group-compare	explicit	nonroot	groups	groupCompareFalse	compare_member_false_missing	10	openldap	6	1000	1000	1000	1000	1002	71.21717100000008
explicit-group-compare/groups.json	group-compare	explicit	nonroot	groups	groupCompareFalse	compare_member_false_missing	10	before	7	1000	1000	1000	1000	1002	91.86077800000001
explicit-group-compare/groups.json	group-compare	explicit	nonroot	groups	groupCompareFalse	compare_member_false_missing	10	current	7	1000	1000	1000	1000	1002	91.978227
explicit-group-compare/groups.json	group-compare	explicit	nonroot	groups	groupCompareFalse	compare_member_false_missing	10	openldap	7	1000	1000	1000	1000	1002	73.12957199999981
explicit-group-compare/groups.json	group-compare	explicit	nonroot	groups	groupCompareFalse	compare_member_false_missing	1000	before	1	1000	1000	1000	1000	1002	92.23680200000008
explicit-group-compare/groups.json	group-compare	explicit	nonroot	groups	groupCompareFalse	compare_member_false_missing	1000	current	1	1000	1000	1000	1000	1002	93.67232600000008
explicit-group-compare/groups.json	group-compare	explicit	nonroot	groups	groupCompareFalse	compare_member_false_missing	1000	openldap	1	1000	1000	1000	1000	1002	75.80495099999993
explicit-group-compare/groups.json	group-compare	explicit	nonroot	groups	groupCompareFalse	compare_member_false_missing	1000	before	2	1000	1000	1000	1000	1002	91.68099099999985
explicit-group-compare/groups.json	group-compare	explicit	nonroot	groups	groupCompareFalse	compare_member_false_missing	1000	current	2	1000	1000	1000	1000	1002	90.8693030000001
explicit-group-compare/groups.json	group-compare	explicit	nonroot	groups	groupCompareFalse	compare_member_false_missing	1000	openldap	2	1000	1000	1000	1000	1002	71.43284900000012
explicit-group-compare/groups.json	group-compare	explicit	nonroot	groups	groupCompareFalse	compare_member_false_missing	1000	before	3	1000	1000	1000	1000	1002	91.29082900000004
explicit-group-compare/groups.json	group-compare	explicit	nonroot	groups	groupCompareFalse	compare_member_false_missing	1000	current	3	1000	1000	1000	1000	1002	88.15198899999997
explicit-group-compare/groups.json	group-compare	explicit	nonroot	groups	groupCompareFalse	compare_member_false_missing	1000	openldap	3	1000	1000	1000	1000	1002	70.52289199999991
explicit-group-compare/groups.json	group-compare	explicit	nonroot	groups	groupCompareFalse	compare_member_false_missing	1000	before	4	1000	1000	1000	1000	1002	97.12400600000012
explicit-group-compare/groups.json	group-compare	explicit	nonroot	groups	groupCompareFalse	compare_member_false_missing	1000	current	4	1000	1000	1000	1000	1002	95.93207999999987
explicit-group-compare/groups.json	group-compare	explicit	nonroot	groups	groupCompareFalse	compare_member_false_missing	1000	openldap	4	1000	1000	1000	1000	1002	78.611962
explicit-group-compare/groups.json	group-compare	explicit	nonroot	groups	groupCompareFalse	compare_member_false_missing	1000	before	5	1000	1000	1000	1000	1002	92.63463500000019
explicit-group-compare/groups.json	group-compare	explicit	nonroot	groups	groupCompareFalse	compare_member_false_missing	1000	current	5	1000	1000	1000	1000	1002	92.68993999999982
explicit-group-compare/groups.json	group-compare	explicit	nonroot	groups	groupCompareFalse	compare_member_false_missing	1000	openldap	5	1000	1000	1000	1000	1002	73.97520699999997
explicit-group-compare/groups.json	group-compare	explicit	nonroot	groups	groupCompareFalse	compare_member_false_missing	1000	before	6	1000	1000	1000	1000	1002	89.67500300000003
explicit-group-compare/groups.json	group-compare	explicit	nonroot	groups	groupCompareFalse	compare_member_false_missing	1000	current	6	1000	1000	1000	1000	1002	89.46301699999985
explicit-group-compare/groups.json	group-compare	explicit	nonroot	groups	groupCompareFalse	compare_member_false_missing	1000	openldap	6	1000	1000	1000	1000	1002	71.333052
explicit-group-compare/groups.json	group-compare	explicit	nonroot	groups	groupCompareFalse	compare_member_false_missing	1000	before	7	1000	1000	1000	1000	1002	88.56434500000007
explicit-group-compare/groups.json	group-compare	explicit	nonroot	groups	groupCompareFalse	compare_member_false_missing	1000	current	7	1000	1000	1000	1000	1002	85.9304949999999
explicit-group-compare/groups.json	group-compare	explicit	nonroot	groups	groupCompareFalse	compare_member_false_missing	1000	openldap	7	1000	1000	1000	1000	1002	69.78507499999995
explicit-group-compare/smoke.json	group-compare	explicit	nonroot	smoke	groupCompareTrueFirst	compare_member_true_first	10	before	1	2	2	2	2	4	0.49420800000000004
explicit-group-compare/smoke.json	group-compare	explicit	nonroot	smoke	groupCompareTrueFirst	compare_member_true_first	10	current	1	2	2	2	2	4	0.463833
explicit-group-compare/smoke.json	group-compare	explicit	nonroot	smoke	groupCompareTrueFirst	compare_member_true_first	10	openldap	1	2	2	2	2	4	0.305458
explicit-group-compare/smoke.json	group-compare	explicit	nonroot	smoke	groupCompareTrueFirst	compare_member_true_first	1000	before	1	2	2	2	2	4	0.356375
explicit-group-compare/smoke.json	group-compare	explicit	nonroot	smoke	groupCompareTrueFirst	compare_member_true_first	1000	current	1	2	2	2	2	4	0.368875
explicit-group-compare/smoke.json	group-compare	explicit	nonroot	smoke	groupCompareTrueFirst	compare_member_true_first	1000	openldap	1	2	2	2	2	4	0.27274899999999996
explicit-group-compare/smoke.json	group-compare	explicit	nonroot	smoke	groupCompareTrueLast	compare_member_true_last	10	before	1	2	2	2	2	4	0.336582
explicit-group-compare/smoke.json	group-compare	explicit	nonroot	smoke	groupCompareTrueLast	compare_member_true_last	10	current	1	2	2	2	2	4	0.291917
explicit-group-compare/smoke.json	group-compare	explicit	nonroot	smoke	groupCompareTrueLast	compare_member_true_last	10	openldap	1	2	2	2	2	4	0.24208300000000002
explicit-group-compare/smoke.json	group-compare	explicit	nonroot	smoke	groupCompareTrueLast	compare_member_true_last	1000	before	1	2	2	2	2	4	0.318874
explicit-group-compare/smoke.json	group-compare	explicit	nonroot	smoke	groupCompareTrueLast	compare_member_true_last	1000	current	1	2	2	2	2	4	0.337624
explicit-group-compare/smoke.json	group-compare	explicit	nonroot	smoke	groupCompareTrueLast	compare_member_true_last	1000	openldap	1	2	2	2	2	4	0.288043
explicit-group-compare/smoke.json	group-compare	explicit	nonroot	smoke	groupCompareFalse	compare_member_false_missing	10	before	1	2	2	2	2	4	0.40241699999999997
explicit-group-compare/smoke.json	group-compare	explicit	nonroot	smoke	groupCompareFalse	compare_member_false_missing	10	current	1	2	2	2	2	4	0.374708
explicit-group-compare/smoke.json	group-compare	explicit	nonroot	smoke	groupCompareFalse	compare_member_false_missing	10	openldap	1	2	2	2	2	4	0.38070899999999996
explicit-group-compare/smoke.json	group-compare	explicit	nonroot	smoke	groupCompareFalse	compare_member_false_missing	1000	before	1	2	2	2	2	4	0.426251
explicit-group-compare/smoke.json	group-compare	explicit	nonroot	smoke	groupCompareFalse	compare_member_false_missing	1000	current	1	2	2	2	2	4	0.445542
explicit-group-compare/smoke.json	group-compare	explicit	nonroot	smoke	groupCompareFalse	compare_member_false_missing	1000	openldap	1	2	2	2	2	4	0.367417
default-group-compare/groups.json	group-compare	default	nonroot	groups	groupCompareTrueFirst	compare_member_true_first	10	before	1	1000	1000	1000	1000	1002	85.15418199999999
default-group-compare/groups.json	group-compare	default	nonroot	groups	groupCompareTrueFirst	compare_member_true_first	10	current	1	1000	1000	1000	1000	1002	84.87343199999998
default-group-compare/groups.json	group-compare	default	nonroot	groups	groupCompareTrueFirst	compare_member_true_first	10	openldap	1	1000	1000	1000	1000	1002	67.18355200000002
default-group-compare/groups.json	group-compare	default	nonroot	groups	groupCompareTrueFirst	compare_member_true_first	10	before	2	1000	1000	1000	1000	1002	86.75823899999989
default-group-compare/groups.json	group-compare	default	nonroot	groups	groupCompareTrueFirst	compare_member_true_first	10	current	2	1000	1000	1000	1000	1002	87.47570700000001
default-group-compare/groups.json	group-compare	default	nonroot	groups	groupCompareTrueFirst	compare_member_true_first	10	openldap	2	1000	1000	1000	1000	1002	67.63718299999992
default-group-compare/groups.json	group-compare	default	nonroot	groups	groupCompareTrueFirst	compare_member_true_first	10	before	3	1000	1000	1000	1000	1002	88.66099399999993
default-group-compare/groups.json	group-compare	default	nonroot	groups	groupCompareTrueFirst	compare_member_true_first	10	current	3	1000	1000	1000	1000	1002	91.47025099999978
default-group-compare/groups.json	group-compare	default	nonroot	groups	groupCompareTrueFirst	compare_member_true_first	10	openldap	3	1000	1000	1000	1000	1002	70.40541199999993
default-group-compare/groups.json	group-compare	default	nonroot	groups	groupCompareTrueFirst	compare_member_true_first	10	before	4	1000	1000	1000	1000	1002	86.4218850000001
default-group-compare/groups.json	group-compare	default	nonroot	groups	groupCompareTrueFirst	compare_member_true_first	10	current	4	1000	1000	1000	1000	1002	87.60507300000006
default-group-compare/groups.json	group-compare	default	nonroot	groups	groupCompareTrueFirst	compare_member_true_first	10	openldap	4	1000	1000	1000	1000	1002	70.64379600000004
default-group-compare/groups.json	group-compare	default	nonroot	groups	groupCompareTrueFirst	compare_member_true_first	10	before	5	1000	1000	1000	1000	1002	89.41401999999995
default-group-compare/groups.json	group-compare	default	nonroot	groups	groupCompareTrueFirst	compare_member_true_first	10	current	5	1000	1000	1000	1000	1002	89.42308600000011
default-group-compare/groups.json	group-compare	default	nonroot	groups	groupCompareTrueFirst	compare_member_true_first	10	openldap	5	1000	1000	1000	1000	1002	72.13404799999998
default-group-compare/groups.json	group-compare	default	nonroot	groups	groupCompareTrueFirst	compare_member_true_first	10	before	6	1000	1000	1000	1000	1002	88.42517
default-group-compare/groups.json	group-compare	default	nonroot	groups	groupCompareTrueFirst	compare_member_true_first	10	current	6	1000	1000	1000	1000	1002	89.36020799999982
default-group-compare/groups.json	group-compare	default	nonroot	groups	groupCompareTrueFirst	compare_member_true_first	10	openldap	6	1000	1000	1000	1000	1002	71.7045879999999
default-group-compare/groups.json	group-compare	default	nonroot	groups	groupCompareTrueFirst	compare_member_true_first	10	before	7	1000	1000	1000	1000	1002	87.33116799999999
default-group-compare/groups.json	group-compare	default	nonroot	groups	groupCompareTrueFirst	compare_member_true_first	10	current	7	1000	1000	1000	1000	1002	85.83916999999997
default-group-compare/groups.json	group-compare	default	nonroot	groups	groupCompareTrueFirst	compare_member_true_first	10	openldap	7	1000	1000	1000	1000	1002	70.67953500000007
default-group-compare/groups.json	group-compare	default	nonroot	groups	groupCompareTrueFirst	compare_member_true_first	1000	before	1	1000	1000	1000	1000	1002	88.68516000000018
default-group-compare/groups.json	group-compare	default	nonroot	groups	groupCompareTrueFirst	compare_member_true_first	1000	current	1	1000	1000	1000	1000	1002	86.74391000000008
default-group-compare/groups.json	group-compare	default	nonroot	groups	groupCompareTrueFirst	compare_member_true_first	1000	openldap	1	1000	1000	1000	1000	1002	70.96320399999998
default-group-compare/groups.json	group-compare	default	nonroot	groups	groupCompareTrueFirst	compare_member_true_first	1000	before	2	1000	1000	1000	1000	1002	88.34169600000007
default-group-compare/groups.json	group-compare	default	nonroot	groups	groupCompareTrueFirst	compare_member_true_first	1000	current	2	1000	1000	1000	1000	1002	88.8381650000001
default-group-compare/groups.json	group-compare	default	nonroot	groups	groupCompareTrueFirst	compare_member_true_first	1000	openldap	2	1000	1000	1000	1000	1002	70.72127900000004
default-group-compare/groups.json	group-compare	default	nonroot	groups	groupCompareTrueFirst	compare_member_true_first	1000	before	3	1000	1000	1000	1000	1002	86.4284940000001
default-group-compare/groups.json	group-compare	default	nonroot	groups	groupCompareTrueFirst	compare_member_true_first	1000	current	3	1000	1000	1000	1000	1002	82.541239
default-group-compare/groups.json	group-compare	default	nonroot	groups	groupCompareTrueFirst	compare_member_true_first	1000	openldap	3	1000	1000	1000	1000	1002	67.10537900000003
default-group-compare/groups.json	group-compare	default	nonroot	groups	groupCompareTrueFirst	compare_member_true_first	1000	before	4	1000	1000	1000	1000	1002	82.28175700000007
default-group-compare/groups.json	group-compare	default	nonroot	groups	groupCompareTrueFirst	compare_member_true_first	1000	current	4	1000	1000	1000	1000	1002	80.61941899999991
default-group-compare/groups.json	group-compare	default	nonroot	groups	groupCompareTrueFirst	compare_member_true_first	1000	openldap	4	1000	1000	1000	1000	1002	67.25285799999992
default-group-compare/groups.json	group-compare	default	nonroot	groups	groupCompareTrueFirst	compare_member_true_first	1000	before	5	1000	1000	1000	1000	1002	82.03159400000001
default-group-compare/groups.json	group-compare	default	nonroot	groups	groupCompareTrueFirst	compare_member_true_first	1000	current	5	1000	1000	1000	1000	1002	87.50488799999995
default-group-compare/groups.json	group-compare	default	nonroot	groups	groupCompareTrueFirst	compare_member_true_first	1000	openldap	5	1000	1000	1000	1000	1002	68.21430499999995
default-group-compare/groups.json	group-compare	default	nonroot	groups	groupCompareTrueFirst	compare_member_true_first	1000	before	6	1000	1000	1000	1000	1002	86.606295
default-group-compare/groups.json	group-compare	default	nonroot	groups	groupCompareTrueFirst	compare_member_true_first	1000	current	6	1000	1000	1000	1000	1002	85.33929900000004
default-group-compare/groups.json	group-compare	default	nonroot	groups	groupCompareTrueFirst	compare_member_true_first	1000	openldap	6	1000	1000	1000	1000	1002	68.644872
default-group-compare/groups.json	group-compare	default	nonroot	groups	groupCompareTrueFirst	compare_member_true_first	1000	before	7	1000	1000	1000	1000	1002	104.13461999999998
default-group-compare/groups.json	group-compare	default	nonroot	groups	groupCompareTrueFirst	compare_member_true_first	1000	current	7	1000	1000	1000	1000	1002	103.32195
default-group-compare/groups.json	group-compare	default	nonroot	groups	groupCompareTrueFirst	compare_member_true_first	1000	openldap	7	1000	1000	1000	1000	1002	83.72930600000005
default-group-compare/groups.json	group-compare	default	nonroot	groups	groupCompareTrueLast	compare_member_true_last	10	before	1	1000	1000	1000	1000	1002	110.05853499999999
default-group-compare/groups.json	group-compare	default	nonroot	groups	groupCompareTrueLast	compare_member_true_last	10	current	1	1000	1000	1000	1000	1002	108.26652699999998
default-group-compare/groups.json	group-compare	default	nonroot	groups	groupCompareTrueLast	compare_member_true_last	10	openldap	1	1000	1000	1000	1000	1002	88.82336799999996
default-group-compare/groups.json	group-compare	default	nonroot	groups	groupCompareTrueLast	compare_member_true_last	10	before	2	1000	1000	1000	1000	1002	90.08152299999982
default-group-compare/groups.json	group-compare	default	nonroot	groups	groupCompareTrueLast	compare_member_true_last	10	current	2	1000	1000	1000	1000	1002	91.096476
default-group-compare/groups.json	group-compare	default	nonroot	groups	groupCompareTrueLast	compare_member_true_last	10	openldap	2	1000	1000	1000	1000	1002	71.49032600000001
default-group-compare/groups.json	group-compare	default	nonroot	groups	groupCompareTrueLast	compare_member_true_last	10	before	3	1000	1000	1000	1000	1002	90.63541700000016
default-group-compare/groups.json	group-compare	default	nonroot	groups	groupCompareTrueLast	compare_member_true_last	10	current	3	1000	1000	1000	1000	1002	91.07795999999999
default-group-compare/groups.json	group-compare	default	nonroot	groups	groupCompareTrueLast	compare_member_true_last	10	openldap	3	1000	1000	1000	1000	1002	73.505459
default-group-compare/groups.json	group-compare	default	nonroot	groups	groupCompareTrueLast	compare_member_true_last	10	before	4	1000	1000	1000	1000	1002	101.19596499999994
default-group-compare/groups.json	group-compare	default	nonroot	groups	groupCompareTrueLast	compare_member_true_last	10	current	4	1000	1000	1000	1000	1002	100.26734700000007
default-group-compare/groups.json	group-compare	default	nonroot	groups	groupCompareTrueLast	compare_member_true_last	10	openldap	4	1000	1000	1000	1000	1002	78.36965600000008
default-group-compare/groups.json	group-compare	default	nonroot	groups	groupCompareTrueLast	compare_member_true_last	10	before	5	1000	1000	1000	1000	1002	101.42430499999996
default-group-compare/groups.json	group-compare	default	nonroot	groups	groupCompareTrueLast	compare_member_true_last	10	current	5	1000	1000	1000	1000	1002	90.65791100000007
default-group-compare/groups.json	group-compare	default	nonroot	groups	groupCompareTrueLast	compare_member_true_last	10	openldap	5	1000	1000	1000	1000	1002	70.197961
default-group-compare/groups.json	group-compare	default	nonroot	groups	groupCompareTrueLast	compare_member_true_last	10	before	6	1000	1000	1000	1000	1002	95.33768300000008
default-group-compare/groups.json	group-compare	default	nonroot	groups	groupCompareTrueLast	compare_member_true_last	10	current	6	1000	1000	1000	1000	1002	92.11162800000014
default-group-compare/groups.json	group-compare	default	nonroot	groups	groupCompareTrueLast	compare_member_true_last	10	openldap	6	1000	1000	1000	1000	1002	74.28816699999999
default-group-compare/groups.json	group-compare	default	nonroot	groups	groupCompareTrueLast	compare_member_true_last	10	before	7	1000	1000	1000	1000	1002	82.341868
default-group-compare/groups.json	group-compare	default	nonroot	groups	groupCompareTrueLast	compare_member_true_last	10	current	7	1000	1000	1000	1000	1002	81.94379800000003
default-group-compare/groups.json	group-compare	default	nonroot	groups	groupCompareTrueLast	compare_member_true_last	10	openldap	7	1000	1000	1000	1000	1002	65.76408600000003
default-group-compare/groups.json	group-compare	default	nonroot	groups	groupCompareTrueLast	compare_member_true_last	1000	before	1	1000	1000	1000	1000	1002	100.82166500000004
default-group-compare/groups.json	group-compare	default	nonroot	groups	groupCompareTrueLast	compare_member_true_last	1000	current	1	1000	1000	1000	1000	1002	107.70717599999998
default-group-compare/groups.json	group-compare	default	nonroot	groups	groupCompareTrueLast	compare_member_true_last	1000	openldap	1	1000	1000	1000	1000	1002	81.53515599999997
default-group-compare/groups.json	group-compare	default	nonroot	groups	groupCompareTrueLast	compare_member_true_last	1000	before	2	1000	1000	1000	1000	1002	90.40315300000012
default-group-compare/groups.json	group-compare	default	nonroot	groups	groupCompareTrueLast	compare_member_true_last	1000	current	2	1000	1000	1000	1000	1002	85.15986900000004
default-group-compare/groups.json	group-compare	default	nonroot	groups	groupCompareTrueLast	compare_member_true_last	1000	openldap	2	1000	1000	1000	1000	1002	71.37360800000003
default-group-compare/groups.json	group-compare	default	nonroot	groups	groupCompareTrueLast	compare_member_true_last	1000	before	3	1000	1000	1000	1000	1002	88.02228399999998
default-group-compare/groups.json	group-compare	default	nonroot	groups	groupCompareTrueLast	compare_member_true_last	1000	current	3	1000	1000	1000	1000	1002	87.23848800000002
default-group-compare/groups.json	group-compare	default	nonroot	groups	groupCompareTrueLast	compare_member_true_last	1000	openldap	3	1000	1000	1000	1000	1002	69.84442499999997
default-group-compare/groups.json	group-compare	default	nonroot	groups	groupCompareTrueLast	compare_member_true_last	1000	before	4	1000	1000	1000	1000	1002	96.47337399999985
default-group-compare/groups.json	group-compare	default	nonroot	groups	groupCompareTrueLast	compare_member_true_last	1000	current	4	1000	1000	1000	1000	1002	99.13138799999989
default-group-compare/groups.json	group-compare	default	nonroot	groups	groupCompareTrueLast	compare_member_true_last	1000	openldap	4	1000	1000	1000	1000	1002	79.64787499999991
default-group-compare/groups.json	group-compare	default	nonroot	groups	groupCompareTrueLast	compare_member_true_last	1000	before	5	1000	1000	1000	1000	1002	82.43168
default-group-compare/groups.json	group-compare	default	nonroot	groups	groupCompareTrueLast	compare_member_true_last	1000	current	5	1000	1000	1000	1000	1002	87.69777600000002
default-group-compare/groups.json	group-compare	default	nonroot	groups	groupCompareTrueLast	compare_member_true_last	1000	openldap	5	1000	1000	1000	1000	1002	67.95972900000007
default-group-compare/groups.json	group-compare	default	nonroot	groups	groupCompareTrueLast	compare_member_true_last	1000	before	6	1000	1000	1000	1000	1002	83.65141100000005
default-group-compare/groups.json	group-compare	default	nonroot	groups	groupCompareTrueLast	compare_member_true_last	1000	current	6	1000	1000	1000	1000	1002	80.881719
default-group-compare/groups.json	group-compare	default	nonroot	groups	groupCompareTrueLast	compare_member_true_last	1000	openldap	6	1000	1000	1000	1000	1002	66.71882199999996
default-group-compare/groups.json	group-compare	default	nonroot	groups	groupCompareTrueLast	compare_member_true_last	1000	before	7	1000	1000	1000	1000	1002	85.21343899999988
default-group-compare/groups.json	group-compare	default	nonroot	groups	groupCompareTrueLast	compare_member_true_last	1000	current	7	1000	1000	1000	1000	1002	84.98442100000005
default-group-compare/groups.json	group-compare	default	nonroot	groups	groupCompareTrueLast	compare_member_true_last	1000	openldap	7	1000	1000	1000	1000	1002	69.15456899999998
default-group-compare/groups.json	group-compare	default	nonroot	groups	groupCompareFalse	compare_member_false_missing	10	before	1	1000	1000	1000	1000	1002	84.25405299999994
default-group-compare/groups.json	group-compare	default	nonroot	groups	groupCompareFalse	compare_member_false_missing	10	current	1	1000	1000	1000	1000	1002	86.70976800000008
default-group-compare/groups.json	group-compare	default	nonroot	groups	groupCompareFalse	compare_member_false_missing	10	openldap	1	1000	1000	1000	1000	1002	67.32808799999984
default-group-compare/groups.json	group-compare	default	nonroot	groups	groupCompareFalse	compare_member_false_missing	10	before	2	1000	1000	1000	1000	1002	99.70221699999992
default-group-compare/groups.json	group-compare	default	nonroot	groups	groupCompareFalse	compare_member_false_missing	10	current	2	1000	1000	1000	1000	1002	96.51243199999995
default-group-compare/groups.json	group-compare	default	nonroot	groups	groupCompareFalse	compare_member_false_missing	10	openldap	2	1000	1000	1000	1000	1002	78.61945099999998
default-group-compare/groups.json	group-compare	default	nonroot	groups	groupCompareFalse	compare_member_false_missing	10	before	3	1000	1000	1000	1000	1002	84.957713
default-group-compare/groups.json	group-compare	default	nonroot	groups	groupCompareFalse	compare_member_false_missing	10	current	3	1000	1000	1000	1000	1002	86.12141800000003
default-group-compare/groups.json	group-compare	default	nonroot	groups	groupCompareFalse	compare_member_false_missing	10	openldap	3	1000	1000	1000	1000	1002	69.871099
default-group-compare/groups.json	group-compare	default	nonroot	groups	groupCompareFalse	compare_member_false_missing	10	before	4	1000	1000	1000	1000	1002	89.23310700000002
default-group-compare/groups.json	group-compare	default	nonroot	groups	groupCompareFalse	compare_member_false_missing	10	current	4	1000	1000	1000	1000	1002	89.1746239999999
default-group-compare/groups.json	group-compare	default	nonroot	groups	groupCompareFalse	compare_member_false_missing	10	openldap	4	1000	1000	1000	1000	1002	72.38825899999996
default-group-compare/groups.json	group-compare	default	nonroot	groups	groupCompareFalse	compare_member_false_missing	10	before	5	1000	1000	1000	1000	1002	90.02096099999996
default-group-compare/groups.json	group-compare	default	nonroot	groups	groupCompareFalse	compare_member_false_missing	10	current	5	1000	1000	1000	1000	1002	89.31858599999994
default-group-compare/groups.json	group-compare	default	nonroot	groups	groupCompareFalse	compare_member_false_missing	10	openldap	5	1000	1000	1000	1000	1002	71.83231999999995
default-group-compare/groups.json	group-compare	default	nonroot	groups	groupCompareFalse	compare_member_false_missing	10	before	6	1000	1000	1000	1000	1002	83.84289599999994
default-group-compare/groups.json	group-compare	default	nonroot	groups	groupCompareFalse	compare_member_false_missing	10	current	6	1000	1000	1000	1000	1002	84.25024400000005
default-group-compare/groups.json	group-compare	default	nonroot	groups	groupCompareFalse	compare_member_false_missing	10	openldap	6	1000	1000	1000	1000	1002	67.52697900000005
default-group-compare/groups.json	group-compare	default	nonroot	groups	groupCompareFalse	compare_member_false_missing	10	before	7	1000	1000	1000	1000	1002	94.68898399999993
default-group-compare/groups.json	group-compare	default	nonroot	groups	groupCompareFalse	compare_member_false_missing	10	current	7	1000	1000	1000	1000	1002	93.33467099999996
default-group-compare/groups.json	group-compare	default	nonroot	groups	groupCompareFalse	compare_member_false_missing	10	openldap	7	1000	1000	1000	1000	1002	78.09650099999999
default-group-compare/groups.json	group-compare	default	nonroot	groups	groupCompareFalse	compare_member_false_missing	1000	before	1	1000	1000	1000	1000	1002	97.92991899999994
default-group-compare/groups.json	group-compare	default	nonroot	groups	groupCompareFalse	compare_member_false_missing	1000	current	1	1000	1000	1000	1000	1002	99.25667399999996
default-group-compare/groups.json	group-compare	default	nonroot	groups	groupCompareFalse	compare_member_false_missing	1000	openldap	1	1000	1000	1000	1000	1002	76.49716100000008
default-group-compare/groups.json	group-compare	default	nonroot	groups	groupCompareFalse	compare_member_false_missing	1000	before	2	1000	1000	1000	1000	1002	101.3000249999999
default-group-compare/groups.json	group-compare	default	nonroot	groups	groupCompareFalse	compare_member_false_missing	1000	current	2	1000	1000	1000	1000	1002	100.63778599999993
default-group-compare/groups.json	group-compare	default	nonroot	groups	groupCompareFalse	compare_member_false_missing	1000	openldap	2	1000	1000	1000	1000	1002	79.62745700000005
default-group-compare/groups.json	group-compare	default	nonroot	groups	groupCompareFalse	compare_member_false_missing	1000	before	3	1000	1000	1000	1000	1002	88.32591200000005
default-group-compare/groups.json	group-compare	default	nonroot	groups	groupCompareFalse	compare_member_false_missing	1000	current	3	1000	1000	1000	1000	1002	89.70651900000001
default-group-compare/groups.json	group-compare	default	nonroot	groups	groupCompareFalse	compare_member_false_missing	1000	openldap	3	1000	1000	1000	1000	1002	71.58599900000006
default-group-compare/groups.json	group-compare	default	nonroot	groups	groupCompareFalse	compare_member_false_missing	1000	before	4	1000	1000	1000	1000	1002	113.08930000000011
default-group-compare/groups.json	group-compare	default	nonroot	groups	groupCompareFalse	compare_member_false_missing	1000	current	4	1000	1000	1000	1000	1002	103.38616400000012
default-group-compare/groups.json	group-compare	default	nonroot	groups	groupCompareFalse	compare_member_false_missing	1000	openldap	4	1000	1000	1000	1000	1002	81.08065599999999
default-group-compare/groups.json	group-compare	default	nonroot	groups	groupCompareFalse	compare_member_false_missing	1000	before	5	1000	1000	1000	1000	1002	119.57869300000006
default-group-compare/groups.json	group-compare	default	nonroot	groups	groupCompareFalse	compare_member_false_missing	1000	current	5	1000	1000	1000	1000	1002	113.38382700000017
default-group-compare/groups.json	group-compare	default	nonroot	groups	groupCompareFalse	compare_member_false_missing	1000	openldap	5	1000	1000	1000	1000	1002	88.506881
default-group-compare/groups.json	group-compare	default	nonroot	groups	groupCompareFalse	compare_member_false_missing	1000	before	6	1000	1000	1000	1000	1002	100.7096659999999
default-group-compare/groups.json	group-compare	default	nonroot	groups	groupCompareFalse	compare_member_false_missing	1000	current	6	1000	1000	1000	1000	1002	96.27420700000005
default-group-compare/groups.json	group-compare	default	nonroot	groups	groupCompareFalse	compare_member_false_missing	1000	openldap	6	1000	1000	1000	1000	1002	83.83387600000009
default-group-compare/groups.json	group-compare	default	nonroot	groups	groupCompareFalse	compare_member_false_missing	1000	before	7	1000	1000	1000	1000	1002	90.172916
default-group-compare/groups.json	group-compare	default	nonroot	groups	groupCompareFalse	compare_member_false_missing	1000	current	7	1000	1000	1000	1000	1002	86.13819199999966
default-group-compare/groups.json	group-compare	default	nonroot	groups	groupCompareFalse	compare_member_false_missing	1000	openldap	7	1000	1000	1000	1000	1002	69.59619200000009
default-group-compare/smoke.json	group-compare	default	nonroot	smoke	groupCompareTrueFirst	compare_member_true_first	10	before	1	2	2	2	2	4	0.401541
default-group-compare/smoke.json	group-compare	default	nonroot	smoke	groupCompareTrueFirst	compare_member_true_first	10	current	1	2	2	2	2	4	0.45337500000000003
default-group-compare/smoke.json	group-compare	default	nonroot	smoke	groupCompareTrueFirst	compare_member_true_first	10	openldap	1	2	2	2	2	4	0.250208
default-group-compare/smoke.json	group-compare	default	nonroot	smoke	groupCompareTrueFirst	compare_member_true_first	1000	before	1	2	2	2	2	4	0.30679300000000004
default-group-compare/smoke.json	group-compare	default	nonroot	smoke	groupCompareTrueFirst	compare_member_true_first	1000	current	1	2	2	2	2	4	0.379415
default-group-compare/smoke.json	group-compare	default	nonroot	smoke	groupCompareTrueFirst	compare_member_true_first	1000	openldap	1	2	2	2	2	4	0.49920899999999996
default-group-compare/smoke.json	group-compare	default	nonroot	smoke	groupCompareTrueLast	compare_member_true_last	10	before	1	2	2	2	2	4	0.36850199999999994
default-group-compare/smoke.json	group-compare	default	nonroot	smoke	groupCompareTrueLast	compare_member_true_last	10	current	1	2	2	2	2	4	0.36429100000000003
default-group-compare/smoke.json	group-compare	default	nonroot	smoke	groupCompareTrueLast	compare_member_true_last	10	openldap	1	2	2	2	2	4	0.258375
default-group-compare/smoke.json	group-compare	default	nonroot	smoke	groupCompareTrueLast	compare_member_true_last	1000	before	1	2	2	2	2	4	0.290501
default-group-compare/smoke.json	group-compare	default	nonroot	smoke	groupCompareTrueLast	compare_member_true_last	1000	current	1	2	2	2	2	4	0.330001
default-group-compare/smoke.json	group-compare	default	nonroot	smoke	groupCompareTrueLast	compare_member_true_last	1000	openldap	1	2	2	2	2	4	0.265249
default-group-compare/smoke.json	group-compare	default	nonroot	smoke	groupCompareFalse	compare_member_false_missing	10	before	1	2	2	2	2	4	0.312251
default-group-compare/smoke.json	group-compare	default	nonroot	smoke	groupCompareFalse	compare_member_false_missing	10	current	1	2	2	2	2	4	0.293833
default-group-compare/smoke.json	group-compare	default	nonroot	smoke	groupCompareFalse	compare_member_false_missing	10	openldap	1	2	2	2	2	4	0.26779200000000003
default-group-compare/smoke.json	group-compare	default	nonroot	smoke	groupCompareFalse	compare_member_false_missing	1000	before	1	2	2	2	2	4	0.325416
default-group-compare/smoke.json	group-compare	default	nonroot	smoke	groupCompareFalse	compare_member_false_missing	1000	current	1	2	2	2	2	4	0.32421
default-group-compare/smoke.json	group-compare	default	nonroot	smoke	groupCompareFalse	compare_member_false_missing	1000	openldap	1	2	2	2	2	4	0.28241499999999997
explicit-read-recheck/hot.json	read-recheck	explicit	nonroot	hot	nonrootBase	search_nonrootBase	0	before	1	1000	1000	1000	1000	1002	102.40734299999993
explicit-read-recheck/hot.json	read-recheck	explicit	nonroot	hot	nonrootBase	search_nonrootBase	0	current	1	1000	1000	1000	1000	1002	102.86271100000002
explicit-read-recheck/hot.json	read-recheck	explicit	nonroot	hot	nonrootBase	search_nonrootBase	0	openldap	1	1000	1000	1000	1000	1002	82.51929499999997
explicit-read-recheck/hot.json	read-recheck	explicit	nonroot	hot	nonrootBase	search_nonrootBase	0	before	2	1000	1000	1000	1000	1002	88.67844599999995
explicit-read-recheck/hot.json	read-recheck	explicit	nonroot	hot	nonrootBase	search_nonrootBase	0	current	2	1000	1000	1000	1000	1002	91.7570469999999
explicit-read-recheck/hot.json	read-recheck	explicit	nonroot	hot	nonrootBase	search_nonrootBase	0	openldap	2	1000	1000	1000	1000	1002	71.15398600000002
explicit-read-recheck/hot.json	read-recheck	explicit	nonroot	hot	nonrootBase	search_nonrootBase	0	before	3	1000	1000	1000	1000	1002	90.59822099999997
explicit-read-recheck/hot.json	read-recheck	explicit	nonroot	hot	nonrootBase	search_nonrootBase	0	current	3	1000	1000	1000	1000	1002	89.97496800000008
explicit-read-recheck/hot.json	read-recheck	explicit	nonroot	hot	nonrootBase	search_nonrootBase	0	openldap	3	1000	1000	1000	1000	1002	73.686066
explicit-read-recheck/hot.json	read-recheck	explicit	nonroot	hot	nonrootBase	search_nonrootBase	0	before	4	1000	1000	1000	1000	1002	89.44281700000018
explicit-read-recheck/hot.json	read-recheck	explicit	nonroot	hot	nonrootBase	search_nonrootBase	0	current	4	1000	1000	1000	1000	1002	88.89085700000001
explicit-read-recheck/hot.json	read-recheck	explicit	nonroot	hot	nonrootBase	search_nonrootBase	0	openldap	4	1000	1000	1000	1000	1002	69.97717499999999
explicit-read-recheck/hot.json	read-recheck	explicit	nonroot	hot	nonrootBase	search_nonrootBase	0	before	5	1000	1000	1000	1000	1002	104.01383600000013
explicit-read-recheck/hot.json	read-recheck	explicit	nonroot	hot	nonrootBase	search_nonrootBase	0	current	5	1000	1000	1000	1000	1002	103.13829100000005
explicit-read-recheck/hot.json	read-recheck	explicit	nonroot	hot	nonrootBase	search_nonrootBase	0	openldap	5	1000	1000	1000	1000	1002	80.29205600000006
explicit-read-recheck/hot.json	read-recheck	explicit	nonroot	hot	nonrootBase	search_nonrootBase	0	before	6	1000	1000	1000	1000	1002	88.29967199999993
explicit-read-recheck/hot.json	read-recheck	explicit	nonroot	hot	nonrootBase	search_nonrootBase	0	current	6	1000	1000	1000	1000	1002	87.25916000000001
explicit-read-recheck/hot.json	read-recheck	explicit	nonroot	hot	nonrootBase	search_nonrootBase	0	openldap	6	1000	1000	1000	1000	1002	72.4009620000001
explicit-read-recheck/hot.json	read-recheck	explicit	nonroot	hot	nonrootBase	search_nonrootBase	0	before	7	1000	1000	1000	1000	1002	78.9425860000001
explicit-read-recheck/hot.json	read-recheck	explicit	nonroot	hot	nonrootBase	search_nonrootBase	0	current	7	1000	1000	1000	1000	1002	78.66439299999996
explicit-read-recheck/hot.json	read-recheck	explicit	nonroot	hot	nonrootBase	search_nonrootBase	0	openldap	7	1000	1000	1000	1000	1002	66.68747500000005
explicit-read-recheck/hot.json	read-recheck	explicit	nonroot	hot	nonrootEquality	search_nonrootEquality	0	before	1	1000	1000	1000	1000	1002	87.19355700000007
explicit-read-recheck/hot.json	read-recheck	explicit	nonroot	hot	nonrootEquality	search_nonrootEquality	0	current	1	1000	1000	1000	1000	1002	87.19678299999993
explicit-read-recheck/hot.json	read-recheck	explicit	nonroot	hot	nonrootEquality	search_nonrootEquality	0	openldap	1	1000	1000	1000	1000	1002	71.864685
explicit-read-recheck/hot.json	read-recheck	explicit	nonroot	hot	nonrootEquality	search_nonrootEquality	0	before	2	1000	1000	1000	1000	1002	82.92499600000005
explicit-read-recheck/hot.json	read-recheck	explicit	nonroot	hot	nonrootEquality	search_nonrootEquality	0	current	2	1000	1000	1000	1000	1002	81.26438099999997
explicit-read-recheck/hot.json	read-recheck	explicit	nonroot	hot	nonrootEquality	search_nonrootEquality	0	openldap	2	1000	1000	1000	1000	1002	69.44183799999999
explicit-read-recheck/hot.json	read-recheck	explicit	nonroot	hot	nonrootEquality	search_nonrootEquality	0	before	3	1000	1000	1000	1000	1002	97.46707000000004
explicit-read-recheck/hot.json	read-recheck	explicit	nonroot	hot	nonrootEquality	search_nonrootEquality	0	current	3	1000	1000	1000	1000	1002	99.14238299999981
explicit-read-recheck/hot.json	read-recheck	explicit	nonroot	hot	nonrootEquality	search_nonrootEquality	0	openldap	3	1000	1000	1000	1000	1002	77.71004699999999
explicit-read-recheck/hot.json	read-recheck	explicit	nonroot	hot	nonrootEquality	search_nonrootEquality	0	before	4	1000	1000	1000	1000	1002	85.7597290000001
explicit-read-recheck/hot.json	read-recheck	explicit	nonroot	hot	nonrootEquality	search_nonrootEquality	0	current	4	1000	1000	1000	1000	1002	86.1143679999999
explicit-read-recheck/hot.json	read-recheck	explicit	nonroot	hot	nonrootEquality	search_nonrootEquality	0	openldap	4	1000	1000	1000	1000	1002	70.79889699999995
explicit-read-recheck/hot.json	read-recheck	explicit	nonroot	hot	nonrootEquality	search_nonrootEquality	0	before	5	1000	1000	1000	1000	1002	85.74977699999994
explicit-read-recheck/hot.json	read-recheck	explicit	nonroot	hot	nonrootEquality	search_nonrootEquality	0	current	5	1000	1000	1000	1000	1002	88.5266250000001
explicit-read-recheck/hot.json	read-recheck	explicit	nonroot	hot	nonrootEquality	search_nonrootEquality	0	openldap	5	1000	1000	1000	1000	1002	71.294527
explicit-read-recheck/hot.json	read-recheck	explicit	nonroot	hot	nonrootEquality	search_nonrootEquality	0	before	6	1000	1000	1000	1000	1002	92.95687800000002
explicit-read-recheck/hot.json	read-recheck	explicit	nonroot	hot	nonrootEquality	search_nonrootEquality	0	current	6	1000	1000	1000	1000	1002	92.29266400000013
explicit-read-recheck/hot.json	read-recheck	explicit	nonroot	hot	nonrootEquality	search_nonrootEquality	0	openldap	6	1000	1000	1000	1000	1002	75.54985999999987
explicit-read-recheck/hot.json	read-recheck	explicit	nonroot	hot	nonrootEquality	search_nonrootEquality	0	before	7	1000	1000	1000	1000	1002	90.4174849999999
explicit-read-recheck/hot.json	read-recheck	explicit	nonroot	hot	nonrootEquality	search_nonrootEquality	0	current	7	1000	1000	1000	1000	1002	90.0213690000001
explicit-read-recheck/hot.json	read-recheck	explicit	nonroot	hot	nonrootEquality	search_nonrootEquality	0	openldap	7	1000	1000	1000	1000	1002	75.12065099999997
explicit-read-recheck/groups.json	read-recheck	explicit	nonroot	groups	memberEquality	search_memberEquality	0	before	1	100	100	100	100	102	10.959782999999998
explicit-read-recheck/groups.json	read-recheck	explicit	nonroot	groups	memberEquality	search_memberEquality	0	current	1	100	100	100	100	102	10.711709000000004
explicit-read-recheck/groups.json	read-recheck	explicit	nonroot	groups	memberEquality	search_memberEquality	0	openldap	1	100	100	100	100	102	8.423207999999997
explicit-read-recheck/groups.json	read-recheck	explicit	nonroot	groups	memberEquality	search_memberEquality	0	before	2	100	100	100	100	102	9.982040000000003
explicit-read-recheck/groups.json	read-recheck	explicit	nonroot	groups	memberEquality	search_memberEquality	0	current	2	100	100	100	100	102	9.93208
explicit-read-recheck/groups.json	read-recheck	explicit	nonroot	groups	memberEquality	search_memberEquality	0	openldap	2	100	100	100	100	102	8.110752999999997
explicit-read-recheck/groups.json	read-recheck	explicit	nonroot	groups	memberEquality	search_memberEquality	0	before	3	100	100	100	100	102	9.656163000000003
explicit-read-recheck/groups.json	read-recheck	explicit	nonroot	groups	memberEquality	search_memberEquality	0	current	3	100	100	100	100	102	9.743250000000002
explicit-read-recheck/groups.json	read-recheck	explicit	nonroot	groups	memberEquality	search_memberEquality	0	openldap	3	100	100	100	100	102	7.991168000000001
explicit-read-recheck/groups.json	read-recheck	explicit	nonroot	groups	memberEquality	search_memberEquality	0	before	4	100	100	100	100	102	9.416121000000004
explicit-read-recheck/groups.json	read-recheck	explicit	nonroot	groups	memberEquality	search_memberEquality	0	current	4	100	100	100	100	102	9.329208000000007
explicit-read-recheck/groups.json	read-recheck	explicit	nonroot	groups	memberEquality	search_memberEquality	0	openldap	4	100	100	100	100	102	8.039915999999998
explicit-read-recheck/groups.json	read-recheck	explicit	nonroot	groups	memberEquality	search_memberEquality	0	before	5	100	100	100	100	102	10.927127
explicit-read-recheck/groups.json	read-recheck	explicit	nonroot	groups	memberEquality	search_memberEquality	0	current	5	100	100	100	100	102	10.101211
explicit-read-recheck/groups.json	read-recheck	explicit	nonroot	groups	memberEquality	search_memberEquality	0	openldap	5	100	100	100	100	102	8.628796
explicit-read-recheck/groups.json	read-recheck	explicit	nonroot	groups	memberEquality	search_memberEquality	0	before	6	100	100	100	100	102	10.154869000000001
explicit-read-recheck/groups.json	read-recheck	explicit	nonroot	groups	memberEquality	search_memberEquality	0	current	6	100	100	100	100	102	9.823580000000002
explicit-read-recheck/groups.json	read-recheck	explicit	nonroot	groups	memberEquality	search_memberEquality	0	openldap	6	100	100	100	100	102	8.142045999999997
explicit-read-recheck/groups.json	read-recheck	explicit	nonroot	groups	memberEquality	search_memberEquality	0	before	7	100	100	100	100	102	9.796755000000003
explicit-read-recheck/groups.json	read-recheck	explicit	nonroot	groups	memberEquality	search_memberEquality	0	current	7	100	100	100	100	102	9.505754000000001
explicit-read-recheck/groups.json	read-recheck	explicit	nonroot	groups	memberEquality	search_memberEquality	0	openldap	7	100	100	100	100	102	7.98284
explicit-read-recheck/groups.json	read-recheck	explicit	nonroot	groups	groupBase	base_member_values	10	before	1	100	100	100	100	102	10.325046
explicit-read-recheck/groups.json	read-recheck	explicit	nonroot	groups	groupBase	base_member_values	10	current	1	100	100	100	100	102	9.917160999999997
explicit-read-recheck/groups.json	read-recheck	explicit	nonroot	groups	groupBase	base_member_values	10	openldap	1	100	100	100	100	102	8.174670000000003
explicit-read-recheck/groups.json	read-recheck	explicit	nonroot	groups	groupBase	base_member_values	10	before	2	100	100	100	100	102	13.586834999999999
explicit-read-recheck/groups.json	read-recheck	explicit	nonroot	groups	groupBase	base_member_values	10	current	2	100	100	100	100	102	14.331668000000006
explicit-read-recheck/groups.json	read-recheck	explicit	nonroot	groups	groupBase	base_member_values	10	openldap	2	100	100	100	100	102	10.666291000000001
explicit-read-recheck/groups.json	read-recheck	explicit	nonroot	groups	groupBase	base_member_values	10	before	3	100	100	100	100	102	10.292255
explicit-read-recheck/groups.json	read-recheck	explicit	nonroot	groups	groupBase	base_member_values	10	current	3	100	100	100	100	102	10.978958000000004
explicit-read-recheck/groups.json	read-recheck	explicit	nonroot	groups	groupBase	base_member_values	10	openldap	3	100	100	100	100	102	9.066372000000001
explicit-read-recheck/groups.json	read-recheck	explicit	nonroot	groups	groupBase	base_member_values	10	before	4	100	100	100	100	102	10.857451999999995
explicit-read-recheck/groups.json	read-recheck	explicit	nonroot	groups	groupBase	base_member_values	10	current	4	100	100	100	100	102	11.071952
explicit-read-recheck/groups.json	read-recheck	explicit	nonroot	groups	groupBase	base_member_values	10	openldap	4	100	100	100	100	102	9.123124000000002
explicit-read-recheck/groups.json	read-recheck	explicit	nonroot	groups	groupBase	base_member_values	10	before	5	100	100	100	100	102	9.625497999999999
explicit-read-recheck/groups.json	read-recheck	explicit	nonroot	groups	groupBase	base_member_values	10	current	5	100	100	100	100	102	8.951916
explicit-read-recheck/groups.json	read-recheck	explicit	nonroot	groups	groupBase	base_member_values	10	openldap	5	100	100	100	100	102	7.387666
explicit-read-recheck/groups.json	read-recheck	explicit	nonroot	groups	groupBase	base_member_values	10	before	6	100	100	100	100	102	11.037370000000006
explicit-read-recheck/groups.json	read-recheck	explicit	nonroot	groups	groupBase	base_member_values	10	current	6	100	100	100	100	102	11.024830999999999
explicit-read-recheck/groups.json	read-recheck	explicit	nonroot	groups	groupBase	base_member_values	10	openldap	6	100	100	100	100	102	9.108666999999995
explicit-read-recheck/groups.json	read-recheck	explicit	nonroot	groups	groupBase	base_member_values	10	before	7	100	100	100	100	102	12.764292000000001
explicit-read-recheck/groups.json	read-recheck	explicit	nonroot	groups	groupBase	base_member_values	10	current	7	100	100	100	100	102	10.761049
explicit-read-recheck/groups.json	read-recheck	explicit	nonroot	groups	groupBase	base_member_values	10	openldap	7	100	100	100	100	102	11.380870999999999
explicit-read-recheck/groups.json	read-recheck	explicit	nonroot	groups	groupBase	base_member_values	1000	before	1	100	100	100	100	102	31.021545
explicit-read-recheck/groups.json	read-recheck	explicit	nonroot	groups	groupBase	base_member_values	1000	current	1	100	100	100	100	102	26.076709
explicit-read-recheck/groups.json	read-recheck	explicit	nonroot	groups	groupBase	base_member_values	1000	openldap	1	100	100	100	100	102	20.647540000000003
explicit-read-recheck/groups.json	read-recheck	explicit	nonroot	groups	groupBase	base_member_values	1000	before	2	100	100	100	100	102	25.529128
explicit-read-recheck/groups.json	read-recheck	explicit	nonroot	groups	groupBase	base_member_values	1000	current	2	100	100	100	100	102	24.985041999999993
explicit-read-recheck/groups.json	read-recheck	explicit	nonroot	groups	groupBase	base_member_values	1000	openldap	2	100	100	100	100	102	30.10087400000001
explicit-read-recheck/groups.json	read-recheck	explicit	nonroot	groups	groupBase	base_member_values	1000	before	3	100	100	100	100	102	34.702584
explicit-read-recheck/groups.json	read-recheck	explicit	nonroot	groups	groupBase	base_member_values	1000	current	3	100	100	100	100	102	32.189752
explicit-read-recheck/groups.json	read-recheck	explicit	nonroot	groups	groupBase	base_member_values	1000	openldap	3	100	100	100	100	102	26.496419000000014
explicit-read-recheck/groups.json	read-recheck	explicit	nonroot	groups	groupBase	base_member_values	1000	before	4	100	100	100	100	102	32.53659099999999
explicit-read-recheck/groups.json	read-recheck	explicit	nonroot	groups	groupBase	base_member_values	1000	current	4	100	100	100	100	102	27.95741600000002
explicit-read-recheck/groups.json	read-recheck	explicit	nonroot	groups	groupBase	base_member_values	1000	openldap	4	100	100	100	100	102	22.819124999999993
explicit-read-recheck/groups.json	read-recheck	explicit	nonroot	groups	groupBase	base_member_values	1000	before	5	100	100	100	100	102	29.877292999999987
explicit-read-recheck/groups.json	read-recheck	explicit	nonroot	groups	groupBase	base_member_values	1000	current	5	100	100	100	100	102	35.394546999999996
explicit-read-recheck/groups.json	read-recheck	explicit	nonroot	groups	groupBase	base_member_values	1000	openldap	5	100	100	100	100	102	25.664165000000008
explicit-read-recheck/groups.json	read-recheck	explicit	nonroot	groups	groupBase	base_member_values	1000	before	6	100	100	100	100	102	26.676423999999997
explicit-read-recheck/groups.json	read-recheck	explicit	nonroot	groups	groupBase	base_member_values	1000	current	6	100	100	100	100	102	26.594833000000012
explicit-read-recheck/groups.json	read-recheck	explicit	nonroot	groups	groupBase	base_member_values	1000	openldap	6	100	100	100	100	102	23.31866699999999
explicit-read-recheck/groups.json	read-recheck	explicit	nonroot	groups	groupBase	base_member_values	1000	before	7	100	100	100	100	102	29.632247
explicit-read-recheck/groups.json	read-recheck	explicit	nonroot	groups	groupBase	base_member_values	1000	current	7	100	100	100	100	102	30.194916999999997
explicit-read-recheck/groups.json	read-recheck	explicit	nonroot	groups	groupBase	base_member_values	1000	openldap	7	100	100	100	100	102	25.069794
explicit-read-recheck/groups.json	read-recheck	explicit	nonroot	groups	nestedMembership	client_bfs_member_equality	0	before	1	100	100	417	100	419	43.77633000000001
explicit-read-recheck/groups.json	read-recheck	explicit	nonroot	groups	nestedMembership	client_bfs_member_equality	0	current	1	100	100	417	100	419	43.445803000000005
explicit-read-recheck/groups.json	read-recheck	explicit	nonroot	groups	nestedMembership	client_bfs_member_equality	0	openldap	1	100	100	417	100	419	34.63816799999999
explicit-read-recheck/groups.json	read-recheck	explicit	nonroot	groups	nestedMembership	client_bfs_member_equality	0	before	2	100	100	417	100	419	40.16045799999997
explicit-read-recheck/groups.json	read-recheck	explicit	nonroot	groups	nestedMembership	client_bfs_member_equality	0	current	2	100	100	417	100	419	40.98699399999998
explicit-read-recheck/groups.json	read-recheck	explicit	nonroot	groups	nestedMembership	client_bfs_member_equality	0	openldap	2	100	100	417	100	419	32.57838300000002
explicit-read-recheck/groups.json	read-recheck	explicit	nonroot	groups	nestedMembership	client_bfs_member_equality	0	before	3	100	100	417	100	419	34.634249
explicit-read-recheck/groups.json	read-recheck	explicit	nonroot	groups	nestedMembership	client_bfs_member_equality	0	current	3	100	100	417	100	419	35.112668
explicit-read-recheck/groups.json	read-recheck	explicit	nonroot	groups	nestedMembership	client_bfs_member_equality	0	openldap	3	100	100	417	100	419	26.969082000000025
explicit-read-recheck/groups.json	read-recheck	explicit	nonroot	groups	nestedMembership	client_bfs_member_equality	0	before	4	100	100	417	100	419	39.188092999999974
explicit-read-recheck/groups.json	read-recheck	explicit	nonroot	groups	nestedMembership	client_bfs_member_equality	0	current	4	100	100	417	100	419	36.78354500000003
explicit-read-recheck/groups.json	read-recheck	explicit	nonroot	groups	nestedMembership	client_bfs_member_equality	0	openldap	4	100	100	417	100	419	30.901619999999998
explicit-read-recheck/groups.json	read-recheck	explicit	nonroot	groups	nestedMembership	client_bfs_member_equality	0	before	5	100	100	417	100	419	42.66860299999996
explicit-read-recheck/groups.json	read-recheck	explicit	nonroot	groups	nestedMembership	client_bfs_member_equality	0	current	5	100	100	417	100	419	41.842031000000006
explicit-read-recheck/groups.json	read-recheck	explicit	nonroot	groups	nestedMembership	client_bfs_member_equality	0	openldap	5	100	100	417	100	419	32.57971299999999
explicit-read-recheck/groups.json	read-recheck	explicit	nonroot	groups	nestedMembership	client_bfs_member_equality	0	before	6	100	100	417	100	419	38.33846600000005
explicit-read-recheck/groups.json	read-recheck	explicit	nonroot	groups	nestedMembership	client_bfs_member_equality	0	current	6	100	100	417	100	419	38.845158999999974
explicit-read-recheck/groups.json	read-recheck	explicit	nonroot	groups	nestedMembership	client_bfs_member_equality	0	openldap	6	100	100	417	100	419	31.13797099999996
explicit-read-recheck/groups.json	read-recheck	explicit	nonroot	groups	nestedMembership	client_bfs_member_equality	0	before	7	100	100	417	100	419	48.26416600000001
explicit-read-recheck/groups.json	read-recheck	explicit	nonroot	groups	nestedMembership	client_bfs_member_equality	0	current	7	100	100	417	100	419	50.92420900000004
explicit-read-recheck/groups.json	read-recheck	explicit	nonroot	groups	nestedMembership	client_bfs_member_equality	0	openldap	7	100	100	417	100	419	36.598621999999985
explicit-read-recheck/smoke.json	read-recheck	explicit	nonroot	smoke	nonrootBase	search_nonrootBase	0	before	1	2	2	2	2	4	0.473668
explicit-read-recheck/smoke.json	read-recheck	explicit	nonroot	smoke	nonrootBase	search_nonrootBase	0	current	1	2	2	2	2	4	0.517292
explicit-read-recheck/smoke.json	read-recheck	explicit	nonroot	smoke	nonrootBase	search_nonrootBase	0	openldap	1	2	2	2	2	4	0.270042
explicit-read-recheck/smoke.json	read-recheck	explicit	nonroot	smoke	nonrootEquality	search_nonrootEquality	0	before	1	2	2	2	2	4	0.401332
explicit-read-recheck/smoke.json	read-recheck	explicit	nonroot	smoke	nonrootEquality	search_nonrootEquality	0	current	1	2	2	2	2	4	0.426124
explicit-read-recheck/smoke.json	read-recheck	explicit	nonroot	smoke	nonrootEquality	search_nonrootEquality	0	openldap	1	2	2	2	2	4	0.307208
explicit-read-recheck/smoke.json	read-recheck	explicit	nonroot	smoke	memberEquality	search_memberEquality	0	before	1	2	2	2	2	4	0.36383299999999996
explicit-read-recheck/smoke.json	read-recheck	explicit	nonroot	smoke	memberEquality	search_memberEquality	0	current	1	2	2	2	2	4	0.484334
explicit-read-recheck/smoke.json	read-recheck	explicit	nonroot	smoke	memberEquality	search_memberEquality	0	openldap	1	2	2	2	2	4	0.252376
explicit-read-recheck/smoke.json	read-recheck	explicit	nonroot	smoke	groupBase	base_member_values	10	before	1	2	2	2	2	4	0.411416
explicit-read-recheck/smoke.json	read-recheck	explicit	nonroot	smoke	groupBase	base_member_values	10	current	1	2	2	2	2	4	0.431375
explicit-read-recheck/smoke.json	read-recheck	explicit	nonroot	smoke	groupBase	base_member_values	10	openldap	1	2	2	2	2	4	0.283125
explicit-read-recheck/smoke.json	read-recheck	explicit	nonroot	smoke	groupBase	base_member_values	1000	before	1	2	2	2	2	4	0.536375
explicit-read-recheck/smoke.json	read-recheck	explicit	nonroot	smoke	groupBase	base_member_values	1000	current	1	2	2	2	2	4	1.253083
explicit-read-recheck/smoke.json	read-recheck	explicit	nonroot	smoke	groupBase	base_member_values	1000	openldap	1	2	2	2	2	4	0.47050000000000003
explicit-read-recheck/smoke.json	read-recheck	explicit	nonroot	smoke	nestedMembership	client_bfs_member_equality	0	before	1	2	2	12	2	14	1.565498
explicit-read-recheck/smoke.json	read-recheck	explicit	nonroot	smoke	nestedMembership	client_bfs_member_equality	0	current	1	2	2	12	2	14	2.240834
explicit-read-recheck/smoke.json	read-recheck	explicit	nonroot	smoke	nestedMembership	client_bfs_member_equality	0	openldap	1	2	2	12	2	14	1.505582
