suite	access_mode	identity	variant	stage	method	members	endpoint	repeat	operations	total_ms	source
common	explicit	nonroot	hot	userBind	simple_bind_ssha	0	before	1	1000	98.17486500000007	explicit-final/hot.json
common	explicit	nonroot	hot	userBind	simple_bind_ssha	0	current	1	1000	105.32079200000005	explicit-final/hot.json
common	explicit	nonroot	hot	userBind	simple_bind_ssha	0	openldap	1	1000	82.90785799999993	explicit-final/hot.json
common	explicit	nonroot	hot	userBind	simple_bind_ssha	0	before	2	1000	93.48474100000008	explicit-final/hot.json
common	explicit	nonroot	hot	userBind	simple_bind_ssha	0	current	2	1000	93.19704100000003	explicit-final/hot.json
common	explicit	nonroot	hot	userBind	simple_bind_ssha	0	openldap	2	1000	74.86362000000001	explicit-final/hot.json
common	explicit	nonroot	hot	userBind	simple_bind_ssha	0	before	3	1000	101.05527899999998	explicit-final/hot.json
common	explicit	nonroot	hot	userBind	simple_bind_ssha	0	current	3	1000	98.26107099999994	explicit-final/hot.json
common	explicit	nonroot	hot	userBind	simple_bind_ssha	0	openldap	3	1000	80.11145900000007	explicit-final/hot.json
common	explicit	nonroot	hot	userBind	simple_bind_plaintext	0	before	1	1000	99.11952099999999	explicit-final/hot.json
common	explicit	nonroot	hot	userBind	simple_bind_plaintext	0	current	1	1000	99.5803909999999	explicit-final/hot.json
common	explicit	nonroot	hot	userBind	simple_bind_plaintext	0	openldap	1	1000	80.375666	explicit-final/hot.json
common	explicit	nonroot	hot	userBind	simple_bind_plaintext	0	before	2	1000	105.41940300000014	explicit-final/hot.json
common	explicit	nonroot	hot	userBind	simple_bind_plaintext	0	current	2	1000	106.79309200000003	explicit-final/hot.json
common	explicit	nonroot	hot	userBind	simple_bind_plaintext	0	openldap	2	1000	85.29217400000002	explicit-final/hot.json
common	explicit	nonroot	hot	userBind	simple_bind_plaintext	0	before	3	1000	95.01411000000004	explicit-final/hot.json
common	explicit	nonroot	hot	userBind	simple_bind_plaintext	0	current	3	1000	94.28497200000008	explicit-final/hot.json
common	explicit	nonroot	hot	userBind	simple_bind_plaintext	0	openldap	3	1000	76.29964299999988	explicit-final/hot.json
common	explicit	nonroot	hot	userBindWrong	simple_bind_ssha	0	before	1	1000	100.22828899999995	explicit-final/hot.json
common	explicit	nonroot	hot	userBindWrong	simple_bind_ssha	0	current	1	1000	96.368404	explicit-final/hot.json
common	explicit	nonroot	hot	userBindWrong	simple_bind_ssha	0	openldap	1	1000	78.64467100000003	explicit-final/hot.json
common	explicit	nonroot	hot	userBindWrong	simple_bind_ssha	0	before	2	1000	92.37395799999993	explicit-final/hot.json
common	explicit	nonroot	hot	userBindWrong	simple_bind_ssha	0	current	2	1000	92.2233280000001	explicit-final/hot.json
common	explicit	nonroot	hot	userBindWrong	simple_bind_ssha	0	openldap	2	1000	73.40207799999993	explicit-final/hot.json
common	explicit	nonroot	hot	userBindWrong	simple_bind_ssha	0	before	3	1000	89.98625799999989	explicit-final/hot.json
common	explicit	nonroot	hot	userBindWrong	simple_bind_ssha	0	current	3	1000	94.188491	explicit-final/hot.json
common	explicit	nonroot	hot	userBindWrong	simple_bind_ssha	0	openldap	3	1000	72.30758100000003	explicit-final/hot.json
common	explicit	nonroot	hot	userBindWrong	simple_bind_plaintext	0	before	1	1000	98.22782499999998	explicit-final/hot.json
common	explicit	nonroot	hot	userBindWrong	simple_bind_plaintext	0	current	1	1000	95.16159100000012	explicit-final/hot.json
common	explicit	nonroot	hot	userBindWrong	simple_bind_plaintext	0	openldap	1	1000	76.36043399999997	explicit-final/hot.json
common	explicit	nonroot	hot	userBindWrong	simple_bind_plaintext	0	before	2	1000	97.67713700000012	explicit-final/hot.json
common	explicit	nonroot	hot	userBindWrong	simple_bind_plaintext	0	current	2	1000	98.86108099999998	explicit-final/hot.json
common	explicit	nonroot	hot	userBindWrong	simple_bind_plaintext	0	openldap	2	1000	86.46773200000005	explicit-final/hot.json
common	explicit	nonroot	hot	userBindWrong	simple_bind_plaintext	0	before	3	1000	100.51899800000001	explicit-final/hot.json
common	explicit	nonroot	hot	userBindWrong	simple_bind_plaintext	0	current	3	1000	101.6999989999999	explicit-final/hot.json
common	explicit	nonroot	hot	userBindWrong	simple_bind_plaintext	0	openldap	3	1000	79.68252399999996	explicit-final/hot.json
common	explicit	nonroot	hot	nonrootBase	search_nonrootBase	0	before	1	1000	113.97033399999981	explicit-final/hot.json
common	explicit	nonroot	hot	nonrootBase	search_nonrootBase	0	current	1	1000	114.88849399999997	explicit-final/hot.json
common	explicit	nonroot	hot	nonrootBase	search_nonrootBase	0	openldap	1	1000	90.00626200000012	explicit-final/hot.json
common	explicit	nonroot	hot	nonrootBase	search_nonrootBase	0	before	2	1000	129.46059499999993	explicit-final/hot.json
common	explicit	nonroot	hot	nonrootBase	search_nonrootBase	0	current	2	1000	125.599544	explicit-final/hot.json
common	explicit	nonroot	hot	nonrootBase	search_nonrootBase	0	openldap	2	1000	102.48142499999993	explicit-final/hot.json
common	explicit	nonroot	hot	nonrootBase	search_nonrootBase	0	before	3	1000	131.0244949999999	explicit-final/hot.json
common	explicit	nonroot	hot	nonrootBase	search_nonrootBase	0	current	3	1000	129.94666000000004	explicit-final/hot.json
common	explicit	nonroot	hot	nonrootBase	search_nonrootBase	0	openldap	3	1000	101.88011600000021	explicit-final/hot.json
common	explicit	nonroot	hot	nonrootEquality	search_nonrootEquality	0	before	1	1000	123.83477800000013	explicit-final/hot.json
common	explicit	nonroot	hot	nonrootEquality	search_nonrootEquality	0	current	1	1000	121.92517700000012	explicit-final/hot.json
common	explicit	nonroot	hot	nonrootEquality	search_nonrootEquality	0	openldap	1	1000	100.11254699999989	explicit-final/hot.json
common	explicit	nonroot	hot	nonrootEquality	search_nonrootEquality	0	before	2	1000	124.85169500000016	explicit-final/hot.json
common	explicit	nonroot	hot	nonrootEquality	search_nonrootEquality	0	current	2	1000	124.2755370000001	explicit-final/hot.json
common	explicit	nonroot	hot	nonrootEquality	search_nonrootEquality	0	openldap	2	1000	99.51058600000012	explicit-final/hot.json
common	explicit	nonroot	hot	nonrootEquality	search_nonrootEquality	0	before	3	1000	117.0580790000001	explicit-final/hot.json
common	explicit	nonroot	hot	nonrootEquality	search_nonrootEquality	0	current	3	1000	117.38639699999979	explicit-final/hot.json
common	explicit	nonroot	hot	nonrootEquality	search_nonrootEquality	0	openldap	3	1000	91.12696400000013	explicit-final/hot.json
common	explicit	nonroot	distributed	nonrootBase	search_nonrootBase	0	before	1	1000	131.66380999999993	explicit-final/distributed.json
common	explicit	nonroot	distributed	nonrootBase	search_nonrootBase	0	current	1	1000	129.24532299999996	explicit-final/distributed.json
common	explicit	nonroot	distributed	nonrootBase	search_nonrootBase	0	openldap	1	1000	92.76515600000002	explicit-final/distributed.json
common	explicit	nonroot	distributed	nonrootBase	search_nonrootBase	0	before	2	1000	133.4097520000001	explicit-final/distributed.json
common	explicit	nonroot	distributed	nonrootBase	search_nonrootBase	0	current	2	1000	135.062446	explicit-final/distributed.json
common	explicit	nonroot	distributed	nonrootBase	search_nonrootBase	0	openldap	2	1000	92.58545799999993	explicit-final/distributed.json
common	explicit	nonroot	distributed	nonrootBase	search_nonrootBase	0	before	3	1000	128.22720000000007	explicit-final/distributed.json
common	explicit	nonroot	distributed	nonrootBase	search_nonrootBase	0	current	3	1000	127.86563999999981	explicit-final/distributed.json
common	explicit	nonroot	distributed	nonrootBase	search_nonrootBase	0	openldap	3	1000	89.98552400000008	explicit-final/distributed.json
common	explicit	nonroot	distributed	nonrootEquality	search_nonrootEquality	0	before	1	1000	254.95929599999957	explicit-final/distributed.json
common	explicit	nonroot	distributed	nonrootEquality	search_nonrootEquality	0	current	1	1000	249.99616400000014	explicit-final/distributed.json
common	explicit	nonroot	distributed	nonrootEquality	search_nonrootEquality	0	openldap	1	1000	137.2298099999998	explicit-final/distributed.json
common	explicit	nonroot	distributed	nonrootEquality	search_nonrootEquality	0	before	2	1000	122.91312999999997	explicit-final/distributed.json
common	explicit	nonroot	distributed	nonrootEquality	search_nonrootEquality	0	current	2	1000	123.44376500000003	explicit-final/distributed.json
common	explicit	nonroot	distributed	nonrootEquality	search_nonrootEquality	0	openldap	2	1000	91.09692499999997	explicit-final/distributed.json
common	explicit	nonroot	distributed	nonrootEquality	search_nonrootEquality	0	before	3	1000	124.25678200000009	explicit-final/distributed.json
common	explicit	nonroot	distributed	nonrootEquality	search_nonrootEquality	0	current	3	1000	124.66576699999999	explicit-final/distributed.json
common	explicit	nonroot	distributed	nonrootEquality	search_nonrootEquality	0	openldap	3	1000	90.959175	explicit-final/distributed.json
common	explicit	nonroot	groups	memberEquality	search_memberEquality	0	before	1	100	16.750797000000006	explicit-final/groups.json
common	explicit	nonroot	groups	memberEquality	search_memberEquality	0	current	1	100	16.58042	explicit-final/groups.json
common	explicit	nonroot	groups	memberEquality	search_memberEquality	0	openldap	1	100	11.870909000000001	explicit-final/groups.json
common	explicit	nonroot	groups	memberEquality	search_memberEquality	0	before	2	100	16.816210000000005	explicit-final/groups.json
common	explicit	nonroot	groups	memberEquality	search_memberEquality	0	current	2	100	16.524750999999995	explicit-final/groups.json
common	explicit	nonroot	groups	memberEquality	search_memberEquality	0	openldap	2	100	12.182127000000008	explicit-final/groups.json
common	explicit	nonroot	groups	memberEquality	search_memberEquality	0	before	3	100	15.524336000000002	explicit-final/groups.json
common	explicit	nonroot	groups	memberEquality	search_memberEquality	0	current	3	100	16.426834	explicit-final/groups.json
common	explicit	nonroot	groups	memberEquality	search_memberEquality	0	openldap	3	100	12.390043000000006	explicit-final/groups.json
common	explicit	nonroot	groups	groupBase	base_member_values	10	before	1	100	12.392750999999997	explicit-final/groups.json
common	explicit	nonroot	groups	groupBase	base_member_values	10	current	1	100	12.039748000000007	explicit-final/groups.json
common	explicit	nonroot	groups	groupBase	base_member_values	10	openldap	1	100	10.285998999999999	explicit-final/groups.json
common	explicit	nonroot	groups	groupBase	base_member_values	10	before	2	100	13.988372999999998	explicit-final/groups.json
common	explicit	nonroot	groups	groupBase	base_member_values	10	current	2	100	13.892671000000004	explicit-final/groups.json
common	explicit	nonroot	groups	groupBase	base_member_values	10	openldap	2	100	11.330337000000002	explicit-final/groups.json
common	explicit	nonroot	groups	groupBase	base_member_values	10	before	3	100	12.383294999999997	explicit-final/groups.json
common	explicit	nonroot	groups	groupBase	base_member_values	10	current	3	100	12.208168	explicit-final/groups.json
common	explicit	nonroot	groups	groupBase	base_member_values	10	openldap	3	100	10.682295000000002	explicit-final/groups.json
common	explicit	nonroot	groups	groupBase	base_member_values	1000	before	1	100	93.057288	explicit-final/groups.json
common	explicit	nonroot	groups	groupBase	base_member_values	1000	current	1	100	94.93237699999999	explicit-final/groups.json
common	explicit	nonroot	groups	groupBase	base_member_values	1000	openldap	1	100	90.72275299999997	explicit-final/groups.json
common	explicit	nonroot	groups	groupBase	base_member_values	1000	before	2	100	96.13891799999999	explicit-final/groups.json
common	explicit	nonroot	groups	groupBase	base_member_values	1000	current	2	100	100.12395899999996	explicit-final/groups.json
common	explicit	nonroot	groups	groupBase	base_member_values	1000	openldap	2	100	87.42166699999999	explicit-final/groups.json
common	explicit	nonroot	groups	groupBase	base_member_values	1000	before	3	100	95.84896300000003	explicit-final/groups.json
common	explicit	nonroot	groups	groupBase	base_member_values	1000	current	3	100	98.04362300000004	explicit-final/groups.json
common	explicit	nonroot	groups	groupBase	base_member_values	1000	openldap	3	100	85.57850499999998	explicit-final/groups.json
common	explicit	nonroot	groups	nestedMembership	client_bfs_member_equality	0	before	1	100	51.01026599999997	explicit-final/groups.json
common	explicit	nonroot	groups	nestedMembership	client_bfs_member_equality	0	current	1	100	50.79358599999998	explicit-final/groups.json
common	explicit	nonroot	groups	nestedMembership	client_bfs_member_equality	0	openldap	1	100	42.07501100000002	explicit-final/groups.json
common	explicit	nonroot	groups	nestedMembership	client_bfs_member_equality	0	before	2	100	48.269613000000014	explicit-final/groups.json
common	explicit	nonroot	groups	nestedMembership	client_bfs_member_equality	0	current	2	100	51.59128699999999	explicit-final/groups.json
common	explicit	nonroot	groups	nestedMembership	client_bfs_member_equality	0	openldap	2	100	37.90803699999998	explicit-final/groups.json
common	explicit	nonroot	groups	nestedMembership	client_bfs_member_equality	0	before	3	100	46.55107999999997	explicit-final/groups.json
common	explicit	nonroot	groups	nestedMembership	client_bfs_member_equality	0	current	3	100	46.93525200000003	explicit-final/groups.json
common	explicit	nonroot	groups	nestedMembership	client_bfs_member_equality	0	openldap	3	100	37.292905999999995	explicit-final/groups.json
common	default	nonroot	hot	userBind	simple_bind_ssha	0	before	1	1000	95.30266300000002	default-final/hot.json
common	default	nonroot	hot	userBind	simple_bind_ssha	0	current	1	1000	93.6573839999999	default-final/hot.json
common	default	nonroot	hot	userBind	simple_bind_ssha	0	openldap	1	1000	76.7011389999999	default-final/hot.json
common	default	nonroot	hot	userBind	simple_bind_ssha	0	before	2	1000	93.41583499999987	default-final/hot.json
common	default	nonroot	hot	userBind	simple_bind_ssha	0	current	2	1000	92.37357399999993	default-final/hot.json
common	default	nonroot	hot	userBind	simple_bind_ssha	0	openldap	2	1000	75.57854500000005	default-final/hot.json
common	default	nonroot	hot	userBind	simple_bind_ssha	0	before	3	1000	94.96341499999991	default-final/hot.json
common	default	nonroot	hot	userBind	simple_bind_ssha	0	current	3	1000	95.96073900000002	default-final/hot.json
common	default	nonroot	hot	userBind	simple_bind_ssha	0	openldap	3	1000	78.92368900000002	default-final/hot.json
common	default	nonroot	hot	userBind	simple_bind_plaintext	0	before	1	1000	97.61447100000004	default-final/hot.json
common	default	nonroot	hot	userBind	simple_bind_plaintext	0	current	1	1000	97.191064	default-final/hot.json
common	default	nonroot	hot	userBind	simple_bind_plaintext	0	openldap	1	1000	77.94036400000014	default-final/hot.json
common	default	nonroot	hot	userBind	simple_bind_plaintext	0	before	2	1000	99.67866300000006	default-final/hot.json
common	default	nonroot	hot	userBind	simple_bind_plaintext	0	current	2	1000	98.72268100000007	default-final/hot.json
common	default	nonroot	hot	userBind	simple_bind_plaintext	0	openldap	2	1000	81.29390699999993	default-final/hot.json
common	default	nonroot	hot	userBind	simple_bind_plaintext	0	before	3	1000	87.99418999999993	default-final/hot.json
common	default	nonroot	hot	userBind	simple_bind_plaintext	0	current	3	1000	89.21142799999988	default-final/hot.json
common	default	nonroot	hot	userBind	simple_bind_plaintext	0	openldap	3	1000	71.24063599999998	default-final/hot.json
common	default	nonroot	hot	userBindWrong	simple_bind_ssha	0	before	1	1000	93.74454700000005	default-final/hot.json
common	default	nonroot	hot	userBindWrong	simple_bind_ssha	0	current	1	1000	94.23634799999999	default-final/hot.json
common	default	nonroot	hot	userBindWrong	simple_bind_ssha	0	openldap	1	1000	75.69239500000008	default-final/hot.json
common	default	nonroot	hot	userBindWrong	simple_bind_ssha	0	before	2	1000	92.92685000000006	default-final/hot.json
common	default	nonroot	hot	userBindWrong	simple_bind_ssha	0	current	2	1000	93.35195600000003	default-final/hot.json
common	default	nonroot	hot	userBindWrong	simple_bind_ssha	0	openldap	2	1000	75.08206500000007	default-final/hot.json
common	default	nonroot	hot	userBindWrong	simple_bind_ssha	0	before	3	1000	92.70197400000004	default-final/hot.json
common	default	nonroot	hot	userBindWrong	simple_bind_ssha	0	current	3	1000	91.61924100000005	default-final/hot.json
common	default	nonroot	hot	userBindWrong	simple_bind_ssha	0	openldap	3	1000	73.71710399999996	default-final/hot.json
common	default	nonroot	hot	userBindWrong	simple_bind_plaintext	0	before	1	1000	102.579573	default-final/hot.json
common	default	nonroot	hot	userBindWrong	simple_bind_plaintext	0	current	1	1000	97.26773999999999	default-final/hot.json
common	default	nonroot	hot	userBindWrong	simple_bind_plaintext	0	openldap	1	1000	80.02876300000011	default-final/hot.json
common	default	nonroot	hot	userBindWrong	simple_bind_plaintext	0	before	2	1000	90.40975699999997	default-final/hot.json
common	default	nonroot	hot	userBindWrong	simple_bind_plaintext	0	current	2	1000	94.0488569999999	default-final/hot.json
common	default	nonroot	hot	userBindWrong	simple_bind_plaintext	0	openldap	2	1000	74.58048999999993	default-final/hot.json
common	default	nonroot	hot	userBindWrong	simple_bind_plaintext	0	before	3	1000	83.93084699999997	default-final/hot.json
common	default	nonroot	hot	userBindWrong	simple_bind_plaintext	0	current	3	1000	87.5487189999999	default-final/hot.json
common	default	nonroot	hot	userBindWrong	simple_bind_plaintext	0	openldap	3	1000	67.79448600000008	default-final/hot.json
common	default	nonroot	hot	nonrootBase	search_nonrootBase	0	before	1	1000	97.39326799999989	default-final/hot.json
common	default	nonroot	hot	nonrootBase	search_nonrootBase	0	current	1	1000	97.91862899999995	default-final/hot.json
common	default	nonroot	hot	nonrootBase	search_nonrootBase	0	openldap	1	1000	80.011746	default-final/hot.json
common	default	nonroot	hot	nonrootBase	search_nonrootBase	0	before	2	1000	96.11137900000016	default-final/hot.json
common	default	nonroot	hot	nonrootBase	search_nonrootBase	0	current	2	1000	93.667778	default-final/hot.json
common	default	nonroot	hot	nonrootBase	search_nonrootBase	0	openldap	2	1000	76.15597299999997	default-final/hot.json
common	default	nonroot	hot	nonrootBase	search_nonrootBase	0	before	3	1000	96.99584400000003	default-final/hot.json
common	default	nonroot	hot	nonrootBase	search_nonrootBase	0	current	3	1000	99.13277699999988	default-final/hot.json
common	default	nonroot	hot	nonrootBase	search_nonrootBase	0	openldap	3	1000	79.80086399999996	default-final/hot.json
common	default	nonroot	hot	nonrootEquality	search_nonrootEquality	0	before	1	1000	100.92899800000004	default-final/hot.json
common	default	nonroot	hot	nonrootEquality	search_nonrootEquality	0	current	1	1000	100.98468100000008	default-final/hot.json
common	default	nonroot	hot	nonrootEquality	search_nonrootEquality	0	openldap	1	1000	80.265878	default-final/hot.json
common	default	nonroot	hot	nonrootEquality	search_nonrootEquality	0	before	2	1000	101.8447010000001	default-final/hot.json
common	default	nonroot	hot	nonrootEquality	search_nonrootEquality	0	current	2	1000	102.0206589999999	default-final/hot.json
common	default	nonroot	hot	nonrootEquality	search_nonrootEquality	0	openldap	2	1000	82.74575100000007	default-final/hot.json
common	default	nonroot	hot	nonrootEquality	search_nonrootEquality	0	before	3	1000	100.47129799999999	default-final/hot.json
common	default	nonroot	hot	nonrootEquality	search_nonrootEquality	0	current	3	1000	100.47319600000013	default-final/hot.json
common	default	nonroot	hot	nonrootEquality	search_nonrootEquality	0	openldap	3	1000	80.07193699999999	default-final/hot.json
common	default	nonroot	distributed	nonrootBase	search_nonrootBase	0	before	1	1000	129.07274499999997	default-final/distributed.json
common	default	nonroot	distributed	nonrootBase	search_nonrootBase	0	current	1	1000	130.68072299999994	default-final/distributed.json
common	default	nonroot	distributed	nonrootBase	search_nonrootBase	0	openldap	1	1000	95.90458200000012	default-final/distributed.json
common	default	nonroot	distributed	nonrootBase	search_nonrootBase	0	before	2	1000	129.91349499999995	default-final/distributed.json
common	default	nonroot	distributed	nonrootBase	search_nonrootBase	0	current	2	1000	131.34350100000003	default-final/distributed.json
common	default	nonroot	distributed	nonrootBase	search_nonrootBase	0	openldap	2	1000	92.75978199999992	default-final/distributed.json
common	default	nonroot	distributed	nonrootBase	search_nonrootBase	0	before	3	1000	130.89591199999984	default-final/distributed.json
common	default	nonroot	distributed	nonrootBase	search_nonrootBase	0	current	3	1000	131.74559700000012	default-final/distributed.json
common	default	nonroot	distributed	nonrootBase	search_nonrootBase	0	openldap	3	1000	93.92138100000001	default-final/distributed.json
common	default	nonroot	distributed	nonrootEquality	search_nonrootEquality	0	before	1	1000	238.5699149999998	default-final/distributed.json
common	default	nonroot	distributed	nonrootEquality	search_nonrootEquality	0	current	1	1000	242.03370099999984	default-final/distributed.json
common	default	nonroot	distributed	nonrootEquality	search_nonrootEquality	0	openldap	1	1000	132.17178800000005	default-final/distributed.json
common	default	nonroot	distributed	nonrootEquality	search_nonrootEquality	0	before	2	1000	127.74592000000001	default-final/distributed.json
common	default	nonroot	distributed	nonrootEquality	search_nonrootEquality	0	current	2	1000	127.14224799999998	default-final/distributed.json
common	default	nonroot	distributed	nonrootEquality	search_nonrootEquality	0	openldap	2	1000	95.57130900000013	default-final/distributed.json
common	default	nonroot	distributed	nonrootEquality	search_nonrootEquality	0	before	3	1000	121.22592700000013	default-final/distributed.json
common	default	nonroot	distributed	nonrootEquality	search_nonrootEquality	0	current	3	1000	120.18874900000016	default-final/distributed.json
common	default	nonroot	distributed	nonrootEquality	search_nonrootEquality	0	openldap	3	1000	90.636141	default-final/distributed.json
common	default	nonroot	groups	memberEquality	search_memberEquality	0	before	1	100	16.264583	default-final/groups.json
common	default	nonroot	groups	memberEquality	search_memberEquality	0	current	1	100	15.996918999999997	default-final/groups.json
common	default	nonroot	groups	memberEquality	search_memberEquality	0	openldap	1	100	12.247665000000003	default-final/groups.json
common	default	nonroot	groups	memberEquality	search_memberEquality	0	before	2	100	18.312452	default-final/groups.json
common	default	nonroot	groups	memberEquality	search_memberEquality	0	current	2	100	18.329866	default-final/groups.json
common	default	nonroot	groups	memberEquality	search_memberEquality	0	openldap	2	100	13.930248000000002	default-final/groups.json
common	default	nonroot	groups	memberEquality	search_memberEquality	0	before	3	100	16.039047	default-final/groups.json
common	default	nonroot	groups	memberEquality	search_memberEquality	0	current	3	100	15.817211999999992	default-final/groups.json
common	default	nonroot	groups	memberEquality	search_memberEquality	0	openldap	3	100	12.185041999999996	default-final/groups.json
common	default	nonroot	groups	groupBase	base_member_values	10	before	1	100	13.229292000000001	default-final/groups.json
common	default	nonroot	groups	groupBase	base_member_values	10	current	1	100	13.036831000000001	default-final/groups.json
common	default	nonroot	groups	groupBase	base_member_values	10	openldap	1	100	11.182163000000005	default-final/groups.json
common	default	nonroot	groups	groupBase	base_member_values	10	before	2	100	12.678162	default-final/groups.json
common	default	nonroot	groups	groupBase	base_member_values	10	current	2	100	12.647667999999998	default-final/groups.json
common	default	nonroot	groups	groupBase	base_member_values	10	openldap	2	100	10.104126999999998	default-final/groups.json
common	default	nonroot	groups	groupBase	base_member_values	10	before	3	100	12.716043999999997	default-final/groups.json
common	default	nonroot	groups	groupBase	base_member_values	10	current	3	100	12.042167000000005	default-final/groups.json
common	default	nonroot	groups	groupBase	base_member_values	10	openldap	3	100	10.279126999999999	default-final/groups.json
common	default	nonroot	groups	groupBase	base_member_values	1000	before	1	100	92.52691199999997	default-final/groups.json
common	default	nonroot	groups	groupBase	base_member_values	1000	current	1	100	97.23354299999995	default-final/groups.json
common	default	nonroot	groups	groupBase	base_member_values	1000	openldap	1	100	88.38508300000001	default-final/groups.json
common	default	nonroot	groups	groupBase	base_member_values	1000	before	2	100	93.56328800000001	default-final/groups.json
common	default	nonroot	groups	groupBase	base_member_values	1000	current	2	100	93.13092000000002	default-final/groups.json
common	default	nonroot	groups	groupBase	base_member_values	1000	openldap	2	100	90.12936900000001	default-final/groups.json
common	default	nonroot	groups	groupBase	base_member_values	1000	before	3	100	97.333957	default-final/groups.json
common	default	nonroot	groups	groupBase	base_member_values	1000	current	3	100	101.40237900000001	default-final/groups.json
common	default	nonroot	groups	groupBase	base_member_values	1000	openldap	3	100	92.25550400000002	default-final/groups.json
common	default	nonroot	groups	nestedMembership	client_bfs_member_equality	0	before	1	100	54.23683399999997	default-final/groups.json
common	default	nonroot	groups	nestedMembership	client_bfs_member_equality	0	current	1	100	55.35096600000005	default-final/groups.json
common	default	nonroot	groups	nestedMembership	client_bfs_member_equality	0	openldap	1	100	43.323870000000014	default-final/groups.json
common	default	nonroot	groups	nestedMembership	client_bfs_member_equality	0	before	2	100	51.960004000000005	default-final/groups.json
common	default	nonroot	groups	nestedMembership	client_bfs_member_equality	0	current	2	100	52.22508399999998	default-final/groups.json
common	default	nonroot	groups	nestedMembership	client_bfs_member_equality	0	openldap	2	100	41.763803	default-final/groups.json
common	default	nonroot	groups	nestedMembership	client_bfs_member_equality	0	before	3	100	51.79203899999999	default-final/groups.json
common	default	nonroot	groups	nestedMembership	client_bfs_member_equality	0	current	3	100	54.16204299999994	default-final/groups.json
common	default	nonroot	groups	nestedMembership	client_bfs_member_equality	0	openldap	3	100	43.06466999999995	default-final/groups.json
root	default	root	literal	rootBind	simple_bind_root	0	before	1	1000	68.736663	root-paired/literal.json
root	default	root	literal	rootBind	simple_bind_root	0	current	1	1000	70.34775700000007	root-paired/literal.json
root	default	root	literal	rootBind	simple_bind_root	0	openldap	1	1000	65.49835700000003	root-paired/literal.json
root	default	root	literal	rootBind	simple_bind_root	0	before	2	1000	71.13179999999993	root-paired/literal.json
root	default	root	literal	rootBind	simple_bind_root	0	current	2	1000	72.74453999999999	root-paired/literal.json
root	default	root	literal	rootBind	simple_bind_root	0	openldap	2	1000	69.66120899999991	root-paired/literal.json
root	default	root	literal	rootBind	simple_bind_root	0	before	3	1000	68.93621599999993	root-paired/literal.json
root	default	root	literal	rootBind	simple_bind_root	0	current	3	1000	69.71083199999991	root-paired/literal.json
root	default	root	literal	rootBind	simple_bind_root	0	openldap	3	1000	67.22905200000002	root-paired/literal.json
root	default	root	literal	rootBind	simple_bind_root	0	before	4	1000	70.34773400000002	root-paired/literal.json
root	default	root	literal	rootBind	simple_bind_root	0	current	4	1000	68.92838400000002	root-paired/literal.json
root	default	root	literal	rootBind	simple_bind_root	0	openldap	4	1000	68.78115199999999	root-paired/literal.json
root	default	root	literal	rootBind	simple_bind_root	0	before	5	1000	69.8701780000002	root-paired/literal.json
root	default	root	literal	rootBind	simple_bind_root	0	current	5	1000	69.71721100000006	root-paired/literal.json
root	default	root	literal	rootBind	simple_bind_root	0	openldap	5	1000	69.159894	root-paired/literal.json
root	default	root	literal	rootBind	simple_bind_root	0	before	6	1000	69.00150699999998	root-paired/literal.json
root	default	root	literal	rootBind	simple_bind_root	0	current	6	1000	69.76475100000008	root-paired/literal.json
root	default	root	literal	rootBind	simple_bind_root	0	openldap	6	1000	67.06557799999992	root-paired/literal.json
root	default	root	literal	rootBind	simple_bind_root	0	before	7	1000	68.25988400000008	root-paired/literal.json
root	default	root	literal	rootBind	simple_bind_root	0	current	7	1000	68.37451200000008	root-paired/literal.json
root	default	root	literal	rootBind	simple_bind_root	0	openldap	7	1000	66.888879	root-paired/literal.json
root	default	root	literal	rootBase	base_objectclass_root	0	before	1	1000	102.52234999999996	root-paired/literal.json
root	default	root	literal	rootBase	base_objectclass_root	0	current	1	1000	102.65552499999984	root-paired/literal.json
root	default	root	literal	rootBase	base_objectclass_root	0	openldap	1	1000	91.71735	root-paired/literal.json
root	default	root	literal	rootBase	base_objectclass_root	0	before	2	1000	108.76663199999996	root-paired/literal.json
root	default	root	literal	rootBase	base_objectclass_root	0	current	2	1000	109.50182899999996	root-paired/literal.json
root	default	root	literal	rootBase	base_objectclass_root	0	openldap	2	1000	89.48749800000006	root-paired/literal.json
root	default	root	literal	rootBase	base_objectclass_root	0	before	3	1000	100.076411	root-paired/literal.json
root	default	root	literal	rootBase	base_objectclass_root	0	current	3	1000	97.79606399999999	root-paired/literal.json
root	default	root	literal	rootBase	base_objectclass_root	0	openldap	3	1000	82.33827299999993	root-paired/literal.json
root	default	root	literal	rootBase	base_objectclass_root	0	before	4	1000	98.08145600000013	root-paired/literal.json
root	default	root	literal	rootBase	base_objectclass_root	0	current	4	1000	98.56053200000011	root-paired/literal.json
root	default	root	literal	rootBase	base_objectclass_root	0	openldap	4	1000	83.74541099999992	root-paired/literal.json
root	default	root	literal	rootBase	base_objectclass_root	0	before	5	1000	98.83831699999998	root-paired/literal.json
root	default	root	literal	rootBase	base_objectclass_root	0	current	5	1000	102.73672700000003	root-paired/literal.json
root	default	root	literal	rootBase	base_objectclass_root	0	openldap	5	1000	84.04349800000006	root-paired/literal.json
root	default	root	literal	rootBase	base_objectclass_root	0	before	6	1000	96.48256499999994	root-paired/literal.json
root	default	root	literal	rootBase	base_objectclass_root	0	current	6	1000	95.57335099999992	root-paired/literal.json
root	default	root	literal	rootBase	base_objectclass_root	0	openldap	6	1000	82.05033200000004	root-paired/literal.json
root	default	root	literal	rootBase	base_objectclass_root	0	before	7	1000	96.39595000000007	root-paired/literal.json
root	default	root	literal	rootBase	base_objectclass_root	0	current	7	1000	100.01894999999992	root-paired/literal.json
root	default	root	literal	rootBase	base_objectclass_root	0	openldap	7	1000	80.36662999999999	root-paired/literal.json
root	default	root	literal	rootEquality	subtree_uid_equality_root	0	before	1	1000	873.4154850000014	root-paired/literal.json
root	default	root	literal	rootEquality	subtree_uid_equality_root	0	current	1	1000	897.6486429999989	root-paired/literal.json
root	default	root	literal	rootEquality	subtree_uid_equality_root	0	openldap	1	1000	583.6497300000007	root-paired/literal.json
root	default	root	literal	rootEquality	subtree_uid_equality_root	0	before	2	1000	122.287006	root-paired/literal.json
root	default	root	literal	rootEquality	subtree_uid_equality_root	0	current	2	1000	120.76362900000002	root-paired/literal.json
root	default	root	literal	rootEquality	subtree_uid_equality_root	0	openldap	2	1000	99.41565200000001	root-paired/literal.json
root	default	root	literal	rootEquality	subtree_uid_equality_root	0	before	3	1000	113.57453700000013	root-paired/literal.json
root	default	root	literal	rootEquality	subtree_uid_equality_root	0	current	3	1000	114.15527199999991	root-paired/literal.json
root	default	root	literal	rootEquality	subtree_uid_equality_root	0	openldap	3	1000	93.02399399999997	root-paired/literal.json
root	default	root	literal	rootEquality	subtree_uid_equality_root	0	before	4	1000	112.22861699999977	root-paired/literal.json
root	default	root	literal	rootEquality	subtree_uid_equality_root	0	current	4	1000	116.55895499999993	root-paired/literal.json
root	default	root	literal	rootEquality	subtree_uid_equality_root	0	openldap	4	1000	91.46372300000006	root-paired/literal.json
root	default	root	literal	rootEquality	subtree_uid_equality_root	0	before	5	1000	108.09892499999988	root-paired/literal.json
root	default	root	literal	rootEquality	subtree_uid_equality_root	0	current	5	1000	112.06115899999986	root-paired/literal.json
root	default	root	literal	rootEquality	subtree_uid_equality_root	0	openldap	5	1000	89.83217600000003	root-paired/literal.json
root	default	root	literal	rootEquality	subtree_uid_equality_root	0	before	6	1000	110.65545999999998	root-paired/literal.json
root	default	root	literal	rootEquality	subtree_uid_equality_root	0	current	6	1000	113.83086600000011	root-paired/literal.json
root	default	root	literal	rootEquality	subtree_uid_equality_root	0	openldap	6	1000	93.37697499999997	root-paired/literal.json
root	default	root	literal	rootEquality	subtree_uid_equality_root	0	before	7	1000	146.29291799999993	root-paired/literal.json
root	default	root	literal	rootEquality	subtree_uid_equality_root	0	current	7	1000	161.45037200000021	root-paired/literal.json
root	default	root	literal	rootEquality	subtree_uid_equality_root	0	openldap	7	1000	120.65229900000011	root-paired/literal.json
root	default	root	literal	rootCompareTrue	compare_uid_true_root	0	before	1	1000	105.15698699999993	root-paired/literal.json
root	default	root	literal	rootCompareTrue	compare_uid_true_root	0	current	1	1000	107.01429600000006	root-paired/literal.json
root	default	root	literal	rootCompareTrue	compare_uid_true_root	0	openldap	1	1000	81.87421200000009	root-paired/literal.json
root	default	root	literal	rootCompareTrue	compare_uid_true_root	0	before	2	1000	102.97655	root-paired/literal.json
root	default	root	literal	rootCompareTrue	compare_uid_true_root	0	current	2	1000	103.91494800000008	root-paired/literal.json
root	default	root	literal	rootCompareTrue	compare_uid_true_root	0	openldap	2	1000	76.79594900000006	root-paired/literal.json
root	default	root	literal	rootCompareTrue	compare_uid_true_root	0	before	3	1000	102.08055100000001	root-paired/literal.json
root	default	root	literal	rootCompareTrue	compare_uid_true_root	0	current	3	1000	102.76205900000016	root-paired/literal.json
root	default	root	literal	rootCompareTrue	compare_uid_true_root	0	openldap	3	1000	75.6664860000001	root-paired/literal.json
root	default	root	literal	rootCompareTrue	compare_uid_true_root	0	before	4	1000	104.69595900000002	root-paired/literal.json
root	default	root	literal	rootCompareTrue	compare_uid_true_root	0	current	4	1000	103.70176799999993	root-paired/literal.json
root	default	root	literal	rootCompareTrue	compare_uid_true_root	0	openldap	4	1000	77.25229399999988	root-paired/literal.json
root	default	root	literal	rootCompareTrue	compare_uid_true_root	0	before	5	1000	100.64709999999995	root-paired/literal.json
root	default	root	literal	rootCompareTrue	compare_uid_true_root	0	current	5	1000	101.37198699999989	root-paired/literal.json
root	default	root	literal	rootCompareTrue	compare_uid_true_root	0	openldap	5	1000	75.58880400000002	root-paired/literal.json
root	default	root	literal	rootCompareTrue	compare_uid_true_root	0	before	6	1000	103.85491600000013	root-paired/literal.json
root	default	root	literal	rootCompareTrue	compare_uid_true_root	0	current	6	1000	102.89498999999999	root-paired/literal.json
root	default	root	literal	rootCompareTrue	compare_uid_true_root	0	openldap	6	1000	76.31317200000001	root-paired/literal.json
root	default	root	literal	rootCompareTrue	compare_uid_true_root	0	before	7	1000	105.93595700000019	root-paired/literal.json
root	default	root	literal	rootCompareTrue	compare_uid_true_root	0	current	7	1000	103.54904800000018	root-paired/literal.json
root	default	root	literal	rootCompareTrue	compare_uid_true_root	0	openldap	7	1000	76.89031399999998	root-paired/literal.json
root	default	root	literal	rootCompareFalse	compare_uid_false_root	0	before	1	1000	102.14004400000003	root-paired/literal.json
root	default	root	literal	rootCompareFalse	compare_uid_false_root	0	current	1	1000	102.05797699999998	root-paired/literal.json
root	default	root	literal	rootCompareFalse	compare_uid_false_root	0	openldap	1	1000	75.03315800000004	root-paired/literal.json
root	default	root	literal	rootCompareFalse	compare_uid_false_root	0	before	2	1000	100.50175800000015	root-paired/literal.json
root	default	root	literal	rootCompareFalse	compare_uid_false_root	0	current	2	1000	101.04890899999992	root-paired/literal.json
root	default	root	literal	rootCompareFalse	compare_uid_false_root	0	openldap	2	1000	75.76405400000004	root-paired/literal.json
root	default	root	literal	rootCompareFalse	compare_uid_false_root	0	before	3	1000	111.78651199999989	root-paired/literal.json
root	default	root	literal	rootCompareFalse	compare_uid_false_root	0	current	3	1000	108.27071599999994	root-paired/literal.json
root	default	root	literal	rootCompareFalse	compare_uid_false_root	0	openldap	3	1000	80.22411999999989	root-paired/literal.json
root	default	root	literal	rootCompareFalse	compare_uid_false_root	0	before	4	1000	100.96157000000004	root-paired/literal.json
root	default	root	literal	rootCompareFalse	compare_uid_false_root	0	current	4	1000	101.68365699999983	root-paired/literal.json
root	default	root	literal	rootCompareFalse	compare_uid_false_root	0	openldap	4	1000	75.11092899999994	root-paired/literal.json
root	default	root	literal	rootCompareFalse	compare_uid_false_root	0	before	5	1000	100.51395400000003	root-paired/literal.json
root	default	root	literal	rootCompareFalse	compare_uid_false_root	0	current	5	1000	101.76484500000011	root-paired/literal.json
root	default	root	literal	rootCompareFalse	compare_uid_false_root	0	openldap	5	1000	77.90217000000004	root-paired/literal.json
root	default	root	literal	rootCompareFalse	compare_uid_false_root	0	before	6	1000	102.73615199999986	root-paired/literal.json
root	default	root	literal	rootCompareFalse	compare_uid_false_root	0	current	6	1000	101.98111300000012	root-paired/literal.json
root	default	root	literal	rootCompareFalse	compare_uid_false_root	0	openldap	6	1000	76.13533000000011	root-paired/literal.json
root	default	root	literal	rootCompareFalse	compare_uid_false_root	0	before	7	1000	106.72228699999992	root-paired/literal.json
root	default	root	literal	rootCompareFalse	compare_uid_false_root	0	current	7	1000	105.90391600000008	root-paired/literal.json
root	default	root	literal	rootCompareFalse	compare_uid_false_root	0	openldap	7	1000	79.96292200000006	root-paired/literal.json
root	default	root	normalized	rootBind	simple_bind_root	0	before	1	1000	76.93833199999989	root-paired/normalized.json
root	default	root	normalized	rootBind	simple_bind_root	0	current	1	1000	74.473867	root-paired/normalized.json
root	default	root	normalized	rootBind	simple_bind_root	0	openldap	1	1000	121.34410199999988	root-paired/normalized.json
root	default	root	normalized	rootBind	simple_bind_root	0	before	2	1000	76.32621399999998	root-paired/normalized.json
root	default	root	normalized	rootBind	simple_bind_root	0	current	2	1000	76.77191499999985	root-paired/normalized.json
root	default	root	normalized	rootBind	simple_bind_root	0	openldap	2	1000	68.74783600000004	root-paired/normalized.json
root	default	root	normalized	rootBind	simple_bind_root	0	before	3	1000	75.71395600000004	root-paired/normalized.json
root	default	root	normalized	rootBind	simple_bind_root	0	current	3	1000	75.97422500000006	root-paired/normalized.json
root	default	root	normalized	rootBind	simple_bind_root	0	openldap	3	1000	73.75417500000007	root-paired/normalized.json
root	default	root	normalized	rootBind	simple_bind_root	0	before	4	1000	76.36253700000007	root-paired/normalized.json
root	default	root	normalized	rootBind	simple_bind_root	0	current	4	1000	77.37833800000016	root-paired/normalized.json
root	default	root	normalized	rootBind	simple_bind_root	0	openldap	4	1000	73.68478599999993	root-paired/normalized.json
root	default	root	normalized	rootBind	simple_bind_root	0	before	5	1000	77.08413799999983	root-paired/normalized.json
root	default	root	normalized	rootBind	simple_bind_root	0	current	5	1000	78.13481099999989	root-paired/normalized.json
root	default	root	normalized	rootBind	simple_bind_root	0	openldap	5	1000	74.93762900000009	root-paired/normalized.json
root	default	root	normalized	rootBind	simple_bind_root	0	before	6	1000	76.26015600000007	root-paired/normalized.json
root	default	root	normalized	rootBind	simple_bind_root	0	current	6	1000	77.24692599999996	root-paired/normalized.json
root	default	root	normalized	rootBind	simple_bind_root	0	openldap	6	1000	74.135635	root-paired/normalized.json
root	default	root	normalized	rootBind	simple_bind_root	0	before	7	1000	75.399477	root-paired/normalized.json
root	default	root	normalized	rootBind	simple_bind_root	0	current	7	1000	75.72157499999997	root-paired/normalized.json
root	default	root	normalized	rootBind	simple_bind_root	0	openldap	7	1000	72.72794700000001	root-paired/normalized.json
root	default	root	normalized	rootBase	base_objectclass_root	0	before	1	1000	102.25629900000004	root-paired/normalized.json
root	default	root	normalized	rootBase	base_objectclass_root	0	current	1	1000	104.375738	root-paired/normalized.json
root	default	root	normalized	rootBase	base_objectclass_root	0	openldap	1	1000	84.28257	root-paired/normalized.json
root	default	root	normalized	rootBase	base_objectclass_root	0	before	2	1000	105.71234199999996	root-paired/normalized.json
root	default	root	normalized	rootBase	base_objectclass_root	0	current	2	1000	106.64406600000018	root-paired/normalized.json
root	default	root	normalized	rootBase	base_objectclass_root	0	openldap	2	1000	85.5878340000001	root-paired/normalized.json
root	default	root	normalized	rootBase	base_objectclass_root	0	before	3	1000	108.12273799999994	root-paired/normalized.json
root	default	root	normalized	rootBase	base_objectclass_root	0	current	3	1000	108.37317300000002	root-paired/normalized.json
root	default	root	normalized	rootBase	base_objectclass_root	0	openldap	3	1000	87.102536	root-paired/normalized.json
root	default	root	normalized	rootBase	base_objectclass_root	0	before	4	1000	101.87345000000002	root-paired/normalized.json
root	default	root	normalized	rootBase	base_objectclass_root	0	current	4	1000	104.20375300000016	root-paired/normalized.json
root	default	root	normalized	rootBase	base_objectclass_root	0	openldap	4	1000	85.17772900000006	root-paired/normalized.json
root	default	root	normalized	rootBase	base_objectclass_root	0	before	5	1000	102.20266399999994	root-paired/normalized.json
root	default	root	normalized	rootBase	base_objectclass_root	0	current	5	1000	103.22941300000005	root-paired/normalized.json
root	default	root	normalized	rootBase	base_objectclass_root	0	openldap	5	1000	86.07229299999997	root-paired/normalized.json
root	default	root	normalized	rootBase	base_objectclass_root	0	before	6	1000	103.59466400000005	root-paired/normalized.json
root	default	root	normalized	rootBase	base_objectclass_root	0	current	6	1000	103.88578800000002	root-paired/normalized.json
root	default	root	normalized	rootBase	base_objectclass_root	0	openldap	6	1000	85.2715560000001	root-paired/normalized.json
root	default	root	normalized	rootBase	base_objectclass_root	0	before	7	1000	104.60512499999996	root-paired/normalized.json
root	default	root	normalized	rootBase	base_objectclass_root	0	current	7	1000	103.73695300000009	root-paired/normalized.json
root	default	root	normalized	rootBase	base_objectclass_root	0	openldap	7	1000	85.88719400000006	root-paired/normalized.json
root	default	root	normalized	rootEquality	subtree_uid_equality_root	0	before	1	1000	115.13126900000007	root-paired/normalized.json
root	default	root	normalized	rootEquality	subtree_uid_equality_root	0	current	1	1000	116.54825000000011	root-paired/normalized.json
root	default	root	normalized	rootEquality	subtree_uid_equality_root	0	openldap	1	1000	92.39441199999992	root-paired/normalized.json
root	default	root	normalized	rootEquality	subtree_uid_equality_root	0	before	2	1000	110.91349399999994	root-paired/normalized.json
root	default	root	normalized	rootEquality	subtree_uid_equality_root	0	current	2	1000	111.92177699999998	root-paired/normalized.json
root	default	root	normalized	rootEquality	subtree_uid_equality_root	0	openldap	2	1000	90.05457200000015	root-paired/normalized.json
root	default	root	normalized	rootEquality	subtree_uid_equality_root	0	before	3	1000	109.90920900000003	root-paired/normalized.json
root	default	root	normalized	rootEquality	subtree_uid_equality_root	0	current	3	1000	110.96454400000003	root-paired/normalized.json
root	default	root	normalized	rootEquality	subtree_uid_equality_root	0	openldap	3	1000	90.33510800000002	root-paired/normalized.json
root	default	root	normalized	rootEquality	subtree_uid_equality_root	0	before	4	1000	108.59310399999981	root-paired/normalized.json
root	default	root	normalized	rootEquality	subtree_uid_equality_root	0	current	4	1000	113.68957299999997	root-paired/normalized.json
root	default	root	normalized	rootEquality	subtree_uid_equality_root	0	openldap	4	1000	90.65386199999986	root-paired/normalized.json
root	default	root	normalized	rootEquality	subtree_uid_equality_root	0	before	5	1000	117.11441100000003	root-paired/normalized.json
root	default	root	normalized	rootEquality	subtree_uid_equality_root	0	current	5	1000	119.37266399999989	root-paired/normalized.json
root	default	root	normalized	rootEquality	subtree_uid_equality_root	0	openldap	5	1000	94.67727399999998	root-paired/normalized.json
root	default	root	normalized	rootEquality	subtree_uid_equality_root	0	before	6	1000	118.32646	root-paired/normalized.json
root	default	root	normalized	rootEquality	subtree_uid_equality_root	0	current	6	1000	119.01223600000014	root-paired/normalized.json
root	default	root	normalized	rootEquality	subtree_uid_equality_root	0	openldap	6	1000	95.31582300000004	root-paired/normalized.json
root	default	root	normalized	rootEquality	subtree_uid_equality_root	0	before	7	1000	110.75134799999991	root-paired/normalized.json
root	default	root	normalized	rootEquality	subtree_uid_equality_root	0	current	7	1000	113.31429799999981	root-paired/normalized.json
root	default	root	normalized	rootEquality	subtree_uid_equality_root	0	openldap	7	1000	91.03333899999994	root-paired/normalized.json
root	default	root	normalized	rootCompareTrue	compare_uid_true_root	0	before	1	1000	108.49246700000006	root-paired/normalized.json
root	default	root	normalized	rootCompareTrue	compare_uid_true_root	0	current	1	1000	109.26553700000021	root-paired/normalized.json
root	default	root	normalized	rootCompareTrue	compare_uid_true_root	0	openldap	1	1000	78.28856900000004	root-paired/normalized.json
root	default	root	normalized	rootCompareTrue	compare_uid_true_root	0	before	2	1000	109.69754099999987	root-paired/normalized.json
root	default	root	normalized	rootCompareTrue	compare_uid_true_root	0	current	2	1000	109.08620700000004	root-paired/normalized.json
root	default	root	normalized	rootCompareTrue	compare_uid_true_root	0	openldap	2	1000	79.25675799999988	root-paired/normalized.json
root	default	root	normalized	rootCompareTrue	compare_uid_true_root	0	before	3	1000	103.36870500000006	root-paired/normalized.json
root	default	root	normalized	rootCompareTrue	compare_uid_true_root	0	current	3	1000	104.60593299999992	root-paired/normalized.json
root	default	root	normalized	rootCompareTrue	compare_uid_true_root	0	openldap	3	1000	76.47358499999993	root-paired/normalized.json
root	default	root	normalized	rootCompareTrue	compare_uid_true_root	0	before	4	1000	99.92571000000001	root-paired/normalized.json
root	default	root	normalized	rootCompareTrue	compare_uid_true_root	0	current	4	1000	99.5104229999999	root-paired/normalized.json
root	default	root	normalized	rootCompareTrue	compare_uid_true_root	0	openldap	4	1000	72.25438000000003	root-paired/normalized.json
root	default	root	normalized	rootCompareTrue	compare_uid_true_root	0	before	5	1000	100.65290299999991	root-paired/normalized.json
root	default	root	normalized	rootCompareTrue	compare_uid_true_root	0	current	5	1000	103.0021659999999	root-paired/normalized.json
root	default	root	normalized	rootCompareTrue	compare_uid_true_root	0	openldap	5	1000	78.098614	root-paired/normalized.json
root	default	root	normalized	rootCompareTrue	compare_uid_true_root	0	before	6	1000	99.76218499999997	root-paired/normalized.json
root	default	root	normalized	rootCompareTrue	compare_uid_true_root	0	current	6	1000	100.84498400000015	root-paired/normalized.json
root	default	root	normalized	rootCompareTrue	compare_uid_true_root	0	openldap	6	1000	73.61795000000015	root-paired/normalized.json
root	default	root	normalized	rootCompareTrue	compare_uid_true_root	0	before	7	1000	105.47356499999984	root-paired/normalized.json
root	default	root	normalized	rootCompareTrue	compare_uid_true_root	0	current	7	1000	103.79461500000004	root-paired/normalized.json
root	default	root	normalized	rootCompareTrue	compare_uid_true_root	0	openldap	7	1000	74.63270999999999	root-paired/normalized.json
root	default	root	normalized	rootCompareFalse	compare_uid_false_root	0	before	1	1000	110.4380099999999	root-paired/normalized.json
root	default	root	normalized	rootCompareFalse	compare_uid_false_root	0	current	1	1000	110.61057699999998	root-paired/normalized.json
root	default	root	normalized	rootCompareFalse	compare_uid_false_root	0	openldap	1	1000	79.46892599999993	root-paired/normalized.json
root	default	root	normalized	rootCompareFalse	compare_uid_false_root	0	before	2	1000	109.139546	root-paired/normalized.json
root	default	root	normalized	rootCompareFalse	compare_uid_false_root	0	current	2	1000	109.77037899999992	root-paired/normalized.json
root	default	root	normalized	rootCompareFalse	compare_uid_false_root	0	openldap	2	1000	78.79711400000002	root-paired/normalized.json
root	default	root	normalized	rootCompareFalse	compare_uid_false_root	0	before	3	1000	109.44066700000003	root-paired/normalized.json
root	default	root	normalized	rootCompareFalse	compare_uid_false_root	0	current	3	1000	112.04175699999988	root-paired/normalized.json
root	default	root	normalized	rootCompareFalse	compare_uid_false_root	0	openldap	3	1000	81.272252	root-paired/normalized.json
root	default	root	normalized	rootCompareFalse	compare_uid_false_root	0	before	4	1000	117.38656600000009	root-paired/normalized.json
root	default	root	normalized	rootCompareFalse	compare_uid_false_root	0	current	4	1000	117.97337299999982	root-paired/normalized.json
root	default	root	normalized	rootCompareFalse	compare_uid_false_root	0	openldap	4	1000	86.21741999999993	root-paired/normalized.json
root	default	root	normalized	rootCompareFalse	compare_uid_false_root	0	before	5	1000	114.64744200000003	root-paired/normalized.json
root	default	root	normalized	rootCompareFalse	compare_uid_false_root	0	current	5	1000	114.49611899999987	root-paired/normalized.json
root	default	root	normalized	rootCompareFalse	compare_uid_false_root	0	openldap	5	1000	82.289742	root-paired/normalized.json
root	default	root	normalized	rootCompareFalse	compare_uid_false_root	0	before	6	1000	112.84508000000004	root-paired/normalized.json
root	default	root	normalized	rootCompareFalse	compare_uid_false_root	0	current	6	1000	114.62682500000007	root-paired/normalized.json
root	default	root	normalized	rootCompareFalse	compare_uid_false_root	0	openldap	6	1000	82.07774199999994	root-paired/normalized.json
root	default	root	normalized	rootCompareFalse	compare_uid_false_root	0	before	7	1000	109.33582600000008	root-paired/normalized.json
root	default	root	normalized	rootCompareFalse	compare_uid_false_root	0	current	7	1000	109.81203000000004	root-paired/normalized.json
root	default	root	normalized	rootCompareFalse	compare_uid_false_root	0	openldap	7	1000	78.47422899999997	root-paired/normalized.json
group-compare	explicit	nonroot	groups	groupCompareTrueFirst	compare_member_true_first	10	before	1	1000	98.7551720000001	explicit-group-compare/groups.json
group-compare	explicit	nonroot	groups	groupCompareTrueFirst	compare_member_true_first	10	current	1	1000	97.57918199999997	explicit-group-compare/groups.json
group-compare	explicit	nonroot	groups	groupCompareTrueFirst	compare_member_true_first	10	openldap	1	1000	79.684708	explicit-group-compare/groups.json
group-compare	explicit	nonroot	groups	groupCompareTrueFirst	compare_member_true_first	10	before	2	1000	96.887626	explicit-group-compare/groups.json
group-compare	explicit	nonroot	groups	groupCompareTrueFirst	compare_member_true_first	10	current	2	1000	99.02290299999997	explicit-group-compare/groups.json
group-compare	explicit	nonroot	groups	groupCompareTrueFirst	compare_member_true_first	10	openldap	2	1000	80.91419699999996	explicit-group-compare/groups.json
group-compare	explicit	nonroot	groups	groupCompareTrueFirst	compare_member_true_first	10	before	3	1000	109.60083500000017	explicit-group-compare/groups.json
group-compare	explicit	nonroot	groups	groupCompareTrueFirst	compare_member_true_first	10	current	3	1000	121.12488100000014	explicit-group-compare/groups.json
group-compare	explicit	nonroot	groups	groupCompareTrueFirst	compare_member_true_first	10	openldap	3	1000	86.37339799999985	explicit-group-compare/groups.json
group-compare	explicit	nonroot	groups	groupCompareTrueFirst	compare_member_true_first	10	before	4	1000	106.55558499999992	explicit-group-compare/groups.json
group-compare	explicit	nonroot	groups	groupCompareTrueFirst	compare_member_true_first	10	current	4	1000	98.85307899999988	explicit-group-compare/groups.json
group-compare	explicit	nonroot	groups	groupCompareTrueFirst	compare_member_true_first	10	openldap	4	1000	80.40794600000004	explicit-group-compare/groups.json
group-compare	explicit	nonroot	groups	groupCompareTrueFirst	compare_member_true_first	10	before	5	1000	87.46887200000002	explicit-group-compare/groups.json
group-compare	explicit	nonroot	groups	groupCompareTrueFirst	compare_member_true_first	10	current	5	1000	88.611168	explicit-group-compare/groups.json
group-compare	explicit	nonroot	groups	groupCompareTrueFirst	compare_member_true_first	10	openldap	5	1000	72.75325399999997	explicit-group-compare/groups.json
group-compare	explicit	nonroot	groups	groupCompareTrueFirst	compare_member_true_first	10	before	6	1000	90.53222899999976	explicit-group-compare/groups.json
group-compare	explicit	nonroot	groups	groupCompareTrueFirst	compare_member_true_first	10	current	6	1000	91.29647800000005	explicit-group-compare/groups.json
group-compare	explicit	nonroot	groups	groupCompareTrueFirst	compare_member_true_first	10	openldap	6	1000	76.36583500000002	explicit-group-compare/groups.json
group-compare	explicit	nonroot	groups	groupCompareTrueFirst	compare_member_true_first	10	before	7	1000	91.19699500000003	explicit-group-compare/groups.json
group-compare	explicit	nonroot	groups	groupCompareTrueFirst	compare_member_true_first	10	current	7	1000	92.20037599999993	explicit-group-compare/groups.json
group-compare	explicit	nonroot	groups	groupCompareTrueFirst	compare_member_true_first	10	openldap	7	1000	75.36628799999998	explicit-group-compare/groups.json
group-compare	explicit	nonroot	groups	groupCompareTrueFirst	compare_member_true_first	1000	before	1	1000	103.5182590000001	explicit-group-compare/groups.json
group-compare	explicit	nonroot	groups	groupCompareTrueFirst	compare_member_true_first	1000	current	1	1000	99.11958900000006	explicit-group-compare/groups.json
group-compare	explicit	nonroot	groups	groupCompareTrueFirst	compare_member_true_first	1000	openldap	1	1000	78.99946900000008	explicit-group-compare/groups.json
group-compare	explicit	nonroot	groups	groupCompareTrueFirst	compare_member_true_first	1000	before	2	1000	98.33342800000001	explicit-group-compare/groups.json
group-compare	explicit	nonroot	groups	groupCompareTrueFirst	compare_member_true_first	1000	current	2	1000	94.217748	explicit-group-compare/groups.json
group-compare	explicit	nonroot	groups	groupCompareTrueFirst	compare_member_true_first	1000	openldap	2	1000	76.42802199999997	explicit-group-compare/groups.json
group-compare	explicit	nonroot	groups	groupCompareTrueFirst	compare_member_true_first	1000	before	3	1000	99.0046770000001	explicit-group-compare/groups.json
group-compare	explicit	nonroot	groups	groupCompareTrueFirst	compare_member_true_first	1000	current	3	1000	96.40051899999979	explicit-group-compare/groups.json
group-compare	explicit	nonroot	groups	groupCompareTrueFirst	compare_member_true_first	1000	openldap	3	1000	78.22393000000007	explicit-group-compare/groups.json
group-compare	explicit	nonroot	groups	groupCompareTrueFirst	compare_member_true_first	1000	before	4	1000	101.66828899999993	explicit-group-compare/groups.json
group-compare	explicit	nonroot	groups	groupCompareTrueFirst	compare_member_true_first	1000	current	4	1000	94.34975299999999	explicit-group-compare/groups.json
group-compare	explicit	nonroot	groups	groupCompareTrueFirst	compare_member_true_first	1000	openldap	4	1000	77.04067599999995	explicit-group-compare/groups.json
group-compare	explicit	nonroot	groups	groupCompareTrueFirst	compare_member_true_first	1000	before	5	1000	106.83893099999999	explicit-group-compare/groups.json
group-compare	explicit	nonroot	groups	groupCompareTrueFirst	compare_member_true_first	1000	current	5	1000	100.81806799999983	explicit-group-compare/groups.json
group-compare	explicit	nonroot	groups	groupCompareTrueFirst	compare_member_true_first	1000	openldap	5	1000	83.89480199999988	explicit-group-compare/groups.json
group-compare	explicit	nonroot	groups	groupCompareTrueFirst	compare_member_true_first	1000	before	6	1000	105.22646199999994	explicit-group-compare/groups.json
group-compare	explicit	nonroot	groups	groupCompareTrueFirst	compare_member_true_first	1000	current	6	1000	100.78897000000009	explicit-group-compare/groups.json
group-compare	explicit	nonroot	groups	groupCompareTrueFirst	compare_member_true_first	1000	openldap	6	1000	80.25433199999999	explicit-group-compare/groups.json
group-compare	explicit	nonroot	groups	groupCompareTrueFirst	compare_member_true_first	1000	before	7	1000	100.49017499999998	explicit-group-compare/groups.json
group-compare	explicit	nonroot	groups	groupCompareTrueFirst	compare_member_true_first	1000	current	7	1000	96.8896290000001	explicit-group-compare/groups.json
group-compare	explicit	nonroot	groups	groupCompareTrueFirst	compare_member_true_first	1000	openldap	7	1000	78.48093600000004	explicit-group-compare/groups.json
group-compare	explicit	nonroot	groups	groupCompareTrueLast	compare_member_true_last	10	before	1	1000	95.98327900000012	explicit-group-compare/groups.json
group-compare	explicit	nonroot	groups	groupCompareTrueLast	compare_member_true_last	10	current	1	1000	92.31005899999997	explicit-group-compare/groups.json
group-compare	explicit	nonroot	groups	groupCompareTrueLast	compare_member_true_last	10	openldap	1	1000	75.53926999999999	explicit-group-compare/groups.json
group-compare	explicit	nonroot	groups	groupCompareTrueLast	compare_member_true_last	10	before	2	1000	91.36372099999993	explicit-group-compare/groups.json
group-compare	explicit	nonroot	groups	groupCompareTrueLast	compare_member_true_last	10	current	2	1000	93.71155399999996	explicit-group-compare/groups.json
group-compare	explicit	nonroot	groups	groupCompareTrueLast	compare_member_true_last	10	openldap	2	1000	75.14397000000007	explicit-group-compare/groups.json
group-compare	explicit	nonroot	groups	groupCompareTrueLast	compare_member_true_last	10	before	3	1000	111.11473400000008	explicit-group-compare/groups.json
group-compare	explicit	nonroot	groups	groupCompareTrueLast	compare_member_true_last	10	current	3	1000	124.32628699999991	explicit-group-compare/groups.json
group-compare	explicit	nonroot	groups	groupCompareTrueLast	compare_member_true_last	10	openldap	3	1000	95.27295800000003	explicit-group-compare/groups.json
group-compare	explicit	nonroot	groups	groupCompareTrueLast	compare_member_true_last	10	before	4	1000	89.35454099999997	explicit-group-compare/groups.json
group-compare	explicit	nonroot	groups	groupCompareTrueLast	compare_member_true_last	10	current	4	1000	91.63066100000016	explicit-group-compare/groups.json
group-compare	explicit	nonroot	groups	groupCompareTrueLast	compare_member_true_last	10	openldap	4	1000	72.57737699999997	explicit-group-compare/groups.json
group-compare	explicit	nonroot	groups	groupCompareTrueLast	compare_member_true_last	10	before	5	1000	93.5031340000001	explicit-group-compare/groups.json
group-compare	explicit	nonroot	groups	groupCompareTrueLast	compare_member_true_last	10	current	5	1000	95.05567599999988	explicit-group-compare/groups.json
group-compare	explicit	nonroot	groups	groupCompareTrueLast	compare_member_true_last	10	openldap	5	1000	75.38761	explicit-group-compare/groups.json
group-compare	explicit	nonroot	groups	groupCompareTrueLast	compare_member_true_last	10	before	6	1000	116.58912299999994	explicit-group-compare/groups.json
group-compare	explicit	nonroot	groups	groupCompareTrueLast	compare_member_true_last	10	current	6	1000	113.95334400000003	explicit-group-compare/groups.json
group-compare	explicit	nonroot	groups	groupCompareTrueLast	compare_member_true_last	10	openldap	6	1000	114.94765599999997	explicit-group-compare/groups.json
group-compare	explicit	nonroot	groups	groupCompareTrueLast	compare_member_true_last	10	before	7	1000	112.45005299999998	explicit-group-compare/groups.json
group-compare	explicit	nonroot	groups	groupCompareTrueLast	compare_member_true_last	10	current	7	1000	120.10826499999992	explicit-group-compare/groups.json
group-compare	explicit	nonroot	groups	groupCompareTrueLast	compare_member_true_last	10	openldap	7	1000	88.94404500000003	explicit-group-compare/groups.json
group-compare	explicit	nonroot	groups	groupCompareTrueLast	compare_member_true_last	1000	before	1	1000	176.1632399999998	explicit-group-compare/groups.json
group-compare	explicit	nonroot	groups	groupCompareTrueLast	compare_member_true_last	1000	current	1	1000	177.67991900000024	explicit-group-compare/groups.json
group-compare	explicit	nonroot	groups	groupCompareTrueLast	compare_member_true_last	1000	openldap	1	1000	90.91061099999995	explicit-group-compare/groups.json
group-compare	explicit	nonroot	groups	groupCompareTrueLast	compare_member_true_last	1000	before	2	1000	174.12662600000004	explicit-group-compare/groups.json
group-compare	explicit	nonroot	groups	groupCompareTrueLast	compare_member_true_last	1000	current	2	1000	168.94371299999995	explicit-group-compare/groups.json
group-compare	explicit	nonroot	groups	groupCompareTrueLast	compare_member_true_last	1000	openldap	2	1000	91.48498499999991	explicit-group-compare/groups.json
group-compare	explicit	nonroot	groups	groupCompareTrueLast	compare_member_true_last	1000	before	3	1000	169.3585560000001	explicit-group-compare/groups.json
group-compare	explicit	nonroot	groups	groupCompareTrueLast	compare_member_true_last	1000	current	3	1000	167.29416200000014	explicit-group-compare/groups.json
group-compare	explicit	nonroot	groups	groupCompareTrueLast	compare_member_true_last	1000	openldap	3	1000	90.9036589999999	explicit-group-compare/groups.json
group-compare	explicit	nonroot	groups	groupCompareTrueLast	compare_member_true_last	1000	before	4	1000	172.124541	explicit-group-compare/groups.json
group-compare	explicit	nonroot	groups	groupCompareTrueLast	compare_member_true_last	1000	current	4	1000	171.88962299999977	explicit-group-compare/groups.json
group-compare	explicit	nonroot	groups	groupCompareTrueLast	compare_member_true_last	1000	openldap	4	1000	89.84104299999987	explicit-group-compare/groups.json
group-compare	explicit	nonroot	groups	groupCompareTrueLast	compare_member_true_last	1000	before	5	1000	168.391017	explicit-group-compare/groups.json
group-compare	explicit	nonroot	groups	groupCompareTrueLast	compare_member_true_last	1000	current	5	1000	166.80633399999996	explicit-group-compare/groups.json
group-compare	explicit	nonroot	groups	groupCompareTrueLast	compare_member_true_last	1000	openldap	5	1000	90.02467400000002	explicit-group-compare/groups.json
group-compare	explicit	nonroot	groups	groupCompareTrueLast	compare_member_true_last	1000	before	6	1000	168.13564400000013	explicit-group-compare/groups.json
group-compare	explicit	nonroot	groups	groupCompareTrueLast	compare_member_true_last	1000	current	6	1000	164.411116	explicit-group-compare/groups.json
group-compare	explicit	nonroot	groups	groupCompareTrueLast	compare_member_true_last	1000	openldap	6	1000	87.126691	explicit-group-compare/groups.json
group-compare	explicit	nonroot	groups	groupCompareTrueLast	compare_member_true_last	1000	before	7	1000	184.1561700000003	explicit-group-compare/groups.json
group-compare	explicit	nonroot	groups	groupCompareTrueLast	compare_member_true_last	1000	current	7	1000	183.54615299999992	explicit-group-compare/groups.json
group-compare	explicit	nonroot	groups	groupCompareTrueLast	compare_member_true_last	1000	openldap	7	1000	98.78146000000018	explicit-group-compare/groups.json
group-compare	explicit	nonroot	groups	groupCompareFalse	compare_member_false_missing	10	before	1	1000	102.00532100000001	explicit-group-compare/groups.json
group-compare	explicit	nonroot	groups	groupCompareFalse	compare_member_false_missing	10	current	1	1000	106.44418600000013	explicit-group-compare/groups.json
group-compare	explicit	nonroot	groups	groupCompareFalse	compare_member_false_missing	10	openldap	1	1000	79.6074049999999	explicit-group-compare/groups.json
group-compare	explicit	nonroot	groups	groupCompareFalse	compare_member_false_missing	10	before	2	1000	107.0735830000001	explicit-group-compare/groups.json
group-compare	explicit	nonroot	groups	groupCompareFalse	compare_member_false_missing	10	current	2	1000	107.55906099999994	explicit-group-compare/groups.json
group-compare	explicit	nonroot	groups	groupCompareFalse	compare_member_false_missing	10	openldap	2	1000	84.39127299999988	explicit-group-compare/groups.json
group-compare	explicit	nonroot	groups	groupCompareFalse	compare_member_false_missing	10	before	3	1000	104.99138000000002	explicit-group-compare/groups.json
group-compare	explicit	nonroot	groups	groupCompareFalse	compare_member_false_missing	10	current	3	1000	106.16537399999996	explicit-group-compare/groups.json
group-compare	explicit	nonroot	groups	groupCompareFalse	compare_member_false_missing	10	openldap	3	1000	85.82612200000004	explicit-group-compare/groups.json
group-compare	explicit	nonroot	groups	groupCompareFalse	compare_member_false_missing	10	before	4	1000	101.67650900000025	explicit-group-compare/groups.json
group-compare	explicit	nonroot	groups	groupCompareFalse	compare_member_false_missing	10	current	4	1000	103.61124900000003	explicit-group-compare/groups.json
group-compare	explicit	nonroot	groups	groupCompareFalse	compare_member_false_missing	10	openldap	4	1000	81.3228390000001	explicit-group-compare/groups.json
group-compare	explicit	nonroot	groups	groupCompareFalse	compare_member_false_missing	10	before	5	1000	95.57680399999998	explicit-group-compare/groups.json
group-compare	explicit	nonroot	groups	groupCompareFalse	compare_member_false_missing	10	current	5	1000	97.57348699999997	explicit-group-compare/groups.json
group-compare	explicit	nonroot	groups	groupCompareFalse	compare_member_false_missing	10	openldap	5	1000	76.44611699999993	explicit-group-compare/groups.json
group-compare	explicit	nonroot	groups	groupCompareFalse	compare_member_false_missing	10	before	6	1000	102.65578499999988	explicit-group-compare/groups.json
group-compare	explicit	nonroot	groups	groupCompareFalse	compare_member_false_missing	10	current	6	1000	107.3099110000001	explicit-group-compare/groups.json
group-compare	explicit	nonroot	groups	groupCompareFalse	compare_member_false_missing	10	openldap	6	1000	82.08623800000001	explicit-group-compare/groups.json
group-compare	explicit	nonroot	groups	groupCompareFalse	compare_member_false_missing	10	before	7	1000	106.52678099999997	explicit-group-compare/groups.json
group-compare	explicit	nonroot	groups	groupCompareFalse	compare_member_false_missing	10	current	7	1000	108.12949300000004	explicit-group-compare/groups.json
group-compare	explicit	nonroot	groups	groupCompareFalse	compare_member_false_missing	10	openldap	7	1000	85.25540700000003	explicit-group-compare/groups.json
group-compare	explicit	nonroot	groups	groupCompareFalse	compare_member_false_missing	1000	before	1	1000	171.39887299999978	explicit-group-compare/groups.json
group-compare	explicit	nonroot	groups	groupCompareFalse	compare_member_false_missing	1000	current	1	1000	166.9813909999999	explicit-group-compare/groups.json
group-compare	explicit	nonroot	groups	groupCompareFalse	compare_member_false_missing	1000	openldap	1	1000	95.84802300000015	explicit-group-compare/groups.json
group-compare	explicit	nonroot	groups	groupCompareFalse	compare_member_false_missing	1000	before	2	1000	172.34921900000003	explicit-group-compare/groups.json
group-compare	explicit	nonroot	groups	groupCompareFalse	compare_member_false_missing	1000	current	2	1000	165.39751700000028	explicit-group-compare/groups.json
group-compare	explicit	nonroot	groups	groupCompareFalse	compare_member_false_missing	1000	openldap	2	1000	91.68183900000004	explicit-group-compare/groups.json
group-compare	explicit	nonroot	groups	groupCompareFalse	compare_member_false_missing	1000	before	3	1000	168.52738399999993	explicit-group-compare/groups.json
group-compare	explicit	nonroot	groups	groupCompareFalse	compare_member_false_missing	1000	current	3	1000	168.32838399999977	explicit-group-compare/groups.json
group-compare	explicit	nonroot	groups	groupCompareFalse	compare_member_false_missing	1000	openldap	3	1000	88.66834799999997	explicit-group-compare/groups.json
group-compare	explicit	nonroot	groups	groupCompareFalse	compare_member_false_missing	1000	before	4	1000	176.20311400000003	explicit-group-compare/groups.json
group-compare	explicit	nonroot	groups	groupCompareFalse	compare_member_false_missing	1000	current	4	1000	170.91978400000005	explicit-group-compare/groups.json
group-compare	explicit	nonroot	groups	groupCompareFalse	compare_member_false_missing	1000	openldap	4	1000	95.296792	explicit-group-compare/groups.json
group-compare	explicit	nonroot	groups	groupCompareFalse	compare_member_false_missing	1000	before	5	1000	173.9292419999999	explicit-group-compare/groups.json
group-compare	explicit	nonroot	groups	groupCompareFalse	compare_member_false_missing	1000	current	5	1000	169.4861619999999	explicit-group-compare/groups.json
group-compare	explicit	nonroot	groups	groupCompareFalse	compare_member_false_missing	1000	openldap	5	1000	93.22357600000004	explicit-group-compare/groups.json
group-compare	explicit	nonroot	groups	groupCompareFalse	compare_member_false_missing	1000	before	6	1000	163.61296000000027	explicit-group-compare/groups.json
group-compare	explicit	nonroot	groups	groupCompareFalse	compare_member_false_missing	1000	current	6	1000	163.6792070000002	explicit-group-compare/groups.json
group-compare	explicit	nonroot	groups	groupCompareFalse	compare_member_false_missing	1000	openldap	6	1000	90.38206499999995	explicit-group-compare/groups.json
group-compare	explicit	nonroot	groups	groupCompareFalse	compare_member_false_missing	1000	before	7	1000	162.62394500000016	explicit-group-compare/groups.json
group-compare	explicit	nonroot	groups	groupCompareFalse	compare_member_false_missing	1000	current	7	1000	159.49590899999998	explicit-group-compare/groups.json
group-compare	explicit	nonroot	groups	groupCompareFalse	compare_member_false_missing	1000	openldap	7	1000	86.47510300000002	explicit-group-compare/groups.json
group-compare	default	nonroot	groups	groupCompareTrueFirst	compare_member_true_first	10	before	1	1000	95.76575600000001	default-group-compare/groups.json
group-compare	default	nonroot	groups	groupCompareTrueFirst	compare_member_true_first	10	current	1	1000	95.71915099999994	default-group-compare/groups.json
group-compare	default	nonroot	groups	groupCompareTrueFirst	compare_member_true_first	10	openldap	1	1000	82.93748899999996	default-group-compare/groups.json
group-compare	default	nonroot	groups	groupCompareTrueFirst	compare_member_true_first	10	before	2	1000	96.09744099999983	default-group-compare/groups.json
group-compare	default	nonroot	groups	groupCompareTrueFirst	compare_member_true_first	10	current	2	1000	97.85933600000011	default-group-compare/groups.json
group-compare	default	nonroot	groups	groupCompareTrueFirst	compare_member_true_first	10	openldap	2	1000	81.2390080000001	default-group-compare/groups.json
group-compare	default	nonroot	groups	groupCompareTrueFirst	compare_member_true_first	10	before	3	1000	97.88350199999994	default-group-compare/groups.json
group-compare	default	nonroot	groups	groupCompareTrueFirst	compare_member_true_first	10	current	3	1000	99.49962500000005	default-group-compare/groups.json
group-compare	default	nonroot	groups	groupCompareTrueFirst	compare_member_true_first	10	openldap	3	1000	81.8292409999999	default-group-compare/groups.json
group-compare	default	nonroot	groups	groupCompareTrueFirst	compare_member_true_first	10	before	4	1000	98.97287099999991	default-group-compare/groups.json
group-compare	default	nonroot	groups	groupCompareTrueFirst	compare_member_true_first	10	current	4	1000	98.22061399999994	default-group-compare/groups.json
group-compare	default	nonroot	groups	groupCompareTrueFirst	compare_member_true_first	10	openldap	4	1000	80.88463800000012	default-group-compare/groups.json
group-compare	default	nonroot	groups	groupCompareTrueFirst	compare_member_true_first	10	before	5	1000	99.32800100000004	default-group-compare/groups.json
group-compare	default	nonroot	groups	groupCompareTrueFirst	compare_member_true_first	10	current	5	1000	100.13314600000011	default-group-compare/groups.json
group-compare	default	nonroot	groups	groupCompareTrueFirst	compare_member_true_first	10	openldap	5	1000	83.77019699999991	default-group-compare/groups.json
group-compare	default	nonroot	groups	groupCompareTrueFirst	compare_member_true_first	10	before	6	1000	96.94552600000009	default-group-compare/groups.json
group-compare	default	nonroot	groups	groupCompareTrueFirst	compare_member_true_first	10	current	6	1000	99.2075030000001	default-group-compare/groups.json
group-compare	default	nonroot	groups	groupCompareTrueFirst	compare_member_true_first	10	openldap	6	1000	81.91149299999988	default-group-compare/groups.json
group-compare	default	nonroot	groups	groupCompareTrueFirst	compare_member_true_first	10	before	7	1000	96.66859800000006	default-group-compare/groups.json
group-compare	default	nonroot	groups	groupCompareTrueFirst	compare_member_true_first	10	current	7	1000	96.15253000000001	default-group-compare/groups.json
group-compare	default	nonroot	groups	groupCompareTrueFirst	compare_member_true_first	10	openldap	7	1000	82.06949699999997	default-group-compare/groups.json
group-compare	default	nonroot	groups	groupCompareTrueFirst	compare_member_true_first	1000	before	1	1000	108.94994799999995	default-group-compare/groups.json
group-compare	default	nonroot	groups	groupCompareTrueFirst	compare_member_true_first	1000	current	1	1000	104.93840499999982	default-group-compare/groups.json
group-compare	default	nonroot	groups	groupCompareTrueFirst	compare_member_true_first	1000	openldap	1	1000	84.275828	default-group-compare/groups.json
group-compare	default	nonroot	groups	groupCompareTrueFirst	compare_member_true_first	1000	before	2	1000	110.88325400000008	default-group-compare/groups.json
group-compare	default	nonroot	groups	groupCompareTrueFirst	compare_member_true_first	1000	current	2	1000	104.469495	default-group-compare/groups.json
group-compare	default	nonroot	groups	groupCompareTrueFirst	compare_member_true_first	1000	openldap	2	1000	83.67913199999998	default-group-compare/groups.json
group-compare	default	nonroot	groups	groupCompareTrueFirst	compare_member_true_first	1000	before	3	1000	101.65007500000006	default-group-compare/groups.json
group-compare	default	nonroot	groups	groupCompareTrueFirst	compare_member_true_first	1000	current	3	1000	100.19875700000021	default-group-compare/groups.json
group-compare	default	nonroot	groups	groupCompareTrueFirst	compare_member_true_first	1000	openldap	3	1000	79.12591200000006	default-group-compare/groups.json
group-compare	default	nonroot	groups	groupCompareTrueFirst	compare_member_true_first	1000	before	4	1000	97.19638999999991	default-group-compare/groups.json
group-compare	default	nonroot	groups	groupCompareTrueFirst	compare_member_true_first	1000	current	4	1000	94.7091629999999	default-group-compare/groups.json
group-compare	default	nonroot	groups	groupCompareTrueFirst	compare_member_true_first	1000	openldap	4	1000	76.42332200000001	default-group-compare/groups.json
group-compare	default	nonroot	groups	groupCompareTrueFirst	compare_member_true_first	1000	before	5	1000	102.23092299999992	default-group-compare/groups.json
group-compare	default	nonroot	groups	groupCompareTrueFirst	compare_member_true_first	1000	current	5	1000	102.6573569999999	default-group-compare/groups.json
group-compare	default	nonroot	groups	groupCompareTrueFirst	compare_member_true_first	1000	openldap	5	1000	79.29357000000003	default-group-compare/groups.json
group-compare	default	nonroot	groups	groupCompareTrueFirst	compare_member_true_first	1000	before	6	1000	104.70694400000005	default-group-compare/groups.json
group-compare	default	nonroot	groups	groupCompareTrueFirst	compare_member_true_first	1000	current	6	1000	105.04371999999981	default-group-compare/groups.json
group-compare	default	nonroot	groups	groupCompareTrueFirst	compare_member_true_first	1000	openldap	6	1000	82.064917	default-group-compare/groups.json
group-compare	default	nonroot	groups	groupCompareTrueFirst	compare_member_true_first	1000	before	7	1000	128.7391799999999	default-group-compare/groups.json
group-compare	default	nonroot	groups	groupCompareTrueFirst	compare_member_true_first	1000	current	7	1000	133.217034	default-group-compare/groups.json
group-compare	default	nonroot	groups	groupCompareTrueFirst	compare_member_true_first	1000	openldap	7	1000	110.51822100000001	default-group-compare/groups.json
group-compare	default	nonroot	groups	groupCompareTrueLast	compare_member_true_last	10	before	1	1000	133.73391300000003	default-group-compare/groups.json
group-compare	default	nonroot	groups	groupCompareTrueLast	compare_member_true_last	10	current	1	1000	132.33270100000004	default-group-compare/groups.json
group-compare	default	nonroot	groups	groupCompareTrueLast	compare_member_true_last	10	openldap	1	1000	100.26982700000009	default-group-compare/groups.json
group-compare	default	nonroot	groups	groupCompareTrueLast	compare_member_true_last	10	before	2	1000	103.64725400000012	default-group-compare/groups.json
group-compare	default	nonroot	groups	groupCompareTrueLast	compare_member_true_last	10	current	2	1000	105.02344599999992	default-group-compare/groups.json
group-compare	default	nonroot	groups	groupCompareTrueLast	compare_member_true_last	10	openldap	2	1000	83.23001600000003	default-group-compare/groups.json
group-compare	default	nonroot	groups	groupCompareTrueLast	compare_member_true_last	10	before	3	1000	105.64953900000003	default-group-compare/groups.json
group-compare	default	nonroot	groups	groupCompareTrueLast	compare_member_true_last	10	current	3	1000	107.02079599999982	default-group-compare/groups.json
group-compare	default	nonroot	groups	groupCompareTrueLast	compare_member_true_last	10	openldap	3	1000	83.84332800000004	default-group-compare/groups.json
group-compare	default	nonroot	groups	groupCompareTrueLast	compare_member_true_last	10	before	4	1000	119.43938100000005	default-group-compare/groups.json
group-compare	default	nonroot	groups	groupCompareTrueLast	compare_member_true_last	10	current	4	1000	123.21759999999998	default-group-compare/groups.json
group-compare	default	nonroot	groups	groupCompareTrueLast	compare_member_true_last	10	openldap	4	1000	92.27832799999997	default-group-compare/groups.json
group-compare	default	nonroot	groups	groupCompareTrueLast	compare_member_true_last	10	before	5	1000	103.07779199999993	default-group-compare/groups.json
group-compare	default	nonroot	groups	groupCompareTrueLast	compare_member_true_last	10	current	5	1000	109.36654800000004	default-group-compare/groups.json
group-compare	default	nonroot	groups	groupCompareTrueLast	compare_member_true_last	10	openldap	5	1000	81.94396100000002	default-group-compare/groups.json
group-compare	default	nonroot	groups	groupCompareTrueLast	compare_member_true_last	10	before	6	1000	107.995414	default-group-compare/groups.json
group-compare	default	nonroot	groups	groupCompareTrueLast	compare_member_true_last	10	current	6	1000	106.40235700000002	default-group-compare/groups.json
group-compare	default	nonroot	groups	groupCompareTrueLast	compare_member_true_last	10	openldap	6	1000	84.74315700000002	default-group-compare/groups.json
group-compare	default	nonroot	groups	groupCompareTrueLast	compare_member_true_last	10	before	7	1000	95.75359300000014	default-group-compare/groups.json
group-compare	default	nonroot	groups	groupCompareTrueLast	compare_member_true_last	10	current	7	1000	99.57448600000004	default-group-compare/groups.json
group-compare	default	nonroot	groups	groupCompareTrueLast	compare_member_true_last	10	openldap	7	1000	75.54123999999995	default-group-compare/groups.json
group-compare	default	nonroot	groups	groupCompareTrueLast	compare_member_true_last	1000	before	1	1000	194.19559900000021	default-group-compare/groups.json
group-compare	default	nonroot	groups	groupCompareTrueLast	compare_member_true_last	1000	current	1	1000	193.12796399999993	default-group-compare/groups.json
group-compare	default	nonroot	groups	groupCompareTrueLast	compare_member_true_last	1000	openldap	1	1000	110.96257400000012	default-group-compare/groups.json
group-compare	default	nonroot	groups	groupCompareTrueLast	compare_member_true_last	1000	before	2	1000	167.36018299999995	default-group-compare/groups.json
group-compare	default	nonroot	groups	groupCompareTrueLast	compare_member_true_last	1000	current	2	1000	162.17174799999992	default-group-compare/groups.json
group-compare	default	nonroot	groups	groupCompareTrueLast	compare_member_true_last	1000	openldap	2	1000	86.37702100000013	default-group-compare/groups.json
group-compare	default	nonroot	groups	groupCompareTrueLast	compare_member_true_last	1000	before	3	1000	168.12733900000006	default-group-compare/groups.json
group-compare	default	nonroot	groups	groupCompareTrueLast	compare_member_true_last	1000	current	3	1000	163.22731599999995	default-group-compare/groups.json
group-compare	default	nonroot	groups	groupCompareTrueLast	compare_member_true_last	1000	openldap	3	1000	84.723252	default-group-compare/groups.json
group-compare	default	nonroot	groups	groupCompareTrueLast	compare_member_true_last	1000	before	4	1000	184.74752399999997	default-group-compare/groups.json
group-compare	default	nonroot	groups	groupCompareTrueLast	compare_member_true_last	1000	current	4	1000	179.97788100000017	default-group-compare/groups.json
group-compare	default	nonroot	groups	groupCompareTrueLast	compare_member_true_last	1000	openldap	4	1000	102.40619999999998	default-group-compare/groups.json
group-compare	default	nonroot	groups	groupCompareTrueLast	compare_member_true_last	1000	before	5	1000	164.75182300000003	default-group-compare/groups.json
group-compare	default	nonroot	groups	groupCompareTrueLast	compare_member_true_last	1000	current	5	1000	158.58076600000004	default-group-compare/groups.json
group-compare	default	nonroot	groups	groupCompareTrueLast	compare_member_true_last	1000	openldap	5	1000	84.35644999999994	default-group-compare/groups.json
group-compare	default	nonroot	groups	groupCompareTrueLast	compare_member_true_last	1000	before	6	1000	165.65498700000003	default-group-compare/groups.json
group-compare	default	nonroot	groups	groupCompareTrueLast	compare_member_true_last	1000	current	6	1000	158.3634169999999	default-group-compare/groups.json
group-compare	default	nonroot	groups	groupCompareTrueLast	compare_member_true_last	1000	openldap	6	1000	85.14307999999987	default-group-compare/groups.json
group-compare	default	nonroot	groups	groupCompareTrueLast	compare_member_true_last	1000	before	7	1000	168.03255200000012	default-group-compare/groups.json
group-compare	default	nonroot	groups	groupCompareTrueLast	compare_member_true_last	1000	current	7	1000	160.9770449999999	default-group-compare/groups.json
group-compare	default	nonroot	groups	groupCompareTrueLast	compare_member_true_last	1000	openldap	7	1000	86.24027700000009	default-group-compare/groups.json
group-compare	default	nonroot	groups	groupCompareFalse	compare_member_false_missing	10	before	1	1000	99.3388659999999	default-group-compare/groups.json
group-compare	default	nonroot	groups	groupCompareFalse	compare_member_false_missing	10	current	1	1000	100.37847000000004	default-group-compare/groups.json
group-compare	default	nonroot	groups	groupCompareFalse	compare_member_false_missing	10	openldap	1	1000	78.23791599999998	default-group-compare/groups.json
group-compare	default	nonroot	groups	groupCompareFalse	compare_member_false_missing	10	before	2	1000	117.591959	default-group-compare/groups.json
group-compare	default	nonroot	groups	groupCompareFalse	compare_member_false_missing	10	current	2	1000	118.19710499999992	default-group-compare/groups.json
group-compare	default	nonroot	groups	groupCompareFalse	compare_member_false_missing	10	openldap	2	1000	95.51637000000004	default-group-compare/groups.json
group-compare	default	nonroot	groups	groupCompareFalse	compare_member_false_missing	10	before	3	1000	95.99625199999991	default-group-compare/groups.json
group-compare	default	nonroot	groups	groupCompareFalse	compare_member_false_missing	10	current	3	1000	97.58705000000005	default-group-compare/groups.json
group-compare	default	nonroot	groups	groupCompareFalse	compare_member_false_missing	10	openldap	3	1000	77.768051	default-group-compare/groups.json
group-compare	default	nonroot	groups	groupCompareFalse	compare_member_false_missing	10	before	4	1000	106.70105199999999	default-group-compare/groups.json
group-compare	default	nonroot	groups	groupCompareFalse	compare_member_false_missing	10	current	4	1000	107.06150400000003	default-group-compare/groups.json
group-compare	default	nonroot	groups	groupCompareFalse	compare_member_false_missing	10	openldap	4	1000	91.5369919999999	default-group-compare/groups.json
group-compare	default	nonroot	groups	groupCompareFalse	compare_member_false_missing	10	before	5	1000	104.44384800000005	default-group-compare/groups.json
group-compare	default	nonroot	groups	groupCompareFalse	compare_member_false_missing	10	current	5	1000	107.38162999999999	default-group-compare/groups.json
group-compare	default	nonroot	groups	groupCompareFalse	compare_member_false_missing	10	openldap	5	1000	82.70261299999997	default-group-compare/groups.json
group-compare	default	nonroot	groups	groupCompareFalse	compare_member_false_missing	10	before	6	1000	97.68118599999988	default-group-compare/groups.json
group-compare	default	nonroot	groups	groupCompareFalse	compare_member_false_missing	10	current	6	1000	99.48980199999995	default-group-compare/groups.json
group-compare	default	nonroot	groups	groupCompareFalse	compare_member_false_missing	10	openldap	6	1000	77.12743899999981	default-group-compare/groups.json
group-compare	default	nonroot	groups	groupCompareFalse	compare_member_false_missing	10	before	7	1000	108.25722299999997	default-group-compare/groups.json
group-compare	default	nonroot	groups	groupCompareFalse	compare_member_false_missing	10	current	7	1000	113.31927000000015	default-group-compare/groups.json
group-compare	default	nonroot	groups	groupCompareFalse	compare_member_false_missing	10	openldap	7	1000	87.73741800000005	default-group-compare/groups.json
group-compare	default	nonroot	groups	groupCompareFalse	compare_member_false_missing	1000	before	1	1000	179.3400110000002	default-group-compare/groups.json
group-compare	default	nonroot	groups	groupCompareFalse	compare_member_false_missing	1000	current	1	1000	172.92867999999987	default-group-compare/groups.json
group-compare	default	nonroot	groups	groupCompareFalse	compare_member_false_missing	1000	openldap	1	1000	100.99650600000015	default-group-compare/groups.json
group-compare	default	nonroot	groups	groupCompareFalse	compare_member_false_missing	1000	before	2	1000	185.50840600000012	default-group-compare/groups.json
group-compare	default	nonroot	groups	groupCompareFalse	compare_member_false_missing	1000	current	2	1000	182.27871800000023	default-group-compare/groups.json
group-compare	default	nonroot	groups	groupCompareFalse	compare_member_false_missing	1000	openldap	2	1000	100.75017500000016	default-group-compare/groups.json
group-compare	default	nonroot	groups	groupCompareFalse	compare_member_false_missing	1000	before	3	1000	163.96240500000022	default-group-compare/groups.json
group-compare	default	nonroot	groups	groupCompareFalse	compare_member_false_missing	1000	current	3	1000	162.33397799999986	default-group-compare/groups.json
group-compare	default	nonroot	groups	groupCompareFalse	compare_member_false_missing	1000	openldap	3	1000	92.42417900000015	default-group-compare/groups.json
group-compare	default	nonroot	groups	groupCompareFalse	compare_member_false_missing	1000	before	4	1000	201.38260799999983	default-group-compare/groups.json
group-compare	default	nonroot	groups	groupCompareFalse	compare_member_false_missing	1000	current	4	1000	184.977006	default-group-compare/groups.json
group-compare	default	nonroot	groups	groupCompareFalse	compare_member_false_missing	1000	openldap	4	1000	118.98504400000002	default-group-compare/groups.json
group-compare	default	nonroot	groups	groupCompareFalse	compare_member_false_missing	1000	before	5	1000	224.78079900000006	default-group-compare/groups.json
group-compare	default	nonroot	groups	groupCompareFalse	compare_member_false_missing	1000	current	5	1000	218.52161399999966	default-group-compare/groups.json
group-compare	default	nonroot	groups	groupCompareFalse	compare_member_false_missing	1000	openldap	5	1000	121.09175500000006	default-group-compare/groups.json
group-compare	default	nonroot	groups	groupCompareFalse	compare_member_false_missing	1000	before	6	1000	186.3023519999997	default-group-compare/groups.json
group-compare	default	nonroot	groups	groupCompareFalse	compare_member_false_missing	1000	current	6	1000	176.86215100000035	default-group-compare/groups.json
group-compare	default	nonroot	groups	groupCompareFalse	compare_member_false_missing	1000	openldap	6	1000	101.82766500000001	default-group-compare/groups.json
group-compare	default	nonroot	groups	groupCompareFalse	compare_member_false_missing	1000	before	7	1000	162.150998	default-group-compare/groups.json
group-compare	default	nonroot	groups	groupCompareFalse	compare_member_false_missing	1000	current	7	1000	159.43580800000007	default-group-compare/groups.json
group-compare	default	nonroot	groups	groupCompareFalse	compare_member_false_missing	1000	openldap	7	1000	87.71661900000008	default-group-compare/groups.json
read-recheck	explicit	nonroot	hot	nonrootBase	search_nonrootBase	0	before	1	1000	139.326002	explicit-read-recheck/hot.json
read-recheck	explicit	nonroot	hot	nonrootBase	search_nonrootBase	0	current	1	1000	131.89491099999992	explicit-read-recheck/hot.json
read-recheck	explicit	nonroot	hot	nonrootBase	search_nonrootBase	0	openldap	1	1000	103.03088399999994	explicit-read-recheck/hot.json
read-recheck	explicit	nonroot	hot	nonrootBase	search_nonrootBase	0	before	2	1000	112.66009999999996	explicit-read-recheck/hot.json
read-recheck	explicit	nonroot	hot	nonrootBase	search_nonrootBase	0	current	2	1000	112.55161700000012	explicit-read-recheck/hot.json
read-recheck	explicit	nonroot	hot	nonrootBase	search_nonrootBase	0	openldap	2	1000	88.54102799999998	explicit-read-recheck/hot.json
read-recheck	explicit	nonroot	hot	nonrootBase	search_nonrootBase	0	before	3	1000	117.15947800000004	explicit-read-recheck/hot.json
read-recheck	explicit	nonroot	hot	nonrootBase	search_nonrootBase	0	current	3	1000	124.0881230000001	explicit-read-recheck/hot.json
read-recheck	explicit	nonroot	hot	nonrootBase	search_nonrootBase	0	openldap	3	1000	90.13469599999999	explicit-read-recheck/hot.json
read-recheck	explicit	nonroot	hot	nonrootBase	search_nonrootBase	0	before	4	1000	118.79733399999999	explicit-read-recheck/hot.json
read-recheck	explicit	nonroot	hot	nonrootBase	search_nonrootBase	0	current	4	1000	112.30325199999999	explicit-read-recheck/hot.json
read-recheck	explicit	nonroot	hot	nonrootBase	search_nonrootBase	0	openldap	4	1000	88.42684399999993	explicit-read-recheck/hot.json
read-recheck	explicit	nonroot	hot	nonrootBase	search_nonrootBase	0	before	5	1000	131.78737099999975	explicit-read-recheck/hot.json
read-recheck	explicit	nonroot	hot	nonrootBase	search_nonrootBase	0	current	5	1000	135.62046900000018	explicit-read-recheck/hot.json
read-recheck	explicit	nonroot	hot	nonrootBase	search_nonrootBase	0	openldap	5	1000	102.73254100000001	explicit-read-recheck/hot.json
read-recheck	explicit	nonroot	hot	nonrootBase	search_nonrootBase	0	before	6	1000	112.89707499999989	explicit-read-recheck/hot.json
read-recheck	explicit	nonroot	hot	nonrootBase	search_nonrootBase	0	current	6	1000	113.15240300000004	explicit-read-recheck/hot.json
read-recheck	explicit	nonroot	hot	nonrootBase	search_nonrootBase	0	openldap	6	1000	88.86058500000001	explicit-read-recheck/hot.json
read-recheck	explicit	nonroot	hot	nonrootBase	search_nonrootBase	0	before	7	1000	101.51832399999994	explicit-read-recheck/hot.json
read-recheck	explicit	nonroot	hot	nonrootBase	search_nonrootBase	0	current	7	1000	100.31934800000002	explicit-read-recheck/hot.json
read-recheck	explicit	nonroot	hot	nonrootBase	search_nonrootBase	0	openldap	7	1000	80.45330700000004	explicit-read-recheck/hot.json
read-recheck	explicit	nonroot	hot	nonrootEquality	search_nonrootEquality	0	before	1	1000	118.1425750000002	explicit-read-recheck/hot.json
read-recheck	explicit	nonroot	hot	nonrootEquality	search_nonrootEquality	0	current	1	1000	113.43115200000005	explicit-read-recheck/hot.json
read-recheck	explicit	nonroot	hot	nonrootEquality	search_nonrootEquality	0	openldap	1	1000	90.515807	explicit-read-recheck/hot.json
read-recheck	explicit	nonroot	hot	nonrootEquality	search_nonrootEquality	0	before	2	1000	109.61781099999989	explicit-read-recheck/hot.json
read-recheck	explicit	nonroot	hot	nonrootEquality	search_nonrootEquality	0	current	2	1000	109.48843899999987	explicit-read-recheck/hot.json
read-recheck	explicit	nonroot	hot	nonrootEquality	search_nonrootEquality	0	openldap	2	1000	86.21344999999998	explicit-read-recheck/hot.json
read-recheck	explicit	nonroot	hot	nonrootEquality	search_nonrootEquality	0	before	3	1000	133.61095399999994	explicit-read-recheck/hot.json
read-recheck	explicit	nonroot	hot	nonrootEquality	search_nonrootEquality	0	current	3	1000	128.0896399999999	explicit-read-recheck/hot.json
read-recheck	explicit	nonroot	hot	nonrootEquality	search_nonrootEquality	0	openldap	3	1000	102.46750500000005	explicit-read-recheck/hot.json
read-recheck	explicit	nonroot	hot	nonrootEquality	search_nonrootEquality	0	before	4	1000	117.00379200000006	explicit-read-recheck/hot.json
read-recheck	explicit	nonroot	hot	nonrootEquality	search_nonrootEquality	0	current	4	1000	115.15657399999998	explicit-read-recheck/hot.json
read-recheck	explicit	nonroot	hot	nonrootEquality	search_nonrootEquality	0	openldap	4	1000	88.78926400000002	explicit-read-recheck/hot.json
read-recheck	explicit	nonroot	hot	nonrootEquality	search_nonrootEquality	0	before	5	1000	114.86083099999989	explicit-read-recheck/hot.json
read-recheck	explicit	nonroot	hot	nonrootEquality	search_nonrootEquality	0	current	5	1000	116.38785500000003	explicit-read-recheck/hot.json
read-recheck	explicit	nonroot	hot	nonrootEquality	search_nonrootEquality	0	openldap	5	1000	89.47258199999996	explicit-read-recheck/hot.json
read-recheck	explicit	nonroot	hot	nonrootEquality	search_nonrootEquality	0	before	6	1000	122.07776899999995	explicit-read-recheck/hot.json
read-recheck	explicit	nonroot	hot	nonrootEquality	search_nonrootEquality	0	current	6	1000	121.81808400000006	explicit-read-recheck/hot.json
read-recheck	explicit	nonroot	hot	nonrootEquality	search_nonrootEquality	0	openldap	6	1000	95.05324999999993	explicit-read-recheck/hot.json
read-recheck	explicit	nonroot	hot	nonrootEquality	search_nonrootEquality	0	before	7	1000	123.84992699999991	explicit-read-recheck/hot.json
read-recheck	explicit	nonroot	hot	nonrootEquality	search_nonrootEquality	0	current	7	1000	127.59800400000024	explicit-read-recheck/hot.json
read-recheck	explicit	nonroot	hot	nonrootEquality	search_nonrootEquality	0	openldap	7	1000	95.44254000000006	explicit-read-recheck/hot.json
read-recheck	explicit	nonroot	groups	memberEquality	search_memberEquality	0	before	1	100	18.709668999999998	explicit-read-recheck/groups.json
read-recheck	explicit	nonroot	groups	memberEquality	search_memberEquality	0	current	1	100	18.774334000000003	explicit-read-recheck/groups.json
read-recheck	explicit	nonroot	groups	memberEquality	search_memberEquality	0	openldap	1	100	13.629917000000003	explicit-read-recheck/groups.json
read-recheck	explicit	nonroot	groups	memberEquality	search_memberEquality	0	before	2	100	16.903627000000004	explicit-read-recheck/groups.json
read-recheck	explicit	nonroot	groups	memberEquality	search_memberEquality	0	current	2	100	17.43854299999999	explicit-read-recheck/groups.json
read-recheck	explicit	nonroot	groups	memberEquality	search_memberEquality	0	openldap	2	100	12.064955000000005	explicit-read-recheck/groups.json
read-recheck	explicit	nonroot	groups	memberEquality	search_memberEquality	0	before	3	100	16.137871999999994	explicit-read-recheck/groups.json
read-recheck	explicit	nonroot	groups	memberEquality	search_memberEquality	0	current	3	100	15.479631999999999	explicit-read-recheck/groups.json
read-recheck	explicit	nonroot	groups	memberEquality	search_memberEquality	0	openldap	3	100	11.427794	explicit-read-recheck/groups.json
read-recheck	explicit	nonroot	groups	memberEquality	search_memberEquality	0	before	4	100	15.836162999999999	explicit-read-recheck/groups.json
read-recheck	explicit	nonroot	groups	memberEquality	search_memberEquality	0	current	4	100	15.930912000000006	explicit-read-recheck/groups.json
read-recheck	explicit	nonroot	groups	memberEquality	search_memberEquality	0	openldap	4	100	11.863077999999998	explicit-read-recheck/groups.json
read-recheck	explicit	nonroot	groups	memberEquality	search_memberEquality	0	before	5	100	19.516461	explicit-read-recheck/groups.json
read-recheck	explicit	nonroot	groups	memberEquality	search_memberEquality	0	current	5	100	17.306371000000006	explicit-read-recheck/groups.json
read-recheck	explicit	nonroot	groups	memberEquality	search_memberEquality	0	openldap	5	100	14.080915999999998	explicit-read-recheck/groups.json
read-recheck	explicit	nonroot	groups	memberEquality	search_memberEquality	0	before	6	100	17.028921999999998	explicit-read-recheck/groups.json
read-recheck	explicit	nonroot	groups	memberEquality	search_memberEquality	0	current	6	100	16.347626000000005	explicit-read-recheck/groups.json
read-recheck	explicit	nonroot	groups	memberEquality	search_memberEquality	0	openldap	6	100	12.396792	explicit-read-recheck/groups.json
read-recheck	explicit	nonroot	groups	memberEquality	search_memberEquality	0	before	7	100	15.702786999999994	explicit-read-recheck/groups.json
read-recheck	explicit	nonroot	groups	memberEquality	search_memberEquality	0	current	7	100	15.361289999999993	explicit-read-recheck/groups.json
read-recheck	explicit	nonroot	groups	memberEquality	search_memberEquality	0	openldap	7	100	11.597952000000001	explicit-read-recheck/groups.json
read-recheck	explicit	nonroot	groups	groupBase	base_member_values	10	before	1	100	13.980170000000001	explicit-read-recheck/groups.json
read-recheck	explicit	nonroot	groups	groupBase	base_member_values	10	current	1	100	13.846128000000006	explicit-read-recheck/groups.json
read-recheck	explicit	nonroot	groups	groupBase	base_member_values	10	openldap	1	100	10.863672	explicit-read-recheck/groups.json
read-recheck	explicit	nonroot	groups	groupBase	base_member_values	10	before	2	100	20.843293	explicit-read-recheck/groups.json
read-recheck	explicit	nonroot	groups	groupBase	base_member_values	10	current	2	100	17.328877000000006	explicit-read-recheck/groups.json
read-recheck	explicit	nonroot	groups	groupBase	base_member_values	10	openldap	2	100	15.532836000000001	explicit-read-recheck/groups.json
read-recheck	explicit	nonroot	groups	groupBase	base_member_values	10	before	3	100	14.416377999999996	explicit-read-recheck/groups.json
read-recheck	explicit	nonroot	groups	groupBase	base_member_values	10	current	3	100	14.759792999999998	explicit-read-recheck/groups.json
read-recheck	explicit	nonroot	groups	groupBase	base_member_values	10	openldap	3	100	11.610252000000006	explicit-read-recheck/groups.json
read-recheck	explicit	nonroot	groups	groupBase	base_member_values	10	before	4	100	14.579830999999997	explicit-read-recheck/groups.json
read-recheck	explicit	nonroot	groups	groupBase	base_member_values	10	current	4	100	14.538257999999992	explicit-read-recheck/groups.json
read-recheck	explicit	nonroot	groups	groupBase	base_member_values	10	openldap	4	100	11.385500999999996	explicit-read-recheck/groups.json
read-recheck	explicit	nonroot	groups	groupBase	base_member_values	10	before	5	100	12.722210999999989	explicit-read-recheck/groups.json
read-recheck	explicit	nonroot	groups	groupBase	base_member_values	10	current	5	100	12.948337999999998	explicit-read-recheck/groups.json
read-recheck	explicit	nonroot	groups	groupBase	base_member_values	10	openldap	5	100	9.754669000000003	explicit-read-recheck/groups.json
read-recheck	explicit	nonroot	groups	groupBase	base_member_values	10	before	6	100	14.840585000000004	explicit-read-recheck/groups.json
read-recheck	explicit	nonroot	groups	groupBase	base_member_values	10	current	6	100	14.782205000000003	explicit-read-recheck/groups.json
read-recheck	explicit	nonroot	groups	groupBase	base_member_values	10	openldap	6	100	12.478290999999995	explicit-read-recheck/groups.json
read-recheck	explicit	nonroot	groups	groupBase	base_member_values	10	before	7	100	18.308044000000002	explicit-read-recheck/groups.json
read-recheck	explicit	nonroot	groups	groupBase	base_member_values	10	current	7	100	16.446207	explicit-read-recheck/groups.json
read-recheck	explicit	nonroot	groups	groupBase	base_member_values	10	openldap	7	100	12.916332000000008	explicit-read-recheck/groups.json
read-recheck	explicit	nonroot	groups	groupBase	base_member_values	1000	before	1	100	96.40837199999999	explicit-read-recheck/groups.json
read-recheck	explicit	nonroot	groups	groupBase	base_member_values	1000	current	1	100	100.444038	explicit-read-recheck/groups.json
read-recheck	explicit	nonroot	groups	groupBase	base_member_values	1000	openldap	1	100	93.78404299999998	explicit-read-recheck/groups.json
read-recheck	explicit	nonroot	groups	groupBase	base_member_values	1000	before	2	100	100.50279599999998	explicit-read-recheck/groups.json
read-recheck	explicit	nonroot	groups	groupBase	base_member_values	1000	current	2	100	94.90520900000004	explicit-read-recheck/groups.json
read-recheck	explicit	nonroot	groups	groupBase	base_member_values	1000	openldap	2	100	83.71525299999998	explicit-read-recheck/groups.json
read-recheck	explicit	nonroot	groups	groupBase	base_member_values	1000	before	3	100	106.11896700000001	explicit-read-recheck/groups.json
read-recheck	explicit	nonroot	groups	groupBase	base_member_values	1000	current	3	100	99.76687899999999	explicit-read-recheck/groups.json
read-recheck	explicit	nonroot	groups	groupBase	base_member_values	1000	openldap	3	100	94.99800299999994	explicit-read-recheck/groups.json
read-recheck	explicit	nonroot	groups	groupBase	base_member_values	1000	before	4	100	94.01513100000004	explicit-read-recheck/groups.json
read-recheck	explicit	nonroot	groups	groupBase	base_member_values	1000	current	4	100	104.40345799999997	explicit-read-recheck/groups.json
read-recheck	explicit	nonroot	groups	groupBase	base_member_values	1000	openldap	4	100	90.210584	explicit-read-recheck/groups.json
read-recheck	explicit	nonroot	groups	groupBase	base_member_values	1000	before	5	100	107.85474800000006	explicit-read-recheck/groups.json
read-recheck	explicit	nonroot	groups	groupBase	base_member_values	1000	current	5	100	104.49450299999998	explicit-read-recheck/groups.json
read-recheck	explicit	nonroot	groups	groupBase	base_member_values	1000	openldap	5	100	94.56766699999999	explicit-read-recheck/groups.json
read-recheck	explicit	nonroot	groups	groupBase	base_member_values	1000	before	6	100	91.29415999999998	explicit-read-recheck/groups.json
read-recheck	explicit	nonroot	groups	groupBase	base_member_values	1000	current	6	100	97.41257299999997	explicit-read-recheck/groups.json
read-recheck	explicit	nonroot	groups	groupBase	base_member_values	1000	openldap	6	100	90.66566600000002	explicit-read-recheck/groups.json
read-recheck	explicit	nonroot	groups	groupBase	base_member_values	1000	before	7	100	104.26925400000003	explicit-read-recheck/groups.json
read-recheck	explicit	nonroot	groups	groupBase	base_member_values	1000	current	7	100	112.78425099999997	explicit-read-recheck/groups.json
read-recheck	explicit	nonroot	groups	groupBase	base_member_values	1000	openldap	7	100	99.46862399999999	explicit-read-recheck/groups.json
read-recheck	explicit	nonroot	groups	nestedMembership	client_bfs_member_equality	0	before	1	100	58.162172	explicit-read-recheck/groups.json
read-recheck	explicit	nonroot	groups	nestedMembership	client_bfs_member_equality	0	current	1	100	57.59491199999995	explicit-read-recheck/groups.json
read-recheck	explicit	nonroot	groups	nestedMembership	client_bfs_member_equality	0	openldap	1	100	45.888740000000006	explicit-read-recheck/groups.json
read-recheck	explicit	nonroot	groups	nestedMembership	client_bfs_member_equality	0	before	2	100	54.01274700000001	explicit-read-recheck/groups.json
read-recheck	explicit	nonroot	groups	nestedMembership	client_bfs_member_equality	0	current	2	100	53.95112300000001	explicit-read-recheck/groups.json
read-recheck	explicit	nonroot	groups	nestedMembership	client_bfs_member_equality	0	openldap	2	100	44.21408500000003	explicit-read-recheck/groups.json
read-recheck	explicit	nonroot	groups	nestedMembership	client_bfs_member_equality	0	before	3	100	49.07451000000002	explicit-read-recheck/groups.json
read-recheck	explicit	nonroot	groups	nestedMembership	client_bfs_member_equality	0	current	3	100	47.785262999999894	explicit-read-recheck/groups.json
read-recheck	explicit	nonroot	groups	nestedMembership	client_bfs_member_equality	0	openldap	3	100	37.49036100000001	explicit-read-recheck/groups.json
read-recheck	explicit	nonroot	groups	nestedMembership	client_bfs_member_equality	0	before	4	100	51.98262900000001	explicit-read-recheck/groups.json
read-recheck	explicit	nonroot	groups	nestedMembership	client_bfs_member_equality	0	current	4	100	51.68159999999994	explicit-read-recheck/groups.json
read-recheck	explicit	nonroot	groups	nestedMembership	client_bfs_member_equality	0	openldap	4	100	40.131957999999976	explicit-read-recheck/groups.json
read-recheck	explicit	nonroot	groups	nestedMembership	client_bfs_member_equality	0	before	5	100	57.60487199999997	explicit-read-recheck/groups.json
read-recheck	explicit	nonroot	groups	nestedMembership	client_bfs_member_equality	0	current	5	100	56.80171099999998	explicit-read-recheck/groups.json
read-recheck	explicit	nonroot	groups	nestedMembership	client_bfs_member_equality	0	openldap	5	100	43.525155999999974	explicit-read-recheck/groups.json
read-recheck	explicit	nonroot	groups	nestedMembership	client_bfs_member_equality	0	before	6	100	52.21587899999999	explicit-read-recheck/groups.json
read-recheck	explicit	nonroot	groups	nestedMembership	client_bfs_member_equality	0	current	6	100	54.50338399999996	explicit-read-recheck/groups.json
read-recheck	explicit	nonroot	groups	nestedMembership	client_bfs_member_equality	0	openldap	6	100	41.839110999999995	explicit-read-recheck/groups.json
read-recheck	explicit	nonroot	groups	nestedMembership	client_bfs_member_equality	0	before	7	100	65.849545	explicit-read-recheck/groups.json
read-recheck	explicit	nonroot	groups	nestedMembership	client_bfs_member_equality	0	current	7	100	67.09880199999994	explicit-read-recheck/groups.json
read-recheck	explicit	nonroot	groups	nestedMembership	client_bfs_member_equality	0	openldap	7	100	54.523712000000074	explicit-read-recheck/groups.json
concurrent	explicit	root	8-workers	uidEquality	ldapsearch	0	before	1	8000	278	explicit-final/concurrent.tsv
concurrent	explicit	root	8-workers	uidEquality	ldapsearch	0	current	1	8000	285	explicit-final/concurrent.tsv
concurrent	explicit	root	8-workers	uidEquality	ldapsearch	0	openldap	1	8000	302	explicit-final/concurrent.tsv
concurrent	explicit	root	8-workers	uidEquality	ldapsearch	0	current	2	8000	279	explicit-final/concurrent.tsv
concurrent	explicit	root	8-workers	uidEquality	ldapsearch	0	openldap	2	8000	307	explicit-final/concurrent.tsv
concurrent	explicit	root	8-workers	uidEquality	ldapsearch	0	before	2	8000	295	explicit-final/concurrent.tsv
concurrent	explicit	root	8-workers	uidEquality	ldapsearch	0	openldap	3	8000	305	explicit-final/concurrent.tsv
concurrent	explicit	root	8-workers	uidEquality	ldapsearch	0	before	3	8000	305	explicit-final/concurrent.tsv
concurrent	explicit	root	8-workers	uidEquality	ldapsearch	0	current	3	8000	307	explicit-final/concurrent.tsv
concurrent	default	root	8-workers	uidEquality	ldapsearch	0	before	1	8000	308	default-final/concurrent.tsv
concurrent	default	root	8-workers	uidEquality	ldapsearch	0	current	1	8000	295	default-final/concurrent.tsv
concurrent	default	root	8-workers	uidEquality	ldapsearch	0	openldap	1	8000	310	default-final/concurrent.tsv
concurrent	default	root	8-workers	uidEquality	ldapsearch	0	current	2	8000	354	default-final/concurrent.tsv
concurrent	default	root	8-workers	uidEquality	ldapsearch	0	openldap	2	8000	308	default-final/concurrent.tsv
concurrent	default	root	8-workers	uidEquality	ldapsearch	0	before	2	8000	293	default-final/concurrent.tsv
concurrent	default	root	8-workers	uidEquality	ldapsearch	0	openldap	3	8000	316	default-final/concurrent.tsv
concurrent	default	root	8-workers	uidEquality	ldapsearch	0	before	3	8000	312	default-final/concurrent.tsv
concurrent	default	root	8-workers	uidEquality	ldapsearch	0	current	3	8000	297	default-final/concurrent.tsv
